{"status":"OK","apiType":"doi","apiVersion":"1.0.0","message":{"total":1,"rows":1,"totalPages":1,"page":1},"data":{"siteId":"SI/JST.JSTAGE","content_type":"JA","doi":"10.11218/ojjams.10.133","url":"https://doi.org/10.11218/ojjams.10.133","ra":"JaLC","prefix":"10.11218","site_name":"J-STAGE","publisher_list":[{"publisher_name":"Japanese Association For Mathematical Sociology","lang":"en"},{"publisher_name":"数理社会学会","lang":"ja"}],"title_list":[{"lang":"ja","title":"国内所得配分の対外政策効果"},{"lang":"en","title":"The Foreign Policy Effects of Domestic Income Distribution"}],"creator_list":[{"sequence":"1","type":"person","names":[{"lang":"ja","last_name":"石田","first_name":"淳"},{"lang":"en","last_name":"ISHIDA","first_name":"Atsushi"}],"affiliation_list":[{"affiliation_name":"Department of Political Science<BR>University of Chicago","sequence":"1","lang":"en"},{"affiliation_name":"シカゴ大学","sequence":"1","lang":"ja"}]}],"publication_date":{"publication_year":"1995"},"relation_list":[{"content":"https://www.jstage.jst.go.jp/article/ojjams/10/2/10_133/_pdf","type":"URL","relation":"fullTextPdf"}],"content_language":"ja","updated_date":"2016-08-25","article_type":"pub","journal_id_list":[{"journal_id":"0913-1442","type":"ISSN","issn_type":"print"},{"journal_id":"1881-6495","type":"ISSN","issn_type":"online"},{"journal_id":"ojjams","type":"JID"}],"journal_title_name_list":[{"journal_title_name":"Sociological Theory and Methods","type":"full","lang":"en"},{"journal_title_name":"Sociological Theory and Methods","type":"abbreviation","lang":"en"},{"journal_title_name":"理論と方法","type":"full","lang":"ja"},{"journal_title_name":"理論と方法","type":"abbreviation","lang":"ja"}],"journal_classification":"01","recorded_year":"1986-2013","volume":"10","issue":"2","first_page":"133","last_page":"146","date":"2016-08-26","keyword_list":[{"keyword":"democracy","sequence":"1","lang":"en"},{"keyword":"民主主義","sequence":"1","lang":"ja"},{"keyword":"income distribution","sequence":"2","lang":"en"},{"keyword":"軍事支出","sequence":"2","lang":"ja"},{"keyword":"defense spending","sequence":"3","lang":"en"},{"keyword":"所得配分","sequence":"3","lang":"ja"}],"citation_list":[{"sequence":"1","original_text":"Arrow, Kenneth. 1951. <I>Social Choice and Individual Values</I>. New York: Cambridge University Press."},{"sequence":"2","original_text":"Browning, Martin, Fran●cois Bourguignon, Pierre-Andr&eacute; Chiappori, and Val&eacute;rie Lechene. 1994. &ldquo;Income and Outcomes: A Structural Model of Intrahousehold Allocation.&rdquo; <I>Journal of Political Economy</I>. 102: 1067-1096."},{"sequence":"3","original_text":"飯田敬輔 1994.「交渉者はタカ派か中道か―「二層ゲーム」における交渉者選択過程」『理論と方法』9(1): 3-20."},{"sequence":"4","original_text":"Downs, Anthony. 1957. <I>An Economic Theory of Democracy</I>. New York: Harper and Row."},{"sequence":"5","original_text":"Ishida, Atsushi. 1995. &ldquo;Domestic Electoral Incentives and the Political Economy of National Defense Spending Decisions&rdquo;, in &ldquo;The Political Economy of National Defense Spending Decisions.&rdquo; Ph.D. dissertation. University of Chicago."},{"sequence":"6","original_text":"Ishida, Atsushi, and Yael Wolinsky. 1995. &ldquo;Double-Edged Theories: Rationality, Institutions, and Foreign Policy.&rdquo; Working Paper. University of Chicago."},{"sequence":"7","original_text":"Ordeshook, Peter C. 1986. <I>Game Theory and Political Theory</I>. New York: Cambridge University Press."},{"sequence":"8","original_text":"Rosenstone, Steven J., and John Mark Hansen. 1993. <I>Mobilization, Participation, and Democracy in America</I> New York: Macmillan."},{"sequence":"9","original_text":"Verba, Sidney, Norman H. Nie, and Jae-on Kim. 1978. <I>Participation and Political Equality: A Seven-Nation Comparison</I>. New York: Cambridge University Press."},{"sequence":"10","original_text":"Wolfinger, Raymond E., and Steven J. Rosenstone. 1980. <I>Who Votes?</I> New Haven: Yale University Press."}]}}