{"status":"OK","apiType":"doi","apiVersion":"1.0.0","message":{"total":1,"rows":1,"totalPages":1,"page":1},"data":{"siteId":"SI/JST.JSTAGE","content_type":"JA","doi":"10.11218/ojjams.2.29","url":"https://doi.org/10.11218/ojjams.2.29","ra":"JaLC","prefix":"10.11218","site_name":"J-STAGE","publisher_list":[{"publisher_name":"Japanese Association For Mathematical Sociology","lang":"en"},{"publisher_name":"数理社会学会","lang":"ja"}],"title_list":[{"lang":"ja","title":"システム理論と秩序の形成"},{"lang":"en","title":"A Synergetic Model for Self-Organization"}],"creator_list":[{"sequence":"1","type":"person","names":[{"lang":"ja","last_name":"山内","first_name":"康英"},{"lang":"en","last_name":"YAMANOUCHI","first_name":"Yasuhide"}],"affiliation_list":[{"affiliation_name":"The University of Tokyo","sequence":"1","lang":"en"},{"affiliation_name":"東京大学","sequence":"1","lang":"ja"}]},{"sequence":"2","type":"person","names":[{"lang":"ja","last_name":"黒石","first_name":"晋"},{"lang":"en","last_name":"KUROISHI","first_name":"Susumu"}],"affiliation_list":[{"affiliation_name":"Dentsu Soken Inc.","sequence":"2","lang":"en"},{"affiliation_name":"電通総研","sequence":"2","lang":"ja"}]}],"publication_date":{"publication_year":"1987"},"relation_list":[{"content":"https://www.jstage.jst.go.jp/article/ojjams/2/1/2_1_29/_pdf","type":"URL","relation":"fullTextPdf"}],"content_language":"ja","updated_date":"2017-03-23","article_type":"pub","journal_id_list":[{"journal_id":"0913-1442","type":"ISSN","issn_type":"print"},{"journal_id":"1881-6495","type":"ISSN","issn_type":"online"},{"journal_id":"ojjams","type":"JID"}],"journal_title_name_list":[{"journal_title_name":"Sociological Theory and Methods","type":"full","lang":"en"},{"journal_title_name":"Sociological Theory and Methods","type":"abbreviation","lang":"en"},{"journal_title_name":"理論と方法","type":"full","lang":"ja"},{"journal_title_name":"理論と方法","type":"abbreviation","lang":"ja"}],"journal_classification":"01","recorded_year":"1986-2013","volume":"2","issue":"1","first_page":"29","last_page":"44","date":"2009-03-01","keyword_list":[{"keyword":"synergetics","sequence":"1","lang":"en"},{"keyword":"structural change","sequence":"2","lang":"en"},{"keyword":"order parameter","sequence":"3","lang":"en"},{"keyword":"adiabatic approximation","sequence":"4","lang":"en"}],"citation_list":[{"sequence":"1","original_text":"Ashby, W. R., 1956, <I>An Introduction to Cybernetics</I>, Wiley."},{"sequence":"2","original_text":"Ashby, W. R., 1968, &ldquo;Principles of the Self-Organizing System&rdquo;, in W. Buckley (ed.), <I>Modern Systems Research for the Behavioral Scientist</I>, Aldin."},{"sequence":"3","original_text":"Bertalanffy, Ludwig von, 1968, <I>General Systems Theory</I>, George Braziller. 長野敬・太田邦昌訳『一般システム理論』, みすず書房, 昭和48年."},{"sequence":"4","original_text":"Deleuze, Gilles et F&eacute;lix Guattari, 1972, <I>L'Anti Oedipe</I>, Edition de Minuit. 市倉宏祐訳『アンチ・オイディプス』, 河出書房新社, 昭和61年."},{"sequence":"5","original_text":"Haken, Hermann, 1975, &ldquo;Cooperative Effects in Systems Far from Thermal Equilibrium and in Nonphysical Systems&rdquo;, <I>Rev. Mod. Phys</I>., 47, 67."},{"sequence":"6","original_text":"Haken, Hermann, 1978, <I>Synergetics: An Introduction</I>, Springer. 牧島邦夫・小森尚志訳『協同現象の数理』, 東海大学出版会, 昭和55年."},{"sequence":"7","original_text":"Haken, Hermann, 1983, <I>Advanced Synergetics</I>, Springer. 斎藤信彦他訳『シナジェティクスの基礎』, 東海大学出版会, 昭和61年."},{"sequence":"8","original_text":"Hart, H. L. A., 1961, <I>The Concept of Law</I>, Oxford at Clarendon Press. 矢崎光圀他訳『法の概念』, みすず書房, 昭和51年."},{"sequence":"9","original_text":"今田高俊, 1978,「自己組織性の論理と社会発展論」, 『思想』第647号."},{"sequence":"10","original_text":"Jantsch, Erich, 1980, <I>The Self-Organizing Universe</I>, 芹沢高志・内田美恵訳『自己組織化する宇宙』, 工作舎, 昭和61年."},{"sequence":"11","original_text":"北川敏男, 19773,「サイバネティクスと情報科学」, 『数理科学』No.119."},{"sequence":"12","original_text":"Monod, Jaques, 1970, <I>Le hazard et n&eacute;cessit&eacute;</I>, 渡辺格・村上光彦訳『偶然と必然』, みすず書房, 昭和47年."},{"sequence":"13","original_text":"Nicolis, G. &amp; Ilya Prigogine, 1977, <I>Self-Organization in Nonequilibrium Systems</I>, Wiley. 小畠・相沢訳『散逸構造』, 岩波書店, 昭和55年."},{"sequence":"14","original_text":"Shibutani, Tamotsu, 1966, <I>Improvised News: A Sociological Study of Rumor</I>, 広井脩他訳『流言と社会』, 東京創元社, 昭和60年."},{"sequence":"15","original_text":"Weinberg, Gerald M., 1975, <I>An Introduction to General Systems Thinking</I>, Wiley. 松田武彦監訳『一般システム思考入門』, 紀伊国屋書店, 昭和54年."}]}}