{"status":"OK","apiType":"doi","apiVersion":"1.0.0","message":{"total":1,"rows":1,"totalPages":1,"page":1},"data":{"siteId":"SI/JST.JSTAGE","content_type":"JA","doi":"10.11218/ojjams.28.309","url":"https://doi.org/10.11218/ojjams.28.309","ra":"JaLC","prefix":"10.11218","site_name":"J-STAGE","publisher_list":[{"publisher_name":"Japanese Association For Mathematical Sociology","lang":"en"},{"publisher_name":"数理社会学会","lang":"ja"}],"title_list":[{"lang":"en","title":"Let's Make More Visible Japanese Sociology to the Global Audiences"},{"lang":"ja","title":"社会学における国際化の意義"}],"creator_list":[{"sequence":"1","type":"person","names":[{"lang":"en","last_name":"HASEGAWA","first_name":"Koichi"},{"lang":"ja","last_name":"長谷川","first_name":"公一"}],"affiliation_list":[{"affiliation_name":"Tohoku University","sequence":"1","lang":"en"},{"affiliation_name":"東北大学","sequence":"1","lang":"ja"}]}],"publication_date":{"publication_year":"2013"},"relation_list":[{"content":"https://www.jstage.jst.go.jp/article/ojjams/28/2/28_309/_pdf","type":"URL","relation":"fullTextPdf"}],"content_language":"ja","updated_date":"2014-12-09","article_type":"pub","journal_id_list":[{"journal_id":"0913-1442","type":"ISSN","issn_type":"print"},{"journal_id":"1881-6495","type":"ISSN","issn_type":"online"},{"journal_id":"ojjams","type":"JID"}],"journal_title_name_list":[{"journal_title_name":"Sociological Theory and Methods","type":"full","lang":"en"},{"journal_title_name":"Sociological Theory and Methods","type":"abbreviation","lang":"en"},{"journal_title_name":"理論と方法","type":"full","lang":"ja"},{"journal_title_name":"理論と方法","type":"abbreviation","lang":"ja"}],"journal_classification":"01","recorded_year":"1986-2013","volume":"28","issue":"2","first_page":"309","last_page":"318","date":"2014-09-01","citation_list":[{"sequence":"1","original_text":"Aldrich, D. 2010. <I>Site Fights: Divisive Facilities and Civil Society in Japan and the West.</I> Cornel Univ. Press. ＝2012. 湯浅陽一訳『誰が負を引き受けるのか―原発・ダム・空港立地をめぐる紛争と市民社会』世界思想社."},{"sequence":"2","original_text":"Bellah, R.. 1957. <I>Tokugawa Religion: The Values of Pre-industrial Japan.</I> Free Press.＝1996. 池田昭訳『徳川時代の宗教』岩波書店."},{"sequence":"3","original_text":"Broadbent, J. 1998. <I>Environmental Politics in Japan: Networks of Power and Protest.</I> Cambridge Univ. Press."},{"sequence":"4","original_text":"Broadbent, J. and V. Brockman eds. 2011. <I>East Asian Social Movements: Power, Protest and Change in a Dynamic Region.</I> Springer."},{"sequence":"5","original_text":"Dore, R. 1958. <I>City Life in Japan: A Study of a Tokyo Ward.</I> Routledge.＝1962. 青井和夫・塚本哲人訳『都市の日本人』岩波書店."},{"sequence":"6","original_text":"Fisher, D..2004. <I>National Governance and the Global Climate Change Regime.</I> Rowman &amp; Littlefield."},{"sequence":"7","original_text":"長谷川公一. 1985.「社会運動の政治社会学―資源動員論の意義と課題」『思想』737: 126-157."},{"sequence":"8","original_text":"長谷川公一. 1996/2011. 『脱原子力社会の選択―新エネルギー革命の時代 増補版』新曜社."},{"sequence":"9","original_text":"Hasegawa, K. 2004. <I>Constructing Civil Society in Japan: Voices of Environmental Movements.</I> Trans Pacific Press."},{"sequence":"10","original_text":"石井クンツ昌子. 2010. 『社会科学系のための英語研究論文の書き方????執筆から発表・投稿までの基礎知識』ミネルヴァ書房."},{"sequence":"11","original_text":"丸山真男. 1966.「ベラー『徳川時代の宗教』について」Bellah,R.『日本近代化と宗教倫理』未来社所収（pp.303-354）."},{"sequence":"12","original_text":"水村香苗. 2008.『日本語が亡びるとき』筑摩書房."},{"sequence":"13","original_text":"Schreurs, M. 2002. <I>Environmental Politics in Japan, Germany, and the United States.</I> Cambridge Univ. Press.＝2007. 長尾伸一・長岡延孝訳『地球環境問題の比較政治学????日本・ドイツ・アメリカ』岩波書店."},{"sequence":"14","original_text":"日本学術振興会人文・社会科学の国際化に関する研究会. 2011.『人文・社会科学の国際化について』（http://www.jsps.go.jp/j-kenkyukai/data/02houkokusho/houkokusho.pdf, 2013年6月30日閲覧, 第2章社会学はpp.67-86）."},{"sequence":"15","original_text":"日本社会学会. 2008.『世界社会学会議招致部会専門委員会報告書????日本の社会学の国際発信のために』."},{"sequence":"16","original_text":"日本社会学会国際化戦略特別委員会報告. 2012.（2012年度日本社会学会総会資料 2012年11月2日pp.37-47）."}]}}