{"status":"OK","apiType":"doi","apiVersion":"1.0.0","message":{"total":1,"rows":1,"totalPages":1,"page":1},"data":{"siteId":"SI/JST.JSTAGE","content_type":"JA","doi":"10.11218/ojjams.23.2_23","url":"https://doi.org/10.11218/ojjams.23.2_23","ra":"JaLC","prefix":"10.11218","site_name":"J-STAGE","publisher_list":[{"publisher_name":"Japanese Association For Mathematical Sociology","lang":"en"},{"publisher_name":"数理社会学会","lang":"ja"}],"title_list":[{"lang":"ja","title":"キャリア軌跡からみる世代間移動機会の不平等とその趨勢"},{"lang":"en","title":"Trends in Inequality of Career Trajectory in Japan"}],"creator_list":[{"sequence":"1","type":"person","names":[{"lang":"ja","last_name":"三輪","first_name":"哲"},{"lang":"en","last_name":"MIWA","first_name":"Satoshi"}],"affiliation_list":[{"affiliation_name":"Institute of Social Science,<BR>The University of Tokyo","sequence":"1","lang":"en"},{"affiliation_name":"東京大学","sequence":"1","lang":"ja"}]}],"publication_date":{"publication_year":"2008"},"relation_list":[{"content":"https://www.jstage.jst.go.jp/article/ojjams/23/2/23_2_2_23/_pdf","type":"URL","relation":"fullTextPdf"}],"content_language":"ja","updated_date":"2017-03-23","article_type":"pub","journal_id_list":[{"journal_id":"0913-1442","type":"ISSN","issn_type":"print"},{"journal_id":"1881-6495","type":"ISSN","issn_type":"online"},{"journal_id":"ojjams","type":"JID"}],"journal_title_name_list":[{"journal_title_name":"Sociological Theory and Methods","type":"full","lang":"en"},{"journal_title_name":"Sociological Theory and Methods","type":"abbreviation","lang":"en"},{"journal_title_name":"理論と方法","type":"full","lang":"ja"},{"journal_title_name":"理論と方法","type":"abbreviation","lang":"ja"}],"journal_classification":"01","recorded_year":"1986-2013","volume":"23","issue":"2","first_page":"2_23","last_page":"2_40","date":"2009-01-05","keyword_list":[{"keyword":"intergenerational mobility","sequence":"1","lang":"en"},{"keyword":"世代間移動","sequence":"1","lang":"ja"},{"keyword":"career trajectory","sequence":"2","lang":"en"},{"keyword":"キャリア軌跡","sequence":"2","lang":"ja"},{"keyword":"growth curve model","sequence":"3","lang":"en"},{"keyword":"成長曲線モデル","sequence":"3","lang":"ja"},{"keyword":"multilevel analysis","sequence":"4","lang":"en"},{"keyword":"マルチレベル分析","sequence":"4","lang":"ja"}],"citation_list":[{"sequence":"1","original_text":"Breen, Richard. (ed.) 2004a. <I>Social Mobility in Europe</I>. Oxford: Oxford University Press."},{"sequence":"2","original_text":"Breen, Richard. 2004b. &ldquo;Statistical Methods of Mobility Research.&rdquo; Pp.17-35 in <I>Social Mobility in Europe</I>. edited by Richard Breen. Oxford: Oxford University Press."},{"sequence":"3","original_text":"Dessens, Jos A. G., Wim Jansen, Harry B. G. Ganzeboom and Peter G. M. van der Heijden. 2003. &ldquo;Patterns and Trends in Occupational Attainment of First Jobs in the Netherlands, 1930-1995: OLS Regression vs. Conditional Multinomial Logistic Regression.&rdquo; <I>Journal of the Royal Statistical Society: Series A (Statistic in Society)</I> 166: 63-84."},{"sequence":"4","original_text":"Erikson, Robert and John H. Goldthorpe. 1992. <I>The Constant Flux: A Study of Class Mobility in Industrial Societies</I>. Oxford: Clarendon Press."},{"sequence":"5","original_text":"Featherman, D. L. and R. M. Hauser. 1978. <I>Opportunity and Change</I>. New York: Academic Press."},{"sequence":"6","original_text":"Featherman, David L., Frank L. Jones and Robert M. Hauser. 1975. &ldquo;Assumptions of Mobility Research in the United States: The Case of Occupational Status.&rdquo; <I>Social Science Research</I> 4: 329-60."},{"sequence":"7","original_text":"Ganzeboom, Harry B. G., Ruud Luijkx. and Donald J. Treiman. 1989. &ldquo;Intergenerational Class Mobility in Comparative Perspective.&rdquo; <I>Research in Social Stratification</I> 8: 3-84."},{"sequence":"8","original_text":"原純輔・盛山和夫. 1999. 『社会階層─豊かさの中の不平等─』東京大学出版会."},{"sequence":"9","original_text":"橋本健二. 2007. 『新しい階級社会と階級闘争』光文社."},{"sequence":"10","original_text":"樋口美雄・村上義昭・鈴木正明・国民生活金融公庫総合研究所（編）. 2007. 『新規開業企業の成長と撤退』勁草書房."},{"sequence":"11","original_text":"Hout, Michel. 1983. <I>Mobility Tables</I>. Thousand Oaks: Sage."},{"sequence":"12","original_text":"今田高俊. 1989. 『社会階層と政治』東京大学出版会."},{"sequence":"13","original_text":"Ishida, Hiroshi. 2001. &ldquo;Industrialization. Class Structure and Social Mobility in Postwar Japan.&rdquo; <I>British Journal of Sociology</I> 52: 579-604."},{"sequence":"14","original_text":"石田浩. 2002. 「社会移動から見た格差の実態」宮島洋・連合総合生活開発研究所（編）『日本の所得分配と格差』東洋経済新報社: 65-98."},{"sequence":"15","original_text":"石田浩. 2003. 「社会階層と階層意識の国際比較」樋口美雄・財務省財務総合政策研究所（編）『日本の所得格差と社会階層』日本評論社: 105-26."},{"sequence":"16","original_text":"石田浩. 2008a. 「社会移動の国際比較と趨勢」直井優・藤田英典（編）『講座社会学13　階層』東京大学出版会: 221-56."},{"sequence":"17","original_text":"石田浩. 2008b. 「世代間移動への生存分析アプローチ」渡邊勉（編）『世代間移動と世代内移動』（2005年SSM調査シリーズ3）2005年SSM調査研究会: 55-74."},{"sequence":"18","original_text":"鹿又伸夫. 2001. 『機会と結果の不平等―世代間移動と所得・資産格差―』ミネルヴァ書房."},{"sequence":"19","original_text":"鹿又伸夫. 2008. 「社会移動の変化と軌跡―ライフコース移動アプローチ―」直井優・藤田英典（編）『講座社会学13　階層』東京大学出版会: 39-76."},{"sequence":"20","original_text":"忽那賢治・安田武彦（編）. 2005. 『日本の新規開業企業』白桃書房."},{"sequence":"21","original_text":"Menard, Scott. 2002. <I>Longitudinal Research (second edition)</I>. Thousand Oaks: Sage."},{"sequence":"22","original_text":"三輪哲. 2006a. 「後発産業社会における社会移動の趨勢とパターン―日本と韓国の社会移動にみられる相違と類似」『社会学研究』79: 165-93."},{"sequence":"23","original_text":"三輪哲. 2006b. 「JGSS累積データ2000-2003にみる現代日本の世代間社会移動パターン」大阪商業大学比較地域研究所・東京大学社会科学研究所（編）『日本版General Social Surveys研究論文集［5］: JGSSで見た日本人の意識と行動』大阪商業大学比較地域研究所: 47-58."},{"sequence":"24","original_text":"三輪哲: 2008: 「世代間移動の機会は閉鎖化したか─マルチレベル成長曲線モデルによる階層再生産趨勢の分析─」渡邊勉（編）『世代間移動と世代内移動』（2005年SSM調査シリーズ3）2005年SSM調査研究会: 75-94."},{"sequence":"25","original_text":"三輪哲・石田浩. 2008. 「戦後日本の階層構造と社会移動に関する基礎分析」三輪哲・小林大祐（編）『2005年SSM日本調査の基礎分析─構造・趨勢・方法─』（2005年SSM調査シリーズ1）2005年SSM調査研究会: 73-93."},{"sequence":"26","original_text":"2005年社会階層と社会移動調査研究会（編）. 2007. 『2005年SSM日本調査コード・ブック』2005年社会階層と社会移動調査研究会."},{"sequence":"27","original_text":"Preacher, Kristopher J., Aaron L. Wichman, Robert C. MacCallum and Nancy E. Briggs. 2008. <I>Latent Growth Curve Modeling</I>. Thousand Oaks: Sage."},{"sequence":"28","original_text":"Raudenbush, Stephen W. and Anthony S. Bryk. 2002. <I>Hierarchical Linear Models: Applications and Data Analysis Methods (second edition)</I>. Thousand Oaks: Sage."},{"sequence":"29","original_text":"佐藤俊樹. 2000. 『不平等社会日本─さよなら総中流─』中公新書."},{"sequence":"30","original_text":"盛山和夫. 2001. 「中流崩壊は物語に過ぎない」「中央公論」編集部（編）『論争・中流崩壊』中公新書ラクレ: 222-37."},{"sequence":"31","original_text":"盛山和夫・直井優・佐藤嘉倫・都築一治・小島秀夫. 1990. 「現代日本の階層構造とその趨勢」直井優・盛山和夫（編）『現代日本の階層構造1　社会階層の構造と過程』東京大学出版会: 15-50."},{"sequence":"32","original_text":"Snijders, Tom A. B. and Roel J. Bosker. 1999. <I>Multilevel Analysis: An Introduction to basic and advanced multilevel modeling</I>. London: Sage."},{"sequence":"33","original_text":"Takenoshita, Hirohisa. 2007. &ldquo;Intergenerational Mobility in East Asian Countries: A Comparative Study of Japan, Korea and China.&rdquo; <I>International Journal of Japanese Sociology</I>. 16: 64-79."},{"sequence":"34","original_text":"富永健一. 1970. 「社会移動の趨勢分析1955-1965年」『社会学評論』21(1): 2-24."},{"sequence":"35","original_text":"富永健一. 1979. 「社会階層と社会移動の趨勢分析」富永健一（編）『日本の階層構造』東京大学出版会: 33-87."},{"sequence":"36","original_text":"Treiman, Donald J. 1970. &ldquo;Industrialization and Social Stratification.&rdquo; Pp.207-34 in <I>Social Stratification: Research and Theory for the 1970s</I>. edited by Edward. O. Laumann. Indianapolis: Bobbs-Merril."},{"sequence":"37","original_text":"Wong, Raymond S-K. 1996. &ldquo;Postwar Mobility Trends in Advanced Industrial Societies.&rdquo; <I>Sociological Methods and Research</I> 23: 507-538."},{"sequence":"38","original_text":"安田三郎. 1971. 『社会移動の研究』東京大学出版会."},{"sequence":"39","original_text":"Yasuda, Saburo. 1964. &ldquo;A Methodological Inquiry into Social Mobility.&rdquo; <I>American Sociological Review</I>. 29: 16-23."},{"sequence":"40","original_text":"安田三郎・原純輔. 1982. 『社会調査ハンドブック（第3版）』有斐閣."}]}}