{"status":"OK","apiType":"doi","apiVersion":"1.0.0","message":{"total":1,"rows":1,"totalPages":1,"page":1},"data":{"siteId":"SI/JST.JSTAGE","content_type":"JA","doi":"10.11218/ojjams.24.139","url":"https://doi.org/10.11218/ojjams.24.139","ra":"JaLC","prefix":"10.11218","site_name":"J-STAGE","publisher_list":[{"publisher_name":"Japanese Association For Mathematical Sociology","lang":"en"},{"publisher_name":"数理社会学会","lang":"ja"}],"title_list":[{"lang":"en","title":"Book Reviews Reply"},{"title":"武藤氏の書評に答える"}],"creator_list":[{"sequence":"1","type":"person","names":[{"lang":"en","last_name":"HAMADA","first_name":"Hiroshi"},{"lang":"ja","last_name":"浜田","first_name":"宏"}],"affiliation_list":[{"affiliation_name":"Tohoku University","sequence":"1","lang":"en"},{"affiliation_name":"東北大学","sequence":"1","lang":"ja"}]}],"publication_date":{"publication_year":"2009"},"relation_list":[{"content":"http://www.jstage.jst.go.jp/article/ojjams/24/1/24_1_139/_pdf","type":"URL","relation":"fullTextPdf"}],"updated_date":"2014-12-09","article_type":"pub","journal_id_list":[{"journal_id":"0913-1442","type":"ISSN","issn_type":"print"},{"journal_id":"1881-6495","type":"ISSN","issn_type":"online"},{"journal_id":"ojjams","type":"JID"}],"journal_title_name_list":[{"journal_title_name":"Sociological Theory and Methods","type":"full","lang":"en"},{"journal_title_name":"Sociological Theory and Methods","type":"abbreviation","lang":"en"},{"journal_title_name":"理論と方法","type":"full","lang":"ja"},{"journal_title_name":"理論と方法","type":"abbreviation","lang":"ja"}],"journal_classification":"01","recorded_year":"1986-2013","volume":"24","issue":"1","first_page":"139","last_page":"141","date":"2010-01-08","citation_list":[{"sequence":"1","volume":"83","first_page":"1281","publication_date":{"publication_year":"1993"},"original_text":"Rabin, Matthew. 1993. &ldquo;Incorporating Fairness into Game Theory and Economics,&rdquo; <I>The American Economic Review</I> Vol. 83, No. 5: 1281-1302."},{"sequence":"2","doi":"10.11218/ojjams.22.1","title_list":[{"lang":"en","title":"Mathematical Sociology as a Common Language"}],"volume":"22","issue":"1","first_page":"1","last_page":"16","publication_date":{"publication_year":"2007"},"creator_list":[{"sequence":"1","type":"person","names":[{"lang":"en","last_name":"MUTO","first_name":"Masayoshi"},{"lang":"ja","last_name":"武藤","first_name":"正義"}]}],"original_text":"武藤正義. 2007.「共通言語としての数理社会学――制度の科学的理解にむけて」『理論と方法』22(1): 1-16."},{"sequence":"3","doi":"10.11218/ojjams.21.199","title_list":[{"lang":"en","title":"From Empiricism to Normative Science"}],"volume":"21","issue":"2","first_page":"199","last_page":"214","publication_date":{"publication_year":"2006"},"creator_list":[{"sequence":"1","type":"person","names":[{"lang":"en","last_name":"Seiyama","first_name":"Kazuo"},{"lang":"ja","last_name":"盛山","first_name":"和夫"}]}],"original_text":"盛山和夫. 2006.「経験科学から規範科学へ――数理社会学はなんの役に立つか」『理論と方法』21(2): 199-214."}]}}