{"status":"OK","apiType":"doi","apiVersion":"1.0.0","message":{"total":1,"rows":1,"totalPages":1,"page":1},"data":{"siteId":"SI/JST.JSTAGE","content_type":"JA","doi":"10.11218/ojjams.18.229","url":"https://doi.org/10.11218/ojjams.18.229","ra":"JaLC","prefix":"10.11218","site_name":"J-STAGE","publisher_list":[{"publisher_name":"Japanese Association For Mathematical Sociology","lang":"en"},{"publisher_name":"数理社会学会","lang":"ja"}],"title_list":[{"lang":"ja","title":"若い世代の夫婦の子供数に影響を及ぼす要因"},{"lang":"en","title":"An Analysis of Factors that Influence the Number of Children Young Married Couples Have in Japan"}],"creator_list":[{"sequence":"1","type":"person","names":[{"lang":"ja","last_name":"七條","first_name":"達弘"},{"lang":"en","last_name":"SHICHIJO","first_name":"Tatsuhiro"}],"affiliation_list":[{"affiliation_name":"Osaka Prefecture University","sequence":"1","lang":"en"},{"affiliation_name":"大阪府立大学","sequence":"1","lang":"ja"}]},{"sequence":"2","type":"person","names":[{"lang":"ja","last_name":"西本","first_name":"真弓"},{"lang":"en","last_name":"NISHIMOTO","first_name":"Mayumi"}],"affiliation_list":[{"affiliation_name":"Osaka Prefecture University","sequence":"1","lang":"en"},{"affiliation_name":"大阪府立大学","sequence":"1","lang":"ja"}]}],"publication_date":{"publication_year":"2003"},"relation_list":[{"content":"https://www.jstage.jst.go.jp/article/ojjams/18/2/18_2_229/_pdf","type":"URL","relation":"fullTextPdf"}],"content_language":"ja","updated_date":"2017-03-23","article_type":"pub","journal_id_list":[{"journal_id":"0913-1442","type":"ISSN","issn_type":"print"},{"journal_id":"1881-6495","type":"ISSN","issn_type":"online"},{"journal_id":"ojjams","type":"JID"}],"journal_title_name_list":[{"journal_title_name":"Sociological Theory and Methods","type":"full","lang":"en"},{"journal_title_name":"Sociological Theory and Methods","type":"abbreviation","lang":"en"},{"journal_title_name":"理論と方法","type":"full","lang":"ja"},{"journal_title_name":"理論と方法","type":"abbreviation","lang":"ja"}],"journal_classification":"01","recorded_year":"1986-2013","volume":"18","issue":"2","first_page":"229","last_page":"236","date":"2009-01-20","keyword_list":[{"keyword":"fertility decline","sequence":"1","lang":"en"},{"keyword":"少子化","sequence":"1","lang":"ja"},{"keyword":"aging population","sequence":"2","lang":"en"},{"keyword":"高齢化","sequence":"2","lang":"ja"},{"keyword":"number of children","sequence":"3","lang":"en"},{"keyword":"子供数","sequence":"3","lang":"ja"}],"citation_list":[{"sequence":"1","original_text":"Becker, Gray S. 1991. <I>A Treatise on the Family</I>. Harvard University Press."},{"sequence":"2","original_text":"Butz, William P. and Michael P. Ward. 1979. &ldquo;The Emergence of Countercyclical U.S. Fertility.&rdquo; <I>American Economic Review</I> 69(3) : 318-28."},{"sequence":"3","original_text":"Greene, William H. 1997. <I>Econometric Analysis</I>. Prentice Hall."},{"sequence":"4","original_text":"樋口美雄・阿部正浩. 1999. 「経済変動と女性の結婚・出産・就業のタイミング―固定要因と変動要因の分析」樋口美雄・岩田正美編『パネルデータから見た現代女性―結婚・出産・就業・消費・貯蓄』東洋経済新報社 : 25-65."},{"sequence":"5","original_text":"厚生労働省. 2002. 『平成14年版 厚生労働白書』."},{"sequence":"6","original_text":"国立社会保障・人口問題研究所. 1998. 『第２回全国家庭動向調査』."},{"sequence":"7","original_text":"国立社会保障・人口問題研究所. 2002. 『日本の将来推計人口―平成13（2001）～62（2050）年―』."},{"sequence":"8","original_text":"森田陽子・金子能宏. 1998. 「育児休業制度の普及と女性雇用者の勤続年数」『日本労働研究雑誌』459 : 50-62."},{"sequence":"9","original_text":"総務省統計局. 1996. 『平成８年 社会生活基本調査』."},{"sequence":"10","original_text":"駿河輝和・七條達弘・張建華. 2000. 「夫の通勤時間・労働時間が出生率に与える影響について―『消費生活に関するパネル調査』による実証研究」『季刊家計経済研究』47 : 51-58."},{"sequence":"11","original_text":"津谷典子. 1999. 「出生率低下と子育て支援政策」『季刊社会保障研究』34(4) : 348-60."},{"sequence":"12","original_text":"張建華・七條達弘・駿河輝和. 2001. 「出産と妻の就業の両立性について―「消費生活に関するパネル調査」による実証分析―」『季刊家計経済研究』51 : 72-78."},{"sequence":"13","original_text":"山上俊彦. 1999.「出産・育児と女子就業との両立可能性について」『季刊社会保障研究』35(1) : 52-64."},{"sequence":"14","original_text":"八代尚宏. 1999.『少子・高齢化の経済学』東洋経済新報社."}]}}