{"status":"OK","apiType":"doi","apiVersion":"1.0.0","message":{"total":1,"rows":1,"totalPages":1,"page":1},"data":{"siteId":"SI/JST.JSTAGE","content_type":"JA","doi":"10.11218/ojjams.25.179","url":"https://doi.org/10.11218/ojjams.25.179","ra":"JaLC","prefix":"10.11218","site_name":"J-STAGE","publisher_list":[{"publisher_name":"Japanese Association For Mathematical Sociology","lang":"en"},{"publisher_name":"数理社会学会","lang":"ja"}],"title_list":[{"lang":"ja","title":"特集　教育の不平等に関する国際比較研究"},{"lang":"en","title":"Special Issue Educational Inequality in Comparative Perspective"}],"creator_list":[{"sequence":"1","type":"person","names":[{"lang":"ja","last_name":"尾嶋","first_name":"史章"},{"lang":"en","last_name":"OJIMA","first_name":"Fumiaki"}],"affiliation_list":[{"affiliation_name":"Editor of Special Section","sequence":"1","lang":"en"},{"affiliation_name":"特集編集担当","sequence":"1","lang":"ja"}]}],"publication_date":{"publication_year":"2010"},"relation_list":[{"content":"https://www.jstage.jst.go.jp/article/ojjams/25/2/25_2_179/_pdf","type":"URL","relation":"fullTextPdf"}],"content_language":"ja","updated_date":"2017-03-23","article_type":"pub","journal_id_list":[{"journal_id":"0913-1442","type":"ISSN","issn_type":"print"},{"journal_id":"1881-6495","type":"ISSN","issn_type":"online"},{"journal_id":"ojjams","type":"JID"}],"journal_title_name_list":[{"journal_title_name":"Sociological Theory and Methods","type":"full","lang":"en"},{"journal_title_name":"Sociological Theory and Methods","type":"abbreviation","lang":"en"},{"journal_title_name":"理論と方法","type":"full","lang":"ja"},{"journal_title_name":"理論と方法","type":"abbreviation","lang":"ja"}],"journal_classification":"01","recorded_year":"1986-2013","volume":"25","issue":"2","first_page":"179","last_page":"181","date":"2011-03-12","keyword_list":[{"keyword":"Educational Inequality","sequence":"1","lang":"en"},{"keyword":"教育の不平等","sequence":"1","lang":"ja"},{"keyword":"Comparative Perspective","sequence":"2","lang":"en"},{"keyword":"国際比較","sequence":"2","lang":"ja"}],"citation_list":[{"sequence":"1","original_text":"Jaap Dronkers (eds.) 2010, <I>Quality and Inequality of Education: Cross-National Perspectives</I>. Springer Press."},{"sequence":"2","original_text":"尾嶋史章. 2009. 『学校教育と社会的不平等に関する国際比較研究（第1 次報告書）』.------------. 2010. 『学校教育と社会的不平等に関する国際比較研究（第2 次報告書）』."},{"sequence":"3","original_text":"白川俊之．2009．「サンプル・ウェイトとリプリケート・ウェイト――二段階標本設計にもとづくデータの特徴と分析時の注意点」尾嶋史章編『学校教育と社会的不平等に関する国際比較研究（第1 次報告書）』61-88．"}]}}