{"status":"OK","apiType":"doi","apiVersion":"1.0.0","message":{"total":1,"rows":1,"totalPages":1,"page":1},"data":{"siteId":"SI/JST.JSTAGE","content_type":"JA","doi":"10.11218/ojjams.16.157_e2","url":"https://doi.org/10.11218/ojjams.16.157_e2","ra":"JaLC","prefix":"10.11218","site_name":"J-STAGE","publisher_list":[{"publisher_name":"Japanese Association For Mathematical Sociology","lang":"en"},{"publisher_name":"数理社会学会","lang":"ja"}],"title_list":[{"lang":"ja","title":"Erratum : ニューコム問題と逆因果律―「プロテスタンティズムの倫理」のフォーマライゼーション―","subtitle":"[『理論と方法』15(2):331-344]"},{"lang":"en","title":"Erratum : Newcomb's Problem and Backward Causality : Formalization of Weber's Protestant Ethic","subtitle":"[<I>Sociological Theory and Methods</I>, 15(2):331-344]"}],"creator_list":[{"sequence":"1","type":"person","names":[{"lang":"ja","last_name":"鈴木","first_name":"譲"},{"lang":"en","last_name":"SUZUKI","first_name":"Yuzuru"}],"affiliation_list":[{"affiliation_name":"Graduate School of Human-Environment Studies<BR>Kyushu University","sequence":"1","lang":"en"},{"affiliation_name":"九州大学","sequence":"1","lang":"ja"}]}],"publication_date":{"publication_year":"2001"},"relation_list":[{"content":"https://www.jstage.jst.go.jp/article/ojjams/16/1/16_157_e2/_pdf","type":"URL","relation":"fullTextPdf"}],"content_language":"ja","updated_date":"2016-09-29","article_type":"pub","journal_id_list":[{"journal_id":"0913-1442","type":"ISSN","issn_type":"print"},{"journal_id":"1881-6495","type":"ISSN","issn_type":"online"},{"journal_id":"ojjams","type":"JID"}],"journal_title_name_list":[{"journal_title_name":"Sociological Theory and Methods","type":"full","lang":"en"},{"journal_title_name":"Sociological Theory and Methods","type":"abbreviation","lang":"en"},{"journal_title_name":"理論と方法","type":"full","lang":"ja"},{"journal_title_name":"理論と方法","type":"abbreviation","lang":"ja"}],"journal_classification":"01","recorded_year":"1986-2013","volume":"16","issue":"1","first_page":"157_e2","last_page":"157_e2","date":"2016-09-30"}}