{"status":"OK","apiType":"doi","apiVersion":"1.0.0","message":{"total":1,"rows":1,"totalPages":1,"page":1},"data":{"siteId":"SI/JST.JSTAGE","content_type":"JA","doi":"10.11218/ojjams.24.181","url":"https://doi.org/10.11218/ojjams.24.181","ra":"JaLC","prefix":"10.11218","site_name":"J-STAGE","publisher_list":[{"publisher_name":"Japanese Association For Mathematical Sociology","lang":"en"},{"publisher_name":"数理社会学会","lang":"ja"}],"title_list":[{"lang":"en","title":"Developed and Democratic Countries' Policy-making on Dispute Settlement in the GATT/WTO:","subtitle":"Exploring Conjunctural and Multiple Causations by Comparing QCA and Regression Analysis"}],"creator_list":[{"sequence":"1","type":"person","names":[{"lang":"en","last_name":"FUJITA","first_name":"Taisuke"}],"affiliation_list":[{"affiliation_name":"Sophia University","sequence":"1","lang":"en"}]}],"publication_date":{"publication_year":"2009"},"relation_list":[{"content":"https://www.jstage.jst.go.jp/article/ojjams/24/2/24_2_181/_pdf","type":"URL","relation":"fullTextPdf"}],"content_language":"en","updated_date":"2017-03-23","article_type":"pub","journal_id_list":[{"journal_id":"0913-1442","type":"ISSN","issn_type":"print"},{"journal_id":"1881-6495","type":"ISSN","issn_type":"online"},{"journal_id":"ojjams","type":"JID"}],"journal_title_name_list":[{"journal_title_name":"Sociological Theory and Methods","type":"full","lang":"en"},{"journal_title_name":"Sociological Theory and Methods","type":"abbreviation","lang":"en"},{"journal_title_name":"理論と方法","type":"full","lang":"ja"},{"journal_title_name":"理論と方法","type":"abbreviation","lang":"ja"}],"journal_classification":"01","recorded_year":"1986-2013","volume":"24","issue":"2","first_page":"181","last_page":"202","date":"2010-03-30","keyword_list":[{"keyword":"conjunctural effect","sequence":"1","lang":"en"},{"keyword":"QCA","sequence":"2","lang":"en"},{"keyword":"regression","sequence":"3","lang":"en"},{"keyword":"institution","sequence":"4","lang":"en"}],"citation_list":[{"sequence":"1","original_text":"Achen, Christopher. 2002. &ldquo;An Agenda for the New Political Methodology: Microfoundations and ART.&rdquo; <I>Annual Review of Political Science</I> 5: 423-50."},{"sequence":"2","original_text":"Beck, Thorsten, George Clarke, Alberto Groff, Philip Keefer, and Patrick Walsh. 2001. &ldquo;New Tools in Comparative Political Economy: The Database of Political Institutions.&rdquo; <I>World Bank Economic Review</I> 15 (1): 165-176."},{"sequence":"3","original_text":"Bowerman, Bruce. L. and Richard T. O'Connell. 1990. <I>Linear Statistical Models: An Applied Approach</I>, 2nd ed. Belmont, CA: Duxbury."},{"sequence":"4","original_text":"Bown, Chad P. 2005. &ldquo;Participation in WTO Dispute Settlement: Complainants, Interested Parties, and Free Riders.&rdquo; <I>The World Bank Economic Review</I> 19 (2): 287-310."},{"sequence":"5","original_text":"Busch, Marc L. and Eric Reinhardt. 2003. &ldquo;Developing Countries and GATT/WTO Dispute Settlement.&ldquo; <I>Journal of World Trade</I> 37(4): 719-735."},{"sequence":"6","original_text":"Franzese, Robert. 2002. <I>Macroeconomic Policies of Developed Democracies</I>. Cambridge, U.K.: Cambridge University Press."},{"sequence":"7","original_text":"Fujita, Taisuke. 2008. &ldquo;Policy-Making of the Developed Democracies in GATT/WTO Dispute Settlement - An Analysis using Qualitative Comparative Approach-&rdquo; Ph.D. dissertation, Sophia University."},{"sequence":"8","original_text":"Guzman, Andrew T. and Beth A. Simmons. 2005. &ldquo;Power plays and Capacity Constraints: The Selection of Defendants in World Trade Organization Disputes.&rdquo; <I>Journal of Legal Studies</I> 34(2): 557-598."},{"sequence":"9","original_text":"Hardin, James W. and Joseph M. Hilbe. 2003. <I>Generalized Estimating Equations</I>, Washington, D.C.: Chapman &amp; Hall."},{"sequence":"10","original_text":"Henisz, Witold J. and Edward D. Mansfield. 2006. &ldquo;Votes and Vetoes: The Political Determinants of Commercial Openness.&rdquo; <I>International Studies Quarterly </I>50(1): 189-211."},{"sequence":"11","original_text":"Hilbe, Joseph M. 2007. <I>Negative Binomial Regression</I>, Cambridge, UK: Cambridge University Press."},{"sequence":"12","original_text":"Horn, Henrik, Petros Mavroidis, and Hakan Nordstrom. 1999. &ldquo;Is the Use of the WTO Dispute Settlement System Biased?&rdquo; Discussion Paper No. 2340. Centre for Economic Policy Research, London."},{"sequence":"13","original_text":"Immergut, Ellen M. 1992. &ldquo;The Rules of the Game: The Logic of Health Policy-making.&rdquo; in Steinmo, Thelen, and Longstreath, eds. <I>Structuring politics: Historical institutionalism in comparative analysis</I>, New York: Cambridge University Press, pp.57-89."},{"sequence":"14","original_text":"Iversen, Torben and David Soskice. 2006. &ldquo;Electoral systems and the politics of coalitions: Why some democracies redistribute more than others.&rdquo; <I>American Political Science Review</I> 100 (2): 165-181."},{"sequence":"15","original_text":"Kanomata, Nobuo, Daishiro Nomiya, and Keiji Hasegawa. 2001. <I>Qualitative Comparative Analysis</I>, Tokyo: Minerva."},{"sequence":"16","original_text":"Marshall, Monty G. and Keith Jaggers. 2000. <I>Polity IV project</I>. College Park, MD: University of Maryland Center for International Development and Conflict Management. Data available online at: http://www.cidem.ump.edu."},{"sequence":"17","original_text":"McGillivray, Fiona. 2004. <I>Priviledging Industry: The Comparative Politics of Trade and Industrial Policy</I>, Princeton: Princeton University Press."},{"sequence":"18","original_text":"Menard, Scott. 1995. <I>Applied Logistic Regression Analysis</I>. Sage University Paper Series on Quantitative Applications in the Social Sciences, 07-106. Thousand Oaks, CA: Sage."},{"sequence":"19","original_text":"Milner, Helen V. and Benjamin Judkins. 2004. &ldquo;Partisanship, Trade Policy, and Globalization: Is There a Left-Right Divide on Trade Policy?&rdquo; <I>International Studies Quarterly</I> 48(1): 95-120."},{"sequence":"20","original_text":"Ministry of Economy, <I>Trade and Industry. Fukousei Boeki Hakusho</I> (Government White Paper on Unfair Trade)."},{"sequence":"21","original_text":"Minnich, Daniel J. 2005. &ldquo;Veto Players and International Commitments&rdquo; <I>European Journal of Political Research</I> 44(2): 295-326."},{"sequence":"22","original_text":"Nielson, Daniel L. 2003. &ldquo;Supplying Trade Reform: Political Institutions and Liberalization in Middle-Income Presidential Democracies&rdquo; <I>American Journal of Political Science</I> 47(3): 470-491."},{"sequence":"23","original_text":"Nomiya, Daishiro. 1999. &ldquo;Comparative Researches of Social Movement: Its Trend and Methodological Problems&rdquo; (&ldquo;Shakai-undo no Hikaku-kenkyu: Sono Doko to Houhouronteki-shomondai&rdquo;) In Research Committee on Social Movement, ed. <I>New Trends of Social Movement Research</I> (Shakai-undo-kenkyu no Sin-doko). Tokyo: Seibundo: pp 115-140."},{"sequence":"24","original_text":"OECD. 1993. <I>Agricultural Policies, Markets and Trade Monitoring and Outlook</I>."},{"sequence":"25","original_text":"OECD. 1995; 1996; 1997. <I>Agricultural Policies, Markets and Trade in OECD Countries</I>."},{"sequence":"26","original_text":"OECD. 2005/2007. <I>Agricultural Policies in OECD Countries: Monitoring and Evaluation</I>."},{"sequence":"27","original_text":"O'Reilly, Robert F. 2005. &ldquo;Veto players, Veto Players, and International Trade Policy.&rdquo; <I>Comparative Political Studies</I> 38 (6): 652-675."},{"sequence":"28","original_text":"Persson, Torsten and Guido Tabellini. 2004. <I>The Economic Effects of Constitutions</I>, Cambridge: The MIT Press."},{"sequence":"29","original_text":"Ragin, Charles. 1987. <I>The Comparative Method: Moving Beyond Qualitative and Quantitative Strategies</I>. University of California Press."},{"sequence":"30","original_text":"Ragin, Charles. 2000. <I>Fuzzy-set Social Science</I>. Chicago: University of Chicago Press."},{"sequence":"31","original_text":"Ragin, Charles 2008. <I>Redesigning Social Inquiry: Fuzzy Sets and Beyond</I>. Chicago: University of Chicago Press."},{"sequence":"32","original_text":"Reinhardt, Eric. 1999. &ldquo;Aggressive Multilateralism: The Determinants of GATT/WTO Dispute Initiation, 1948-1998.&rdquo; Paper prepared for delivery at the Annual Meeting of the International Studies Association. Washington, DC, February 17-20."},{"sequence":"33","original_text":"Rihoux, Benoit and Charles Ragin, ed. 2009. <I>Configurational Comparative Methods: Qualitative Comparative Analysis (QCA) and Related Techniques</I>, Thousand Oaks, CA: Sage Publications."},{"sequence":"34","original_text":"Rogowski, Ronald. 1987. &ldquo;Trade and the Variety of Democratic Institutions.&rdquo; <I>International Organization</I> 41(2): 203-223."},{"sequence":"35","original_text":"Rogowski, Ronald and Mark Andreas Kayser. 2002. &ldquo;Majoritarian Electoral Systems and Consumer Power: Price-level Evidence from the OECD Countries.&rdquo; <I>American Journal of Political Science</I> 46 (3): 526-539."},{"sequence":"36","original_text":"Seawright, Jason. 2005. &ldquo;Qualitative Comparative Analysis vis-avis regression.&rdquo; <I>Studies in Comparative International Development (SCID)</I> 40(1): 3-26"},{"sequence":"37","original_text":"Sherman, Richard. 2001. &ldquo;Democracy and Trade Conflict.&rdquo; <I>International Interactions</I> 27(1): 1-28."},{"sequence":"38","original_text":"Tsebelis, George. 1999. &ldquo;Veto Players and Law Production in Parliamentary Democracies: An Empirical Analysis.&rdquo; <I>American Political Science Review</I> 93 (3): 591-608."},{"sequence":"39","original_text":"Tsebelis, George. 2002. <I>Veto Players: How Political Institutions Work</I>. N.Y.: Russell Sage Foundation."},{"sequence":"40","original_text":"Widsten, Amy L. 2004. &ldquo;Partisan Politics and International Trade Dispute Resolution.&rdquo; Paper prepared for the Midwest Political Science Association Annual Meeting, Chicago."}]}}