{"status":"OK","apiType":"doi","apiVersion":"1.0.0","message":{"total":1,"rows":1,"totalPages":1,"page":1},"data":{"siteId":"SI/JST.JSTAGE","content_type":"JA","doi":"10.11218/ojjams.22.155","url":"https://doi.org/10.11218/ojjams.22.155","ra":"JaLC","prefix":"10.11218","site_name":"J-STAGE","publisher_list":[{"publisher_name":"Japanese Association For Mathematical Sociology","lang":"en"},{"publisher_name":"数理社会学会","lang":"ja"}],"title_list":[{"lang":"ja","title":"若者の求職期間と意識の関係","subtitle":"―「やりたいこと」は内定率に影響するか―"},{"lang":"en","title":"Unemployment Spells and Consciousness of Japanese Youth :","subtitle":"Does YARITAIKOTO Shorten Job-Seek Spells?"}],"creator_list":[{"sequence":"1","type":"person","names":[{"lang":"ja","last_name":"太郎丸","first_name":"博"},{"lang":"en","last_name":"TAROHMARU","first_name":"Hiroshi"}],"affiliation_list":[{"affiliation_name":"Osaka University","sequence":"1","lang":"en"},{"affiliation_name":"大阪大学","sequence":"1","lang":"ja"}]},{"sequence":"2","type":"person","names":[{"lang":"ja","last_name":"吉田","first_name":"崇"},{"lang":"en","last_name":"YOSHIDA","first_name":"Takashi"}],"affiliation_list":[{"affiliation_name":"Tohoku University","sequence":"2","lang":"en"},{"affiliation_name":"東北大学","sequence":"2","lang":"ja"}]}],"publication_date":{"publication_year":"2007"},"relation_list":[{"content":"https://www.jstage.jst.go.jp/article/ojjams/22/2/22_2_155/_pdf","type":"URL","relation":"fullTextPdf"}],"content_language":"ja","updated_date":"2017-03-23","article_type":"pub","journal_id_list":[{"journal_id":"0913-1442","type":"ISSN","issn_type":"print"},{"journal_id":"1881-6495","type":"ISSN","issn_type":"online"},{"journal_id":"ojjams","type":"JID"}],"journal_title_name_list":[{"journal_title_name":"Sociological Theory and Methods","type":"full","lang":"en"},{"journal_title_name":"Sociological Theory and Methods","type":"abbreviation","lang":"en"},{"journal_title_name":"理論と方法","type":"full","lang":"ja"},{"journal_title_name":"理論と方法","type":"abbreviation","lang":"ja"}],"journal_classification":"01","recorded_year":"1986-2013","volume":"22","issue":"2","first_page":"155","last_page":"168","date":"2008-01-08","keyword_list":[{"keyword":"unemployment","sequence":"1","lang":"en"},{"keyword":"失業","sequence":"1","lang":"ja"},{"keyword":"social stratification","sequence":"2","lang":"en"},{"keyword":"社会階層","sequence":"2","lang":"ja"},{"keyword":"social inequality","sequence":"3","lang":"en"},{"keyword":"社会的不平等","sequence":"3","lang":"ja"},{"keyword":"event history analysis","sequence":"4","lang":"en"},{"keyword":"イベント・ヒストリー分析","sequence":"4","lang":"ja"}],"citation_list":[{"sequence":"1","original_text":"Allan, Andersen Emile and Darrell J. Steffensmeier. 1989. &ldquo;Youth, Underemployment, and Property Crime: Differential Effects of Job Availability and Job Quality on Juvenile and Young Adult Arrest Rates.&rdquo; <I>American Sociological Review</I> 54(1): 107-123."},{"sequence":"2","original_text":"Blanchard, Olivier. 2006. &ldquo;European Unemployment.&rdquo; <I>Economic Policy</I> 21(45) January 5-59."},{"sequence":"3","original_text":"Blossfeld, Hans-Peter and Gotz Rohwer. 2002. <I>Techniques of Event History Modeling: New Approaches to Causal Analysis</I> (2nd ed.). Lawrence Erlbaum Associates."},{"sequence":"4","original_text":"Cantor, David and Land, Kenneth C. 1985. &ldquo;Unemployment and Crime Rates in the Post-World War II in the United States: a Theoretical and Empirical Analysis.&rdquo; <I>American Sociological Review</I> 50(3): 317-332."},{"sequence":"5","original_text":"Carroll, Nick. 2006. &ldquo;Explaining Unemployment Duration in Australia.&rdquo; <I>The Economic Record</I> 82 (September), 298-314."},{"sequence":"6","original_text":"Collier, William. 2005. &ldquo;Unemployment Duration and Individual Heteregeneity: a Regional Study.&rdquo; <I>Applied Economics</I> 37: 133-153."},{"sequence":"7","original_text":"Kanfer, Ruth, Connie R. Wamberg and Tracy M. Kantrowitz. 2001. &ldquo;Job Search and Employment.&rdquo; <I>Journal of Applied Psychology</I> 86(5): 837-855."},{"sequence":"8","original_text":"Dooley, David, Joann Prause and Kathreen A. Ham-Rowbottom. 2000. &ldquo;Underemployment and Depression: Longitudinal Relationships.&rdquo; <I>Journal of Health and Social Behavior</I> 41(4): 421-436."},{"sequence":"9","original_text":"Kessler, Ronald C., J. Blake Turner and James S. House. 1989. &ldquo;Unemployment, Reemployment, and Emotional Functioning in a Community Sample.&rdquo; <I>American Sociological Review</I> 54(4): 648-57."},{"sequence":"10","original_text":"Klerman, Jacob Alex and Lynn A. Karoly. 1995. <I>The Transition to Stable Employment: The Experience of U.S. Youth in Their Early Labor Market Career</I>. Santa Monica: RAND."},{"sequence":"11","original_text":"小原美紀. 2004. 「雇用保険制度が長期失業の誘因となっている可能性」『日本労働研究雑誌』528: 33-48."},{"sequence":"12","original_text":"久木元真吾. 2003. 「「やりたいこと」という論理―フリーターの語りとその意図せざる帰結―」『ソシオロジ』48(2): 73-89."},{"sequence":"13","original_text":"Narendranathan W. and M. B. Stewart, 1993, &ldquo;How does the Benefit Effect vary as Unemployment Spells Lengthen?&rdquo; <I>Journal of Applied Econometrics</I> 8(4): 361-381."},{"sequence":"14","original_text":"佐藤敏子. 2005. 『実践「職場のキャリアカウンセリング」』日本法令."},{"sequence":"15","original_text":"関口和代. 2005. 「大学におけるキャリア教育」川端大二・関口和代編『キャリア形成―個人・企業・教育の視点から―』中央経済社."},{"sequence":"16","original_text":"鈴木建國. 2005. 「労働力調査におけるフローデータの分析」『統計研究彙報』62: 93-115."},{"sequence":"17","original_text":"Thomas, Jonathan M. 1997. &ldquo;Public Employment Agencies and Unemployment Spells: Reconciling the Experimental and Nonexperimental Evidence,&rdquo; <I>Industrial and Labor Relations Review</I> 50(4): 667-83."},{"sequence":"18","original_text":"鵜飼洋一郎. 2007. 「企業が煽る「やりたいこと」―就職活動における自己分析の検討から―」『年報人間科学』28: 79-98."},{"sequence":"19","original_text":"Vansteenkiste, Maarten, Willy Lens, Hans De Witte and N. T. Feather. 2005. &ldquo;Understanding Unemployed People's Job Search Behaviour, Unemployment Experience and Well-Being: A Comparison of Expectancy-Value Theory and Self-Determination Theory.&rdquo; <I>British Journal of Social Psychology</I> 44(2): 269-287."},{"sequence":"20","original_text":"Vermunt, Jeroen K. 1997a. <I>Log-Linear Models for Event Histories</I>. Sage."},{"sequence":"21","original_text":"Vermunt, Jeroen K. 1997b. <I>LEM: A General Program for the Analysis of Categorical Data</I>.<BR>&ensp;&ensp;http://spitswww.uvt.nl/web/fsw/mto/lem/manual.pdf"},{"sequence":"22","original_text":"谷内篤博. 2005. 『大学生の職業意識とキャリア教育』勁草書房."},{"sequence":"23","original_text":"大和礼子. 2004. 「介護ネットワーク・ジェンダー・社会階層」渡辺秀樹・稲葉昭英・嶋崎尚子編『現代家族の構造と変容　全国家族調査［NFRJ98］による計量分析』東京大学出版会, pp.367-385."}]}}