{"status":"OK","apiType":"doi","apiVersion":"1.0.0","message":{"total":1,"rows":1,"totalPages":1,"page":1},"data":{"siteId":"SI/JST.JSTAGE","content_type":"JA","doi":"10.11218/ojjams.29.309","url":"https://doi.org/10.11218/ojjams.29.309","ra":"JaLC","prefix":"10.11218","site_name":"J-STAGE","publisher_list":[{"publisher_name":"Japanese Association For Mathematical Sociology","lang":"en"},{"publisher_name":"数理社会学会","lang":"ja"}],"title_list":[{"lang":"ja","title":"個人の希望から社会の希望へ","subtitle":"―社会意識のミクロ - マクロリンク―"},{"lang":"en","title":"Relationship between Hope for Personal Future and Hope for Society's Future:","subtitle":"Micro - Macro Link of Social Attitude"}],"creator_list":[{"sequence":"1","type":"person","names":[{"lang":"ja","last_name":"福井","first_name":"康貴"},{"lang":"en","last_name":"FUKUI","first_name":"Yasutaka"}],"affiliation_list":[{"affiliation_name":"University of Tokyo","sequence":"1","lang":"en"},{"affiliation_name":"東京大学","sequence":"1","lang":"ja"}]}],"publication_date":{"publication_year":"2014"},"relation_list":[{"content":"https://www.jstage.jst.go.jp/article/ojjams/29/2/29_309/_pdf","type":"URL","relation":"fullTextPdf"}],"content_language":"ja","updated_date":"2016-07-09","article_type":"pub","journal_id_list":[{"journal_id":"0913-1442","type":"ISSN","issn_type":"print"},{"journal_id":"1881-6495","type":"ISSN","issn_type":"online"},{"journal_id":"ojjams","type":"JID"}],"journal_title_name_list":[{"journal_title_name":"Sociological Theory and Methods","type":"full","lang":"en"},{"journal_title_name":"Sociological Theory and Methods","type":"abbreviation","lang":"en"},{"journal_title_name":"理論と方法","type":"full","lang":"ja"},{"journal_title_name":"理論と方法","type":"abbreviation","lang":"ja"}],"journal_classification":"01","recorded_year":"1986-2013","volume":"29","issue":"2","first_page":"309","last_page":"324","date":"2016-07-10","keyword_list":[{"keyword":"hope","sequence":"1","lang":"en"},{"keyword":"希望","sequence":"1","lang":"ja"},{"keyword":"micro-macro link","sequence":"2","lang":"en"},{"keyword":"ミクロ - マクロリンク","sequence":"2","lang":"ja"},{"keyword":"social relation","sequence":"3","lang":"en"},{"keyword":"社会関係","sequence":"3","lang":"ja"},{"keyword":"social class","sequence":"4","lang":"en"},{"keyword":"社会階層","sequence":"4","lang":"ja"}],"citation_list":[{"sequence":"1","original_text":"赤木智弘. 2007. 『若者を見殺しにする国―私を戦争に向かわせるものは何か』双風舎."},{"sequence":"2","original_text":"Cantor, Marjorie H. 1979. &ldquo;Neighbors and Friends: An Overlooked Resource in the Informal Support System.&rdquo; <I>Research on Aging</I>, 1(4): 434-63."},{"sequence":"3","original_text":"Ciarrochi, Joseph, Patrick C. L. Heaven and Fiona Davies. 2007. &ldquo;The Impact of Hope, Self-esteem, and Attributional Style on Adolescents' School Grades and Emotional Well-being: A Longitudinal Study.&rdquo; <I>Journal of Research in Personality</I> 41: 1161-78."},{"sequence":"4","original_text":"古市憲寿. 2011. 『絶望の国の幸福な若者たち』講談社 ."},{"sequence":"5","original_text":"福井康貴. 2013. 「社会の将来に対する希望の規定メカニズム―社会意識のミクロ‐マクロリンク」『Japanese Stratification Study Discussion Paper Series』No. 3."},{"sequence":"6","original_text":"玄田有史. 2007. 「希望の類型と個人属性―拡大する希望喪失の社会的背景」『希望学ディスカッションペーパーシリーズ』No.9."},{"sequence":"7","original_text":"Herth, Kaye. 1993a. &ldquo;Hope in the Family Caregiver of Terminally Ill People.&rdquo; <I>Journal of Advanced Nursing </I>18: 538-48."},{"sequence":"8","original_text":"Herth, Kaye. 1993b. &ldquo;Hope in Older Adults in Community and Institutional Settings.&rdquo; <I>Issues in Mental Health Nursing</I> 14:139-156."},{"sequence":"9","original_text":"Herth, Kaye. 2000. &ldquo;Enhancing Hope in People with a First Recurrence of Cancer.&rdquo; <I>Journal of Advanced Nursing</I> 32(6): 1431-41."},{"sequence":"10","original_text":"石田光規. 2007. 「誰にも頼れない人たち―JGSS2003 から見る孤立者の背景」『季刊経済研究』73: 71-9."},{"sequence":"11","original_text":"Kahn, Robert L. and Toni C. Antonucci. 1980. &ldquo;Convoys over the Life Course: Attachment, Roles and Social Support.&rdquo; Baltes, Paul B. and Orville G. Brim (eds). <I>Life-Span Development and Behavior</I> New York: Academic Press: 253-86."},{"sequence":"12","original_text":"Litwak, Eugene and Ivan Szelenyi. 1969. &ldquo;Primary Group Structures and Their Functions: Kin, Neighbors and Friends.&rdquo; <I>American Sociological Review</I> 34(4): 465-81."},{"sequence":"13","original_text":"内閣府. 2013. 『高齢社会白書（平成25年版）』."},{"sequence":"14","original_text":"日本経済団体連合会. 2007. 『希望の国，日本』."},{"sequence":"15","original_text":"野口裕二. 1991. 「高齢者のソーシャルネットワークとソーシャルサポート―友人・近隣・親戚関係の世帯類型別分析」『老年社会科学』13: 89-105."},{"sequence":"16","original_text":"大橋明. 2000. 「希望に関する文献的研究―高齢者を中心に」『大阪大学臨床老年行動学年報』5: 11-20."},{"sequence":"17","original_text":"大橋明. 2002. 「希望とその関連要因に関する研究―希望の概念と先行研究の検討」『人間科学研究』4: 15-27."},{"sequence":"18","original_text":"大橋明・恒藤暁・柏木哲夫. 2003. 「希望に関する概念の整理―心理学的観点から」『大阪大学大学院人間科学研究科紀要』29: 100-24."},{"sequence":"19","original_text":"Putnam, Robert D. 2000. <I>Bowling Alone: The Collapse and Revival of American Community</I>. Simon & Schuster Paperbacks. =2006. 柴内康文(訳)『孤独なボウリング―米国コミュニティの崩壊と再生』柏書房."},{"sequence":"20","original_text":"Schrank, B., G. Stanghellini, M. Slade. 2008. &ldquo;Hope in Psychiatry: a Review of the Literature.&rdquo; <I>Acta Psychiatrica Scandinavica</I> 118(6): 421-33."},{"sequence":"21","original_text":"Seligman, Martin E. P. and Mihaly Csikszentmihalyi. 2000. &ldquo;Positive Psychology: An Introduction.&rdquo; <I>American Psychologist</I> 55(1): 5-14."},{"sequence":"22","original_text":"白波瀬佐和子.2005. 『少子高齢社会のみえない格差―ジェンダー・世代・階層のゆくえ』東京大学出版会."},{"sequence":"23","original_text":"Snyder, C. R., Cheri Harris, John R. Anderson, Sharon A. Holleran, Lori M. Irving, Sandra T. Sigmon, Lauren Yoshinobu, June Gibb, Charyle Langelle and Pat Harney. 1991. &ldquo;The Will and the Ways: Development and Validation of an Individual-Differences Measure of Hope.&rdquo; <I>Journal of Personality and Social Psychology</I> 60(4): 570-85."},{"sequence":"24","original_text":"Snyder, C. R.,Hal S. Shorey, Jennifer Cheavens, Kimberley Mann Pulvers, Virgil H. Adams III and Cynthia Wiklund. 2002. &ldquo;Hope and Academic Success in College.&rdquo; <I>Journal of Educational Psychology</I> 94(4): 820-6."},{"sequence":"25","original_text":"竹上未紗. 2011. 「Hopelessness と健康関連 QOL の関連―JGSS-2010 に基づく分析」『日本版総合的社会調査共同研究拠点研究論文集』11: 1-12."},{"sequence":"26","original_text":"田辺俊介・吉田崇・大島真夫. 2011. 「希望・所得変動・自己啓発―『働き方とライフスタイルの変化に関する全国調査（JLPS）2010』の結果から」『東京大学社会科学研究所 パネル調査プロジェクト 　ディスカッションペーパーシリーズ』No38."},{"sequence":"27","original_text":"海野道郎. 2000. 「豊かさの追求から公平社会の希求へ―階層意識の構造と変容」海野道郎(編)『公平感と政治意識 日本の階層システム2』東京大学出版会 : 3-36."},{"sequence":"28","original_text":"海野道郎・斎藤友里子. 1990. 「公平感と満足度―社会評価の構造と社会的地位」原純輔編『現代日本の階層構造2 階層意識の動態』東京大学出版会 : 71-123."},{"sequence":"29","original_text":"Valle, Michael F., E. Scott Huebner and Shannon Suldo M. 2006. &ldquo;An Analysis of Hope as a Psychological Strength.&rdquo; <I>Journal of School Psychology</I> 44: 393-406."},{"sequence":"30","original_text":"Van der Gaag, Martin and Tom Snijders. 2005. &ldquo;The Resource Generator: Measurement of Individual Social Capital with Concrete Items.&rdquo; <I>Social Networks</I> 27(1): 1-29."},{"sequence":"31","original_text":"Van der Gaag, Martin, Tom Snijders and Henk Flap. 2008. &ldquo;Position Generator Measures and Their Relationship to Other Social Capital Measures.&rdquo; Nan Lin and Bonnie Erickson (eds). <I>Social Capital: An International Research Program.</I> Oxford: Oxford University Press: 25-48."},{"sequence":"32","original_text":"渡邉敏惠・山崎喜比古. 2004. 「幸福な老いの要件とは―高齢者の主観的ウェルビーイングに関連する要因の文献検討」『埼玉県立大学紀要』6: 75-86."},{"sequence":"33","original_text":"山田昌弘. 2004. 『希望格差社会』筑摩書房."},{"sequence":"34","original_text":"Zorn, Cecelia R.1997. &ldquo;Factors Contributing to Hope Among Noninstitutionalized Elderly.&rdquo; <I>Applied Nursing Research</I> 10(2): 94-100."}]}}