{"status":"OK","apiType":"doi","apiVersion":"1.0.0","message":{"total":1,"rows":1,"totalPages":1,"page":1},"data":{"siteId":"SI/JST.JSTAGE","content_type":"JA","doi":"10.11218/ojjams.24.77","url":"https://doi.org/10.11218/ojjams.24.77","ra":"JaLC","prefix":"10.11218","site_name":"J-STAGE","publisher_list":[{"publisher_name":"Japanese Association For Mathematical Sociology","lang":"en"},{"publisher_name":"数理社会学会","lang":"ja"}],"title_list":[{"lang":"ja","title":"仕事の複雑性スコアの構成","subtitle":"―職務内容を反映した職業指標の提案―"},{"lang":"en","title":"Formulation of Job Complexity Score:","subtitle":"Proposal for an Occupational Index that Reflects Job Content"}],"creator_list":[{"sequence":"1","type":"person","names":[{"lang":"ja","last_name":"長松","first_name":"奈美江"},{"lang":"en","last_name":"NAGAMATSU","first_name":"Namie"}],"affiliation_list":[{"affiliation_name":"Graduate School of Human Sciences<BR>Osaka University","sequence":"1","lang":"en"},{"affiliation_name":"大阪大学","sequence":"1","lang":"ja"}]},{"sequence":"2","type":"person","names":[{"lang":"ja","last_name":"阪口","first_name":"祐介"},{"lang":"en","last_name":"SAKAGUCHI","first_name":"Yusuke"}],"affiliation_list":[{"affiliation_name":"Graduate School of Human Sciences<BR>Osaka University","sequence":"1","lang":"en"},{"affiliation_name":"大阪大学","sequence":"1","lang":"ja"}]},{"sequence":"3","type":"person","names":[{"lang":"ja","last_name":"太郎丸","first_name":"博"},{"lang":"en","last_name":"TAROHMARU","first_name":"Hiroshi"}],"affiliation_list":[{"affiliation_name":"Graduate school of Letter<BR>Kyoto University","sequence":"2","lang":"en"},{"affiliation_name":"京都大学","sequence":"2","lang":"ja"}]}],"publication_date":{"publication_year":"2009"},"relation_list":[{"content":"https://www.jstage.jst.go.jp/article/ojjams/24/1/24_1_77/_pdf","type":"URL","relation":"fullTextPdf"}],"content_language":"ja","updated_date":"2017-03-23","article_type":"pub","journal_id_list":[{"journal_id":"0913-1442","type":"ISSN","issn_type":"print"},{"journal_id":"1881-6495","type":"ISSN","issn_type":"online"},{"journal_id":"ojjams","type":"JID"}],"journal_title_name_list":[{"journal_title_name":"Sociological Theory and Methods","type":"full","lang":"en"},{"journal_title_name":"Sociological Theory and Methods","type":"abbreviation","lang":"en"},{"journal_title_name":"理論と方法","type":"full","lang":"ja"},{"journal_title_name":"理論と方法","type":"abbreviation","lang":"ja"}],"journal_classification":"01","recorded_year":"1986-2013","volume":"24","issue":"1","first_page":"77","last_page":"93","date":"2010-01-08","keyword_list":[{"keyword":"Dictionary of Occupational Titles (DOT)","sequence":"1","lang":"en"},{"keyword":"Dictionary of Occupational Titles (DOT)","sequence":"1","lang":"ja"},{"keyword":"Bayes estimation","sequence":"2","lang":"en"},{"keyword":"ベイズ推定","sequence":"2","lang":"ja"},{"keyword":"Mixed effect model","sequence":"3","lang":"en"},{"keyword":"混合効果モデル","sequence":"3","lang":"ja"}],"citation_list":[{"sequence":"1","original_text":"Cain, P. S. and D. J. Treiman. 1981. &ldquo;The Dictionary of Occupational Titles as a Source of Occupational Data.&rdquo; <I>American Sociological Review</I> 46: 253-78."},{"sequence":"2","original_text":"Carbonaro, W. 2007. &ldquo;The Effects of Education and Cognitive Skill on Earnings: How Much Do Occupations and Jobs Matter?&rdquo; <I>Research in Social Stratification and Mobility</I> 25(1): 57-71."},{"sequence":"3","original_text":"Hadden, W. C., N. Kravets and C. Muntaner. 2004. &ldquo;Descriptive Dimensions of US Occupations with Data from the O*NET.&rdquo; <I>Social Science Research</I> 33(1): 64-78."},{"sequence":"4","original_text":"原純輔（編）. 1990.『現代日本の階層構造2　階層意識の動態』東京大学出版会."},{"sequence":"5","original_text":"原純輔（編）. 1995.『SSM産業分類・職業分類（95年版）』1995年SSM調査研究会."},{"sequence":"6","original_text":"Hechter, M. 2004. &ldquo;From Class to Culture.&rdquo; <I>American Journal of Sociology</I> 110(2): 400-45."},{"sequence":"7","original_text":"吉川徹. 1998.『階層・教育と社会意識の形成――社会意識論の磁界』ミネルヴァ書房."},{"sequence":"8","original_text":"吉川徹. 2008.「階級・階層意識の計量社会学」轟亮（編）『2005年SSM調査シリーズ8　階層意識の現在』2005年SSM調査研究会: 131-74."},{"sequence":"9","original_text":"Kilbourne, B. S., G. Farkas, K. Beron, D. Weir and P. England. 1994. &ldquo;Returns to Skill, Compensating Differentials, and Gender Bias: Effects of Occupational Characteristics on the Wages of White Women and Men.&rdquo; <I>American Journal of Sociology</I> 100(3): 689-719."},{"sequence":"10","original_text":"Kohn, M. L. and C. Schooler. 1983. <I>Work and Personality: An Inquiry into the Impact of Social Stratification (with the collaboration of. Miller, J., C. Miller, C. Scoenbach and R. Shoenberg)</I>. Norwood, N. J.: Ablex Publishing Corp."},{"sequence":"11","original_text":"Miller, A. R., D. J. Treiman, P. S. Cain and P. A. Roos. (eds.) 1980. <I>Work, Jobs, and Occupations: A Critical Review of the Dictionary of Occupational Titles</I>. Washington, D.C.: National Academy Press."},{"sequence":"12","original_text":"三輪哲・小林大祐（編）. 2008.『2005年SSM調査シリーズ1 2005年SSM日本調査の基礎分析――構造・趨勢・方法』2005年SSM調査研究会."},{"sequence":"13","original_text":"直井優. 1978.「職業の分類と尺度」『社会階層と社会移動1975 年SSM 全国調査報告』1975年SSM調査委員会: 270-88."},{"sequence":"14","original_text":"直井優. 1979.「職業的地位尺度の構成」富永健一（編）『日本の階層構造』東京大学出版会: 434-72."},{"sequence":"15","original_text":"直井優. 1987.「仕事と人間の相互作用」三隈二不二（編）『働くことの意味――MOWの国際比較研究』有斐閣: 103-44."},{"sequence":"16","original_text":"直井優（編）. 2005.『情報通信技術革命の文化的・社会的・心理的効果に関する調査研究』平成13～平成16年度科学研究費補助金研究成果報告書."},{"sequence":"17","original_text":"織田輝哉・阿部晃士. 2000.「不公平感はどのように生じるのか――生成メカニズムの解明」海野道郎（編）『日本の階層システム2　公平感と政治意識』東京大学出版会: 103-25."},{"sequence":"18","original_text":"Spaeth, J. L. 1979. &ldquo;Vertical Differentiation Among Occupations.&rdquo; <I>American Sociological Review</I> 44: 746-62."},{"sequence":"19","original_text":"Spenner, K. I. 1990. &ldquo;Skill: Meanings, Methods, and Measures.&rdquo; <I>Work and Occupations</I> 17(4): 399-421."},{"sequence":"20","original_text":"都築一治（編）. 1998.『1995年SSM調査シリーズ5　職業評価の構造と職業威信スコア』1995年SSM調査研究会."},{"sequence":"21","original_text":"United States Department of Labor. 1965. <I>Dictionary of Occupational Titles, 3rd Edition</I>. Washington, D.C.: U. S. Government Printing Office."},{"sequence":"22","original_text":"United States Department of Labor. 1992. <I>Dictionary of Occupational Titles, 4th Rev Edition</I>. Vgm Career Horizons."},{"sequence":"23","original_text":"Weeden, K. A. 2002. &ldquo;Why Do Some Occupations Pay More than Others? Social Closure and Earnings Inequality in the United States.&rdquo; <I>American Journal of Sociology</I> 108(1): 55-101."}]}}