{"status":"OK","apiType":"doi","apiVersion":"1.0.0","message":{"total":1,"rows":1,"totalPages":1,"page":1},"data":{"siteId":"SI/JST.JSTAGE","content_type":"JA","doi":"10.11218/ojjams.3.2_101","url":"https://doi.org/10.11218/ojjams.3.2_101","ra":"JaLC","prefix":"10.11218","site_name":"J-STAGE","publisher_list":[{"publisher_name":"Japanese Association For Mathematical Sociology","lang":"en"},{"publisher_name":"数理社会学会","lang":"ja"}],"title_list":[{"lang":"ja","title":"意思・権利・権力","subtitle":"─社会的決定関数にかきこまれた権力─"},{"lang":"en","title":"Intention, Right and Power :","subtitle":"Power Embedded in Social Decision Function"}],"creator_list":[{"sequence":"1","type":"person","names":[{"lang":"ja","last_name":"志田","first_name":"基与師"},{"lang":"en","last_name":"SHIDA","first_name":"Kiyoshi"}],"affiliation_list":[{"affiliation_name":"Kanazawa University","sequence":"1","lang":"en"},{"affiliation_name":"金沢大学","sequence":"1","lang":"ja"}]}],"publication_date":{"publication_year":"1988"},"relation_list":[{"content":"https://www.jstage.jst.go.jp/article/ojjams/3/2/3_2_2_101/_pdf","type":"URL","relation":"fullTextPdf"}],"content_language":"ja","updated_date":"2017-03-24","article_type":"pub","journal_id_list":[{"journal_id":"0913-1442","type":"ISSN","issn_type":"print"},{"journal_id":"1881-6495","type":"ISSN","issn_type":"online"},{"journal_id":"ojjams","type":"JID"}],"journal_title_name_list":[{"journal_title_name":"Sociological Theory and Methods","type":"full","lang":"en"},{"journal_title_name":"Sociological Theory and Methods","type":"abbreviation","lang":"en"},{"journal_title_name":"理論と方法","type":"full","lang":"ja"},{"journal_title_name":"理論と方法","type":"abbreviation","lang":"ja"}],"journal_classification":"01","recorded_year":"1986-2013","volume":"3","issue":"2","first_page":"2_101","last_page":"2_114","date":"2009-03-06","keyword_list":[{"keyword":"Power","sequence":"1","lang":"en"},{"keyword":"Social Decision Function","sequence":"2","lang":"en"},{"keyword":"Right","sequence":"3","lang":"en"},{"keyword":"Institution","sequence":"4","lang":"en"},{"keyword":"Individualism","sequence":"5","lang":"en"}],"citation_list":[{"sequence":"1","original_text":"Arrow, Kenneth J. 1963 <I>Social Choice and Individual Values: second edition</I>, Yale University Press. =1977 長名寛明（訳）『社会的評価と個人的価値』, 日本経済新聞社."},{"sequence":"2","original_text":"Blau, Peter M 1964 <I>Exchange and Power in Social Life</I>, John Wiley &amp; Sons. =1979 間場・居安・塩原（訳）『交換と権力─社会過程の弁証法社会学─』, 新曜社."},{"sequence":"3","original_text":"Coleman, James S. 1986 <I>Individual Interests and Collective Action: Selected Essays</I>, Cambridge University Press."},{"sequence":"4","original_text":"橋爪大三郎 1985「Foucaultの微分幾何学─権力分析の文体論─」, 『ソシオロゴス』9: 136-146."},{"sequence":"5","original_text":"Hobbes, Thomas 1651 <I>Leviathan</I> =1954-1985 水田洋（訳）『リヴァイアサン』, 岩波書店."},{"sequence":"6","original_text":"Homans, George C. 1974 <I>Social Behavior: Its Elementary Forms, Revised Edition</I>, Harcourt Brace Jovanovich. =1978 橋本茂（訳）『社会行動─その基本形態─』, 誠信書房."},{"sequence":"7","original_text":"木村邦博 1988「リーダーシップのジレンマ─ゲーム理論的考察─」, 『理論と方法』3: 27-41."},{"sequence":"8","original_text":"Luhmann, Niklas 1972 <I>Rechtssoziologie</I>, Reinbeck. =1977 村上淳一・六本佳平（訳）『法社会学』, 岩波書店."},{"sequence":"9","original_text":"Lukes, Steven 1973 <I>Individualism</I>, Blackwell. =1981 間宏（監訳）『個人主義』, 御茶の水書房."},{"sequence":"10","original_text":"Lukes, Steven 1974 <I>Power: A Radical View</I>, MacMillan."},{"sequence":"11","original_text":"松下圭一 1987『ロック「市民政府論」を読む』, 岩波書店."},{"sequence":"12","original_text":"宮台真司 1987「権力の予期理論」『理論と方法』本号所収."},{"sequence":"13","original_text":"永田えり子 1986「交換と権力のヒエラルキー」, 『ソシオロゴス』10: 196-208."},{"sequence":"14","original_text":"永田えり子 1987「交換の論理, 権力の論理」, 『ソシオロゴス』11: 76-84."},{"sequence":"15","original_text":"永田えり子 1988a「個人主義的権力理論再考」, 海野・原・和田（編）『数理社会学の展開』, 数理社会学研究会: 311-325."},{"sequence":"16","original_text":"永田えり子 1988b「自由と効率─社会的ディレンマ研究の問題点─」, 『理論と方法』3-1: 43-56."},{"sequence":"17","original_text":"大澤真幸 1988「権力現象の基底─他者の意思はいかにして自己の意思を捉えるか─」『理論と方法』本号所収."},{"sequence":"18","original_text":"佐伯胖 1980『「きめ方」の論理─社会的決定理論への招待─』, 東京大学出版会."},{"sequence":"19","original_text":"盛山和夫 1988「権力と自由：権力論解体序説」, 海野・原・和田（編）『数理社会学の展開』, 数理社会学研究会: 343-363."},{"sequence":"20","original_text":"Sen, Amartya K. 1970 <I>Collective Choice and Social Welfare</I>, Holden-Day."},{"sequence":"21","original_text":"志田基与師 1985「2項関係としての権力構造─間接的権力と推移牲／裁定者の権力と上半束─」, 『ソシオロゴス』9: 148-162."},{"sequence":"22","original_text":"志田基与師 1987「個人主義的権力理論の可能性─社会的選択理論を用いて─」, 『ソシオロゴス』11: 86-95."},{"sequence":"23","original_text":"志田基与師 1988a「社会的選択理論の社会学的意味」, 『金沢大学文学部論集（行動科学科篇）』8: 83-107."},{"sequence":"24","original_text":"志田基与師 1988b「個人主義的権力理論の展望─権力についての契約─」, 海野・原・和田（編）『数理社会学の展開』, 数理社会学研究会: 273-295."},{"sequence":"25","original_text":"志田基与師・永田えり子 1987「個人主我的社会理論の根本問題」, 第4回数理社会学会大会報告."},{"sequence":"26","original_text":"鈴村興太郎 1982『経済計画理論』, 筑摩書房."},{"sequence":"27","original_text":"Weber, Max 1913 &ldquo;Uber einige Kategorien der verstehenden Soziologie&rdquo;, <I>Gesammelte Aufsatze zur Wissenschaftslehle</I>, 1922. =1968 林道義（訳）『理解社会学のカテゴリー』, 岩波書店."},{"sequence":"28","original_text":"Weber, Max 1921 &ldquo;Soziologische Grundbegriffe&rdquo;, <I>Wirtschaft und Gesellshaft</I>, J. C. B. Mohr: I, 1-30. =1968 阿閉吉男・内藤莞爾（訳）『社会学の基礎概念』, 角川書店."}]}}