{"status":"OK","apiType":"doi","apiVersion":"1.0.0","message":{"total":1,"rows":1,"totalPages":1,"page":1},"data":{"siteId":"SI/JST.JSTAGE","content_type":"JA","doi":"10.11218/ojjams.28.203","url":"https://doi.org/10.11218/ojjams.28.203","ra":"JaLC","prefix":"10.11218","site_name":"J-STAGE","publisher_list":[{"publisher_name":"Japanese Association For Mathematical Sociology","lang":"en"},{"publisher_name":"数理社会学会","lang":"ja"}],"title_list":[{"lang":"en","title":"The Existence and Effect of Reciprocity under Non-Monetary Punishment","subtitle":"Experimental Evidence from Impunity Games"},{"lang":"ja","title":"Non-Monetary Punishmentに対する互恵性の存在とその影響","subtitle":"繰り返し一方的最後通牒ゲーム実験による検証"}],"creator_list":[{"sequence":"1","type":"person","names":[{"lang":"en","last_name":"SUZUKI","first_name":"Akihiro"},{"lang":"ja","last_name":"鈴木","first_name":"明宏"}],"affiliation_list":[{"affiliation_name":"Yamagata University","sequence":"1","lang":"en"},{"affiliation_name":"山形大学","sequence":"1","lang":"ja"}]},{"sequence":"2","type":"person","names":[{"lang":"en","last_name":"ITO","first_name":"Takehiro"},{"lang":"ja","last_name":"伊藤","first_name":"健宏"}],"affiliation_list":[{"affiliation_name":"Iwate Prefectural University","sequence":"1","lang":"en"},{"affiliation_name":"岩手県立大学","sequence":"1","lang":"ja"}]},{"sequence":"3","type":"person","names":[{"lang":"en","last_name":"YANG","first_name":"Peilu"},{"lang":"ja","last_name":"楊","first_name":"培魯"}],"affiliation_list":[{"affiliation_name":"CECEP Building Energy Management Co.Ltd","sequence":"1","lang":"en"},{"affiliation_name":"中節能建築エネルギー管理有限公司","sequence":"1","lang":"ja"}]},{"sequence":"4","type":"person","names":[{"lang":"en","last_name":"OGAWA","first_name":"Kazuhito"},{"lang":"ja","last_name":"小川","first_name":"一仁"}],"affiliation_list":[{"affiliation_name":"Kansai University","sequence":"1","lang":"en"},{"affiliation_name":"関西大学","sequence":"1","lang":"ja"}]},{"sequence":"5","type":"person","names":[{"lang":"en","last_name":"TAKAHASHI","first_name":"Hiromasa"},{"lang":"ja","last_name":"高橋","first_name":"広雅"}],"affiliation_list":[{"affiliation_name":"Hiroshima City University","sequence":"1","lang":"en"},{"affiliation_name":"広島市立大学","sequence":"1","lang":"ja"}]},{"sequence":"6","type":"person","names":[{"lang":"en","last_name":"TAKEMOTO","first_name":"Toru"},{"lang":"ja","last_name":"竹本","first_name":"亨"}],"affiliation_list":[{"affiliation_name":"Tezukayama University","sequence":"1","lang":"en"},{"affiliation_name":"帝塚山大学","sequence":"1","lang":"ja"}]}],"publication_date":{"publication_year":"2013"},"relation_list":[{"content":"https://www.jstage.jst.go.jp/article/ojjams/28/2/28_203/_pdf","type":"URL","relation":"fullTextPdf"}],"content_language":"ja","updated_date":"2014-12-09","article_type":"pub","journal_id_list":[{"journal_id":"0913-1442","type":"ISSN","issn_type":"print"},{"journal_id":"1881-6495","type":"ISSN","issn_type":"online"},{"journal_id":"ojjams","type":"JID"}],"journal_title_name_list":[{"journal_title_name":"Sociological Theory and Methods","type":"full","lang":"en"},{"journal_title_name":"Sociological Theory and Methods","type":"abbreviation","lang":"en"},{"journal_title_name":"理論と方法","type":"full","lang":"ja"},{"journal_title_name":"理論と方法","type":"abbreviation","lang":"ja"}],"journal_classification":"01","recorded_year":"1986-2013","volume":"28","issue":"2","first_page":"203","last_page":"220","date":"2014-09-01","keyword_list":[{"keyword":"一方的最後通牒ゲーム","sequence":"1","lang":"ja"},{"keyword":"Impunity game","sequence":"1","lang":"en"},{"keyword":"経済実験","sequence":"2","lang":"ja"},{"keyword":"economic experiment","sequence":"2","lang":"en"},{"keyword":"互恵性","sequence":"3","lang":"ja"},{"keyword":"reciprocity","sequence":"3","lang":"en"}],"citation_list":[{"sequence":"1","original_text":"Bolton, G. E., and A. Ockenfels. 2000. &ldquo;ERC: a theory of equity, reciprocity, and competition.&rdquo; <I>The American Economic Review</I> 90(1): 166-193."},{"sequence":"2","original_text":"Bolton, G. E., and R. Zwick. 1995. &ldquo;Anonimity versus Punishment in Ultimatum Bargaining.&rdquo; <I>Games and Economic Behavior</I> 10:95-121"},{"sequence":"3","original_text":"Camerer, Colin F. 2003. <I>Behavioral Game Theory: Experiments in Strategic Interaction.</I> New York: Princeton University Press."},{"sequence":"4","original_text":"Dufwenberg, M., and G. Kirchsteiger. 2004. &ldquo;A Theory of Sequential Reciprocity.&rdquo; <I>Games and Economic Behavior</I> 47 (2): 268-298."},{"sequence":"5","original_text":"Fehr, E., and K. M. Schmidt. 1999. &ldquo;A theory of fairness, competition, and cooperation.&rdquo; <I>Quarterly Journal of Economics</I> 114 (3): 817-868."},{"sequence":"6","original_text":"Fischbacher, U. 2007. &ldquo;z-Tree: Zurich Toolbox for Ready-made Economic experiments.&rdquo; <I>Experimental Economics</I> 10 (2): 171-178."},{"sequence":"7","original_text":"Forsythe, R., J. L. Horowitz., N. E. Savin., and M. Sefton. 1994. &ldquo;Fairness in simple bargaining experiments.&rdquo; <I>Games and Economic Behavior</I> 6 (3): 347-369."},{"sequence":"8","original_text":"福野光輝・大渕憲一. 2001. 「最終提案交渉における受け手の拒否動機の分析：同一性保護の観点から」 『社会心理学研究』16 (3): 184-192."},{"sequence":"9","original_text":"G&uuml;th, W., and S. Huck. 1997. &ldquo;From Ultimatum Bargaining to Dictatorship-an Experimental Study of Four Games Varying in Veto Power.&rdquo; <I>Metroeconomica</I> 48 (3): 262-299."},{"sequence":"10","original_text":"Hoffman, E., K. McCabe., and V. L. Smith. 1996. &ldquo;Social Distance and Other-Regarding Behavior in Dictator Games.&rdquo; <I>The American Economic Review</I> 86 (3): 653-660."},{"sequence":"11","original_text":"堀田結孝・山岸俊男. 2007. 「互酬性と同一性保護－最後通告ゲームにおける拒否の理由」 『心理学研究』78 (4): 446-451."},{"sequence":"12","original_text":"Kahneman, D., J. L. Knetsch., and R. Thaler. 1986. &ldquo;Fairness as a constraint on profit seeking: entitlements in the market.&rdquo; <I>The American Economic Review</I> 76 (4): 728-741."},{"sequence":"13","original_text":"川越敏司. 2010. 『行動ゲーム理論入門』エヌ・ティ・ティ出版."},{"sequence":"14","original_text":"Kiyonari, T., S. Tanida., and T. Yamagishi. 2000. &ldquo;Social exchange and reciprocity: confusion or a heuristic?.&rdquo; <I>Evolution and Human Behavior</I> 21 (6): 411-427."},{"sequence":"15","original_text":"Masclet, D., C. Noussair., S. Tucker., and M. C. Villeval. 2003. &ldquo;Monetary and nonmonetary punishment in the voluntary contributions mechanism.&rdquo; <I>The American Economic Review</I> 93 (1): 366-380."},{"sequence":"16","original_text":"Ogawa, K., T. Takemoto., H. Takahashi., and A. Suzuki. 2012. &ldquo;Income earning opportunity and work performance affect donating behavior: evidence from dictator game experiments.&rdquo; <I>Journal of Socio-Economics</I> 41: 816-826."},{"sequence":"17","original_text":"Rabin, M. 1993. &ldquo;Incorporating fairness into game-theory and economics.&rdquo; <I>The American Economic Review</I> 83(5): 1281-1302."},{"sequence":"18","original_text":"Xiao, E., and D. Houser. 2005. &ldquo;Emotion expression in human punishment behavior.&rdquo; <I>Proceedings of the National Academy of Sciences</I> 102 (20): 7398-7401."},{"sequence":"19","original_text":"Xiao, E., and D. Houser. 2009. &ldquo;Avoiding sharp tongue: Anticipated written messages promote fair economic exchange.&rdquo; <I>Journal of Economic Psychology</I> 30: 393-404."}]}}