{"status":"OK","apiType":"doi","apiVersion":"1.0.0","message":{"total":1,"rows":1,"totalPages":1,"page":1},"data":{"siteId":"SI/JST.JSTAGE","content_type":"JA","doi":"10.11218/ojjams.16.103","url":"https://doi.org/10.11218/ojjams.16.103","ra":"JaLC","prefix":"10.11218","site_name":"J-STAGE","publisher_list":[{"publisher_name":"Japanese Association For Mathematical Sociology","lang":"en"},{"publisher_name":"数理社会学会","lang":"ja"}],"title_list":[{"lang":"ja","title":"二次分析としてのComparative Narratives","subtitle":"―蜂の巣城紛争の再考―"},{"lang":"en","title":"Comparative Narratives as the Secondary Analysis :","subtitle":"Reconsidering &lsquo;Hachinosu-Jo Conflict&rsquo;"}],"creator_list":[{"sequence":"1","type":"person","names":[{"lang":"ja","last_name":"三隅","first_name":"一人"},{"lang":"en","last_name":"MISUMI","first_name":"Kazuto"}],"affiliation_list":[{"affiliation_name":"Graduate School of Social and Cultural Studies<BR>Kyushu University","sequence":"1","lang":"en"},{"affiliation_name":"九州大学","sequence":"1","lang":"ja"}]}],"publication_date":{"publication_year":"2001"},"relation_list":[{"content":"https://www.jstage.jst.go.jp/article/ojjams/16/1/16_103/_pdf","type":"URL","relation":"fullTextPdf"}],"content_language":"ja","updated_date":"2016-09-29","article_type":"pub","journal_id_list":[{"journal_id":"0913-1442","type":"ISSN","issn_type":"print"},{"journal_id":"1881-6495","type":"ISSN","issn_type":"online"},{"journal_id":"ojjams","type":"JID"}],"journal_title_name_list":[{"journal_title_name":"Sociological Theory and Methods","type":"full","lang":"en"},{"journal_title_name":"Sociological Theory and Methods","type":"abbreviation","lang":"en"},{"journal_title_name":"理論と方法","type":"full","lang":"ja"},{"journal_title_name":"理論と方法","type":"abbreviation","lang":"ja"}],"journal_classification":"01","recorded_year":"1986-2013","volume":"16","issue":"1","first_page":"103","last_page":"120","date":"2016-09-30","keyword_list":[{"keyword":"comparative narratives","sequence":"1","lang":"en"},{"keyword":"comparative narratives","sequence":"1","lang":"ja"},{"keyword":"secondary analysis of qualitative data","sequence":"2","lang":"en"},{"keyword":"質的資料の二次分析","sequence":"2","lang":"ja"},{"keyword":"community conflict (Hachinosu-Jo Conflict)","sequence":"3","lang":"en"},{"keyword":"蜂の巣城（下筌・松原ダム）紛争","sequence":"3","lang":"ja"}],"citation_list":[{"sequence":"1","original_text":"Abbott, Andrew. 1995. &ldquo;Sequence analysis: New methods for old ideas.&rdquo; <I>Annual Review of Sociology</I> 21: 93-113."},{"sequence":"2","original_text":"Abbott, Andrew. 1993. &ldquo;Measure for measure: Abell's narrative methods.&rdquo; <I>Journal of Mathematical Sociology</I> 18(2-3): 203-14."},{"sequence":"3","original_text":"Abbott, Andrew and Angela Tsay. 2000. &ldquo;Sequence analysis and optimal matching methods in sociology: Review and prospect.&rdquo; <I>Sociological Methods and Research</I> 29(1): 3-33."},{"sequence":"4","original_text":"Abell, Peter. 1987. <I>The Syntax of Social Life: The Theory and Method of Comparative Narratives</I>. Oxford: Clarendon Press."},{"sequence":"5","original_text":"Abell, Peter. 1993a. &ldquo;Some aspects of narrative method.&rdquo; <I>Journal of Mathematical Sociology</I> 18(2-3): 93-134."},{"sequence":"6","original_text":"Abell, Peter. 1993b. &ldquo;Narrative method: A reply.&rdquo; <I>Journal of Mathematical Sociology</I> 18(2-3): 253-66."},{"sequence":"7","original_text":"Abell, Peter. 1984. &ldquo;Comparative narratives: Some rules for the study of action.&rdquo; <I>Journal for the Theory of Social Behavior</I> 14: 309-31."},{"sequence":"8","original_text":"Anscombe, G.E.M. 1957. Intention. Oxford: Blackwell. =1984. 菅豊彦(訳)『インテンション―実践知の考察』産業図書."},{"sequence":"9","original_text":"Bates, Robert H. et al. 1998. <I>Analytic Narratives</I>. Princeton: Princeton University Press."},{"sequence":"10","original_text":"Boyle, Richard P. 1969. &ldquo;Algebraic systems for normal and hierarchical sociograms.&rdquo; <I>Sociometry</I> 32: 99-111."},{"sequence":"11","original_text":"Bruck, Richard H. 1958. <I>A Survey of Binary Systems</I>. Berlin: Springer-Verlag."},{"sequence":"12","original_text":"Carley, Kathleen. 1993. &ldquo;Coding choices for textual analysis: A comparison of content analysis and map analysis.&rdquo; <I>Sociological Methodology</I> 23: 75-126."},{"sequence":"13","original_text":"Everett, Martin and Juhani Nieminen. 1980. &ldquo;Partitions and homomorphisms in directed and undirected graphs.&rdquo; <I>Journal of Mathematical Sociology</I> 7: 91-111."},{"sequence":"14","original_text":"Fararo, Thomas J. 1973. <I>Mathematical Sociology: An Introduction to Fundamentals</I>. New York: Wiley and Sons.=1980. 西田晴彦･安田三郎(監訳)『数理社会学I・II』紀伊国屋書店."},{"sequence":"15","original_text":"Fararo, Thomas J. 1993. &ldquo;Generating narrative forms.&rdquo; <I>Journal of Mathematical Sociology</I> 18(2-3): 153-81."},{"sequence":"16","original_text":"Fararo, Thomas J. and John Skvoretz. 1984. &ldquo;Institutions as production systems.&rdquo; <I>Journal of Mathematical Sociology</I> 10:117-82."},{"sequence":"17","original_text":"Franzosi, Roberto. 1998. &ldquo;Narrative analysis-or why (and how) sociologists should be interested in narrative.&rdquo; <I>Annual Review of Sociology</I> 24: 517-54."},{"sequence":"18","original_text":"Franzosi, Roberto. 1997. &ldquo;Mobilization and counter-mobilization processes: From the &lsquo;red years&rsquo; (1919-20) to the &lsquo;black years&rsquo; (1921-22) in Italy.&rdquo; <I>Theory and Society</I> 26: 275-304."},{"sequence":"19","original_text":"Griffin, Larry J. 1993. &ldquo;Narrative, event-structure analysis, and causal interpretation in historical sociology.&rdquo; <I>American Journal of Sociology</I> 98(5): 1094-133."},{"sequence":"20","original_text":"Griswold, Wendy. 1993. &ldquo;Recent moves in the sociology of literature.&rdquo; <I>Annual Review of Sociology</I> 19: 455-67."},{"sequence":"21","original_text":"Hechter, Michael (ed.). 1983. <I>The Microfoundations of Macrosociology</I>. Philadelphia: Temple University Press."},{"sequence":"22","original_text":"Heckathorn, Douglas D. 1983. &ldquo;Formal historical analysis: Quantitative and nonquantitative approaches.&rdquo; <I>Social Science Journal</I> 20: 1-16."},{"sequence":"23","original_text":"Heise, David R. 1993. &ldquo;Narratives without meaning?&rdquo; <I>Journal of Mathematical Sociology</I> 18(2-3): 183-9."},{"sequence":"24","original_text":"Heise, David R. 1989. &ldquo;Modeling event structures.&rdquo; <I>Journal of Mathematical Sociology</I> 14(2-3): 139-69."},{"sequence":"25","original_text":"関西大学下筌・松原ダム総合学術調査団(編). 1983.『公共事業と人間の尊重』ぎょうせい."},{"sequence":"26","original_text":"Kosaka, Kenji. 1993. &ldquo;Toward a further analysis of narratives.&rdquo; <I>Journal of Mathematical Sociology</I> 18(2-3): 141-51."},{"sequence":"27","original_text":"高坂健次. 1992.「Comparative Narratives-P.エーベルの理論と方法」原純輔(編)『非定型データの処理・分析法に関する基礎的研究』 科研費研究成果報告書: 103-19."},{"sequence":"28","original_text":"Lehnert, Wendy G. 1981. &ldquo;Plot units and narrative summarization.&rdquo; <I>Cognitive Science</I> 4: 293-331."},{"sequence":"29","original_text":"Lorrain, Francois and Harrison C. White. 1971. &ldquo;Structural equivalence of individuals in social networks.&rdquo; <I>Journal of Mathematical Sociology</I> 1: 49-80."},{"sequence":"30","original_text":"松下竜一. 1989.『砦に拠る』ちくま文庫（= 1977年筑摩書房刊の文庫版）."},{"sequence":"31","original_text":"Michaelson-Kanfer, Alaina. 1993. &ldquo;Some comments on some aspects of comparative narratives.&rdquo; <I>Journal of Mathematical Sociology</I> 18(2-3): 215-7."},{"sequence":"32","original_text":"三隅一人. 2000.「デキゴトバナシ比較分析」小林淳一ほか『社会のメカニズム[第2版]』ナカニシヤ出版:119-32."},{"sequence":"33","original_text":"三隅一人. 1998.「地域紛争事例のデキゴトバナシ比較分析」『比較社会文化』（九州大学大学院比較社会文化研究科紀要）4: 37-47."},{"sequence":"34","original_text":"Mohr, John W. 1998. &ldquo;Measuring meaning structures.&rdquo; <I>Annual Review of Sociology</I> 24: 345-70."},{"sequence":"35","original_text":"Mohr, John W. 1994. &ldquo;Soldiers, mothers, tramps and others: Discourse roles in the 1907 New York City charity directory.&rdquo; <I>Poetics</I> 22: 327-57."},{"sequence":"36","original_text":"室原知幸. 1960.『下筌(しもうけ)ダム―蜂之巣城騒動日記』学風社."},{"sequence":"37","original_text":"室原知幸. 1972.「下筌ダムと私の反対闘争」下筌・松原ダム問題研究会(編): 513-28.（『ダム日本』300, 1964年10月号, 日本ダム協会より転載.）"},{"sequence":"38","original_text":"室原ヨシ. 1972.「亡夫を回想して」下筌・松原ダム問題研究会(編): 553-7."},{"sequence":"39","original_text":"Ragin, Charles C. 1987. <I>The Comparative Method: Moving beyond Qualitative and Quantitative Strategies</I>. Berkeley: University of California Press. =1993. 鹿又伸夫(監訳)『社会科学における比較研究―質的分析と計量的分析の統合にむけて』ミネルヴァ書房."},{"sequence":"40","original_text":"Scott, John. 1991. <I>Social Network Analysis: A Handbook</I>. London: Sage."},{"sequence":"41","original_text":"下筌・松原ダム問題研究会(編). 1972.『公共事業と基本的人権―蜂の巣城紛争を中心として』帝国地方行政学会."},{"sequence":"42","original_text":"Skvoretz, John. 1993. &ldquo;Generating narratives from simple action structures.&rdquo; <I>Journal of Mathematical Sociology</I> 18(2-3): 135-40."},{"sequence":"43","original_text":"Tatsuki, Shigeo. 1998. &ldquo;An exploratory analysis of sequential categorical data on marital interaction: A dual scaling approach.&rdquo;『情報科学研究』3: 1-21."},{"sequence":"44","original_text":"立木茂雄. 1995.「問題維持連鎖とシステム家族療法」『数理科学』381(March): 60-6."},{"sequence":"45","original_text":"Toolan, Michael J. 1988. <I>Narrative: A Critical Linguistic Introduction</I>. London: Routledge."},{"sequence":"46","original_text":"海野道郎. 1992.「ETHNO入門―事象の論理構造を解析するための支援プログラム」原純輔(編)『非定型データの処理・分析法に関する基礎的研究』科研費研究成果報告書: 121-36."},{"sequence":"47","original_text":"渡辺勉. 1998.「住民運動の比較分析―comparative narrativesによる分析」第71回日本社会学会大会報告資料."}]}}