{"status":"OK","apiType":"doi","apiVersion":"1.0.0","message":{"total":1,"rows":1,"totalPages":1,"page":1},"data":{"siteId":"SI/JST.JSTAGE","content_type":"JA","doi":"10.11218/ojjams.16.19","url":"https://doi.org/10.11218/ojjams.16.19","ra":"JaLC","prefix":"10.11218","site_name":"J-STAGE","publisher_list":[{"publisher_name":"Japanese Association For Mathematical Sociology","lang":"en"},{"publisher_name":"数理社会学会","lang":"ja"}],"title_list":[{"lang":"en","title":"Discovering Data :","subtitle":"A Neglected Virtue of Theory-driven Research"}],"creator_list":[{"sequence":"1","type":"person","names":[{"lang":"en","last_name":"Stark","first_name":"Rodney"}],"affiliation_list":[{"affiliation_name":"University of Washington","sequence":"1","lang":"en"}]}],"publication_date":{"publication_year":"2001"},"relation_list":[{"content":"https://www.jstage.jst.go.jp/article/ojjams/16/1/16_19/_pdf","type":"URL","relation":"fullTextPdf"}],"content_language":"en","updated_date":"2016-09-29","article_type":"pub","journal_id_list":[{"journal_id":"0913-1442","type":"ISSN","issn_type":"print"},{"journal_id":"1881-6495","type":"ISSN","issn_type":"online"},{"journal_id":"ojjams","type":"JID"}],"journal_title_name_list":[{"journal_title_name":"Sociological Theory and Methods","type":"full","lang":"en"},{"journal_title_name":"Sociological Theory and Methods","type":"abbreviation","lang":"en"},{"journal_title_name":"理論と方法","type":"full","lang":"ja"},{"journal_title_name":"理論と方法","type":"abbreviation","lang":"ja"}],"journal_classification":"01","recorded_year":"1986-2013","volume":"16","issue":"1","first_page":"19","last_page":"29","date":"2016-09-30","keyword_list":[{"keyword":"research","sequence":"1","lang":"en"},{"keyword":"history","sequence":"2","lang":"en"},{"keyword":"religion","sequence":"3","lang":"en"},{"keyword":"witches","sequence":"4","lang":"en"}],"citation_list":[{"sequence":"1","original_text":"Chandler, Tertius and Gerald Fox. 1974. <I>Three Thousand Years of Urban Growth</I>. New York: Academic Press."},{"sequence":"2","original_text":"Delumeau, Jean. 1977. <I>Catholicism Between Luther and Voltaire</I>. London: Burns and Oats."},{"sequence":"3","original_text":"Fischer, Claude S. 1975. &ldquo;Toward a Subcultural Theory of Urbanism,&rdquo; <I>American Journal of Sociology</I> 80: 1319-41."},{"sequence":"4","original_text":"Harnack, Adolph. 1908. <I>The Mission and Expansion of Christianity in the First Three Centuries</I> (2 volumes). Translated by James Moffatt. New York: G.P. Putnam's Sons."},{"sequence":"5","original_text":"Layton, Bentley. 1987. <I>The Gnostic Scriptures</I>, Garden City: Doubleday."},{"sequence":"6","original_text":"Lofland, John, and Rodney Stark. 1965. &ldquo;Becoming a World-Saver: A Theory of Conversion to a Deviant Perspective,&rdquo; <I>American Sociological Review</I> 30: 862-75."},{"sequence":"7","original_text":"MacLennan, Robert S., and A. Thomas Kraabel. 1986.&ldquo;The God-Fearers - A Literary and Theological Invention,&rdquo; <I>Biblical Archaeology Review</I> 12 (Sept/Oct): 47-53."},{"sequence":"8","original_text":"MacMullen, Ramsay. 1984. <I>Christianizing the Roman Empire</I>. New Haven: Yale University Press."},{"sequence":"9","original_text":"Pearson, Birger A. 1973. &ldquo;Friedlander Revisited: Alexandrian Judaism and Gnostic Origins.&rdquo; <I>Studia Philonica</I> 2: 23-39."},{"sequence":"10","original_text":"Stark, Rodney. 1999. &ldquo;Secularization, R.I.P.&rdquo; <I>Sociology of Religion</I> 60: 249-73."},{"sequence":"11","original_text":"Stark, Rodney, 1998. &ldquo;The Rise and Fall of Christian Science.&rdquo; <I>Journal of Contemporary Religion</I> 13: 189-214."},{"sequence":"12","original_text":"Stark, Rodney, 1996a. &ldquo;Why Religious Movements Succeed or Fail: A Revised General Model.&rdquo; <I>Journal of Contemporary Religion</I> 11: 133-46."},{"sequence":"13","original_text":"Stark, Rodney, 1996b. <I>The Rise of Christianity: A Sociologist Reconsiders History</I>. Princeton: Princeton University Press."},{"sequence":"14","original_text":"Stark, Rodney, 1993. &ldquo;Europe's Receptivity to New Religious Movements: Round Two.&rdquo; <I>Journal for the Scientific Study of Religion</I>32: 389-97."},{"sequence":"15","original_text":"Stark, Rodney, 1985. &ldquo;Europe's Receptivity to Religious Movements,&rdquo; Pp. 301-43 in <I>New Religious Movements: Genesis, Exodus, and Numbers</I>, edited by Rodney Stark. New York: Paragon."},{"sequence":"16","original_text":"Stark, Rodney, 1984. &ldquo;The Rise of a New World Faith.&rdquo; <I>Review of Religious Research</I> 26: 18-27."},{"sequence":"17","original_text":"Stark, Rodney, and William Sims Bainbridge. 1985. <I>The Future of Religion: Secularization, Revival, and Cult Formation</I>. Berkeley: University of California Press."},{"sequence":"18","original_text":"Stark, Rodney, and Roger Finke. 2000. <I>Acts of Faith: Explaining the Human Side of Religion</I>. Berkeley: University of California Press."},{"sequence":"19","original_text":"Stark, Rodney, and Laurence R. Iannaccone. 1994. &ldquo;A Supply-Side Reinterpretation of the 'Secularization' of Europe.&rdquo; <I>Journal for the Scientific Study of Religion</I> 33: 230-52."},{"sequence":"20","original_text":"Stark, Rodney and Lynne Roberts. 1998. <I>Contemporary Social Research Methods</I> (2<SUP>nd</SUP> edition). Belmont, CA: Wadsworth."}]}}