{"status":"OK","apiType":"doi","apiVersion":"1.0.0","message":{"total":1,"rows":1,"totalPages":1,"page":1},"data":{"siteId":"SI/JST.JSTAGE","content_type":"JA","doi":"10.11218/ojjams.26.355","url":"https://doi.org/10.11218/ojjams.26.355","ra":"JaLC","prefix":"10.11218","site_name":"J-STAGE","publisher_list":[{"publisher_name":"Japanese Association For Mathematical Sociology","lang":"en"},{"publisher_name":"数理社会学会","lang":"ja"}],"title_list":[{"lang":"en","title":"The Location of Nonstandard Employment in Intergenerational Mobility Regime"},{"lang":"ja","title":"世代間移動レジームにおける非正規雇用の位置"}],"creator_list":[{"sequence":"1","type":"person","names":[{"lang":"en","last_name":"HIRAO","first_name":"Ichiro"},{"lang":"ja","last_name":"平尾","first_name":"一朗"}],"affiliation_list":[{"affiliation_name":"none","sequence":"1","lang":"en"},{"affiliation_name":"無所属","sequence":"1","lang":"ja"}]},{"sequence":"2","type":"person","names":[{"lang":"en","last_name":"TAROHMARU","first_name":"Hiroshi"},{"lang":"ja","last_name":"太郎丸","first_name":"博"}],"affiliation_list":[{"affiliation_name":"Kyoto University","sequence":"1","lang":"en"},{"affiliation_name":"京都大学","sequence":"1","lang":"ja"}]}],"publication_date":{"publication_year":"2011"},"relation_list":[{"content":"https://www.jstage.jst.go.jp/article/ojjams/26/2/26_355/_pdf","type":"URL","relation":"fullTextPdf"}],"content_language":"ja","updated_date":"2014-12-09","article_type":"pub","journal_id_list":[{"journal_id":"0913-1442","type":"ISSN","issn_type":"print"},{"journal_id":"1881-6495","type":"ISSN","issn_type":"online"},{"journal_id":"ojjams","type":"JID"}],"journal_title_name_list":[{"journal_title_name":"Sociological Theory and Methods","type":"full","lang":"en"},{"journal_title_name":"Sociological Theory and Methods","type":"abbreviation","lang":"en"},{"journal_title_name":"理論と方法","type":"full","lang":"ja"},{"journal_title_name":"理論と方法","type":"abbreviation","lang":"ja"}],"journal_classification":"01","recorded_year":"1986-2013","volume":"26","issue":"2","first_page":"355","last_page":"370","date":"2012-09-01","keyword_list":[{"keyword":"非正規雇用","sequence":"1","lang":"ja"},{"keyword":"social class","sequence":"1","lang":"en"},{"keyword":"世代間移動","sequence":"2","lang":"ja"},{"keyword":"social mobility","sequence":"2","lang":"en"},{"keyword":"階層分類","sequence":"3","lang":"ja"},{"keyword":"social inequality","sequence":"3","lang":"en"},{"keyword":"社会的不平等","sequence":"4","lang":"ja"},{"keyword":"social stratification","sequence":"4","lang":"en"},{"keyword":"RC(II)モデル","sequence":"5","lang":"ja"},{"keyword":"RC(II) model","sequence":"5","lang":"en"}],"citation_list":[{"sequence":"1","original_text":"阿部真大．2006．『搾取される若者たち―バイク便ライダーは見た!―』集英社新書．"},{"sequence":"2","original_text":"Beller, E. 2009. &ldquo;Bringing Intergenerational Social Mobility Research into the Twenty-first Century: Why Mothers Matter.&rdquo; <I>American Sociological Review,</I> 74(4): 507-528."},{"sequence":"3","doi":"10.1111/j.1741-3737.2000.00533.x","volume":"62","first_page":"533","publication_date":{"publication_year":"2000"},"original_text":"Biblarz, T. J. and G. Gottainer. 2000. &ldquo;Family Structure and Children&prime;s Success: A Comparison of Widowed and Divorced Single-Mother Families.&rdquo; <I>Journal of Marriage and Family,</I> 62(2): 533-548."},{"sequence":"4","original_text":"Breen, R. 2004. &ldquo;The Comparative Study of Social Mobility.&rdquo; Pp. 1-17 in <I>Social Mobility in Europe,</I> edited by R. Breen. Oxford University Press."},{"sequence":"5","original_text":"Cheng, Y. and J. Dai. 1995. &ldquo;Intergenerational Mobility in Modern China,&rdquo; <I>European Sociological Review,</I> 11(1):17-35."},{"sequence":"6","original_text":"Clogg, C. C. and E. S. Shihadeh. 1994. <I>Statistical Models for Ordinal Variables.</I> California: Sage Publications."},{"sequence":"7","first_page":"335","publication_date":{"publication_year":"1992"},"original_text":"Erikson, R. and J. H. Goldthorpe. 1992. <I>The Constant Flux: A Study of Class Mobility in Industrial Societies.</I> Oxford: Clarendon Press."},{"sequence":"8","volume":"8","first_page":"3","publication_date":{"publication_year":"1989"},"original_text":"Ganzeboom, H. B. G., R. Luijkx, and D. J. Treiman. 1989. &ldquo;Intergenerational Class Mobility in Comparativ Perspective.&rdquo; <I>Research in Social Stratification and Mobility,</I> 8: 3-84."},{"sequence":"9","volume":"580","first_page":"61","publication_date":{"publication_year":"2008"},"original_text":"玄田有史．2008．「前職が非正社員だった離職者の正社員への移行について」『日本労働研究雑誌』580：61-77．"},{"sequence":"10","original_text":"Gerber, T. and M. Hout. 2004. &ldquo;Tightening Up: Declining Class Mobility during Russia&prime;s Market Transition.&rdquo; <I>American Sociological Review,</I> 69(5): 677-703."},{"sequence":"11","original_text":"Giesecke, J. 2009. &ldquo;Socio-economic Risks of Atypical Employment Relationships: Evidence from the German Labour Market.&rdquo; <I>European Sociological Review,</I> 25(6): 629-646."},{"sequence":"12","original_text":"Gimpelson, V. and R. Kapelyushnikov. 2006. &ldquo;Nonstandard Employment and the Russian Labor Market.&rdquo; <I>Social Sciences,</I> 37(4): 3-15."},{"sequence":"13","doi":"10.2307/2286971","journal_title_name_list":[{"journal_title_name":"J. Amer. Statist. Assoc.","lang":"en"}],"title_list":[{"lang":"en","title":"Simple Models for the Analysis of Association in Cross-Classifications having Ordered Categories"}],"volume":"74","first_page":"537","last_page":"552","publication_date":{"publication_year":"1979"},"creator_list":[{"sequence":"1","type":"person","names":[{"lang":"en","last_name":"GOODMAN","first_name":"L. A."}]}],"content_language":"en","original_text":"Goodman, L. A. 1979. &ldquo;Simple Models for the Analysis of Association in Cross-Classifications Having Ordered Categories.&rdquo; <I>Journal of the American Statistical Association,</I> 74(367): 537-552."},{"sequence":"14","original_text":"Hevenstone, D. 2010. &ldquo;National Context and Atypical Employment.&rdquo; <I>International Sociology,</I> 25(3): 315-347."},{"sequence":"15","original_text":"平沢和司．2005．「家庭環境・学歴と職業的自立」『平成16年度　青少年の社会的自立に関する意識調査』内閣府政策統括官（共生社会生活担当）：332-350．"},{"sequence":"16","original_text":"本田由紀．2002．「ジェンダーという観点から見たフリーター」小杉礼子（編）『自由の代償／フリーター―現代若者の就業意識と行動』労働政策研究・研修機構：149-174．"},{"sequence":"17","doi":"10.1086/228904","volume":"93","issue":"6","first_page":"1358","publication_date":{"publication_year":"1988"},"original_text":"Hout, M. 1988. &ldquo;More Universalism, Less Structural Mobility: The American Occupational Structure in the 1980s.&rdquo; <I>The American Journal of Sociology,<I> 93(6): 1358-1400."},{"sequence":"18","original_text":"今田幸子．1990．「地位達成過程―閉ざされた階層空間―」岡本英雄・直井道子（編）『現代日本の階層構造4　女性と社会階層』東京大学出版会：39-62．"},{"sequence":"19","original_text":"稲葉昭英．2008．「「父のいない」子どもたちの教育達成―父早期不在・早期死別者のライフコース」中井美樹・杉野勇（編）『2005年SSM調査シリーズ9　ライフコース・ライフスタイルから見た社会階層』2005年SSM調査研究会：1-19．"},{"sequence":"20","doi":"10.11151/eds1951.76.41","original_text":"石田浩．2005．「後期青年期と階層・労働市場」『教育社会学研究』76：41-57．"},{"sequence":"21","doi":"10.11218/ojjams.23.2_41","title_list":[{"lang":"en","title":"Trends in Intergenerational Class Inheritance :","subtitle":"Survival Analysis Approach"},{"title":"世代間階層継承の趨勢","subtitle":"―生存分析によるアプローチ―"}],"volume":"23","issue":"2","first_page":"41","last_page":"2_63","publication_date":{"publication_year":"2008"},"creator_list":[{"sequence":"1","type":"person","names":[{"lang":"en","last_name":"ISHIDA","first_name":"Hiroshi"},{"lang":"ja","last_name":"石田","first_name":"浩"}],"affiliation_list":[{"affiliation_name":"Institute of Social Science,<BR>The University of Tokyo","sequence":"1","lang":"en"},{"affiliation_name":"東京大学","sequence":"1","lang":"ja"}]}],"original_text":"石田浩．2008．「世代間階層継承性の趨勢―生存分析によるアプローチ―」『理論と方法』23(2)：41-63．"},{"sequence":"22","original_text":"Ishida, H. 2010. &ldquo;Does Class Matter in Japan? Demographics of Class Structure and Class Mobility from a Comparative Perspective.&rdquo; Pp.33-56 in <I>Social Class in Contemporary Japan,</I> edited by H. Ishida and D. H. Slater,Routledge."},{"sequence":"23","original_text":"Jackson, M., R. Luijkx, R. Pollak, L.-A. Vallet, and H. G. v. d Werfhorst. 2008. &ldquo;Educational Fields of Study and the Intergenerational Mobility Process in Comparative Perspective.&rdquo; <I>International Journal of Comparative Sociology,<I> 49(4-5): 369-388."},{"sequence":"24","original_text":"Kahne, H. 1992. &ldquo;Part-time Work: a Hope and a Peril.&rdquo; Pp.295-309 in <I>Working Part-time:Risks and Opportunities,</I> edited by K. L. B.D. Warme and L. Lundy. New York: Praeger."},{"sequence":"25","original_text":"Kalleberg, A. L. 2000. &ldquo;Nonstandard Employment Relations: Part-time, Temporary and Contract Work,&rdquo; <I>Annual Review of Sociology,</I> 26: 341-365."},{"sequence":"26","doi":"10.2307/2657440","volume":"65","first_page":"256","publication_date":{"publication_year":"2000"},"original_text":"Kalleberg, A. L., B. F. Reskin, and K. Hudson. 2000. &ldquo;Bad Jobs in America: Standard and Nonstandard Employment Relations and Job Quality in the United States.&rdquo; <I>American Sociological Review,</I> 65(2):256-278."},{"sequence":"27","original_text":"鹿又伸夫．2008．「バブル崩壊後の所得格差と社会階層」佐藤嘉倫（編）『2005年SSM調査シリーズ15　流動性と格差の階層論』2005年SSM調査研究会：47-65．"},{"sequence":"28","original_text":"小林大祐．2006．「フリーターの労働条件と生活―フリーターは生活に不満を感じているのか―」太郎丸博（編）『フリーターとニートの社会学』世界思想社：97-120．"},{"sequence":"29","original_text":"小林大祐．2008．「階層意識に対する従業上の地位の効果について」轟亮（編）『2005年SSM調査シリーズ8　階層意識の現在』2005年SSM調査研究会：53-66．"},{"sequence":"30","original_text":"小杉礼子．2003．『フリーターという生き方』勁草書房．"},{"sequence":"31","original_text":"小杉礼子．2007．「学校から職業への移行の変容」堀有喜衣（編）『フリーターに滞留する若者たち』勁草書房：31-99．"},{"sequence":"32","original_text":"小杉礼子（編）．『フリーターとニート』勁草書房．"},{"sequence":"33","original_text":"McGovern, P., D. Smeaton, and S. Hill. 2004. &ldquo;Bad Jobs in Britain: Nonstandard Employment and Job Quality.&rdquo; <I>Work and Occupations,</I> 31(2): 225-249."},{"sequence":"34","original_text":"McLanahan, S. and C. Percheski. 2008. &ldquo;Family Structure and the Reproduction of Inequalities.&rdquo; <I>Annual Review of Sociology</I>, 34(1): 257-276."},{"sequence":"35","original_text":"Mead, G. H. 1934. <I>Mind, Self, and Society: From the Standpoint of a Social Behaviorist.</I> University of Chicago Press.（稲葉三千男・中野収・滝沢正樹（訳）．1973．『精神・自我・社会』青木書店．）"},{"sequence":"36","original_text":"耳塚寛明．2002．「誰がフリーターになるのか―社会階層的背景の検討」小杉礼子（編）『自由の代償／フリーター―現代若者の就業意識と行動』労働政策研究・研修機構：133-148．"},{"sequence":"37","original_text":"三輪哲．2005．「父不在・無職層の帰結」尾嶋史章（編）『現代日本におけるジェンダーと社会階層に関する総合的研究』平成15-平成16年度科学研究費補助金基盤研究(B)(1)研究成果報告書：223-233．"},{"sequence":"38","original_text":"長松奈美江．2008．「職業による所得構造の変化―競争的セクターにおける中間層の所得劣化―」佐藤嘉倫（編）『2005年SSM調査シリーズ15　流動性と格差の階層論』2005年SSM調査研究会：21-46．"},{"sequence":"39","original_text":"永瀬伸子．2002．「若年層の雇用の非正規化と結婚行動」『人口問題研究』58(2)：22-35．"},{"sequence":"40","original_text":"中井美樹・赤池麻由子．2000．「市場参加／社会参加―キャリア・パターンの多様性とその背景」盛山和夫（編）『日本の階層システム4　ジェンダー・市場・家族』東京大学出版会：111-131．"},{"sequence":"41","original_text":"R Development Core Team. 2011. <I>R: A Language and Environment for Statistical Computing.</I>(http://www.r-project.org/, 2011.6.27)"},{"sequence":"42","original_text":"Rodgers, G. and J. Rodgers eds. 1989. <I>Precarious Jobs in Labor Market Regulation: The Grouth of Atypical Employment in Western Europe.</I> Geneva: International Institute for Labor Studies."},{"sequence":"43","original_text":"酒井正・樋口美雄．2005．「フリーターのその後―就業・所得・結婚・出産―」『日本労働研究雑誌』47(1)：29-41．"},{"sequence":"44","original_text":"佐藤彰男．2006．『テレワークの社会学的研究』御茶の水書房．"},{"sequence":"45","original_text":"佐藤香．2008．「若年層のライフチャンスにおける非正規雇用の影響―初職と現職を中心に―」太郎丸博（編）『2005年SSM調査シリーズ11　若年層の社会移動と階層化』2005年SSM調査研究会：67-79．"},{"sequence":"46","original_text":"Sato, Y. 2008. &ldquo;Disparity Society Theory and Social Stratification Theory: An Attempt to Respond to Challenges by Disparity Society Theory.&rdquo;佐藤嘉倫（編）『2005年SSM調査シリーズ15　流動性と格差の階層論』2005年SSM調査研究会：1-20．"},{"sequence":"47","original_text":"盛山和夫．1994．「階層研究における「女性」問題」『理論と方法』9(2)：111-126．"},{"sequence":"48","doi":"10.4057/jsr.50.41","title_list":[{"lang":"en","title":"Gender Differences in intergenerational Mobility in a Cross-national Comparison with Europe"}],"volume":"50","issue":"1","first_page":"41","last_page":"58","publication_date":{"publication_year":"1999"},"creator_list":[{"sequence":"1","type":"person","names":[{"lang":"en","last_name":"SHIRAHASE","first_name":"Sawako"},{"lang":"ja","last_name":"白波瀬","first_name":"佐和子"}]}],"original_text":"白波瀬佐和子．1999．「世代間移動の男女比較―国際比較の視点から―」『社会学評論』50(1)：41-58．"},{"sequence":"49","original_text":"S&oslash;rensen, A. 1994. &ldquo;Women, Family and Class.&rdquo; <I>Annual Review of Sociology,</I> 20: 27-47."},{"sequence":"50","original_text":"Steijn, B., A. Need, and M. Gesthuizen. 2006. &ldquo;Well begun, half done? Long-term Effects of Labour Market Entry in the Netherlands, 1950-2000,&rdquo; <I>Work, Employment &amp; Society,</I> 20(3): 453-472."},{"sequence":"51","original_text":"太郎丸博．2005．「社会階層としてのフリーター」近藤博之（編）『ライフヒストリーの計量社会学的研究』平成14-平成16年度科学研究費補助金基盤研究(B)(1)研究成果報告書：85-94．"},{"sequence":"52","issue":"48","first_page":"30","publication_date":{"publication_year":"2006"},"original_text":"太郎丸博．2006．「社会移動とフリーター―誰がフリーターになりやすいのか―」太郎丸博（編）『フリーターとニートの社会学』世界思想社：30-48．"},{"sequence":"53","original_text":"太郎丸博．2008．「社会階層論と若年非正規雇用」直井優・藤田英典（編）『講座社会学13　階層』東京大学出版会：201-220．"},{"sequence":"54","original_text":"太郎丸博．2009．『若年非正規雇用の社会学』大阪大学出版会．"},{"sequence":"55","original_text":"Tilly, C. 1996. <I>Half a Job: Bad and Good Part-Time Jobs in a Changing Labor Market.</I> Philadelphia: Temple University Press."},{"sequence":"56","original_text":"栃澤健史．2009．「若年不安定就労層と居住地―「フリーター」大都市集中説の検証―」『ソシオロジ』54(1)：3-18．"},{"sequence":"57","original_text":"Turner, H. and D. Firth. 2011. <I>Generalized Nonlinear Models in R: An Overview of the gnm Package.</I>(http://cran.r-project.org/web/packages/gnm, 2011.6.27)"},{"sequence":"58","doi":"10.11218/ojjams.22.139","title_list":[{"lang":"en","title":"&ldquo;Freeter&rdquo; Selection and a Social Network :","subtitle":"From the Course Consideration Investigation of the Third Grade of High-School"},{"title":"フリーター選択と社会的ネットワーク","subtitle":"―高校3年生に対する進路意識調査から―"}],"volume":"22","issue":"2","first_page":"139","last_page":"153","publication_date":{"publication_year":"2007"},"creator_list":[{"sequence":"1","type":"person","names":[{"lang":"en","last_name":"UCHIDA","first_name":"Ryushi"},{"lang":"ja","last_name":"内田","first_name":"龍史"}],"affiliation_list":[{"affiliation_name":"Division of Research<BR>Buraku Liberation and Human Rights Research Institute","sequence":"1","lang":"en"},{"affiliation_name":"(社)部落解放・人権研究所","sequence":"1","lang":"ja"}]}],"original_text":"内田龍史．2007.「フリーター選択と社会的ネットワーク」『理論と方法』22(2)：139-153．"},{"sequence":"59","original_text":"Vermunt, J. K. 1997. <I>LEM: A General Program for the Analysis of Categorical Data.</I> Tilburg University.(http://spitswww.uvt.nl/web/fsw/mto/lem/manual.pdf, 2005.2.23)"},{"sequence":"60","original_text":"Wickens, T. D. 1989. <I>Multiway Contingency Tables Analysis for the Social Sciences.</I> Lawrence Erlbaum Associations."},{"sequence":"61","volume":"57","first_page":"380","publication_date":{"publication_year":"1992"},"original_text":"Xie, Y. 1992. &ldquo;The Log-Multiplicative Layer Effect Model for Comparing Mobility Tables.&rdquo; <I>American Sociological Review,</I> 57(3): 380-395."},{"sequence":"62","original_text":"Yamaguchi, K. 1987. &ldquo;Models for Comparing Mobility Tables: Toward Parsimony and Substance.&rdquo; <I>American Sociological Review,</I> 52(4): 482-494."},{"sequence":"63","original_text":"安田三郎・原純輔．1982．『社会調査ハンドブック[第3版]』有斐閣．"},{"sequence":"64","original_text":"与謝野有紀．1998．「階層的分断構造の変動と開放性」『1995年SSM調査シリーズ21　産業化と階層変動』1995年SSM調査研究会：43-63．"},{"sequence":"65","original_text":"総務省統計局．2008．『平成19年就業構造基本調査結果の概要（速報）』（http://www.stat.go.jp/data/shugyou/2007/pdf/gaiyou.pdf, 2010.8.3）"}]}}