{"status":"OK","apiType":"doi","apiVersion":"1.0.0","message":{"total":1,"rows":1,"totalPages":1,"page":1},"data":{"siteId":"SI/JST.JSTAGE","content_type":"JA","doi":"10.11218/ojjams.17.41","url":"https://doi.org/10.11218/ojjams.17.41","ra":"JaLC","prefix":"10.11218","site_name":"J-STAGE","publisher_list":[{"publisher_name":"Japanese Association For Mathematical Sociology","lang":"en"},{"publisher_name":"数理社会学会","lang":"ja"}],"title_list":[{"lang":"ja","title":"二次分析における再現可能性"},{"lang":"en","title":"Replicability in Secondary Analysis"}],"creator_list":[{"sequence":"1","type":"person","names":[{"lang":"ja","last_name":"板倉","first_name":"宏昭"},{"lang":"en","last_name":"ITAKURA","first_name":"Hiroaki"}],"affiliation_list":[{"affiliation_name":"Faculty of Economics<BR>Kagawa University","sequence":"1","lang":"en"},{"affiliation_name":"香川大学","sequence":"1","lang":"ja"}]},{"sequence":"2","type":"person","names":[{"lang":"ja","last_name":"尾崎","first_name":"万枝"},{"lang":"en","last_name":"OZAKI","first_name":"Kazue"}],"affiliation_list":[{"affiliation_name":"Faculty of Economics<BR>Kagawa University","sequence":"1","lang":"en"},{"affiliation_name":"香川大学","sequence":"1","lang":"ja"}]}],"publication_date":{"publication_year":"2002"},"relation_list":[{"content":"https://www.jstage.jst.go.jp/article/ojjams/17/1/17_1_41/_pdf","type":"URL","relation":"fullTextPdf"}],"content_language":"ja","updated_date":"2017-03-23","article_type":"pub","journal_id_list":[{"journal_id":"0913-1442","type":"ISSN","issn_type":"print"},{"journal_id":"1881-6495","type":"ISSN","issn_type":"online"},{"journal_id":"ojjams","type":"JID"}],"journal_title_name_list":[{"journal_title_name":"Sociological Theory and Methods","type":"full","lang":"en"},{"journal_title_name":"Sociological Theory and Methods","type":"abbreviation","lang":"en"},{"journal_title_name":"理論と方法","type":"full","lang":"ja"},{"journal_title_name":"理論と方法","type":"abbreviation","lang":"ja"}],"journal_classification":"01","recorded_year":"1986-2013","volume":"17","issue":"1","first_page":"41","last_page":"51","date":"2009-02-10","keyword_list":[{"keyword":"replicability","sequence":"1","lang":"en"},{"keyword":"再現可能性","sequence":"1","lang":"ja"},{"keyword":"secondary analysis","sequence":"2","lang":"en"},{"keyword":"二次分析","sequence":"2","lang":"ja"},{"keyword":"replication","sequence":"3","lang":"en"},{"keyword":"追試","sequence":"3","lang":"ja"},{"keyword":"report styles","sequence":"4","lang":"en"},{"keyword":"報告スタイル","sequence":"4","lang":"ja"},{"keyword":"association policy","sequence":"5","lang":"en"},{"keyword":"学会の政策","sequence":"5","lang":"ja"}],"citation_list":[{"sequence":"1","original_text":"Alwin, D. F. 1991. &ldquo;Family of origin and cohort differences in verbal ability,&rdquo; <I>American Sociological Review</I> 56: 625-638."},{"sequence":"2","original_text":"American Economic Association. 2001. <I>American Economic Review Submissions</I>. http://www.aeaweb.org/aer/submissions.html"},{"sequence":"3","original_text":"Davis, N. J., and R. V. Robinson. 1991, &ldquo;Men's and women's consciousness of gender inequality: Austria, West Germany, Great Britain, and the United States,&rdquo; <I>American Sociological Review</I> 56: 72-84."},{"sequence":"4","original_text":"Journal of Money, Credit, and Banking. 2001a. <I>JMCB Data Archiving Policy</I>. http://webmail.econ.ohio-state.edu/john/IndexDataArchive.php"},{"sequence":"5","original_text":"Journal of Money, Credit, and Banking. 2001b. <I>JMCB Index and Data Archive</I>. http://webmail.econ.ohio-state.edu/john/IndexDataArchive.php"},{"sequence":"6","original_text":"King, G., R. O. Keohane, and S. Verba. 1994. <I>Designing Social Inquiry: Scientific Inference in Qualitative Research</I>. Princeton University Press."},{"sequence":"7","original_text":"Madden, C., L. Franz, and R. Mittelstaedt. 1979. &ldquo;The Replicability of research in Marketing: Reported Content and Author Cooperation&rdquo; in <I>Conceptual and theoretical developments in marketing</I>, Edited by O.C. Ferrell, Stephen W. Brown, and Charles W. Lamb, Jr. American Marketing Association."},{"sequence":"8","original_text":"Marsden, P. V., A. L. Kalleberg, and C. R. Cook. 1997. &ldquo;Gender Differences and Organizational Commitment Influences of Work Positions and Family Role,&rdquo; in <I>Organizations in America Analyzing their structures and Human Resource Practices</I>. Edited by A. L. Kalleberg et al. Sage Publications. Also published in <I>Work and Occupations</I> (1993) 20(13):368-390."},{"sequence":"9","original_text":"三宅一郎. 1999. 「実証研究と「再現性」」（SSJ Data Archive Research Paper Series）東京大学社会科学研究所日本社会研究情報センター, SSJDA-8:2-5 &amp; 22-23."},{"sequence":"10","original_text":"National Opinion Research Center. 2001. <I>General Social Survey 1972 - 2000 Cumulative Codebook</I>. http://www.icpsr.umich.edu/GSS/"},{"sequence":"11","original_text":"Okleshen, C., and R. Mittelstaedt. 1998. &ldquo;Revisiting the Replicability of Marketing Research: Reported Content and Author Cooperation Eighteen Years Later,&rdquo; <I>American Marketing Association Winter Educators Conference</I> 9: 3-10."},{"sequence":"12","original_text":"Simpson, I. A., Stark, D., and Jackson, R. A. 1988. &ldquo;Class Identification Processes of married, working men and women.&rdquo; <I>American Sociological Review</I> 53: 284-293."},{"sequence":"13","original_text":"Treiman, D. J. 1977. <I>Occupational Prestige in Comparative Perspective</I>. Academic Press."},{"sequence":"14","original_text":"Wilson, T. C. 1986. &ldquo;Community Population Size and Social Heterogeneity: An Empirical Test.&rdquo; <I>American Journal of Sociology 91</I>: 1154-1169."}]}}