{"status":"OK","apiType":"doi","apiVersion":"1.0.0","message":{"total":1,"rows":1,"totalPages":1,"page":1},"data":{"siteId":"SI/JST.JSTAGE","content_type":"JA","doi":"10.11218/ojjams.20.97","url":"https://doi.org/10.11218/ojjams.20.97","ra":"JaLC","prefix":"10.11218","site_name":"J-STAGE","publisher_list":[{"publisher_name":"Japanese Association For Mathematical Sociology","lang":"en"},{"publisher_name":"数理社会学会","lang":"ja"}],"title_list":[{"lang":"ja","title":"経験科学としての数理社会学","subtitle":"―FKモデルにおける客観階層システムとモデル検証問題―"},{"lang":"en","title":"Mathematical Sociology as an Empirical Science:","subtitle":"Objective Stratification System and Verification of FK Model"}],"creator_list":[{"sequence":"1","type":"person","names":[{"lang":"ja","last_name":"石田","first_name":"淳"},{"lang":"en","last_name":"ISHIDA","first_name":"Atsushi"}],"affiliation_list":[{"affiliation_name":"Graduate School of Sociology Kwansei Gakuin University","sequence":"1","lang":"en"},{"affiliation_name":"関西学院大学","sequence":"1","lang":"ja"}]}],"publication_date":{"publication_year":"2005"},"relation_list":[{"content":"https://www.jstage.jst.go.jp/article/ojjams/20/1/20_1_97/_pdf","type":"URL","relation":"fullTextPdf"}],"content_language":"ja","updated_date":"2017-03-23","article_type":"pub","journal_id_list":[{"journal_id":"0913-1442","type":"ISSN","issn_type":"print"},{"journal_id":"1881-6495","type":"ISSN","issn_type":"online"},{"journal_id":"ojjams","type":"JID"}],"journal_title_name_list":[{"journal_title_name":"Sociological Theory and Methods","type":"full","lang":"en"},{"journal_title_name":"Sociological Theory and Methods","type":"abbreviation","lang":"en"},{"journal_title_name":"理論と方法","type":"full","lang":"ja"},{"journal_title_name":"理論と方法","type":"abbreviation","lang":"ja"}],"journal_classification":"01","recorded_year":"1986-2013","volume":"20","issue":"1","first_page":"97","last_page":"108","date":"2007-07-06","keyword_list":[{"keyword":"FK model","sequence":"1","lang":"en"},{"keyword":"FKモデル","sequence":"1","lang":"ja"},{"keyword":"verification of a model","sequence":"2","lang":"en"},{"keyword":"モデルの検証","sequence":"2","lang":"ja"},{"keyword":"empirical science","sequence":"3","lang":"en"},{"keyword":"経験科学","sequence":"3","lang":"ja"}],"citation_list":[{"sequence":"1","original_text":"Fararo, Thomas J. 1973. Mathematical Sociology: An Introduction to Fundamentals. John Wiley &amp; Sons. =1980. 西田春彦・安田三郎 (監訳). 『数理社会学 I・II』 紀伊國屋書店."},{"sequence":"2","original_text":"Fararo, Thomas J. and Kenji Kosaka. 2003. Generating Images of Stratification: A Formal Theory. Kluwer Academic Publisher."},{"sequence":"3","doi":"10.11218/ojjams.18.211","journal_title_name_list":[{"journal_title_name":"理論と方法","lang":"ja"}],"title_list":[{"lang":"ja","title":"認識の効率性と階層イメージ――スキャニング打ち切り条件を課したFKモデル"}],"volume":"18","first_page":"211","last_page":"228","publication_date":{"publication_year":"2003"},"content_language":"ja","original_text":"石田淳. 2003. 「認識の効率性と階層イメージ――スキャニング打ち切り条件を課したFKモデル」『理論と方法』 18(2): 211-28."},{"sequence":"4","original_text":"高坂健次. 1988. 「階層イメージの形成と階層帰属意識」 原純輔 (編) 『1985年 社会階層と社会移動全国調査報告書 第2巻 階層意識の動態』 1985年社会階層と社会移動全国調査委員会: 101-17."},{"sequence":"5","original_text":"高坂健次. 2000. 『社会学におけるフォーマル・セオリー――階層イメージに関するFKモデル』 ハーベスト社."},{"sequence":"6","journal_title_name_list":[{"journal_title_name":"ソシオロジ","lang":"ja"}],"title_list":[{"lang":"ja","title":"書評に応えて"}],"volume":"46","first_page":"119","last_page":"122","publication_date":{"publication_year":"2001"},"content_language":"ja","original_text":"高坂健次. 2001. 「書評に応えて」『ソシオロジ』 46(2): 119-22."},{"sequence":"7","original_text":"Kosaka, Kenji and Thomas J. Fararo. 1991. &ldquo;Self-location in a Class System: A Formal-Theoretical Analysis.&rdquo; Pp. 29-66 in Advances in Group Processes Volume 8, Edited by E. J. Lawler, B. Markovsky, C. Ridgeway and H. A. Walker. JAI Press."},{"sequence":"8","journal_title_name_list":[{"journal_title_name":"理論と方法","lang":"ja"}],"title_list":[{"lang":"ja","title":"基礎づけ主義でも脱構築でもなく――構想としての探求"}],"volume":"15","first_page":"3","last_page":"16","publication_date":{"publication_year":"2000"},"content_language":"ja","original_text":"盛山和夫. 2000. 「基礎づけ主義でも脱構築でもなく――構想としての探求」『理論と方法』 15(1): 3-16."},{"sequence":"9","journal_title_name_list":[{"journal_title_name":"理論と方法","lang":"ja"}],"title_list":[{"lang":"ja","title":"階層認知と階層意識――階層認知の数理モデル"}],"volume":"6","first_page":"37","last_page":"54","publication_date":{"publication_year":"1991"},"content_language":"ja","original_text":"白倉幸男・与謝野有紀. 1991. 「階層認知と階層意識――階層認知の数理モデル」『理論と方法』 6(2): 37-54."},{"sequence":"10","doi":"10.14959/soshioroji.46.2_115","journal_title_name_list":[{"journal_title_name":"ソシオロジ","lang":"ja"}],"title_list":[{"lang":"ja","title":"書評 高坂健次著 『社会学におけるフォーマル・セオリー――階層イメージに関するFKモデル』"}],"volume":"46","first_page":"115","last_page":"117","publication_date":{"publication_year":"2001"},"content_language":"ja","original_text":"太郎丸博. 2001. 「書評 高坂健次著 『社会学におけるフォーマル・セオリー――階層イメージに関するFKモデル』」『ソシオロジ』 46(2): 115-7."},{"sequence":"11","original_text":"富永健一. 1986. 『社会学原理』 岩波書店."},{"sequence":"12","journal_title_name_list":[{"journal_title_name":"理論と方法","lang":"ja"}],"title_list":[{"lang":"ja","title":"階層評価の多様化と階層意識"}],"volume":"11","first_page":"21","last_page":"36","publication_date":{"publication_year":"1996"},"content_language":"ja","original_text":"与謝野有紀. 1996. 「階層評価の多様化と階層意識」『理論と方法』 11(1): 21-36."},{"sequence":"13","journal_title_name_list":[{"journal_title_name":"理論と方法","lang":"ja"}],"title_list":[{"lang":"ja","title":"階層構造と社会意識――社会学理論と数理的手法の関係性の視点から"}],"volume":"14","first_page":"65","last_page":"73","publication_date":{"publication_year":"1999"},"content_language":"ja","original_text":"与謝野有紀. 1999. 「階層構造と社会意識――社会学理論と数理的手法の関係性の視点から」『理論と方法』 14(1): 65-73."}]}}