{"status":"OK","apiType":"doi","apiVersion":"1.0.0","message":{"total":1,"rows":1,"totalPages":1,"page":1},"data":{"siteId":"SI/JST.JSTAGE","content_type":"JA","doi":"10.11218/ojjams.29.219","url":"https://doi.org/10.11218/ojjams.29.219","ra":"JaLC","prefix":"10.11218","site_name":"J-STAGE","publisher_list":[{"publisher_name":"Japanese Association For Mathematical Sociology","lang":"en"},{"publisher_name":"数理社会学会","lang":"ja"}],"title_list":[{"lang":"ja","title":"「稲葉陽二著『ソーシャル・キャピタル入門――孤立から絆へ』の鈴木伸生氏の書評」へのリプライ"}],"creator_list":[{"sequence":"1","type":"person","names":[{"lang":"ja","last_name":"稲葉","first_name":"陽二"},{"lang":"en","last_name":"Yoji","first_name":"INABA"}],"affiliation_list":[{"affiliation_name":"Nihon University","sequence":"1","lang":"en"},{"affiliation_name":"日本大学","sequence":"1","lang":"ja"}]}],"publication_date":{"publication_year":"2014"},"relation_list":[{"content":"https://www.jstage.jst.go.jp/article/ojjams/29/1/29_219/_pdf","type":"URL","relation":"fullTextPdf"}],"content_language":"ja","updated_date":"2016-07-09","article_type":"pub","journal_id_list":[{"journal_id":"0913-1442","type":"ISSN","issn_type":"print"},{"journal_id":"1881-6495","type":"ISSN","issn_type":"online"},{"journal_id":"ojjams","type":"JID"}],"journal_title_name_list":[{"journal_title_name":"Sociological Theory and Methods","type":"full","lang":"en"},{"journal_title_name":"Sociological Theory and Methods","type":"abbreviation","lang":"en"},{"journal_title_name":"理論と方法","type":"full","lang":"ja"},{"journal_title_name":"理論と方法","type":"abbreviation","lang":"ja"}],"journal_classification":"01","recorded_year":"1986-2013","volume":"29","issue":"1","first_page":"219","last_page":"221","date":"2016-07-10","citation_list":[{"sequence":"1","original_text":"Arrow, J. Kenneth. 1999. &ldquo;Observation on Social Capital.&rdquo; in Partha Dasgupta, Ismail Serageldin (Eds.) <I>Social Capital A Multifaceted Perspective</I>. World Bank."},{"sequence":"2","original_text":"Bowls, Sammuel & H. Gintis. 2002. &ldquo;Social Capital and Community Governance.&rdquo; <I>The Economic Journal</I> 112: F419-F436."},{"sequence":"3","original_text":"Coleman, J.S. (1988) &ldquo;Social Capital in the Creation of Human Capital.&rdquo; <I>American Journal of Sociology</I> vol.94: S95-120."},{"sequence":"4","original_text":"Fine, Ben. 2010. <I>Theories of Social Capital: Researchers Behaving Badly</I>. Pluto Press."},{"sequence":"5","original_text":"三隅一人. 2013. 『社会関係資本 理論統合の挑戦』 ミネルヴァ書房."},{"sequence":"6","original_text":"Solow, M. Robert. 1999. &ldquo;Notes on Social Capital and Economic Performance.&rdquo; in Partha Dasgupta, Ismail Serageldin. (Eds.) <I>Social Capital A Multifaceted Perspective</I>. World Bank."}]}}