{"status":"OK","apiType":"doi","apiVersion":"1.0.0","message":{"total":1,"rows":1,"totalPages":1,"page":1},"data":{"siteId":"SI/JST.JSTAGE","content_type":"JA","doi":"10.11218/ojjams.10.77","url":"https://doi.org/10.11218/ojjams.10.77","ra":"JaLC","prefix":"10.11218","site_name":"J-STAGE","publisher_list":[{"publisher_name":"Japanese Association For Mathematical Sociology","lang":"en"},{"publisher_name":"数理社会学会","lang":"ja"}],"title_list":[{"lang":"ja","title":"クロス表とログリニアモデル"}],"creator_list":[{"sequence":"1","type":"person","names":[{"lang":"ja","last_name":"佐藤","first_name":"裕"},{"lang":"en","last_name":"SATO","first_name":"Yutaka"}],"affiliation_list":[{"affiliation_name":"Toyama University","sequence":"1","lang":"en"},{"affiliation_name":"富山大学","sequence":"1","lang":"ja"}]}],"publication_date":{"publication_year":"1995"},"relation_list":[{"content":"https://www.jstage.jst.go.jp/article/ojjams/10/1/10_77/_pdf","type":"URL","relation":"fullTextPdf"}],"content_language":"ja","updated_date":"2016-08-25","article_type":"pub","journal_id_list":[{"journal_id":"0913-1442","type":"ISSN","issn_type":"print"},{"journal_id":"1881-6495","type":"ISSN","issn_type":"online"},{"journal_id":"ojjams","type":"JID"}],"journal_title_name_list":[{"journal_title_name":"Sociological Theory and Methods","type":"full","lang":"en"},{"journal_title_name":"Sociological Theory and Methods","type":"abbreviation","lang":"en"},{"journal_title_name":"理論と方法","type":"full","lang":"ja"},{"journal_title_name":"理論と方法","type":"abbreviation","lang":"ja"}],"journal_classification":"01","recorded_year":"1986-2013","volume":"10","issue":"1","first_page":"77","last_page":"90","date":"2016-08-26","citation_list":[{"sequence":"1","original_text":"原純輔. 1983 「質的データの解析法」直井優編『社会調査の基礎』サイエンス社."},{"sequence":"2","original_text":"Hauser, Robert M. 1978 &ldquo;A Structural Model of the Mobility Table.&rdquo; <I>Social Forces.</I> 56(3)"},{"sequence":"3","original_text":"松田紀之. 1988. 『質的情報の多変量解析』朝倉書店."},{"sequence":"4","original_text":"坂元慶行. 1990. 『カテゴリカルデータのモデル分析』共立出版."},{"sequence":"5","original_text":"佐藤裕. 1990. 「クロス表のカテゴリー統合」『年報人間科学』11"},{"sequence":"6","original_text":"盛山和夫・岩本健良. 1985. 『Log-Linearモデルによる多次元クロス表の分析―HACTを用いて―』北海道大学文学部社会行動学研究室."},{"sequence":"7","original_text":"田中豊・垂水共之・脇本和昌編. 1984. 『パソコン統計解析ハンドブックII　多変量解析編』共立出版."}]}}