{"status":"OK","apiType":"doi","apiVersion":"1.0.0","message":{"total":1,"rows":1,"totalPages":1,"page":1},"data":{"siteId":"SI/JST.JSTAGE","content_type":"JA","doi":"10.11218/ojjams.20.177","url":"https://doi.org/10.11218/ojjams.20.177","ra":"JaLC","prefix":"10.11218","site_name":"J-STAGE","publisher_list":[{"publisher_name":"Japanese Association For Mathematical Sociology","lang":"en"},{"publisher_name":"数理社会学会","lang":"ja"}],"title_list":[{"lang":"ja","title":"敵の味方は敵?","subtitle":"―間接互恵性における二次情報の効果に対する理論的・実証的検討―"},{"lang":"en","title":"Is the Enemy's Friend an Enemy Too?:","subtitle":"Theoretical and Empirical Approach toward the Effect of Second-Order Information on Indirect Reciprocity"}],"creator_list":[{"sequence":"1","type":"person","names":[{"lang":"ja","last_name":"真島","first_name":"理恵"},{"lang":"en","last_name":"MASHIMA","first_name":"Rie"}],"affiliation_list":[{"affiliation_name":"Graduate School of Letters Hokkaido University","sequence":"1","lang":"en"},{"affiliation_name":"北海道大学","sequence":"1","lang":"ja"}]},{"sequence":"2","type":"person","names":[{"lang":"ja","last_name":"高橋","first_name":"伸幸"},{"lang":"en","last_name":"TAKAHASHI","first_name":"Nobuyuki"}],"affiliation_list":[{"affiliation_name":"Graduate School of Letters Hokkaido University","sequence":"1","lang":"en"},{"affiliation_name":"北海道大学","sequence":"1","lang":"ja"}]}],"publication_date":{"publication_year":"2005"},"relation_list":[{"content":"https://www.jstage.jst.go.jp/article/ojjams/20/2/20_2_177/_pdf","type":"URL","relation":"fullTextPdf"}],"content_language":"ja","updated_date":"2017-03-23","article_type":"pub","journal_id_list":[{"journal_id":"0913-1442","type":"ISSN","issn_type":"print"},{"journal_id":"1881-6495","type":"ISSN","issn_type":"online"},{"journal_id":"ojjams","type":"JID"}],"journal_title_name_list":[{"journal_title_name":"Sociological Theory and Methods","type":"full","lang":"en"},{"journal_title_name":"Sociological Theory and Methods","type":"abbreviation","lang":"en"},{"journal_title_name":"理論と方法","type":"full","lang":"ja"},{"journal_title_name":"理論と方法","type":"abbreviation","lang":"ja"}],"journal_classification":"01","recorded_year":"1986-2013","volume":"20","issue":"2","first_page":"177","last_page":"195","date":"2007-07-06","keyword_list":[{"keyword":"altruism","sequence":"1","lang":"en"},{"keyword":"利他行動","sequence":"1","lang":"ja"},{"keyword":"indirect reciprocity","sequence":"2","lang":"en"},{"keyword":"間接互恵性","sequence":"2","lang":"ja"},{"keyword":"generalized exchange","sequence":"3","lang":"en"},{"keyword":"一般交換","sequence":"3","lang":"ja"},{"keyword":"evolution","sequence":"4","lang":"en"},{"keyword":"適応","sequence":"4","lang":"ja"}],"citation_list":[{"sequence":"1","original_text":"Axelrod, R. 1984. The Evolution of Cooperation. Basic Books, New York."},{"sequence":"2","original_text":"Baker, J. 1987. &ldquo;Reducing bias and inefficiency in the selection algorithm.&rdquo; Pp. 14-21 in Proceedings of the 2nd International Conference on Genetic Algorithms, edited by Grefenstette, J. Erlbaum, Hillsdale, NJ."},{"sequence":"3","original_text":"Bar-Tal, D., Sharabany, R., and Raviv, A. 1982. &ldquo;Cognitive basis for the development of altruistic behavior.&rdquo; Pp.377-396 in Cooperation and helping behavior: Theory and research, edited by Derlega, V. J. and Grzelak, J., New York: Academic Press."},{"sequence":"4","original_text":"Ekeh, P. 1974 Social exchange theory: The two traditions. Cambridge, MA: Harvard University Press."},{"sequence":"5","original_text":"Grefenstette J. 2000. &ldquo;Proportional selection and sampling algorithms.&rdquo; Pp. 172-180 in Evolutionary Computation 1: Basic Algorithms and Operators, edited by Back, T., Fogel, D. and Michalewicz, T. Bristol, UK: Institute of Physics Publishing."},{"sequence":"6","doi":"10.1016/0022-5193(64)90038-4","journal_title_name_list":[{"journal_title_name":"Journal of Theoretical Biology","lang":"en"}],"title_list":[{"lang":"en","title":"The genetic theory of social behavior. I and II"}],"volume":"7","first_page":"1","last_page":"52","publication_date":{"publication_year":"1964"},"content_language":"en","original_text":"Hamilton W. D. 1964. &ldquo;The genetic theory of social behavior. I and II.&rdquo; Journal of Theoretical Biology 7: 1-52."},{"sequence":"7","original_text":"Leimar, O. and Hammerstein, P. 2001. &ldquo;Evolution of cooperation through indirect reciprocity.&rdquo; Proceedings of the Royal Society of London. Series B: Biological Sciences 268: 745-753."},{"sequence":"8","original_text":"真島理恵・高橋伸幸 (in press). 「間接互恵性の成立: 非寛容な選別主義に基づく利他行動の適応的基盤」"},{"sequence":"9","original_text":"Milinski, M., Semmann, D., Bakker, T. and Krambeck H. 2001. &ldquo;Cooperation through indirect reciprocity: image scoring or standing strategy?&rdquo; Proceedings of the Royal Society of London. Series B: Biological Sciences 268: 2495-2501."},{"sequence":"10","doi":"10.1038/31225","journal_title_name_list":[{"journal_title_name":"Nature","lang":"en"}],"title_list":[{"lang":"en","title":"Evolution of indirect reciprocity by image scoring"}],"volume":"393","first_page":"573","last_page":"577","publication_date":{"publication_year":"1998"},"creator_list":[{"sequence":"1","type":"person","names":[{"lang":"en","last_name":"NOWAK","first_name":"MA"}]}],"content_language":"en","original_text":"Nowak, M. and Sigmund, K. 1998a. &ldquo;Evolution of indirect reciprocity by image scoring.&rdquo; Nature 393: 573-577."},{"sequence":"11","doi":"10.1006/jtbi.1998.0775","journal_title_name_list":[{"journal_title_name":"Journal of Theoretical Biology","lang":"en"}],"title_list":[{"lang":"en","title":"The dynamics of indirect reciprocity"}],"volume":"194","first_page":"561","last_page":"574","publication_date":{"publication_year":"1998"},"content_language":"en","original_text":"Nowak, M. and Sigmund, K. 1998b. &ldquo;The dynamics of indirect reciprocity.&rdquo; Journal of Theoretical Biology 194: 561-574."},{"sequence":"12","journal_title_name_list":[{"journal_title_name":"Journal of Theoretical Biology","lang":"en"}],"title_list":[{"lang":"en","title":"How should we define goodness?: Reputation dynamics in indirect reciprocity"}],"volume":"231","first_page":"107","last_page":"120","publication_date":{"publication_year":"2004"},"content_language":"en","original_text":"Ohtsuki, H. and Iwasa, Y. 2004. &ldquo;How should we define goodness?: Reputation dynamics in indirect reciprocity.&rdquo; Journal of Theoretical Biology 231: 107-120."},{"sequence":"13","doi":"10.1016/S0022-5193(03)00154-1","journal_title_name_list":[{"journal_title_name":"Journal of Theoretical Biology","lang":"en"}],"title_list":[{"lang":"en","title":"A tale of two defectors: The importance of standing in the evolution of indirect reciprocity"}],"volume":"224","first_page":"115","last_page":"126","publication_date":{"publication_year":"2003"},"content_language":"en","original_text":"Panchanathan, K. and Boyd R. 2003. &ldquo;A tale of two defectors: The importance of standing in the evolution of indirect reciprocity.&rdquo; Journal of Theoretical Biology 224: 115-126."},{"sequence":"14","original_text":"Ritzer, G. (ed). 2005. Encyclopedia of social theory. vol. 1. Thousand Oaks: Sage Publications."},{"sequence":"15","original_text":"Sugden, R. 1986. The economics of rights, co-operation and welfare. Oxford, UK: Basil Blackwell."},{"sequence":"16","original_text":"Takagi, E. 1996. &ldquo;The generalized exchange perspective on the evolution of altruism.&rdquo; Pp. 311-336 in Frontiers in Social Dilemmas Research, edited by Liebrand, W. and Messick, D. Berlin: Springer-Verlag."},{"sequence":"17","doi":"10.1086/210400","journal_title_name_list":[{"journal_title_name":"American Journal of Sociology","lang":"en"}],"title_list":[{"lang":"en","title":"The emergence of generalized exchange"}],"volume":"105","first_page":"1105","last_page":"1134","publication_date":{"publication_year":"2000"},"content_language":"en","original_text":"Takahashi, N. 2000. &ldquo;The emergence of generalized exchange.&rdquo; American Journal of Sociology 105: 1105-1134."},{"sequence":"18","doi":"10.4992/jjpsy.70.9","journal_title_name_list":[{"journal_title_name":"心理学研究","lang":"ja"}],"title_list":[{"lang":"ja","title":"一般交換の自発的形成: 選別的利他行動に関する実験研究"}],"volume":"70","first_page":"9","last_page":"16","publication_date":{"publication_year":"1999"},"content_language":"ja","original_text":"高橋伸幸・山岸俊男・林直保子 1999. 「一般交換の自発的形成: 選別的利他行動に関する実験研究」『心理学研究』 70: 9-16."},{"sequence":"19","doi":"10.1086/406755","journal_title_name_list":[{"journal_title_name":"Quarterly Review of Biology","lang":"en"}],"title_list":[{"lang":"en","title":"The evolution of reciprocal altruism"}],"volume":"46","first_page":"35","last_page":"57","publication_date":{"publication_year":"1971"},"content_language":"en","original_text":"Trivers, R. 1971. &ldquo;The evolution of reciprocal altruism.&rdquo; Quarterly Review of Biology 46: 35-57."},{"sequence":"20","original_text":"Yamagishi, T. &amp; Cook, K. S. &ldquo;Generalized exchange and social dilemmas.&rdquo; Social Psychology Quarterly. 56: 235-248."}]}}