{"status":"OK","apiType":"doi","apiVersion":"1.0.0","message":{"total":1,"rows":1,"totalPages":1,"page":1},"data":{"siteId":"SI/JST.JSTAGE","content_type":"JA","doi":"10.11218/ojjams.28.367","url":"https://doi.org/10.11218/ojjams.28.367","ra":"JaLC","prefix":"10.11218","site_name":"J-STAGE","publisher_list":[{"publisher_name":"Japanese Association For Mathematical Sociology","lang":"en"},{"publisher_name":"数理社会学会","lang":"ja"}],"title_list":[{"lang":"en","title":"Letters"},{"lang":"ja","title":"第9回数理社会学会論文賞の選考にあたって","subtitle":"報告と提言"}],"creator_list":[{"sequence":"1","type":"person","names":[{"lang":"en","last_name":"SHIDA","first_name":"Kiyoshi"},{"lang":"ja","last_name":"志田","first_name":"基与師"}],"affiliation_list":[{"affiliation_name":"Yokohama National University","sequence":"1","lang":"en"},{"affiliation_name":"横浜国立大学","sequence":"1","lang":"ja"}]},{"sequence":"2","type":"person","names":[{"lang":"en","last_name":"SHICHIJO","first_name":"Tatsuhiro"},{"lang":"ja","last_name":"七條","first_name":"達弘"}],"affiliation_list":[{"affiliation_name":"Osaka Prefectural University","sequence":"1","lang":"en"},{"affiliation_name":"大阪府立大学","sequence":"1","lang":"ja"}]},{"sequence":"3","type":"person","names":[{"lang":"en","last_name":"TAKAHASHI","first_name":"Nobuyuki"},{"lang":"ja","last_name":"高橋","first_name":"伸幸"}],"affiliation_list":[{"affiliation_name":"Hokkaido University","sequence":"1","lang":"en"},{"affiliation_name":"北海道大学","sequence":"1","lang":"ja"}]},{"sequence":"4","type":"person","names":[{"lang":"en","last_name":"YASUDA","first_name":"Tokio"},{"lang":"ja","last_name":"保田","first_name":"時男"}],"affiliation_list":[{"affiliation_name":"Kansai University","sequence":"1","lang":"en"},{"affiliation_name":"関西大学","sequence":"1","lang":"ja"}]},{"sequence":"5","type":"person","names":[{"lang":"en","last_name":"WATANABE","first_name":"Tsutomu"},{"lang":"ja","last_name":"渡邊","first_name":"勉"}],"affiliation_list":[{"affiliation_name":"Kwansei Gakuin University","sequence":"1","lang":"en"},{"affiliation_name":"関西学院大学","sequence":"1","lang":"ja"}]}],"publication_date":{"publication_year":"2013"},"relation_list":[{"content":"https://www.jstage.jst.go.jp/article/ojjams/28/2/28_367/_pdf","type":"URL","relation":"fullTextPdf"}],"content_language":"ja","updated_date":"2014-12-09","article_type":"pub","journal_id_list":[{"journal_id":"0913-1442","type":"ISSN","issn_type":"print"},{"journal_id":"1881-6495","type":"ISSN","issn_type":"online"},{"journal_id":"ojjams","type":"JID"}],"journal_title_name_list":[{"journal_title_name":"Sociological Theory and Methods","type":"full","lang":"en"},{"journal_title_name":"Sociological Theory and Methods","type":"abbreviation","lang":"en"},{"journal_title_name":"理論と方法","type":"full","lang":"ja"},{"journal_title_name":"理論と方法","type":"abbreviation","lang":"ja"}],"journal_classification":"01","recorded_year":"1986-2013","volume":"28","issue":"2","first_page":"367","last_page":"374","date":"2014-09-01","citation_list":[{"sequence":"1","original_text":"赤枝尚樹. 2011.「同類結合に対する都市効果の検討」『理論と方法』26 (2): 321-338."},{"sequence":"2","original_text":"赤枝尚樹. 2013.「Fischer下位文化理論の意義と可能性」『理論と方法』28 (1): 1-16."},{"sequence":"3","original_text":"志田基与師. 1992.「（仮称）論文コンペティションについて(私案)」1992.11.1　数理社会学会理事会資料."},{"sequence":"4","original_text":"志田基与師. 1994.「数理社会学会賞の創設について」,第17回数理社会学会大会(金沢大学　1994.4.5.) 総会議案．"},{"sequence":"5","original_text":"数理社会学会. 2011.「数理社会学会ニューズレター」Vol.26,No.4.（2013年10月14日取得, http://www.jams-sociology.org/wp-content/uploads/newsletter/News_26_4.pdf）"},{"sequence":"6","original_text":"数理社会学会. 2012.「数理社会学会ニューズレター」Vol.27,No.4.（2013年10月14日取得, http://www.jams-sociology.org/wp-content/uploads/News_27_4.pdf）"}]}}