{"status":"OK","apiType":"doi","apiVersion":"1.0.0","message":{"total":1,"rows":1,"totalPages":1,"page":1},"data":{"siteId":"SI/JST.JSTAGE","content_type":"JA","doi":"10.11218/ojjams.28.163","url":"https://doi.org/10.11218/ojjams.28.163","ra":"JaLC","prefix":"10.11218","site_name":"J-STAGE","publisher_list":[{"publisher_name":"Japanese Association For Mathematical Sociology","lang":"en"},{"publisher_name":"数理社会学会","lang":"ja"}],"title_list":[{"lang":"en","title":"Special Issue: An invitation to Experimental Social Sciences"},{"lang":"ja","title":"特集　実験社会科学への招待"}],"creator_list":[{"sequence":"1","type":"person","names":[{"lang":"en","last_name":"SHICHIJO","first_name":"Tatsuhiro"},{"lang":"ja","last_name":"七條","first_name":"達弘"}],"affiliation_list":[{"affiliation_name":"Editor of Special Section","sequence":"1","lang":"en"},{"affiliation_name":"特集編集担当","sequence":"1","lang":"ja"}]}],"publication_date":{"publication_year":"2013"},"relation_list":[{"content":"https://www.jstage.jst.go.jp/article/ojjams/28/2/28_163/_pdf","type":"URL","relation":"fullTextPdf"}],"content_language":"ja","updated_date":"2014-12-09","article_type":"pub","journal_id_list":[{"journal_id":"0913-1442","type":"ISSN","issn_type":"print"},{"journal_id":"1881-6495","type":"ISSN","issn_type":"online"},{"journal_id":"ojjams","type":"JID"}],"journal_title_name_list":[{"journal_title_name":"Sociological Theory and Methods","type":"full","lang":"en"},{"journal_title_name":"Sociological Theory and Methods","type":"abbreviation","lang":"en"},{"journal_title_name":"理論と方法","type":"full","lang":"ja"},{"journal_title_name":"理論と方法","type":"abbreviation","lang":"ja"}],"journal_classification":"01","recorded_year":"1986-2013","volume":"28","issue":"2","first_page":"163","last_page":"164","date":"2014-09-01","keyword_list":[{"keyword":"実験","sequence":"1","lang":"ja"},{"keyword":"Experiment","sequence":"1","lang":"en"},{"keyword":"社会科学","sequence":"2","lang":"ja"},{"keyword":"Social Science","sequence":"2","lang":"en"}],"citation_list":[{"sequence":"1","original_text":"Fischbacher, U. 2007. &ldquo;z-Tree: Zurich Toolbox for Ready-made Economic experiments.&rdquo; <I>Experimental Economics</I> 10(2): 171-178."}]}}