{"status":"OK","apiType":"doi","apiVersion":"1.0.0","message":{"total":1,"rows":1,"totalPages":1,"page":1},"data":{"siteId":"SI/JST.JSTAGE","content_type":"JA","doi":"10.11218/ojjams.18.153","url":"https://doi.org/10.11218/ojjams.18.153","ra":"JaLC","prefix":"10.11218","site_name":"J-STAGE","publisher_list":[{"publisher_name":"Japanese Association For Mathematical Sociology","lang":"en"},{"publisher_name":"数理社会学会","lang":"ja"}],"title_list":[{"lang":"ja","title":"進化ゲームにおける選択的相互作用モデルの意義と課題"},{"lang":"en","title":"The Significance of Selective Interaction Models in the Evolutionary Game Theory"}],"creator_list":[{"sequence":"1","type":"person","names":[{"lang":"ja","last_name":"金井","first_name":"雅之"},{"lang":"en","last_name":"KANAI","first_name":"Masayuki"}],"affiliation_list":[{"affiliation_name":"Faculty of Education<BR>Yamagata University","sequence":"1","lang":"en"},{"affiliation_name":"山形大学","sequence":"1","lang":"ja"}]}],"publication_date":{"publication_year":"2003"},"relation_list":[{"content":"https://www.jstage.jst.go.jp/article/ojjams/18/2/18_2_153/_pdf","type":"URL","relation":"fullTextPdf"}],"content_language":"ja","updated_date":"2017-03-23","article_type":"pub","journal_id_list":[{"journal_id":"0913-1442","type":"ISSN","issn_type":"print"},{"journal_id":"1881-6495","type":"ISSN","issn_type":"online"},{"journal_id":"ojjams","type":"JID"}],"journal_title_name_list":[{"journal_title_name":"Sociological Theory and Methods","type":"full","lang":"en"},{"journal_title_name":"Sociological Theory and Methods","type":"abbreviation","lang":"en"},{"journal_title_name":"理論と方法","type":"full","lang":"ja"},{"journal_title_name":"理論と方法","type":"abbreviation","lang":"ja"}],"journal_classification":"01","recorded_year":"1986-2013","volume":"18","issue":"2","first_page":"153","last_page":"167","date":"2009-01-20","keyword_list":[{"keyword":"selective interaction","sequence":"1","lang":"en"},{"keyword":"選択的相互作用","sequence":"1","lang":"ja"},{"keyword":"multi-level selection","sequence":"2","lang":"en"},{"keyword":"多水準淘汰","sequence":"2","lang":"ja"},{"keyword":"group selection","sequence":"3","lang":"en"},{"keyword":"群淘汰","sequence":"3","lang":"ja"},{"keyword":"social dilemma","sequence":"4","lang":"en"},{"keyword":"社会的ジレンマ","sequence":"4","lang":"ja"},{"keyword":"evolutionary game theory","sequence":"5","lang":"en"},{"keyword":"進化ゲーム理論","sequence":"5","lang":"ja"}],"citation_list":[{"sequence":"1","original_text":"Aoki, K. 1982. &ldquo;A Condition for Group Selection to Prevail over Counteracting Individual Selection.&rdquo; <I>Evolution</I> 36:832-42."},{"sequence":"2","original_text":"Aoki, K. 1983. &ldquo;A Quantitative Genetic Model of Reciprocal Altruism: A Condition for Kin or Group Selection to Prevail.&rdquo; <I>Proceedings of the National Academy of Sciences of the United States of America</I> 80:4065-68."},{"sequence":"3","original_text":"Axelrod, R. 1984. <I>The Evolution of Cooperation</I>. New York: Basic Books. =1987. 松田裕之（訳）『つきあい方の科学』HBJ 出版局."},{"sequence":"4","original_text":"Crow, J. F., and M. Kimura. 1970. <I>An Introduction to Population Genetics Theory</I>. New York: Harper and Row."},{"sequence":"5","original_text":"Dawes, R. M. 1980. &ldquo;Social Dillemmas.&rdquo; <I>Annual Review of Psychology</I> 31:169-93."},{"sequence":"6","original_text":"Dawkins, R. 1983. <I>The Extended Phenotype: The Gene as the Unit of Selection</I>. Oxford: Oxford University Press. =1987. 日高敏隆・遠藤彰・遠藤知二（訳）『延長された表現型』紀伊國屋書店."},{"sequence":"7","original_text":"Dawkins, R. 1989. <I>The Selfish Gene</I> (new ed.). Oxford: Oxford University Press. = 1991. 日高敏隆・岸由二・羽田節子・垂水雄二（訳）『利己的な遺伝子』紀伊國屋書店."},{"sequence":"8","original_text":"Dugatkin, L. A., M. Perlin, and R. Atlas. 2003. &ldquo;The Evolution of Group-Beneficial Traits in the Absence of Between-Group Selection.&rdquo; <I>Journal of Theoretical Biology</I> 220: 67-74."},{"sequence":"9","original_text":"Hamilton, W. D. 1964a. &ldquo;The Genetical Evolution of Social Behavior I.&rdquo; <I>Journal of Theoretical Biology</I> 7:1-16."},{"sequence":"10","original_text":"Hamilton, W. D. 1964b. &ldquo;The Genetical Evolution of Social Behavior II.&rdquo; <I>Journal of Theoretical Biology</I> 7:17-52."},{"sequence":"11","original_text":"Hardin, G. 1968. &ldquo;The Tragedy of the Commons.&rdquo; <I>Science</I> 162:1243-48."},{"sequence":"12","original_text":"Hofbauer, J., and K. Sigmund. 1998. <I>Evolutionary Games and Population Dynamics</I>. Cambridge: Cambridge University Press. =2001. 竹内康博・佐藤一憲・宮崎倫子（訳）『進化ゲームと微分方程式』現代数学社."},{"sequence":"13","original_text":"石原英樹・金井雅之. 2002.『進化的意思決定』朝倉書店."},{"sequence":"14","original_text":"金井雅之. 2000.「多水準淘汰による協力の進化」東京大学大学院博士論文."},{"sequence":"15","original_text":"Keller, L. ed. 1999. <I>Levels of Selection in Evolution</I>. Princeton: Princeton University Press."},{"sequence":"16","original_text":"Kerr, B., and P. Godfrey-Smith. 2002. &ldquo;Individualist and Multi-level Perspectives on Selection in Structured Populations.&rdquo; <I>Biology and Philosophy</I> 17:477-517."},{"sequence":"17","original_text":"Kimura, M. 1983. &ldquo;Diffusion Model of Intergroup Selection, with Special Reference to Evolution of an Altruistic Character.&rdquo; <I>Proceedings of the National Academy of Sciences of the United States of America</I> 80:6317-21."},{"sequence":"18","original_text":"Kimura, M., and T. Ohta. 1971. <I>Theoretical Aspects of Population Genetics</I>. Princeton: Princeton University Press."},{"sequence":"19","original_text":"Maynard Smith, J., and G. R. Price. 1973. &ldquo;The Logic of Animal Conflict.&rdquo; <I>Nature</I> 246:15-18."},{"sequence":"20","original_text":"Maynard Smith, J. 1982. <I>Evolution and the Theory of Games</I>. Cambridge: Cambridge University Press. =1985. 寺本英・梯正之（訳）『進化とゲーム理論：闘争の論理』産業図書."},{"sequence":"21","original_text":"中丸麻由子・松田裕之・巌佐庸. 1996.「格子上の集団における協力の進化」『物性研究』67:257-85."},{"sequence":"22","original_text":"中丸麻由子・松田裕之・巌佐庸. 1998.「近所付き合いは社会的相互作用の進化にどのように影響するのか」『理論と方法』12(2):149-62."},{"sequence":"23","original_text":"Nakamaru, M., H. Nogami, and Y. Iwasa. 1997. &ldquo;The Evolution of Cooperation in a Lattice-Structured Population.&rdquo; <I>Journal of Theoretical Biology</I> 184:65-81."},{"sequence":"24","original_text":"Nakamaru, M., H. Nogami, and Y. Iwasa. 1998. &ldquo;Score-dependent Fertility Model for the Evolution of Cooperation in a Lattice.&rdquo; <I>Journal of Theoretical Biology</I> 194:101-24."},{"sequence":"25","original_text":"Ono, S., K. Misawa, and K. Tsuji. 2003. &ldquo;Effect of Group Selection on the Evolution of Altruistic Behavior.&rdquo; <I>Journal of Theoretical Biology</I> 220:55-66."},{"sequence":"26","original_text":"大浦宏邦. 1999.「農耕戦略の進化モデル」『第28回数理社会学会大会研究報告要旨集』数理社会学会. 12-13."},{"sequence":"27","original_text":"Price, G. R. 1972. &ldquo;Extension of Covariance Selection Mathematics.&rdquo; <I>Annals of Human Genetics</I> 35:485-90."},{"sequence":"28","original_text":"盛山和夫・海野道郎（編）. 1991.『秩序問題と社会的ジレンマ』ハーベスト社."},{"sequence":"29","original_text":"Sober, E. 1984. <I>The Nature of Selection: Evolutionary Theory in Philosophical Focus</I>. Chicago: The University of Chicago Press."},{"sequence":"30","original_text":"Sober, E. 1994. <I>From a Biological Point of View: Essays in Evolutionary Philosophy</I>. Cambridge: Cambridge University Press."},{"sequence":"31","original_text":"Sober, E., and D. S. Wilson. 1998. <I>Unto Others: The Evolution and Psychology of Unselfish Behavior</I>. Cambridge, Mass.: Harvard University Press."},{"sequence":"32","original_text":"Trivers, R. L. 1971. &ldquo;The Evolution of Reciprocal Altruism.&rdquo; <I>Quarterly Review of Biology</I> 46:35-57."},{"sequence":"33","original_text":"Weibull, J. W. 1995. <I>Evolutionary Game Theory</I>. Cambridge, Mass.: The MIT Press. =1998. 大和瀬達二（監訳）『進化ゲームの理論』オフィスカノウチ."},{"sequence":"34","original_text":"Williams, G. C. 1966. <I>Adaptation and Natural Selection: A Critique of Some Current Evolutionary Thought</I>. Princeton: Princeton University Press."},{"sequence":"35","original_text":"Williams, G. C., and P. C. Williams. 1957. &ldquo;Natural Selection of Indivisually Harmful Social Adaptations among Sibs with Special Reference to Social Insects.&rdquo; <I>Evolution</I> 11:32-39."},{"sequence":"36","original_text":"Wilson, D. S. 1975. &ldquo;A Theory of Group Selection.&rdquo; <I>Proceedings of the National Academy of Sciences of the United States of America</I> 72:143-46."},{"sequence":"37","original_text":"Wilson, D. S. 1998. &ldquo;Hunting, Sharing, and Multilevel Selection.&rdquo; <I>Current Anthropology</I> 31:73-97."},{"sequence":"38","original_text":"Wilson, D. S., and E. Sober. 1989. &ldquo;Reviving the Superorganism.&rdquo; <I>Journal of Theoretical Biology</I> 136:337-56."},{"sequence":"39","original_text":"Wilson, D. S., and E. Sober. 1994. &ldquo;Reintroducing Group Selection to the Human Behavioral Science.&rdquo; <I>Behavioral and Brain Sciences</I> 17:585-654."},{"sequence":"40","original_text":"Wilson, E. O. 1975. <I>Sociobiology : The New Synthesis</I>. Cambridge, Mass.: Belknap Press of Harvard University Press. =1983. 坂上昭一（他訳）『社会生物学』思索社."},{"sequence":"41","original_text":"Wright, S. 1943. &ldquo;Isolation by Distance.&rdquo; <I>Genetics</I> 28:114-38."},{"sequence":"42","original_text":"Wright, S. 1945. &ldquo;Tempo and Mode in Evolution : A Critical Review.&rdquo; <I>Ecology</I> 26:415-19."}]}}