{"status":"OK","apiType":"doi","apiVersion":"1.0.0","message":{"total":1,"rows":1,"totalPages":1,"page":1},"data":{"siteId":"SI/JST.JSTAGE","content_type":"JA","doi":"10.11218/ojjams.25.183","url":"https://doi.org/10.11218/ojjams.25.183","ra":"JaLC","prefix":"10.11218","site_name":"J-STAGE","publisher_list":[{"publisher_name":"Japanese Association For Mathematical Sociology","lang":"en"},{"publisher_name":"数理社会学会","lang":"ja"}],"title_list":[{"lang":"en","title":"A Cross-national Analysis of the Relations between School Choice and Effectiveness Differences between Private-Independent and Public Schools"}],"creator_list":[{"sequence":"1","type":"person","names":[{"lang":"en","last_name":"DRONKERS","first_name":"Jaap"}],"affiliation_list":[{"affiliation_name":"Maastricht University","sequence":"1","lang":"en"}]},{"sequence":"2","type":"person","names":[{"lang":"en","last_name":"AVRAM","first_name":"Silvia"}],"affiliation_list":[{"affiliation_name":"European University Institute","sequence":"2","lang":"en"}]}],"publication_date":{"publication_year":"2010"},"relation_list":[{"content":"https://www.jstage.jst.go.jp/article/ojjams/25/2/25_2_183/_pdf","type":"URL","relation":"fullTextPdf"}],"content_language":"en","updated_date":"2017-03-23","article_type":"pub","journal_id_list":[{"journal_id":"0913-1442","type":"ISSN","issn_type":"print"},{"journal_id":"1881-6495","type":"ISSN","issn_type":"online"},{"journal_id":"ojjams","type":"JID"}],"journal_title_name_list":[{"journal_title_name":"Sociological Theory and Methods","type":"full","lang":"en"},{"journal_title_name":"Sociological Theory and Methods","type":"abbreviation","lang":"en"},{"journal_title_name":"理論と方法","type":"full","lang":"ja"},{"journal_title_name":"理論と方法","type":"abbreviation","lang":"ja"}],"journal_classification":"01","recorded_year":"1986-2013","volume":"25","issue":"2","first_page":"183","last_page":"205","date":"2011-03-12","keyword_list":[{"keyword":"school choice","sequence":"1","lang":"en"},{"keyword":"school effectiveness","sequence":"2","lang":"en"},{"keyword":"private-independent and public schools","sequence":"3","lang":"en"},{"keyword":"international comparison","sequence":"4","lang":"en"}],"citation_list":[{"sequence":"1","original_text":"Ball, S. J. 1993. &ldquo;Education Markets, Choice and Social Class: The Market as a Class Strategy in the UK and the USA&rdquo; <I>British Journal of Sociology of Education</I> 14: 3-19."},{"sequence":"2","original_text":"Ball, S. J. 1997. &ldquo;On the cusp: parents choosing between state and private schools in the UK: action within an economy of symbolic goods&rdquo; <I>International Journal of Inclusive Education</I> 1: 1-17."},{"sequence":"3","original_text":"Ball, S. J., R. Bowe and S. Gewirtz. 1995. &ldquo;Circuits of schooling: A sociological exploration of parental choice of school in social class contexts&rdquo; <I>Sociological Review</I> 43: 52-78."},{"sequence":"4","original_text":"Bryk, A. S., V. E. Lee and P. B. Holland. 1993. <I>Catholic schools and the common good. Cambridge</I> (Mass.)/London: Harvard University Press."},{"sequence":"5","original_text":"Chubb J. E and T. M. Moe. 1990. <I>Politics, Markets and America&rsquo;s Schools.</I> Washington DC: Brookings Institution Press."},{"sequence":"6","original_text":"Coleman, J.S. and T. Hoffer. 1987. <I>Public and private high schools.</I> The impact of communities. New York:Basic Books."},{"sequence":"7","original_text":"Coleman, J. S., T. B. Hoffer and S. Kilgore. 1982. <I>High school achievement: Public, Catholic and other private schools compared.</I> New York: Basic Books."},{"sequence":"8","original_text":"Corten, R. and J. Dronkers. 2006. &ldquo;School Achievement of Pupils from the Lower Strata in Public, Private Government-Dependent and Private Government-Independent Schools: A cross-national test of the Coleman-Hoffer thesis&rdquo; <I>Educational Research and Evaluation</I> 12: 179-208."},{"sequence":"9","original_text":"Dehejia, R. and W. Sadek. 2002. &ldquo;Propensity score matching methods for non-experimental causal studies&rdquo;<I>Review of Economics and Statistics</I> 84: 151-161."},{"sequence":"10","original_text":"Dronkers, J. and S. Avram. 2010. &ldquo;A Cross-national Analysis of the Relations between School Choice and Effectiveness Differences between Private-Dependent and Public Schools&rdquo; <I>Educational Research and Evaluation</I> 16: 151-176."},{"sequence":"11","original_text":"Dronkers, J. and P. Robert. 2004. &ldquo;Has educational sector any impact on school effectiveness in Hungary&amp; A comparison of the public and the newly established religious grammar schools&rdquo; <I>European Societies</I> 6: 205-236."},{"sequence":"12","original_text":"Dronkers, J. and P. Robert. 2008a. &ldquo;Differences in Scholastic Achievement of Public, Private Government-Dependent and Private-independent Schools: A Cross-National Analysis&rdquo; <I>Educational Policy</I> 22: 541-577."},{"sequence":"13","original_text":"Dronkers, J. &amp; P. Robert. 2008b. &ldquo;School Choice in the Light of the Effectiveness Differences of Various Types of Public and Private Schools in 19 OECD Countries&rdquo; <I>Journal of School Choice</I> 2: 260-301."},{"sequence":"14","original_text":"Echols, F. H. and J. D. Willms. 1995. &ldquo;Reasons for School Choice in Scotland&rdquo; <I>Journal of Education Policy</I> 10: 143-156."},{"sequence":"15","original_text":"Gamoran, A. 1996. &ldquo;Student Achievement in Public Magnet, Public Comprehensive, and Private City High Schools&rdquo; <I>Educational Evaluation and Policy Analysis</I> 18: 1-18."},{"sequence":"16","original_text":"Godwin, R. K. and F. R. Kemerer. 2002. <I>School Choice Tradeoffs. Liberty, Equity, and Diversity.</I> Austin: University of Texas Press."},{"sequence":"17","original_text":"Goldring, E. B. and K. J. R. Phillips. 2008. &ldquo;Parent preferences and parent choice: the public-private decision about school choice&rdquo; J<I>ournal of Education Policy</I> 23: 209-230."},{"sequence":"18","original_text":"Gorard, S. 1999. &ldquo;Planning Ahead in a &lsquo;Market&rsquo; for Schools: Predicting Patterns of School Choice&rdquo; <I>Evaluation and Research in Education</I> 13: 132-143."},{"sequence":"19","original_text":"Goyette, K. 2008. &ldquo;Race, Social Background, and School Choice Options&rdquo; <I>Equity &amp; Excellence in Education</I> 41: 114-129."},{"sequence":"20","original_text":"Greeley, A. M. 1982. <I>Catholic High Schools and Minority Students.</I> New Brunswick: Transaction Books."},{"sequence":"21","original_text":"Hoffer, T. B. 1998. &ldquo;Social Background and Achievement in Public and Catholic High Schools&rdquo; <I>Social Psychology of Education</I> 2: 7-23."},{"sequence":"22","original_text":"Hoffer, T., A. M. Greeley, and J. S. Coleman. 1985. &ldquo;Achievement Growth in Public and Catholic Schools&rdquo;<I>Sociology of Education</I> 58: 74-97."},{"sequence":"23","original_text":"Jarvis, H. and S. Alvanides. 2008. &ldquo;School choice from a household resource perspective: Preliminary findings from a north of England case study&rdquo; <I>Community, Work &amp; Family</I> 11: 385-403."},{"sequence":"24","original_text":"Jeynes, W. 2002. &ldquo;Educational Policy and Effects of Attending a Religious School on the Academic Achievement of Children&rdquo; <I>Educational Policy</I> 16: 406-424."},{"sequence":"25","original_text":"Langouet, G. and A. Leger. 1994. <I>Ecole publique ou ecole privee? Trajectoires et reussites scolaires.</I> Paris: Editions Fabert."},{"sequence":"26","original_text":"Morgan, S. L. 2001. &ldquo;Counterfactuals, causal effect heterogeneity, and the Catholic school effect on learning&rdquo;<I>Sociology of Education</I> 74:341-374."},{"sequence":"27","original_text":"Morgan, S. L. and C. Winship. 2007. <I>Counterfactuals and Causal Inference. Methods and Principles for Social Research.</I> New York: Cambridge University Press."},{"sequence":"28","original_text":"Neal, D. 1997. &ldquo;The Effects of Catholic Secondary Schooling on Educational Achievement&rdquo; <I>Journal of Labor Economics</I> 15: 98-123."},{"sequence":"29","original_text":"Noell, J. 1982. &ldquo;Public and Catholic Schools: A Reanalysis of Public and Private Schools&rdquo;<I> Sociology of Education</I> 55: 123-132."},{"sequence":"30","original_text":"Rosenbaum, O.D. and D. Rubin. 1983. &ldquo;The central role of the propensity score in observational studies of causal effects&rdquo; <I>Biometrika</I> 70: 41-55"},{"sequence":"31","original_text":"Sammons, P., J. Hillman and P. Mortimore. 1995. <I>Key characteristics of effective schools: A review of school effectiveness research.</I> London: Office for Standards in Education and Institute of Education."},{"sequence":"32","original_text":"Scheerens, J. and R. Bosker. 1997. <I>The Foundations of Educational Effectiveness.</I> Kidlington /New York /Toyko: Pergamon."},{"sequence":"33","original_text":"Somers, M.-A., P. J.McEwan and J. D. Willms. 2004. &ldquo;How Effective Are Private Schools in Latin America?&rdquo; <I>Comparative Education Review</I> 48: 48-69"},{"sequence":"34","original_text":"Teddlie, C. and D. Reynolds. 2000. The <I>international handbook of school effectiveness research.</I> London: Falmer."},{"sequence":"35","original_text":"Vandenberghe, V. and S. Robin. 2004. &ldquo;Evaluating the effectiveness of private education across countries: a comparison of methods&rdquo; <I>Labour Economics</I> 11: 487-506."},{"sequence":"36","original_text":"Willms, J. D. 1985. &ldquo;Catholic-School Effects on Academic Achievement: New Evidence From the High School and Beyond Follow-up Study&rdquo; <I>Sociology of Education</I> 58: 98-114."},{"sequence":"37","original_text":"Witte, J. F. 2000. <I>The Market Approach to Education. An Analysis of America&rsquo;s First Voucher Program.</I> Princeton: Princeton University Press."},{"sequence":"38","original_text":"Yang, P. and N. Kayaardi 2004. &ldquo;Who chooses non-public schools for their children?&rdquo; <I>Educational Studies</I> 30: 231-249."}]}}