{"status":"OK","apiType":"doi","apiVersion":"1.0.0","message":{"total":1,"rows":1,"totalPages":1,"page":1},"data":{"siteId":"SI/JST.JSTAGE","content_type":"JA","doi":"10.11218/ojjams.27.225","url":"https://doi.org/10.11218/ojjams.27.225","ra":"JaLC","prefix":"10.11218","site_name":"J-STAGE","publisher_list":[{"publisher_name":"Japanese Association For Mathematical Sociology","lang":"en"},{"publisher_name":"数理社会学会","lang":"ja"}],"title_list":[{"lang":"en","title":"Social Class Identification of the Unmarried","subtitle":"Is marriage a social status?"},{"lang":"ja","title":"未婚者の階層意識","subtitle":"結婚は地位達成なのか？"}],"creator_list":[{"sequence":"1","type":"person","names":[{"lang":"en","last_name":"SUDO","first_name":"Naoki"},{"lang":"ja","last_name":"数土","first_name":"直紀"}],"affiliation_list":[{"affiliation_name":"Gakushuin University","sequence":"1","lang":"en"},{"affiliation_name":"学習院大学","sequence":"1","lang":"ja"}]}],"publication_date":{"publication_year":"2012"},"relation_list":[{"content":"https://www.jstage.jst.go.jp/article/ojjams/27/2/27_225/_pdf","type":"URL","relation":"fullTextPdf"}],"content_language":"ja","updated_date":"2014-12-09","article_type":"pub","journal_id_list":[{"journal_id":"0913-1442","type":"ISSN","issn_type":"print"},{"journal_id":"1881-6495","type":"ISSN","issn_type":"online"},{"journal_id":"ojjams","type":"JID"}],"journal_title_name_list":[{"journal_title_name":"Sociological Theory and Methods","type":"full","lang":"en"},{"journal_title_name":"Sociological Theory and Methods","type":"abbreviation","lang":"en"},{"journal_title_name":"理論と方法","type":"full","lang":"ja"},{"journal_title_name":"理論と方法","type":"abbreviation","lang":"ja"}],"journal_classification":"01","recorded_year":"1986-2013","volume":"27","issue":"2","first_page":"225","last_page":"242","date":"2013-08-12","keyword_list":[{"keyword":"階層帰属意識","sequence":"1","lang":"ja"},{"keyword":"social class identification","sequence":"1","lang":"en"},{"keyword":"婚姻状態","sequence":"2","lang":"ja"},{"keyword":"marital status","sequence":"2","lang":"en"},{"keyword":"社会変動","sequence":"3","lang":"ja"},{"keyword":"social changes","sequence":"3","lang":"en"}],"citation_list":[{"sequence":"1","doi":"10.1086/225411","volume":"78","issue":"4","first_page":"936","publication_date":{"publication_year":"1973"},"original_text":"Acker, Joan. 1973. &ldquo;Women and Social Stratification: A Case of Intellectual Sexism.&rdquo; <I>The American Journal of Sociology</I> 78(4): 936-45."},{"sequence":"2","original_text":"Acker, Joan. 1980. &ldquo;Women and Social Stratification: A Review of Recent Literature.&rdquo; <I>Contemporary Sociology</I> 9(1): 25-35."},{"sequence":"3","original_text":"赤川学. 2000. 「女性の階層的地位はどのように決まるか？」盛山和夫編『日本の階層システム４――ジェンダー･市場･家族』東京大学出版会."},{"sequence":"4","original_text":"Becker, G. S. 1964. <I>Human Capital: A Theoretical and Empirical Analysis with Special Reference to Education.</I> Chicago: The University of Chicago Press."},{"sequence":"5","original_text":"Erikson, R., and J.H. Goldthorpe. 1988. &ldquo;Women at Class Crossroads': A Critical Note.&rdquo; <I>Sociology</I> 22(4):545-53."},{"sequence":"6","original_text":"Erikson, R., and J.H. Goldthorpe. 1992. &ldquo;Individual or family? Results from two approaches to class assignment.&rdquo; <I>Acta Sociologica</I> 35(2):95-105."},{"sequence":"7","original_text":"藤森克彦. 2010. 『単身急増社会の衝撃』日本経済出版社."},{"sequence":"8","original_text":"Goldthorpe, J.H. 1983. &ldquo;Women and class analysis: in defence of the conventional view.&rdquo; <I>Sociology</I> 17(4):465-88."},{"sequence":"9","original_text":"Goldthorpe, J.H. 1984. &ldquo;Women and class analysis: A reply to the replies.&rdquo; <I>Sociology</I> 18(4):491-99."},{"sequence":"10","original_text":"原純輔(編). 2008. 『広がる中流意識――1971-1985』日本著書センター."},{"sequence":"11","original_text":"Heath, A., and N. Britten. 1984. &ldquo;Women's jobs do make a difference: a reply to Goldthorpe.&rdquo; <I>Sociology</I> 18(4):475-90."},{"sequence":"12","original_text":"神林博史. 2010a. 「高度経済成長期の階層帰属意識――戦後日本の階層帰属意識に関するノート(1) 」. 『東北学院大学教養学部論集』No. 156: 25-54."},{"sequence":"13","original_text":"神林博史. 2010b. 「『中』 意識の飽和と潜在する変化――戦後日本の階層帰属意識に関するノート(2) 」. 『東北学院大学教養学部論集』No. 157: 1-24."},{"sequence":"14","original_text":"金澤悠介. 2012. 「階層帰属意識は何を測定しているのか？――潜在クラス分析によるアプローチ」『SSPプロジェクト第4回研究会』（口頭報告）."},{"sequence":"15","original_text":"吉川徹. 2006. 『学歴と格差・不平等――成熟する日本型学歴社会』東京大学出版会."},{"sequence":"16","original_text":"小林大祐. 2011. 「雇用流動化社会における働き方と階層帰属意識」斎藤友里子・三隅一人（編）『現代の階層社会3　流動化のなかの社会意識』東京大学出版会."},{"sequence":"17","original_text":"国立社会保障・人口問題研究所. 2011a. 『人口統計資料集 (2011)　』　(http://www.ipss.go.jp/)."},{"sequence":"18","original_text":"国立社会保障・人口問題研究所. 2011b. 『第14回出生動向基本調査　結婚と出産に関する全国調査　夫婦調査の結果概要』(http://www.ipss.go.jp/ps-doukou/j/doukou13/doukou13.asp)."},{"sequence":"19","original_text":"厚生労働省. 2012. 『我が国の人口動態 平成24年』厚生労働統計協会."},{"sequence":"20","original_text":"Leiulfsrud, H., and A. Woodward. 1987. &ldquo;Women at class crossroads: repudiating conventional theories of family class.&rdquo; <I>Sociology</I> 21(3):393-412."},{"sequence":"21","original_text":"村上泰亮. 1984. 『新中間大衆の時代』中央公論社"},{"sequence":"22","original_text":"内閣府. 2004. 『少子化白書〈平成16年版〉』ぎょうせい."},{"sequence":"23","original_text":"直井優・盛山和夫(編). 1990. 『現代日本の階層構造1――社会階層の構造と過程』東京大学出版会."},{"sequence":"24","original_text":"直井道子. 1990. 「階層意識」岡本英雄・直井道子編『現代日本の階層構造4――女性と社会階層』東京大学出版会."},{"sequence":"25","original_text":"落合恵美子. 2004. 『21 世紀家族へ――家族の戦後体制の見かた・超えかた』有斐閣."},{"sequence":"26","original_text":"Parsons, Talcott. 1951. <I>The Social System.</I> New York, NY, US: Free Press. =1974. 佐藤勉訳『社会体系論』青木書店."},{"sequence":"27","original_text":"佐藤博樹・永井暁子・三輪哲(編). 2010. 『結婚の壁――非婚・晩婚の構造』勁草書房."},{"sequence":"28","original_text":"盛山和夫. 1994. 「階層研究にいける『女性問題』」『理論と方法』 9(2):111-126."},{"sequence":"29","original_text":"Shirahase, S. 2001. &ldquo;Women and class structure in contemporary Japan.&rdquo; <I>The British journal of sociology</I> 52(3):391-408."},{"sequence":"30","original_text":"Sorensen, A. 1994. &ldquo;Women, family and class.&rdquo; <I>Annual Review of Sociology</I>: 27-47."},{"sequence":"31","doi":"10.2307/1882010","journal_title_name_list":[{"journal_title_name":"Quarterly Journal of Economics","lang":"en"}],"title_list":[{"lang":"en","title":"Job market signaling"}],"volume":"87","issue":"3","first_page":"355","last_page":"374","publication_date":{"publication_year":"1973"},"creator_list":[{"sequence":"1","type":"person","names":[{"lang":"en","last_name":"Spence","first_name":"M."}]}],"content_language":"en","original_text":"Spence, A. M. 1973. &ldquo;Job Market Signaling.&rdquo; <I>The Quarterly Journal of Economics</I> 87 (3): 355-374."},{"sequence":"32","original_text":"Spence, A. M. 1974. &ldquo;Competitive and Optimal Responses to Signals: An analysis of efficiency and distribution.&rdquo; <I>Journal of Economic Theory Quarterly</I> 7 (3): 196-332."},{"sequence":"33","original_text":"Stanworth, M. 1984. &ldquo;Women and class analysis: a reply to John Goldthorpe.&rdquo; <I>Sociology</I> 18(2):159-70."},{"sequence":"34","original_text":"数土直紀. 2010. 『日本人の階層意識』講談社."},{"sequence":"35","original_text":"数土直紀. 2011. 「高学歴化と階層帰属意識の変容」斎藤友里子・三隅一人（編）『現代の階層社会3――流動化のなかの社会意識』東京大学出版会."},{"sequence":"36","original_text":"山田昌弘. 1999. 『パラサイト・シングルの時代』筑摩書房."}]}}