{"status":"OK","apiType":"doi","apiVersion":"1.0.0","message":{"total":1,"rows":1,"totalPages":1,"page":1},"data":{"siteId":"SI/JST.JSTAGE","content_type":"JA","doi":"10.11218/ojjams.18.211","url":"https://doi.org/10.11218/ojjams.18.211","ra":"JaLC","prefix":"10.11218","site_name":"J-STAGE","publisher_list":[{"publisher_name":"Japanese Association For Mathematical Sociology","lang":"en"},{"publisher_name":"数理社会学会","lang":"ja"}],"title_list":[{"lang":"ja","title":"認識の効率性と階層イメージ","subtitle":"―スキャニング打ち切り条件を課したFKモデル―"},{"lang":"en","title":"Cognitive Efficiency and Images of Stratification :","subtitle":"FK Model Revisited under Condition of Truncation of Scanning Process"}],"creator_list":[{"sequence":"1","type":"person","names":[{"lang":"ja","last_name":"石田","first_name":"淳"},{"lang":"en","last_name":"ISHIDA","first_name":"Atsushi"}],"affiliation_list":[{"affiliation_name":"Graduate School of Sociology<BR>Kwansei Gakuin University","sequence":"1","lang":"en"},{"affiliation_name":"関西学院大学","sequence":"1","lang":"ja"}]}],"publication_date":{"publication_year":"2003"},"relation_list":[{"content":"https://www.jstage.jst.go.jp/article/ojjams/18/2/18_2_211/_pdf","type":"URL","relation":"fullTextPdf"}],"content_language":"ja","updated_date":"2017-03-23","article_type":"pub","journal_id_list":[{"journal_id":"0913-1442","type":"ISSN","issn_type":"print"},{"journal_id":"1881-6495","type":"ISSN","issn_type":"online"},{"journal_id":"ojjams","type":"JID"}],"journal_title_name_list":[{"journal_title_name":"Sociological Theory and Methods","type":"full","lang":"en"},{"journal_title_name":"Sociological Theory and Methods","type":"abbreviation","lang":"en"},{"journal_title_name":"理論と方法","type":"full","lang":"ja"},{"journal_title_name":"理論と方法","type":"abbreviation","lang":"ja"}],"journal_classification":"01","recorded_year":"1986-2013","volume":"18","issue":"2","first_page":"211","last_page":"228","date":"2009-01-20","keyword_list":[{"keyword":"images of stratification","sequence":"1","lang":"en"},{"keyword":"階層イメージ","sequence":"1","lang":"ja"},{"keyword":"Fararo=Kosaka model","sequence":"2","lang":"en"},{"keyword":"FKモデル","sequence":"2","lang":"ja"},{"keyword":"cognitive efficiency","sequence":"3","lang":"en"},{"keyword":"認識の効率性","sequence":"3","lang":"ja"}],"citation_list":[{"sequence":"1","original_text":"Davis, A., B. B. Gardner and M. R. Gardner. [1941]1988. <I>Deep South</I>. University of California."},{"sequence":"2","original_text":"Fararo, T. J. 1973. <I>Mathematical Sociology</I>. John Wiley &amp; Sons. =1980. 西田春彦・安田三郎（監訳）. 『数理社会学 I・II』 紀伊國屋書店."},{"sequence":"3","original_text":"Fararo, T. J. and K. Kosaka. 1992. &ldquo;Generating Images of the Shape of a Class System.&rdquo; <I>Journal of Mathematical Sociology</I>. 17(2-3): 195-216."},{"sequence":"4","original_text":"Fiske, S. T. and S. E. Taylor. 1991. <I>Social Cognition</I> (2nd ed). McGraw-Hill."},{"sequence":"5","original_text":"高坂健次. 2000. 『社会学におけるフォーマル・セオリー―階層イメージに関するFKモデル―』 ハーベスト社."},{"sequence":"6","original_text":"高坂健次・宮野勝. 1990. 「階層イメージ―イメージ形成過程への数理的アプローチ―」 原純輔（編） 『現代日本の階層構造2 階層意識の動態』 東京大学出版会."},{"sequence":"7","original_text":"高坂健次・与謝野有紀. 2000. 「政策対象としての真の社会的弱者とは」 高坂健次（編） 『日本の階層システム6 階層社会から新しい市民社会へ』 東京大学出版会."},{"sequence":"8","original_text":"Kosaka, K. and T. J. Fararo. 1991. &ldquo;Self-location in a Class System: A Formal-Theoretical Analysis.&rdquo; Pp.29-66 in <I>Advances in Group Processes Volume 8</I>, Edited by E. J. Lawler, B. Markovsky, C. Ridgeway and H. A. Walker. JAI Press."},{"sequence":"9","original_text":"宮野勝. 1988. 「階層構造認知と階層帰属意識」 1985年SSM調査委員会（編） 『1985年SSM調査報告書 2 階層意識の動態』: 119-35."},{"sequence":"10","original_text":"白倉幸男・与謝野有紀. 1991. 「階層認知と階層意識―階層認知の数理モデル―」『理論と方法』 6(2): 37-54."},{"sequence":"11","original_text":"海野道郎. 1988. 「ある係数の誕生―ファラロ＝高坂モデルによる分布の予測を評価する係数について―」『理論と方法』 3(2): 171-5."},{"sequence":"12","original_text":"渡辺勉・土場学. 1995. 「階層イメージと社会移動―ファラロ＝高坂モデルの拡張の試み―」『理論と方法』 10(1): 45-52."},{"sequence":"13","original_text":"与謝野有紀. 1996. 「階層評価の多様化と階層意識」『理論と方法』11(1): 21-36."}]}}