{"status":"OK","apiType":"doi","apiVersion":"1.0.0","message":{"total":1,"rows":1,"totalPages":1,"page":1},"data":{"siteId":"SI/JST.JSTAGE","content_type":"JA","doi":"10.11218/ojjams.17.183","url":"https://doi.org/10.11218/ojjams.17.183","ra":"JaLC","prefix":"10.11218","site_name":"J-STAGE","publisher_list":[{"publisher_name":"Japanese Association For Mathematical Sociology","lang":"en"},{"publisher_name":"数理社会学会","lang":"ja"}],"title_list":[{"lang":"ja","title":"社会規範の数理社会学にむけて"},{"lang":"en","title":"Toward Mathematical Sociology of Social Norms"}],"creator_list":[{"sequence":"1","type":"person","names":[{"lang":"ja","last_name":"小林","first_name":"盾"},{"lang":"en","last_name":"KOBAYASHI","first_name":"Jun"}],"affiliation_list":[{"affiliation_name":"Department of Sociology, University of Chicago","sequence":"1","lang":"en"},{"affiliation_name":"シカゴ大学","sequence":"1","lang":"ja"}]}],"publication_date":{"publication_year":"2002"},"relation_list":[{"content":"https://www.jstage.jst.go.jp/article/ojjams/17/2/17_2_183/_pdf","type":"URL","relation":"fullTextPdf"}],"content_language":"ja","updated_date":"2017-03-23","article_type":"pub","journal_id_list":[{"journal_id":"0913-1442","type":"ISSN","issn_type":"print"},{"journal_id":"1881-6495","type":"ISSN","issn_type":"online"},{"journal_id":"ojjams","type":"JID"}],"journal_title_name_list":[{"journal_title_name":"Sociological Theory and Methods","type":"full","lang":"en"},{"journal_title_name":"Sociological Theory and Methods","type":"abbreviation","lang":"en"},{"journal_title_name":"理論と方法","type":"full","lang":"ja"},{"journal_title_name":"理論と方法","type":"abbreviation","lang":"ja"}],"journal_classification":"01","recorded_year":"1986-2013","volume":"17","issue":"2","first_page":"183","last_page":"194","date":"2009-02-10","keyword_list":[{"keyword":"social norms","sequence":"1","lang":"en"},{"keyword":"社会規範","sequence":"1","lang":"ja"},{"keyword":"emergent mechanism","sequence":"2","lang":"en"},{"keyword":"発生メカニズム","sequence":"2","lang":"ja"},{"keyword":"preference formation","sequence":"3","lang":"en"},{"keyword":"選好形成","sequence":"3","lang":"ja"},{"keyword":"mathematical models","sequence":"4","lang":"en"},{"keyword":"数理モデル","sequence":"4","lang":"ja"},{"keyword":"problem of order","sequence":"5","lang":"en"},{"keyword":"秩序問題","sequence":"5","lang":"ja"},{"keyword":"mathematical sociology","sequence":"6","lang":"en"},{"keyword":"数理社会学","sequence":"6","lang":"ja"}],"citation_list":[{"sequence":"1","original_text":"Axelrod, Robert. 1984. <I>The Evolution of Cooperation</I>. Basic Books."},{"sequence":"2","original_text":"Axelrod, Robert. 1986. &ldquo;An Evolutionary Approach to Norms.&rdquo; <I>American Political Science Review</I> 80:1095-111."},{"sequence":"3","original_text":"Becker, Gary S. 1974. &ldquo;A Theory of Social Interactions.&rdquo; <I>Journal of Political Economy</I> 82:1063-94."},{"sequence":"4","original_text":"Becker, Gary S. 1981. &ldquo;Division of Labor in Households and Families.&rdquo; <I>A Treatise on the Family</I>. Harvard University Press."},{"sequence":"5","original_text":"Becker, Gary S. 1992. &ldquo;Habits, Addictions, and Traditions.&rdquo; <I>Kyklos</I> 45:327-45."},{"sequence":"6","original_text":"Becker, Gary S. 1996. &ldquo;Preferences and Values.&rdquo; <I>Accounting for Tastes</I>. Harvard University Press."},{"sequence":"7","original_text":"Bentham, Jeremy. [1789] 1970. <I>An Introduction to the Principles of Morals and Legislation</I>, edited by J. H. Burns and H. L. A. Hart. Athlone Press."},{"sequence":"8","original_text":"Berger, Peter L., and Thomas Luckman. 1966. <I>The Social Construction of Reality: A Treatise in the Sociology of Knowledge</I>. Doubleday."},{"sequence":"9","original_text":"Binmore, Ken and Larry Samuelson. 1994. &ldquo;An Economic Perspective on the Evolution of Norms.&rdquo; <I>Journal of Institutional and Theoretical Economics</I> 150:45-63."},{"sequence":"10","original_text":"Boyd, Robert, and Peter J. Richerdson. 1985. <I>Culture and the Evolutionary Process</I>. University of Chicago Press."},{"sequence":"11","original_text":"Coleman, James S. 1990. &ldquo;Metatheory: Explanation in Social Science.&rdquo; <I>Foundations of Social Theory</I>. Harvard University Press."},{"sequence":"12","original_text":"Dawkins, Richard. [1976] 1989. <I>The Selfish Gene</I>. Oxford University Press."},{"sequence":"13","original_text":"Diekman, Andreas and Peter Preisend&ouml;rfer. 1998. &ldquo;Environmental Behavior: Discrepancies between Aspirations and Rationality.&rdquo; <I>Rationality and Society</I> 10:435-49."},{"sequence":"14","original_text":"土場学. 1996. 「数理社会学：未完のプロジェクト」 『理論と方法』 11:157-73."},{"sequence":"15","original_text":"Durkheim, Emile. [1895] 1982. <I>The Rules of Sociological Method</I>, edited by Steven Lukes, translated by W. D. Halls. Free Press."},{"sequence":"16","original_text":"Durkheim, Emile. [1897] 1951. <I>Suicide: A Study in Sociology</I>, translated by John A. Spaulding and George Simpson. Free Press."},{"sequence":"17","original_text":"Elster, Jon. 1989. <I>The Cement of Society: A Study of Social Order</I>. Cambridge University Press."},{"sequence":"18","original_text":"Foucault, Michel. [1975] 1977. <I>Discipline and Punish: The Birth of the Prison</I>, translated by Alan Sheridan. Pantheon Books."},{"sequence":"19","original_text":"Friedman, James. 1971. &ldquo;A Non-cooperative Equilibrium for Supergames.&rdquo; <I>Journal of Economic Studies</I> 38:1-12."},{"sequence":"20","original_text":"Granovetter, Mark. 1978. &ldquo;Threshold Models of Collective Behavior.&rdquo; <I>American Journal of Sociology</I> 83:1420-43."},{"sequence":"21","original_text":"浜田宏. 2001. 「理論社会学としての数理社会学」 『理論と方法』 16:121-30."},{"sequence":"22","original_text":"Hardin, Garrett. 1968. &ldquo;The Tragedy of the Commons.&rdquo; <I>Science</I> 162:1243-8."},{"sequence":"23","original_text":"Hardin, Russell. 1971. &ldquo;Collective Action as an Agreeable N-prisoners' Dilemma.&rdquo; <I>Behavioral Science</I> 16:472-81."},{"sequence":"24","original_text":"Harsanyi, John. 1955. &ldquo;Cardinal Welfare, Individual Ethics, and Interpersonal Comparisons of Utility.&rdquo; <I>Journal of Political Economy</I> 63:309-21."},{"sequence":"25","original_text":"Hechter, Michael, and Satoshi Kanazawa. 1997. &ldquo;Sociological Rational Choice Theory.&rdquo; <I>Annual Review of Sociology</I> 23:191-214."},{"sequence":"26","original_text":"Hechter, Michael, and Karl-Dieter Opp (ed.). 2001. <I>Social Norms</I>. Russell Sage Foundation."},{"sequence":"27","original_text":"Kandori, Michihiro, George Mailath, and Rafael Rob. 1993. &ldquo;Learning, Mutation and Long Run Equilibria in Games.&rdquo; <I>Econometrica</I> 61:29-56."},{"sequence":"28","original_text":"Kant, Immanuel. [1785] 1969. <I>Foundations of the Metaphysics of Morals</I>, translated by Lewis White Beck. Bobbs-Merrill."},{"sequence":"29","original_text":"Kobayashi, Jun. 2001. &ldquo;Unanimous Opinions in Social Influence Networks.&rdquo; <I>Journal of Mathematical Sociology</I> 25:285-97."},{"sequence":"30","original_text":"Kobayashi, Jun. 2002. &ldquo;Evolution of Distributive Justice in Social Influence Networks.&rdquo; Discussion Paper, Institute for the Study of Cooperative Relations, Utrecht University."},{"sequence":"31","original_text":"小林盾. 1992. 「様相・行為・ルール：様相概念による，行為とルールの回帰性の位置付け」 『ソシオロゴス』 16:35-51."},{"sequence":"32","original_text":"小林盾. 1994. 「ダブルコンティンジェンシーの出口：相補性という方法へ」 『ソシオロゴス』 18:66-78."},{"sequence":"33","original_text":"小林盾. 1997. 「リベラルパラドクスとしての脳死問題：社会的選択理論による合意の形式的不可能性への再構成」 『ソシオロゴス』 21:79-94."},{"sequence":"34","original_text":"小林盾. 1999. 「多様な評価原理からの全員一致：繰り返し評価形成モデル」 『理論と方法』 14:125-40."},{"sequence":"35","original_text":"小林盾. 2000a. 「合意形成における評価戦略の進化」 『理論と方法』 15:181-96."},{"sequence":"36","original_text":"小林盾. 2000b.「3人以上でのゲームにおける進化的に安定な戦略」 『理論と方法』 15:209-16."},{"sequence":"37","original_text":"小林盾. 2002. 「社会規範の数理社会学にむけて」 第34回数理社会学会大会（於 岩手県立大学）."},{"sequence":"38","original_text":"Kreps, David M., Paul Milgrom, John Roberts, and Robert Wilson. 1982. &ldquo;Rational Cooperation in the Finitely Repeated Prisoners' Dilemma.&rdquo; <I>Journal of Economic Theory</I> 27:245-52."},{"sequence":"39","original_text":"Kripke, Saul A. 1982. <I>Wittgenstein on Rules and Private Language: An Elementary Exposition</I>. Blackwell."},{"sequence":"40","original_text":"武藤正義. 2002. 「僅かな利他性が導く協力の実現：進化ゲーム理論的アプローチ」 『理論と方法』 17:89-104."},{"sequence":"41","original_text":"Olson, Mancur. 1965. <I>The Logic of Collective Action: Public Goods and the Theory of Groups</I>. Harvard University Press."},{"sequence":"42","original_text":"大浦宏邦. 2003. 『進化ゲーム理論』 勁草書房（予定）."},{"sequence":"43","original_text":"Park, Robert Ezra, and Ernest W. Burgess. [1921] 1970. <I>Introduction to the Science of Sociology</I>. University of Chicago Press."},{"sequence":"44","original_text":"Parsons, Talcott. 1937. <I>The Structure of Social Action: A Study in Social Theory with Special Reference to a Group of Recent European Writers</I>. Free Press."},{"sequence":"45","original_text":"Rawls, John. 1971. <I>A Theory of Justice</I>. Harvard University Press."},{"sequence":"46","original_text":"Schelling, Thomas C. 1978. &ldquo;Thermostats, Lemmons, and Other Families of Models.&rdquo; <I>Micromotives and Macrobehavior</I>. Norton."},{"sequence":"47","original_text":"盛山和夫. 1995. 『制度論の構図』 創文社."},{"sequence":"48","original_text":"Sen, Amartya K. 1982. &ldquo;Choice, Orderings and Morality.&rdquo; <I>Choice, Welfare and Measurement</I>. Blackwell."},{"sequence":"49","original_text":"Shichijo, Tatsuhiro, and Jun Kobayashi. 2002. &ldquo;Coevolution of Protestantism and Capitalism: Macro Dynamics of Weber's Argument.&rdquo; Discussion Paper, Institute for the Study of Cooperative Relations, Utrecht University."},{"sequence":"50","original_text":"七條達弘・小林盾. 2002. 「頻度依存伝達による協力の進化」 第33回数理社会学会大会（於 東京工業大学）."},{"sequence":"51","original_text":"Taylor, Michael, and Hugh Ward. 1982. &ldquo;Chickens, Whales and Lumpy Goods: Alternative Models of Public Goods Provision.&rdquo; <I>Political Studies</I> 30:350-70."},{"sequence":"52","original_text":"Ullmann-Margalit, Edna. 1977. <I>The Emergence of Norms</I>. Clarendon Press."},{"sequence":"53","original_text":"海野道郎. 1991. 「社会的ジレンマ研究の射程」 盛山和夫・海野道郎（編） 『秩序問題と社会的ジレンマ』 ハーベスト社."},{"sequence":"54","original_text":"Weber, Max. [1921-2] 1974. <I>Basic Concepts in Sociology</I>, translated by H. P. Secher. Greenwood Press."},{"sequence":"55","original_text":"Weibull, J&ouml;rgen. 1995. <I>Evolutionary Game Theory</I>. M.I.T. Press."},{"sequence":"56","original_text":"与謝野有紀. 1999. 「階層構造と社会意識：社会学理論と数理的手法の関係性の視点から」 『理論と方法』 14:65-73."},{"sequence":"57","original_text":"Young, H. Payton. 1993. &ldquo;The Evolution of Convention.&rdquo; <I>Econometrica</I> 61:57-84."}]}}