{"status":"OK","apiType":"doi","apiVersion":"1.0.0","message":{"total":1,"rows":1,"totalPages":1,"page":1},"data":{"siteId":"SI/JST.JSTAGE","content_type":"JA","doi":"10.11218/ojjams.22.137","url":"https://doi.org/10.11218/ojjams.22.137","ra":"JaLC","prefix":"10.11218","site_name":"J-STAGE","publisher_list":[{"publisher_name":"Japanese Association For Mathematical Sociology","lang":"en"},{"publisher_name":"数理社会学会","lang":"ja"}],"title_list":[{"lang":"ja","title":"特集　若年非正規雇用・無業の計量社会学"},{"lang":"en","title":"Special Section"}],"creator_list":[{"sequence":"1","type":"person","names":[{"lang":"ja","last_name":"太郎丸","first_name":"博"},{"lang":"en","last_name":"TAROHMARU","first_name":"Hiroshi"}],"affiliation_list":[{"affiliation_name":"Osaka University","sequence":"1","lang":"en"},{"affiliation_name":"大阪大学","sequence":"1","lang":"ja"}]}],"publication_date":{"publication_year":"2007"},"relation_list":[{"content":"https://www.jstage.jst.go.jp/article/ojjams/22/2/22_2_137/_pdf","type":"URL","relation":"fullTextPdf"}],"content_language":"ja","updated_date":"2017-03-23","article_type":"pub","journal_id_list":[{"journal_id":"0913-1442","type":"ISSN","issn_type":"print"},{"journal_id":"1881-6495","type":"ISSN","issn_type":"online"},{"journal_id":"ojjams","type":"JID"}],"journal_title_name_list":[{"journal_title_name":"Sociological Theory and Methods","type":"full","lang":"en"},{"journal_title_name":"Sociological Theory and Methods","type":"abbreviation","lang":"en"},{"journal_title_name":"理論と方法","type":"full","lang":"ja"},{"journal_title_name":"理論と方法","type":"abbreviation","lang":"ja"}],"journal_classification":"01","recorded_year":"1986-2013","volume":"22","issue":"2","first_page":"137","last_page":"138","date":"2008-01-08","citation_list":[{"sequence":"1","original_text":"堀有喜衣編. 2007. 『フリーターに滞留する若者たち』勁草書房."},{"sequence":"2","original_text":"石田浩編. 2006. 『高校生の進路選択と意識変容　東京大学社会科学研究所研究シリーズNo.21』東京大学社会科学研究所."},{"sequence":"3","original_text":"小杉礼子編. 2002. 『自由の代償／フリーター』日本労働研究機構."},{"sequence":"4","original_text":"小杉礼子編. 2005. 『フリーターとニート』勁草書房."},{"sequence":"5","original_text":"大阪市市民局編. 2007. 『若年者の雇用実態に関する調査』大阪市市民局市民生活振興部　雇用・勤労施策室."},{"sequence":"6","original_text":"Swell, W. H., A. O. Haller and A. Portes. 1969. &ldquo;The Educational and Early Occupational Attainment.&rdquo; <I>American Sociological Review</I> 34(1): 82-92."},{"sequence":"7","original_text":"太郎丸博編. 2005. 『フリーター調査報告書』http://risya.hus.osaka-u.ac.jp/research/"},{"sequence":"8","original_text":"太郎丸博. 2006. 「社会移動とフリーター―誰がフリーターになりやすいのか―」太郎丸博編『フリーターとニートの社会学』世界思想社, 30-48."}]}}