{"status":"OK","apiType":"doi","apiVersion":"1.0.0","message":{"total":1,"rows":1,"totalPages":1,"page":1},"data":{"siteId":"SI/JST.JSTAGE","content_type":"JA","doi":"10.11218/ojjams.21.77","url":"https://doi.org/10.11218/ojjams.21.77","ra":"JaLC","prefix":"10.11218","site_name":"J-STAGE","publisher_list":[{"publisher_name":"Japanese Association For Mathematical Sociology","lang":"en"},{"publisher_name":"数理社会学会","lang":"ja"}],"title_list":[{"lang":"ja","title":"なぜ民主制が求められるのか","subtitle":"明治初期における地租変動と自由民権運動の関係から"},{"lang":"en","title":"Why the People Seek Democracy?","subtitle":"From the Viewpoint of the Land Tax and the People's Rights Movement in the Earlier Stage of Meiji Period"}],"creator_list":[{"sequence":"1","type":"person","names":[{"lang":"ja","last_name":"劉","first_name":"国翰"},{"lang":"en","last_name":"Liu","first_name":"Guohan"}],"affiliation_list":[{"affiliation_name":"Department of Value and Decision Science, Graduate School of Decision and Technology, Tokyo Institute of Technology","sequence":"1","lang":"en"},{"affiliation_name":"東京工業大学","sequence":"1","lang":"ja"}]}],"publication_date":{"publication_year":"2006"},"relation_list":[{"content":"https://www.jstage.jst.go.jp/article/ojjams/21/1/21_1_77/_pdf","type":"URL","relation":"fullTextPdf"}],"content_language":"ja","updated_date":"2017-03-23","article_type":"pub","journal_id_list":[{"journal_id":"0913-1442","type":"ISSN","issn_type":"print"},{"journal_id":"1881-6495","type":"ISSN","issn_type":"online"},{"journal_id":"ojjams","type":"JID"}],"journal_title_name_list":[{"journal_title_name":"Sociological Theory and Methods","type":"full","lang":"en"},{"journal_title_name":"Sociological Theory and Methods","type":"abbreviation","lang":"en"},{"journal_title_name":"理論と方法","type":"full","lang":"ja"},{"journal_title_name":"理論と方法","type":"abbreviation","lang":"ja"}],"journal_classification":"01","recorded_year":"1986-2013","volume":"21","issue":"1","first_page":"77","last_page":"91","date":"2007-08-01","keyword_list":[{"keyword":"民主","sequence":"1","lang":"ja"},{"keyword":"Democracy","sequence":"1","lang":"en"},{"keyword":"People's Rights Movement","sequence":"2","lang":"en"},{"keyword":"自由民権運動","sequence":"2","lang":"ja"},{"keyword":"Land Tax","sequence":"3","lang":"en"},{"keyword":"地租","sequence":"3","lang":"ja"},{"keyword":"Transitional Economy","sequence":"4","lang":"en"},{"keyword":"移行経済","sequence":"4","lang":"ja"}],"citation_list":[{"sequence":"1","original_text":"青木虹二. 1967.『明治農民騒擾の年次研究』新生社"},{"sequence":"2","original_text":"江村栄一. 1984.『自由民権革命の研究』法政大学出版局：293-294."},{"sequence":"3","original_text":"藤田五郎.1952.『封建社会の展開過程』有斐閣."},{"sequence":"4","original_text":"Fullerton, Don., and Metcalf, Gilbert E. 2002. &ldquo;Tax Incidence.&rdquo; Pp.1787-1872 in Handbook of Public Economics (Volume 4), edited by Auerbach, A. J. and Amsterdam M. F. Netherlands: Elsevier Science."},{"sequence":"5","original_text":"平野義太郎. 1968.『ブルジョア民主主義革命』法政大学出版局：267-270"},{"sequence":"6","original_text":"堀江英一. 1963.「幕末・維新の農業構造」 堀江英一（編）『幕末・維新の農業構造』岩波書店：1-35."},{"sequence":"7","original_text":"細川雄二郎. 1892.『日本財政総覧：国庫財政編』（第一輯：自明治元年至明治二十三年度）：13-47."},{"sequence":"8","original_text":"中村　哲. 1963.「綿作地帯の農業構造」堀江英一（編）『幕末・維新の農業構造』岩波書店：37-119."},{"sequence":"9","original_text":"内藤正中. 1956.「明治20年代の政治地図&mdash;&mdash;第1・2回総選挙結果の分析から」『歴史学研究』歴史学研究会194：32-35."},{"sequence":"10","original_text":"大石嘉一郎. 1961.『日本地方財行政史序説&mdash;&mdash;自由民権運動と地方自治制』 御茶の水書房：33；314-323"},{"sequence":"11","original_text":"大石嘉一郎.1989.『自由民権と大隈・松方財政』東京大学出版会：64-71"},{"sequence":"12","original_text":"Olson, Mancur. Jr. 1993. &ldquo;Dictatorship, Democracy and Development.&rdquo; American Political Science Review 87: 567-576."},{"sequence":"13","original_text":"酒井　一. 1963.「後進地帯の農業構造」堀江英一(編)『幕末・維新の農業構造』岩波書店: 253-300."},{"sequence":"14","original_text":"佐藤誠郎.1954.「明治17年5月の自由党名簿について」『歴史学研究』歴史学研究会178：31-38"},{"sequence":"15","original_text":"下山三郎. 1963.「自由民権運動&mdash;&mdash;その地域的分布」『東京経大学会誌』東京経済大学37：199-222."},{"sequence":"16","original_text":"庄司吉之助. 1956.「自由民権運動の経済的背景」 明治史料研究連絡会(編集)『自由民権運動』御茶の水書房：187-249"},{"sequence":"17","original_text":"田口正巳. 1962.「明治初期政治運動の一研究&mdash;&mdash;自由民権運動の三つの源流」『立正大学文学部論叢』立正大学文学部：15."},{"sequence":"18","original_text":"Toynbee, A. 1972. A Study of History: (The One-Volume Edition) Illustrated. Thames and Hudson."},{"sequence":"19","original_text":"梅村又次・大川一司・篠原三代平. 1988.『長期経済統計：労働力巻』東洋経済新報社：218-219；252-253"},{"sequence":"20","original_text":"宇沢弘文.1990.『経済解析: 基礎篇』岩波書店：147-158, 348-373"}]}}