{"status":"OK","apiType":"doi","apiVersion":"1.0.0","message":{"total":1,"rows":1,"totalPages":1,"page":1},"data":{"siteId":"SI/JST.JSTAGE","content_type":"JA","doi":"10.11218/ojjams.29.147","url":"https://doi.org/10.11218/ojjams.29.147","ra":"JaLC","prefix":"10.11218","site_name":"J-STAGE","publisher_list":[{"publisher_name":"Japanese Association For Mathematical Sociology","lang":"en"},{"publisher_name":"数理社会学会","lang":"ja"}],"title_list":[{"lang":"en","title":"An Empirical Investigation of Relationships between Junior High School Students' Family Socioeconomic Status, Parental Involvement, and Academic Performance in Japan"}],"creator_list":[{"sequence":"1","type":"person","names":[{"lang":"en","last_name":"MATSUOKA","first_name":"Ryoji"}],"affiliation_list":[{"affiliation_name":"Waseda University","sequence":"1","lang":"en"}]}],"publication_date":{"publication_year":"2014"},"relation_list":[{"content":"https://www.jstage.jst.go.jp/article/ojjams/29/1/29_147/_pdf","type":"URL","relation":"fullTextPdf"}],"content_language":"en","updated_date":"2016-07-09","article_type":"pub","journal_id_list":[{"journal_id":"0913-1442","type":"ISSN","issn_type":"print"},{"journal_id":"1881-6495","type":"ISSN","issn_type":"online"},{"journal_id":"ojjams","type":"JID"}],"journal_title_name_list":[{"journal_title_name":"Sociological Theory and Methods","type":"full","lang":"en"},{"journal_title_name":"Sociological Theory and Methods","type":"abbreviation","lang":"en"},{"journal_title_name":"理論と方法","type":"full","lang":"ja"},{"journal_title_name":"理論と方法","type":"abbreviation","lang":"ja"}],"journal_classification":"01","recorded_year":"1986-2013","volume":"29","issue":"1","first_page":"147","last_page":"165","date":"2016-07-10","keyword_list":[{"keyword":"Parental involvement, concerted cultivation, compulsory education, multilevel, TIMSS","sequence":"1","lang":"en"}],"citation_list":[{"sequence":"1","original_text":"Agresti, Alan. 2013. <I>Categorical Data Analysis</I>. Hoboken, N.J.: Wiley-Interscience."},{"sequence":"2","original_text":"Bennett, Pamela R., Amy C. Lutz and Lakshmi Jayaram. 2012. &ldquo;Beyond the Schoolyard: The Role of Parenting Logics, Financial Resources, and Social Institutions in the Social Class Gap in Structured Activity Participation.&rdquo; <I>Sociology of Education</I> 85(2): 131-57."},{"sequence":"3","original_text":"Cheadle, Jacob E. and Paul R. Amato. 2011. &ldquo;A Quantitative Assessment of Lareau's Qualitative Conclusions About Class, Race, and Parenting.&rdquo; <I>Journal of Family Issues</I> 32(5): 679-706."},{"sequence":"4","original_text":"Chin, Tiffani and Meredith Phillips. 2004. &ldquo;Social Reproduction and Child-Rearing Practices: Social Class, Children's Agency, and the Summer Activity Gap.&rdquo; <I>Sociology of Education</I> 77(3): 185-210."},{"sequence":"5","original_text":"Desimone, Laura. 1999. &ldquo;Linking Parent Involvement with Student Achievement: Do Race and Income Matter?&rdquo; <I>Journal of Educational Research</I> 93(1): 11-30."},{"sequence":"6","original_text":"Domina, Thurston. 2005. &ldquo;Leveling the Home Advantage: Assessing the Effectiveness of Parental Involvement in Elementary School.&rdquo; <I>Sociology of Education</I> 78(3): 233-49."},{"sequence":"7","original_text":"Dumais, Susan A., Richard J. Kessinger and Bonny Ghosh. 2012. &ldquo;Concerted Cultivation and Teachers' Evaluations of Students: Exploring the Intersection of Race and Parents' Educational Attainment.&rdquo; <I>Sociological Perspectives</I> 55(1): 17-42."},{"sequence":"8","original_text":"Fan, Weihua and Cathy M. Williams. 2010. &ldquo;The Effects of Parental Involvement on Student's Academic Self-Efficacy, Engagement and Intrinsic Motivation.&rdquo; <I>Educational Psychology</I> 30(1): 53-74."},{"sequence":"9","original_text":"Heck, Ronald H. and Scott L. Thomas. 2008. <I>An Introduction to Multilevel Modeling Techniques</I>. New York: Routledge."},{"sequence":"10","original_text":"Hill, Nancy E. and Diana F. Tyson. 2009. &ldquo;Parental Involvement in Middle Achool: A Meta-Analytic Assessment of the Strategies That Promote Achievement.&rdquo; <I>Developmental Psychology</I> 45(3): 740-63."},{"sequence":"11","original_text":"Holloway, Susan D., Yoko Yamamoto, Sawako Suzuki and Jessica Mindnich. 2008. &ldquo;Determinants of Parental Involvement in Early Schooling: Evidence from Japan.&rdquo; <I>Early Childhood Research and Practice</I> 10(1)."},{"sequence":"12","original_text":"Honda, Yuki. 2008. <I>Katei Kyoiku No Airo [Obstacles to Home Education]</I>. Tokyo: Keiso shobo."},{"sequence":"13","original_text":"Hox, J. J. 2010. <I>Multilevel Analysis: Techniques and Applications (2nd Edition)</I>. New York, NY: Routledge."},{"sequence":"14","original_text":"IEA. 2011a. &ldquo;Timss2011 School Questionnaire<Grade 8>.&rdquo; (http://timssandpirls.bc.edu/timss2011/downloads/T11_SchQ_8.pdf)."},{"sequence":"15","original_text":"IEA. 2011b. &ldquo;Timss2011 Student Questionnaire <Grade 8>.&rdquo; (http://timssandpirls.bc.edu/timss2011/downloads/T11_StuQ_8.pdf)."},{"sequence":"16","original_text":"Kanbara, Fumiko and Yoko Takata. 2000. <I>Kyoikuki No Kosodate to Oyako Kankei: Oya to Ko No Kakawari O Aratana Kanten Kara Jissho Suru [Child Rearing and Parent-Child Relationship During Years of Schooling: Demonstrating Parent-Child Relationship from New Perspectives]</I>. Kyoto: Mineruba shobo."},{"sequence":"17","original_text":"Kariya, Takehiko. 2004. &ldquo;Gakuryoku No Kaisosa Ha Kakudai Shitaka [Is Disparity of Academic Achievement Based on Social Class Widen] &rdquo; in <I>Gakuryoku No Shakaigaku: Chosa Ga Shimesu Gakuryoku No Henka to Gakushu No Kadai [Sociology of Academic Achievement: Changes of Academic Achievement and Problems of Learning Shown by Surveys]</I> edited by T. Kariya and K. Shimizu. Tokyo: Iwanami Shoten."},{"sequence":"18","original_text":"Kariya, Takehiko. 2011. &ldquo;Japanese Solutions to the Equity and Efficiency Dilemma? Secondary Schools, Inequity and the Arrival of &lsquo;Universal&rsquo; Higher Education.&rdquo; <I>Oxford Review of Education</I> 37(2): 241-66."},{"sequence":"19","original_text":"Kataoka, Emi. 2001. &ldquo;Kyoikutassei Katei Ni Okeru Kazoku No Kyoiku Senryaku: Bunka Shihon Koka to Gakkogai Kyoiku Toshi Koka No Gienda Sa O Chushin Ni [Family Strategy in Educational Attainment Process in Japan: Effects of Cultural Capital and Investment in Extra-School Education].&rdquo; <I>Japanese Journal of Educational Research</I> 68(3): 259-73."},{"sequence":"20","original_text":"Kataoka, Emi. 2009. &ldquo;Kakusa Shakai to Shochugaku Juken--Juken O Tsujita Shakaitekiheisa, Risukukaihi, Ishitsuna Tasha Heno Kanyosei [Class Closeness and Parental School Choice--Sociological Analysis Concerning 'O-Juken' and Junior High School Examinations in Japan.&rdquo; <I>Japanese Journal of Family Sociology</I> 21: 30-44."},{"sequence":"21","original_text":"Katase, Kazuo and Kazushi Hirasawa. 2008. &ldquo;Syoshika to Kyoikutoshi Kyoikutassei: Tokusyu, Jinkohendo to Kyoikukaikaku [the Declining Birthrate and Educational Investment and Achievement: Special Issue, Demographic Change and Educational Reform].&rdquo; <I>The journal of educational sociology</I> 82: 43-59."},{"sequence":"22","original_text":"Lareau, Annette. 2000. <I>Home Advantage: Social Class and Parental Intervention in Elementary Education</I>. Lanham, Md.: Rowman &amp; Littlefield Publishers."},{"sequence":"23","original_text":"Lareau, Annette. 2003. <I>Unequal Childhoods: Class, Race, and Family Life</I>. University of California Press."},{"sequence":"24","original_text":"Lareau, Annette. 2011. <I>Unequal Childhoods: Class, Race, and Family Life, Second Edition, with an Update a Decade Later</I>: University of California Press."},{"sequence":"25","original_text":"Ma, Yingyi. 2009. &ldquo;Family Socioeconomic Status, Parental Involvement, and College Major Choices-Gender, Race/Ethnic, and Nativity Patterns.&rdquo; <I>Sociological Perspectives</I> 52(2): 211-34."},{"sequence":"26","doi":"10.1080/01425692.2013.820125","original_text":"Matsuoka, R. (2013). &ldquo;School socioeconomic compositional effect on shadow education participation: Evidence from Japan.&rdquo; <I>British Journal of Sociology of Education</I>. doi: 10.1080/01425692.2013.820125"},{"sequence":"27","original_text":"McNeal, Ralph B. 1999. &ldquo;Parental Involvement as Social Capital: Differential Effectiveness on Science Achievement, Truancy, and Dropping Out.&rdquo; <I>Social Forces</I> 78(1): 117-44."},{"sequence":"28","original_text":"MEXT. 2008, &ldquo;Kodomo No Gakkogai Deno Gakushukatsudo Ni Kansuru Jittai Chosa Hokoku [Actual Condition Survey on Learning Activities of Children Outside of Schools]&rdquo;, Tokyo: Ministry of Education, Culture, Sports, Science and Technology (MEXT). Retrieved August 1st, 2013 (http://www.mext.go.jp/b_menu/ houdou/20/08/08080710.htm)."},{"sequence":"29","original_text":"MEXT. 2012. Gakko Kihon Chosa: Heisei 23 Nendo (Kakuteichi) Kekka No Gaiyo [2011 School Basic Survey: A Brief Summary of Results of Academic Year 2011-12 (Definite Value)]Congress, (http://www.mext.go.jp/ b_menu/toukei/chousa01/kihon/kekka/k_detail/1315581.htm)."},{"sequence":"30","original_text":"National Institute for Educational Policy Research. 2012. Kokusai Sugaku Rika Kyoiku Doko Chosa No 2011 Nen Chosa: Kokusai Chosa Kekka Hokoku [Timss2011: Report on Results of the International Examination]Congress. Retrieved February 11th, 2013 (http://www.nier.go.jp/timss/2011/T11_gaiyou.pdf)."},{"sequence":"31","original_text":"Olson, J.F., M.O. Martin and I.V.S. Mullis, eds. 2008. <I>Timss 2007 Technical Report</I>. Chestnut Hill, MA: TIMSS & PIRLS International Study Center, Boston College."},{"sequence":"32","original_text":"Oshio, Takashi. 2012. <I>Koritsu to Kohei O to[Inquiring About Efficiency and Equity]</I>. Tokyo: Nihonhyoronsha."},{"sequence":"33","original_text":"Park, Hyunjoon. 2008. &ldquo;The Varied Educational Effects of Parent-Child Communication: A Comparative Study of Fourteen Countries.&rdquo; <I>Comparative Education Review</I> 52(2): 219-43."},{"sequence":"34","original_text":"Park, Hyunjoon, Soo-yong Byun and Kyung-keun Kim. 2011. &ldquo;Parental Involvement and Students' Cognitive Outcomes in Korea: Focusing on Private Tutoring.&rdquo; <I>Socioology of Education</I> 84(1): 3-22."},{"sequence":"35","original_text":"Raudenbush, Stephen W. and Anthony S. Bryk. 2002. <I>Hierarchical Linear Models: Applications and Data Analysis Methods</I>. Newbury Park, CA: Sage."},{"sequence":"36","original_text":"Raudenbush, Stephen W., Anthony S. Bryk, Yuk F. Cheong, Richard Congdon and Mathilda Du Toit. 2011. <I>Hlm 7: Hierarchical Linear and Nonlinear Modeling</I>. Scientific Software International."},{"sequence":"37","original_text":"Sugihara, Nahoko. 2011. &ldquo;Oya No Kyoiku Kodo to Chiikisa[Parents' Educational Behavior and Regional Disparities].&rdquo; in <I>Kakusa Shakai O Ikiru Kazoku: Kyoiku Ishiki to Chiiki Jienda [Families Living in Unequal Society: Attitudes toward Education, Regions and Gender]</I>, edited by Y. Ishikawa, N. Sugihara, K. Kita and Y. Nakanishi. Tokyo: Yushindo kobunsha."},{"sequence":"38","original_text":"Sui-Chu, Esther Ho and Douglas Willms. 1996. &ldquo;Effects of Parental Involvement on Eighth-Grade Achievement.&rdquo; <I>Sociology of Education</I> 69(2): 126-41."},{"sequence":"39","original_text":"Taki, Hirofumi. 2012. &ldquo;Gimukyoikudankai Niokeru Gakuryoku to Shakaikeizaitekichii No Kanrenkozo: Timss Data O Mochiite[Associated Structure between Academic Performance and Socioeconomic Status in Compulsory Education Using Timss Data].&rdquo; Paper presented at the 85th Conference of the Japan Sociological Society, Sapporo."},{"sequence":"40","original_text":"Useem, Elizabeth L. 1992. &ldquo;Middle Schools and Math Groups: Parents' Involvement in Children's Placement.&rdquo; <I>Sociology of Education</I> 65(4): 263-79."},{"sequence":"41","original_text":"Uzuki, Yuka. 2004. &ldquo;Shochugakusei No Doryoku to Mokuhyo: Shakaiteki Sembatsuizen No Oya No Eikyoryoku [Elementary and Junior High School Students' Effort and Aim: Parental Influence in the Pre-Selection Stage].&rdquo; in <I>Josei No Shugyo to Oyako Kankei: Hahaoyatachi No Kaiso Senryaku[Working Women and Child- Parent Relationship: Mothers' Strategies]</I>, edited by Y. Honda. Tokyo: Keiso Shobo."},{"sequence":"42","original_text":"Yamamoto, Yoko and Mary C. Brinton. 2010. &ldquo;Cultural Capital in East Asian Educational Systems: The Case of Japan.&rdquo; <I>Sociology of Education</I> 83(1): 67-83."}]}}