{"status":"OK","apiType":"doi","apiVersion":"1.0.0","message":{"total":1,"rows":1,"totalPages":1,"page":1},"data":{"siteId":"SI/JST.JSTAGE","content_type":"JA","doi":"10.11218/ojjams.22.17","url":"https://doi.org/10.11218/ojjams.22.17","ra":"JaLC","prefix":"10.11218","site_name":"J-STAGE","publisher_list":[{"publisher_name":"Japanese Association For Mathematical Sociology","lang":"en"},{"publisher_name":"数理社会学会","lang":"ja"}],"title_list":[{"lang":"ja","title":"閉鎖的関係および開放的関係の相互作用による社会的効率性の向上"},{"lang":"en","title":"Endogenous Increase in Social Efficiency through the Interaction between Open Relation and Closed Relation"}],"creator_list":[{"sequence":"1","type":"person","names":[{"lang":"ja","last_name":"藤山","first_name":"英樹"},{"lang":"en","last_name":"FUJIYAMA","first_name":"Hideki"}],"affiliation_list":[{"affiliation_name":"Faculty of Economics Dokkyo University","sequence":"1","lang":"en"},{"affiliation_name":"獨協大学","sequence":"1","lang":"ja"}]}],"publication_date":{"publication_year":"2007"},"relation_list":[{"content":"https://www.jstage.jst.go.jp/article/ojjams/22/1/22_1_17/_pdf","type":"URL","relation":"fullTextPdf"}],"content_language":"ja","updated_date":"2017-03-23","article_type":"pub","journal_id_list":[{"journal_id":"0913-1442","type":"ISSN","issn_type":"print"},{"journal_id":"1881-6495","type":"ISSN","issn_type":"online"},{"journal_id":"ojjams","type":"JID"}],"journal_title_name_list":[{"journal_title_name":"Sociological Theory and Methods","type":"full","lang":"en"},{"journal_title_name":"Sociological Theory and Methods","type":"abbreviation","lang":"en"},{"journal_title_name":"理論と方法","type":"full","lang":"ja"},{"journal_title_name":"理論と方法","type":"abbreviation","lang":"ja"}],"journal_classification":"01","recorded_year":"1986-2013","volume":"22","issue":"1","first_page":"17","last_page":"30","date":"2007-08-03","keyword_list":[{"keyword":"Open relation","sequence":"1","lang":"en"},{"keyword":"開放的関係","sequence":"1","lang":"ja"},{"keyword":"Closed relation","sequence":"2","lang":"en"},{"keyword":"閉鎖的関係","sequence":"2","lang":"ja"},{"keyword":"Mobility","sequence":"3","lang":"en"},{"keyword":"移動","sequence":"3","lang":"ja"},{"keyword":"Prisoners' Dilemma","sequence":"4","lang":"en"},{"keyword":"囚人のジレンマ","sequence":"4","lang":"ja"}],"citation_list":[{"sequence":"1","original_text":"Fujiyama, Hideki., Jun Kobayashi. and  Hirokuni Oura. 2005. \"Effects of Unanimity on Cooperation.\", 大浦宏邦（編）『秩序問題への進化ゲーム理論的アプローチ』（平成14～16年度文部科学省科学研究費研究成果報告書, 課題番号 14310095）: 162-167."},{"sequence":"2","original_text":"Kollock, Peter. 1994. \"The Emergence of Exchange Structures: An Experimental Study of Uncertainty, Commitment, and Trust.\", American Journal of Sociology 100(2): 313-345."},{"sequence":"3","original_text":"大西広. 1992. 『資本主義以前の「社会主義」と資本主義後の社会主義：工業社会の成立とその終焉』大月書店."},{"sequence":"4","original_text":"Putnam, Robert D. 2000. Bowling Alone: The Collapse and Revival of American Community. New York: Simon and Schuster."},{"sequence":"5","original_text":"佐藤嘉倫. 2005. 「市場における信頼関係とコミットメント関係」佐藤嘉倫・平松闊（編）『ネットワーク・ダイナミクス：社会ネットワークと合理的選択』勁草書房: 53-69."},{"sequence":"6","original_text":"高橋伸夫. 1997. 『日本企業の意思決定原理』東京大学出版会."},{"sequence":"7","original_text":"高橋伸夫. 2004. 『虚妄の成果主義―日本型年功制復活のススメ―』日経BP社."},{"sequence":"8","original_text":"Vega-Redondo, Fernando. 2003. \"Unfolding Social Hierarchies.\", Journal of Economic Theory 90(2): 177-203."},{"sequence":"9","original_text":"Williamson, Oliver E. 1975. Markets and Hierarchies: Analysis and Antitrust Implications. New York: Free Press. =1980. 浅沼萬里・岩崎晃（訳）『市場と企業組織』日本評論社."},{"sequence":"10","original_text":"山岸俊男. 1998. 『信頼の構造：こころと社会の進化ゲーム』東京大学出版会."}]}}