{"status":"OK","apiType":"doi","apiVersion":"1.0.0","message":{"total":1,"rows":1,"totalPages":1,"page":1},"data":{"siteId":"SI/JST.JSTAGE","content_type":"JA","doi":"10.11218/ojjams.17.109","url":"https://doi.org/10.11218/ojjams.17.109","ra":"JaLC","prefix":"10.11218","site_name":"J-STAGE","publisher_list":[{"publisher_name":"Japanese Association For Mathematical Sociology","lang":"en"},{"publisher_name":"数理社会学会","lang":"ja"}],"title_list":[{"lang":"en","title":"Communications"},{"title":"グローバル化する現代社会の新たな秩序問題とその解決","subtitle":"―数土直紀『理解できない他者と理解されない自己』の書評ゼミ・レポート―"}],"creator_list":[{"sequence":"1","type":"person","names":[{"lang":"en","last_name":"DOBA","first_name":"Gaku"},{"lang":"ja","last_name":"土場","first_name":"学"}],"affiliation_list":[{"affiliation_name":"Tokyo Institute of Technology","sequence":"1","lang":"en"},{"affiliation_name":"東京工業大学","sequence":"1","lang":"ja"}]},{"sequence":"2","type":"person","names":[{"lang":"en","last_name":"MATSUMURA","first_name":"Masaharu"},{"lang":"ja","last_name":"松村","first_name":"正治"}],"affiliation_list":[{"affiliation_name":"Tokyo Institute of Technology","sequence":"1","lang":"en"},{"affiliation_name":"東京工業大学","sequence":"1","lang":"ja"}]}],"publication_date":{"publication_year":"2002"},"relation_list":[{"content":"http://www.jstage.jst.go.jp/article/ojjams/17/1/17_1_109/_pdf","type":"URL","relation":"fullTextPdf"}],"updated_date":"2014-12-09","article_type":"pub","journal_id_list":[{"journal_id":"0913-1442","type":"ISSN","issn_type":"print"},{"journal_id":"1881-6495","type":"ISSN","issn_type":"online"},{"journal_id":"ojjams","type":"JID"}],"journal_title_name_list":[{"journal_title_name":"Sociological Theory and Methods","type":"full","lang":"en"},{"journal_title_name":"Sociological Theory and Methods","type":"abbreviation","lang":"en"},{"journal_title_name":"理論と方法","type":"full","lang":"ja"},{"journal_title_name":"理論と方法","type":"abbreviation","lang":"ja"}],"journal_classification":"01","recorded_year":"1986-2013","volume":"17","issue":"1","first_page":"109","last_page":"117","date":"2009-02-10"}}