{"status":"OK","apiType":"doi","apiVersion":"1.0.0","message":{"total":1,"rows":1,"totalPages":1,"page":1},"data":{"siteId":"SI/JST.JSTAGE","content_type":"JA","doi":"10.11218/ojjams.28.69","url":"https://doi.org/10.11218/ojjams.28.69","ra":"JaLC","prefix":"10.11218","site_name":"J-STAGE","publisher_list":[{"publisher_name":"Japanese Association For Mathematical Sociology","lang":"en"},{"publisher_name":"数理社会学会","lang":"ja"}],"title_list":[{"lang":"en","title":"Panel Data Analysis with Distinction of the Direction and Path of Changes and the Status of Unchanges","subtitle":"An Analysis of Income Changes Following Employment Status Changes"},{"lang":"ja","title":"変化の向き・経路と非変化時の状態を区別したパネルデータ分析","subtitle":"従業上の地位変化がもたらす所得変化を事例として"}],"creator_list":[{"sequence":"1","type":"person","names":[{"lang":"en","last_name":"ARITA","first_name":"Shin"},{"lang":"ja","last_name":"有田","first_name":"伸"}],"affiliation_list":[{"affiliation_name":"University of Tokyo","sequence":"1","lang":"en"},{"affiliation_name":"東京大学","sequence":"1","lang":"ja"}]}],"publication_date":{"publication_year":"2013"},"relation_list":[{"content":"https://www.jstage.jst.go.jp/article/ojjams/28/1/28_69/_pdf","type":"URL","relation":"fullTextPdf"}],"content_language":"ja","updated_date":"2014-12-09","article_type":"pub","journal_id_list":[{"journal_id":"0913-1442","type":"ISSN","issn_type":"print"},{"journal_id":"1881-6495","type":"ISSN","issn_type":"online"},{"journal_id":"ojjams","type":"JID"}],"journal_title_name_list":[{"journal_title_name":"Sociological Theory and Methods","type":"full","lang":"en"},{"journal_title_name":"Sociological Theory and Methods","type":"abbreviation","lang":"en"},{"journal_title_name":"理論と方法","type":"full","lang":"ja"},{"journal_title_name":"理論と方法","type":"abbreviation","lang":"ja"}],"journal_classification":"01","recorded_year":"1986-2013","volume":"28","issue":"1","first_page":"69","last_page":"86","date":"2014-09-01","keyword_list":[{"keyword":"階層帰属意識","sequence":"1","lang":"ja"},{"keyword":"panel data","sequence":"1","lang":"en"},{"keyword":"婚姻状態","sequence":"2","lang":"ja"},{"keyword":"fixed effect model","sequence":"2","lang":"en"},{"keyword":"社会変動","sequence":"3","lang":"ja"},{"keyword":"first difference model","sequence":"3","lang":"en"},{"keyword":"社会変動","sequence":"4","lang":"ja"},{"keyword":"pattern of changes","sequence":"4","lang":"en"},{"keyword":"社会変動","sequence":"5","lang":"ja"},{"keyword":"economics and sociology","sequence":"5","lang":"en"}],"citation_list":[{"sequence":"1","original_text":"Baltagi, Badi H. 2008, <I>Economic Analysis of Panel Data 4th ed.</I> Chichester: John Wiley and Sons."},{"sequence":"2","original_text":"Granovetter, Mark. 1981. &ldquo;Toward a Sociological Theory of Income Differences,&rdquo; Pp.11-47 in <I>Sociological Perspective on Labor Markets,</I> edited by Ivar Berg, New York: Academic Press."},{"sequence":"3","original_text":"北村行伸，2006，「パネルデータの意義とその活用――なぜパネルデータが必要になったのか」『日本労働研究雑誌』551: 6-16．"},{"sequence":"4","original_text":"Laporte, Audrey and Frank Windmeijer. 2005, &ldquo;Estimation of panel data models with binary indicators when treatment effects are not constant over time,&rdquo; <I>Economics Letters,</I> 88: 389-96."},{"sequence":"5","original_text":"中澤渉，2012，「なぜパネル・データを分析するのが必要なのか――パネル・データ分析の特性の紹介」『理論と方法』27(1): 23-40．"},{"sequence":"6","original_text":"奥井めぐみ，2000，「パネルデータによる男女別規模間賃金格差に関する実証分析」『日本労働研究雑誌』485: 66-79．"},{"sequence":"7","original_text":"Rosenbaum, James E. 1986. &ldquo;Institutional Career Structures and the Social Construction of Ability,&rdquo; John G. Richardson (ed.), <I>Handbook of Theory and Research for the Sociology of Education,</I> 139-171."},{"sequence":"8","original_text":"筒井淳也・平井裕久・秋吉美都・水落正明・坂本和靖・福田亘孝，2007，『Stataで計量経済学入門』ミネルヴァ書房．"},{"sequence":"9","original_text":"Wooldridge, Jeffrey M. 2002. <I>Economic Analysis of Cross Section and Panel Data.</I> Cambridge: The MIT Press."},{"sequence":"10","original_text":"Wooldridge, Jeffrey M. 2003. <I>Introductory Econometrics: A Modern Approach 2nd ed.</I> Mason: Thomson South-Western."},{"sequence":"11","original_text":"山口一男，2004，「パネルデータの長所とその分析方法――常識の誤りについて」『季刊家計経済研究』62: 50-58．"},{"sequence":"12","original_text":"山口一男，2007，「夫婦関係満足度とワーク・ライフ・バランス」『季刊家計経済研究』73: 50-60．"}]}}