{"status":"OK","apiType":"doi","apiVersion":"1.0.0","message":{"total":1,"rows":1,"totalPages":1,"page":1},"data":{"siteId":"SI/JST.JSTAGE","content_type":"JA","doi":"10.11218/ojjams.28.355","url":"https://doi.org/10.11218/ojjams.28.355","ra":"JaLC","prefix":"10.11218","site_name":"J-STAGE","publisher_list":[{"publisher_name":"Japanese Association For Mathematical Sociology","lang":"en"},{"publisher_name":"数理社会学会","lang":"ja"}],"title_list":[{"lang":"en","title":"An Introduction to Panel Data Analysis for Sociologists"},{"lang":"ja","title":"パネルデータ分析の基礎と応用"}],"creator_list":[{"sequence":"1","type":"person","names":[{"lang":"en","last_name":"MIWA","first_name":"Satoshi"},{"lang":"ja","last_name":"三輪","first_name":"哲"}],"affiliation_list":[{"affiliation_name":"Tohoku University","sequence":"1","lang":"en"},{"affiliation_name":"東北大学","sequence":"1","lang":"ja"}]}],"publication_date":{"publication_year":"2013"},"relation_list":[{"content":"https://www.jstage.jst.go.jp/article/ojjams/28/2/28_355/_pdf","type":"URL","relation":"fullTextPdf"}],"content_language":"ja","updated_date":"2014-12-09","article_type":"pub","journal_id_list":[{"journal_id":"0913-1442","type":"ISSN","issn_type":"print"},{"journal_id":"1881-6495","type":"ISSN","issn_type":"online"},{"journal_id":"ojjams","type":"JID"}],"journal_title_name_list":[{"journal_title_name":"Sociological Theory and Methods","type":"full","lang":"en"},{"journal_title_name":"Sociological Theory and Methods","type":"abbreviation","lang":"en"},{"journal_title_name":"理論と方法","type":"full","lang":"ja"},{"journal_title_name":"理論と方法","type":"abbreviation","lang":"ja"}],"journal_classification":"01","recorded_year":"1986-2013","volume":"28","issue":"2","first_page":"355","last_page":"366","date":"2014-09-01","citation_list":[{"sequence":"1","original_text":"Allison, Paul. D. 2009. <I>Fixed Effects Regression Models.</I> Thousand Oaks: Sage."},{"sequence":"2","original_text":"三輪哲・山本耕資. 2012. 「世代内階層移動と階層帰属意識―パネルデータによる個人内変動と個人間変動の検討―」『理論と方法』27 (1): 63-84."},{"sequence":"3","original_text":"中澤渉. 2012. 「なぜパネル・データを分析するのが必要なのか―パネル・データ分析の特性の紹介―」『理論と方法』27 (1): 23-40."},{"sequence":"4","original_text":"山口一男. 2004. 「パネルデータの長所とその分析方法―常識の誤りについて―」『季刊家計経済研究』62: 50-58."}]}}