{"status":"OK","apiType":"doi","apiVersion":"1.0.0","message":{"total":1,"rows":1,"totalPages":1,"page":1},"data":{"siteId":"SI/JST.JSTAGE","content_type":"JA","doi":"10.11218/ojjams.20.1","url":"https://doi.org/10.11218/ojjams.20.1","ra":"JaLC","prefix":"10.11218","site_name":"J-STAGE","publisher_list":[{"publisher_name":"Japanese Association For Mathematical Sociology","lang":"en"},{"publisher_name":"数理社会学会","lang":"ja"}],"title_list":[{"lang":"en","title":"Special Articles: A New Direction for Social Capital Theory"}],"creator_list":[{"sequence":"1","type":"person","names":[{"lang":"en","last_name":"YOSANO","first_name":"Arinori"}]}],"publication_date":{"publication_year":"2005"},"relation_list":[{"content":"https://www.jstage.jst.go.jp/article/ojjams/20/1/20_1_1/_pdf","type":"URL","relation":"fullTextPdf"}],"content_language":"en","updated_date":"2017-03-23","article_type":"pub","journal_id_list":[{"journal_id":"0913-1442","type":"ISSN","issn_type":"print"},{"journal_id":"1881-6495","type":"ISSN","issn_type":"online"},{"journal_id":"ojjams","type":"JID"}],"journal_title_name_list":[{"journal_title_name":"Sociological Theory and Methods","type":"full","lang":"en"},{"journal_title_name":"Sociological Theory and Methods","type":"abbreviation","lang":"en"},{"journal_title_name":"理論と方法","type":"full","lang":"ja"},{"journal_title_name":"理論と方法","type":"abbreviation","lang":"ja"}],"journal_classification":"01","recorded_year":"1986-2013","volume":"20","issue":"1","first_page":"1","last_page":"3","date":"2007-07-06","citation_list":[{"sequence":"1","original_text":"Arrow, K. J. 1999. &ldquo;Observations on Social Capital.&rdquo; Pp.3-5 in Social Capital: A Multifaceted Perspective, edited by P. Dasgupta and I. Serageldin, Washington DC: The World Bank."},{"sequence":"2","original_text":"Baker, W. 2000. Achieving Success through Social Capital. San Francisco: Jossey-Bass Inc."},{"sequence":"3","journal_title_name_list":[{"journal_title_name":"American Journal of Sociology","lang":"en"}],"title_list":[{"lang":"en","title":"Social Capital in the Creation of Human Capital"}],"volume":"supplement 94","first_page":"95","last_page":"120","publication_date":{"publication_year":"1988"},"content_language":"en","original_text":"Coleman, J. 1988. &ldquo;Social Capital in the Creation of Human Capital.&rdquo; American Journal of Sociology, supplement 94: 95-120."},{"sequence":"4","original_text":"Coleman, J., 1990. Foundations of Social Theory. Cambridge, Massachusetts: Harvard University Press."},{"sequence":"5","original_text":"Flap, H. 1999. &ldquo;Creation and Returns of Social Capital: A New Research Program.&rdquo; La Revue Tocqueville 10(1): 1-22."},{"sequence":"6","original_text":"Nakano, Y. 2005. Letter to the author."},{"sequence":"7","original_text":"Putnam, R. D. 1993. Making Democracy Work: Civic Traditions in Modern Italy. Princeton, NJ: Princeton University Press."},{"sequence":"8","doi":"10.1257/jel.40.1.139","journal_title_name_list":[{"journal_title_name":"Journal of Economic Literature","lang":"en"}],"title_list":[{"lang":"en","title":"Can We Trust Social Capital?"}],"volume":"40","first_page":"139","last_page":"154","publication_date":{"publication_year":"2002"},"content_language":"en","original_text":"Sobel, J. 2002. &ldquo;Can We Trust Social Capital?&rdquo; Journal of Economic Literature 40: 139-54."}]}}