{"status":"OK","apiType":"doi","apiVersion":"1.0.0","message":{"total":1,"rows":1,"totalPages":1,"page":1},"data":{"siteId":"SI/JST.JSTAGE","content_type":"JA","doi":"10.11218/ojjams.25.e5","url":"https://doi.org/10.11218/ojjams.25.e5","ra":"JaLC","prefix":"10.11218","site_name":"J-STAGE","publisher_list":[{"publisher_name":"Japanese Association For Mathematical Sociology","lang":"en"},{"publisher_name":"数理社会学会","lang":"ja"}],"title_list":[{"lang":"en","title":"Erratum : Equilibrium by Free Riders and Zealots","subtitle":"[<I>Sociological Theory and Methods</I>, 25(1):145-160]"},{"title":"Erratum : Free Riders とZealots の均衡","subtitle":"[『理論と方法』, 25(1):145-160]"}],"creator_list":[{"sequence":"1","type":"person","names":[{"lang":"en","last_name":"KANEKO","first_name":"Taro"},{"lang":"ja","last_name":"金子","first_name":"太郎"}],"affiliation_list":[{"affiliation_name":"Facutly of Law<BR>Kagawa University","sequence":"1","lang":"en"},{"affiliation_name":"香川大学","sequence":"1","lang":"ja"}]}],"publication_date":{"publication_year":"2010"},"relation_list":[{"content":"http://www.jstage.jst.go.jp/article/ojjams/25/2/25_2_e5/_pdf","type":"URL","relation":"fullTextPdf"}],"updated_date":"2014-12-09","article_type":"pub","journal_id_list":[{"journal_id":"0913-1442","type":"ISSN","issn_type":"print"},{"journal_id":"1881-6495","type":"ISSN","issn_type":"online"},{"journal_id":"ojjams","type":"JID"}],"journal_title_name_list":[{"journal_title_name":"Sociological Theory and Methods","type":"full","lang":"en"},{"journal_title_name":"Sociological Theory and Methods","type":"abbreviation","lang":"en"},{"journal_title_name":"理論と方法","type":"full","lang":"ja"},{"journal_title_name":"理論と方法","type":"abbreviation","lang":"ja"}],"journal_classification":"01","recorded_year":"1986-2013","volume":"25","issue":"2","first_page":"e5","last_page":"e5","date":"2011-03-12"}}