{"status":"OK","apiType":"doi","apiVersion":"1.0.0","message":{"total":1,"rows":1,"totalPages":1,"page":1},"data":{"siteId":"SI/JST.JSTAGE","content_type":"JA","doi":"10.11218/ojjams.15.209","url":"https://doi.org/10.11218/ojjams.15.209","ra":"JaLC","prefix":"10.11218","site_name":"J-STAGE","publisher_list":[{"publisher_name":"Japanese Association For Mathematical Sociology","lang":"en"},{"publisher_name":"数理社会学会","lang":"ja"}],"title_list":[{"lang":"ja","title":"3人以上でのゲームにおける進化的に安定な戦略"},{"lang":"en","title":"Evolutionarily Stable Strategy in More Than Two Players Games"}],"creator_list":[{"sequence":"1","type":"person","names":[{"lang":"ja","last_name":"小林","first_name":"盾"},{"lang":"en","last_name":"KOBAYASHI","first_name":"Jun"}],"affiliation_list":[{"affiliation_name":"Japan Society for the Promotion of Science<BR>The University of Tokyo<BR>Graduate School of Humanities and Sociology","sequence":"1","lang":"en"},{"affiliation_name":"日本学術振興会","sequence":"1","lang":"ja"}]}],"publication_date":{"publication_year":"2000"},"relation_list":[{"content":"https://www.jstage.jst.go.jp/article/ojjams/15/1/15_209/_pdf","type":"URL","relation":"fullTextPdf"}],"content_language":"ja","updated_date":"2016-09-29","article_type":"pub","journal_id_list":[{"journal_id":"0913-1442","type":"ISSN","issn_type":"print"},{"journal_id":"1881-6495","type":"ISSN","issn_type":"online"},{"journal_id":"ojjams","type":"JID"}],"journal_title_name_list":[{"journal_title_name":"Sociological Theory and Methods","type":"full","lang":"en"},{"journal_title_name":"Sociological Theory and Methods","type":"abbreviation","lang":"en"},{"journal_title_name":"理論と方法","type":"full","lang":"ja"},{"journal_title_name":"理論と方法","type":"abbreviation","lang":"ja"}],"journal_classification":"01","recorded_year":"1986-2013","volume":"15","issue":"1","first_page":"209","last_page":"216","date":"2016-09-30","keyword_list":[{"keyword":"Evolutionarily stable strategy","sequence":"1","lang":"en"},{"keyword":"進化的に安定な戦略","sequence":"1","lang":"ja"},{"keyword":"evolutionary game theory","sequence":"2","lang":"en"},{"keyword":"進化ゲーム理論","sequence":"2","lang":"ja"},{"keyword":"symmetric random matching game","sequence":"3","lang":"en"},{"keyword":"対称ランダムマッチングゲーム","sequence":"3","lang":"ja"}],"citation_list":[{"sequence":"1","original_text":"Kandori, Michihiro. 1997. &ldquo;Evolutionary Game Theory in Economics.&rdquo; Ch.8 in <I>Advances in Economics and Econometrics: Theory and Applications</I> 1, edited by David M. Kreps and Kenneth F. Wallis. Cambridge University Press."},{"sequence":"2","original_text":"Maynard Smith, John. 1982. <I>Evolution and the Theory of Games</I>. Cambridge University Press. = 1985. 寺本 英・梯 正之（訳）『進化とゲーム理論：闘争の論理』産業図書."},{"sequence":"3","original_text":"Maynard Smith, John and G. R. Price. 1973. &ldquo;The Logic of Animal Conflict.&rdquo; <I>Nature</I> 246(2):15-18."},{"sequence":"4","original_text":"Weibull, J&ouml;rgen. 1995. <I>Evolutionary Game Theory</I>. M.I.T. Press. = 1998. 大和瀬達治（監訳）『進化ゲームの理論』 文化書房博文社."},{"sequence":"5","original_text":"巌佐 庸. 1991.『数理生物学入門：生物社会のダイナミックスを探る』 HBJ 出版局. &rarr; 1998. 共立出版."},{"sequence":"6","original_text":"小林 盾. 1999.「進化的に安定な評価原理：原理プロファイルに基づいた社会的選択(3)」日本数理社会学会報告『第27回数理社会学会大会研究報告要旨集』46-49."},{"sequence":"7","original_text":"小林 盾. 2000.「3人以上でのゲームにおける進化的に安定な戦略」木村 邦博（編）『合理的選択理論の社会学的再構成』平成9-11年度 科学研究費補助金 基盤研究(B)(1) 課題番号 09410039. 83-92."}]}}