{"status":"OK","apiType":"doi","apiVersion":"1.0.0","message":{"total":1,"rows":1,"totalPages":1,"page":1},"data":{"siteId":"SI/JST.JSTAGE","content_type":"JA","doi":"10.11218/ojjams.11.145","url":"https://doi.org/10.11218/ojjams.11.145","ra":"JaLC","prefix":"10.11218","site_name":"J-STAGE","publisher_list":[{"publisher_name":"Japanese Association For Mathematical Sociology","lang":"en"},{"publisher_name":"数理社会学会","lang":"ja"}],"title_list":[{"lang":"ja","title":"「保存」型ジレンマモデルの再検討"},{"lang":"en","title":"Re-examination of &ldquo;Take-Some&rdquo; Versions of Social Dilemma Models"}],"creator_list":[{"sequence":"1","type":"person","names":[{"lang":"ja","last_name":"神事","first_name":"直人"},{"lang":"en","last_name":"JINJI","first_name":"Naoto"}],"affiliation_list":[{"affiliation_name":"Department of Economics<BR>The University of British Columbia","sequence":"1","lang":"en"},{"affiliation_name":"ブリティッシュ・コロンビア大学；（財）国際開発センター","sequence":"1","lang":"ja"}]}],"publication_date":{"publication_year":"1996"},"relation_list":[{"content":"https://www.jstage.jst.go.jp/article/ojjams/11/2/11_145/_pdf","type":"URL","relation":"fullTextPdf"}],"content_language":"ja","updated_date":"2016-08-25","article_type":"pub","journal_id_list":[{"journal_id":"0913-1442","type":"ISSN","issn_type":"print"},{"journal_id":"1881-6495","type":"ISSN","issn_type":"online"},{"journal_id":"ojjams","type":"JID"}],"journal_title_name_list":[{"journal_title_name":"Sociological Theory and Methods","type":"full","lang":"en"},{"journal_title_name":"Sociological Theory and Methods","type":"abbreviation","lang":"en"},{"journal_title_name":"理論と方法","type":"full","lang":"ja"},{"journal_title_name":"理論と方法","type":"abbreviation","lang":"ja"}],"journal_classification":"01","recorded_year":"1986-2013","volume":"11","issue":"2","first_page":"145","last_page":"156","date":"2016-08-26","keyword_list":[{"keyword":"&ldquo;take-some&rdquo; social dilemma","sequence":"1","lang":"en"},{"keyword":"「保存」型社会的ジレンマ","sequence":"1","lang":"ja"},{"keyword":"Misumi's model","sequence":"2","lang":"en"},{"keyword":"三隅モデル","sequence":"2","lang":"ja"},{"keyword":"commons","sequence":"3","lang":"en"},{"keyword":"共有物","sequence":"3","lang":"ja"}],"citation_list":[{"sequence":"1","original_text":"Dawes, R. M. 1975. &ldquo;Formal Models of Dilemmas in Social Decision-making&rdquo;. in Kaplan, M. and Schwartz, S. (eds.). <I>Human Judgment and Decision Processes</I>. New York: Academic Press."},{"sequence":"2","original_text":"舩橋晴俊. 1989.「『社会的ジレンマ』としての環境問題」.『社会労働研究』35: 23-50."},{"sequence":"3","original_text":"Hardin, G. 1968.&ldquo;The Tragedy of the Commons.&rdquo; <I>Science</I>, 162: 1243-1248."},{"sequence":"4","original_text":"長谷川計二. 1991.「『共有地の悲劇』―資源管理と環境問題―」．盛山和夫・海野道郎（編）『秩序問題とジレンマ』. ハーベスト社."},{"sequence":"5","original_text":"神事直人. 1994.「『共有地のジレンマ』モデル再考―海野モデルの再検討と一般モデルの構築―」. mimeo: 東北大学."},{"sequence":"6","original_text":"三隅一人. 1993a.「社会的ジレンマ・モデルの一般化―海野類型の拡張から―」.『理論と方法』8(1): 69-88."},{"sequence":"7","original_text":"三隅一人. 1993b.「海野の共有地のジレンマ・モデル再考―その妥当性と含意をめぐって―」.『理論と方法』8(2): 277-285."},{"sequence":"8","original_text":"中野康人. 1993.「Dawesモデルが定式化しているもの―保存型・供給型SDの区別と共有物の概念―」.『第40回東北社会学会大会報告要旨』."},{"sequence":"9","original_text":"海野道郎. 1985.「社会的蟻地獄の論理構造(1)：Dawesによる定式化の検討と再定式化」. 原純輔・海野道郎（編）『数理社会学の現在』数理社会学研究会."},{"sequence":"10","original_text":"海野道郎. 1988a.「社会的ジレンマの数理モデル―共有物の性質とモデルの対応関係―」.『社会学研究（東北社会学研究会）』52: 21-45."},{"sequence":"11","original_text":"海野道郎. 1988b.「社会的ジレンマにおける共有物の性質―制御のための覚書―」. 海野道郎・原純輔・和田修一（編）『数理社会学の展開』数理社会学研究会."},{"sequence":"12","original_text":"海野道郎. 1991.「社会的ジレンマ研究の射程」. 盛山和夫・海野道郎（編）『秩序問題と社会的ジレンマ』. ハーベスト社."},{"sequence":"13","original_text":"Umino, M. 1989.&ldquo;Formulation of Commons Dilemma: Dawes Model Reconsidered&rdquo;. <I>Journal of Mathematical Sociology</I> 14(4): 237-246."}]}}