{"status":"OK","apiType":"doi","apiVersion":"1.0.0","message":{"total":1,"rows":1,"totalPages":1,"page":1},"data":{"siteId":"SI/JST.JSTAGE","content_type":"JA","doi":"10.11218/ojjams.24.155","url":"https://doi.org/10.11218/ojjams.24.155","ra":"JaLC","prefix":"10.11218","site_name":"J-STAGE","publisher_list":[{"publisher_name":"Japanese Association For Mathematical Sociology","lang":"en"},{"publisher_name":"数理社会学会","lang":"ja"}],"title_list":[{"lang":"ja","title":"自由と自己責任に基づく秩序の綻び","subtitle":"―「自由と責任の制度」再考―"},{"lang":"en","title":"The Collapse of the Social Order Based on Self-Responsibility:","subtitle":"&ldquo;The Institution of Freedom and Responsibility&rdquo; Reconsidered"}],"creator_list":[{"sequence":"1","type":"person","names":[{"lang":"ja","last_name":"内藤","first_name":"準"},{"lang":"en","last_name":"NAITO","first_name":"Jun"}],"affiliation_list":[{"affiliation_name":"Center for Statistics and Information<BR>Rikkyo University","sequence":"1","lang":"en"},{"affiliation_name":"立教大学","sequence":"1","lang":"ja"}]}],"publication_date":{"publication_year":"2009"},"relation_list":[{"content":"https://www.jstage.jst.go.jp/article/ojjams/24/2/24_2_155/_pdf","type":"URL","relation":"fullTextPdf"}],"content_language":"ja","updated_date":"2017-03-23","article_type":"pub","journal_id_list":[{"journal_id":"0913-1442","type":"ISSN","issn_type":"print"},{"journal_id":"1881-6495","type":"ISSN","issn_type":"online"},{"journal_id":"ojjams","type":"JID"}],"journal_title_name_list":[{"journal_title_name":"Sociological Theory and Methods","type":"full","lang":"en"},{"journal_title_name":"Sociological Theory and Methods","type":"abbreviation","lang":"en"},{"journal_title_name":"理論と方法","type":"full","lang":"ja"},{"journal_title_name":"理論と方法","type":"abbreviation","lang":"ja"}],"journal_classification":"01","recorded_year":"1986-2013","volume":"24","issue":"2","first_page":"155","last_page":"175","date":"2010-03-30","keyword_list":[{"keyword":"Liberalism","sequence":"1","lang":"en"},{"keyword":"リベラリズム","sequence":"1","lang":"ja"},{"keyword":"Social order","sequence":"2","lang":"en"},{"keyword":"社会秩序","sequence":"2","lang":"ja"},{"keyword":"Poverty and Inequality","sequence":"3","lang":"en"},{"keyword":"貧困と格差","sequence":"3","lang":"ja"}],"citation_list":[{"sequence":"1","original_text":"「21世紀日本の構想」懇談会. 2000. 『日本のフロンティアは日本の中にある──自立と協治で築く新世紀』（http://www.kantei.go.jp/jp/21century/index.html）."},{"sequence":"2","original_text":"Arrow, Kenneth Joseph. 1963. <I>Social Choice and Individual Values. Second Edition</I>. New Heaven: Yale University Press."},{"sequence":"3","original_text":"Bavetta, Sebastiano and Vitorocco Peragine. 2006. &ldquo;Measuring Autonomy Freedom.&rdquo; <I>Social Choice and Welfare</I> </I>26: 31-45."},{"sequence":"4","original_text":"Bavetta, S., D. M. A. Patti. R. Mudambi. and P. Navarra. 2007. &ldquo;Autonomy Freedom and Preferences for Redistribution.&rdquo; (http://ssrn.com/abstract=958948)"},{"sequence":"5","original_text":"Bhalla, Ajit S. and Fr&eacute;d&eacute;ric Lapeyre. 2004. <I>Poverty and Exclusion in a Global World. Second Edition</I>. Basingstoke: Palgrave Macmillan."},{"sequence":"6","original_text":"Carter, Ian. 2004. &ldquo;Choice. Freedom and Freedom of Choice.&rdquo; <I>Social Choice and Welfare</I> 22: 61-81."},{"sequence":"7","original_text":"Coleman, James S. 1990. <I>Foundations of Social Theory</I>. Cambridge: The Belknap Press of Harvard University Press."},{"sequence":"8","original_text":"Coleman, James S. 1993. &ldquo;The Role of Rights in a Theory of Social Action.&rdquo; <I>Journal of Institutional and Theoretical Economics</I> 149(1): 213-32."},{"sequence":"9","original_text":"土場学. 2006. 「〈自由〉の論理──自由の社会学理論の構築へ向けて」土場学・盛山和夫(編)『正義の論理──公共的価値の規範的社会理論』勁草書房."},{"sequence":"10","original_text":"Dowding, Keith and Martin van Hees. 2007. &ldquo;Counterfactual Success and Negative Freedom.&rdquo; <I>Economics and Philosophy</I> 23: 141-62."},{"sequence":"11","original_text":"江原由美子. 1995. 『制度としての性支配』勁草書房."},{"sequence":"12","original_text":"Fischer, John Martin. 1999. &ldquo;Recent Work on Moral Responsibility.&rdquo; <I>Ethics</I> 110(1): 93-139."},{"sequence":"13","original_text":"Fischer, John Martin and Mark Ravizza. 1993. &ldquo;Responsibility for Consequences.&rdquo; John Martin Fischer and Mark Ravizza eds.  <I>Perspectives on Moral Responsibility</I>. Ithaca: Cornell University Press: 322-47."},{"sequence":"14","original_text":"Frankfurt, Harry G.. 1971. &ldquo;Freedom of the Will and the Concept of a Person.&rdquo; <I>The Journal of Philosophy</I> 68(1): 5-20."},{"sequence":"15","original_text":"Frankfurt, Harry G.. 1987. &ldquo;Identification and Wholeheartedness.&rdquo; Ferdinand David Schoeman ed.. <I>Responsibility. Character and the Emotions</I>. Cambridge: Cambridge University Press: 27-45. Reprinted in John Martin Fischer and Mark Ravizza eds. 1993. <I>Perspectives on Moral Responsibility</I>. Ithaca: Cornell University Press: 170-87."},{"sequence":"16","original_text":"Gibbard, Alan. 1973. &ldquo;Manipulation of Voting Schemes: A General Result.&rdquo; <I>Econometrica</I> 41: 587-601."},{"sequence":"17","original_text":"Gibbard, Alan. 1974. &ldquo;A Pareto-Consistent Libertarian Claim.&rdquo; <I>Journal of Economic Theory</I> 7: 38-410."},{"sequence":"18","original_text":"浜田宏. 2006. 「数理社会学者の課題──弱い経験的妥当性と意味の問題について」『理論と方法』21(2): 183-98."},{"sequence":"19","original_text":"長谷川公一・浜日出夫・藤村正之・町村敬志. 2007. 『社会学』有斐閣."},{"sequence":"20","original_text":"星野英一. 1983. 「私法における人間」芦部信喜他(編)『岩波講座基本法学１　人』岩波書店: 125-75."},{"sequence":"21","original_text":"井上寛. 2008. 「数理社会学はパラダイムを必要とするか」『理論と方法』23(1): 1-13."},{"sequence":"22","original_text":"Mills, C. Wright. 1959. <I>The Sociological Imagination</I>. New York: Oxford University Press."},{"sequence":"23","original_text":"宮台真司. 1989. 『権力の予期理論──了解を媒介にした作動形式』勁草書房."},{"sequence":"24","original_text":"森村進. 1987. 「行為責任・性格責任・人格形成責任」ホセ・ヨンパルト・三島淑臣編『法の理論８』成文堂. 51-109."},{"sequence":"25","original_text":"森村進. 2001. 『自由はどこまで可能か──リバタリアニズム入門』講談社."},{"sequence":"26","original_text":"武藤正義. 2005. 「相互行為状況における倫理規範の性能分析」『社会学評論』56(1): 182-199."},{"sequence":"27","original_text":"永田えり子. 2000. 「合理性と倫理性──他者危害原則のフォーマライゼーションとそのインプリケーション」『理論と方法』15(2): 261-72."},{"sequence":"28","original_text":"永田えり子. 2005. 「道徳の合理性──他者危害原則の論理とその社会的効果」三隅一人・高坂健次編『シンボリック・デバイス──意味世界へのフォーマル・アプローチ』勁草書房."},{"sequence":"29","original_text":"内藤準. 2002a. 「差別と非差別の検討」東京大学社会学研究室修士論文."},{"sequence":"30","original_text":"内藤準. 2002b. 「差別と非差別の検討--他者の必要性と不必要な他者」. 日本社会学会第75回大会. 一般研究報告 理論3-2. 2002年11月17日. 大阪大学."},{"sequence":"31","original_text":"内藤準. 2004. 「相互行為を基礎においた社会学的共生理論の条件」. 日本社会学会 第77回大会. 一般研究報告I 理論4-4. 2004年11月21日. 熊本大学．"},{"sequence":"32","original_text":"内藤準. 2005. 「自由と責任の制度--パレート派リベラルの不可能性と契約自由解の可能性」.『理論と方法』20(1): 211-26."},{"sequence":"33","original_text":"内藤準. 2007. 「ミクロなメカニズムとしての目的的行為と行為制御権の理論」. 日本社会学会 第80回大会. テーマセッション：ジェームズ・コールマン『社会理論の基礎』をめぐって. 2007年11月17日. 関東学院大学金沢八景キャンパス."},{"sequence":"34","original_text":"内藤準. 2009（近刊）.「自由を規定する要因」. 武川正吾・白波瀬佐和子編著『福祉と公平感──格差社会における社会意識（仮題）』東京大学出版会. 第７章."},{"sequence":"35","original_text":"Naito, Jun. 2007. &ldquo;Perceived Freedom and its Sociological Effects: An Inquiry into the Relationships Between Liberalism and Inequality.&rdquo; <I>International Journal of Japanese Sociology</I> 16: 80-99."},{"sequence":"36","original_text":"Parsons, Talcott. 1951. <I>The Social System</I>. New York: Free Press."},{"sequence":"37","original_text":"Pattanaik, Prasanta K. and Yongsheng Xu. 1990. &ldquo;On Ranking Opportunity Sets in Terms of Freedom of Choice.&rdquo; <I>Recherches Economiques de Louvain</I> 54: 383-90."},{"sequence":"38","original_text":"Rawls, John. 1999. <I>A Theory of Justice: Revised Edition</I>. Oxford: Oxford University Press."},{"sequence":"39","original_text":"Raz, Joseph. 1986. <I>The Morality of Freedom</I>. Oxford: Oxford University Press."},{"sequence":"40","original_text":"Raz, Joseph. 1996. 森際康友編『自由と権利──政治哲学論集』勁草書房."},{"sequence":"41","original_text":"Roemer, John E.. 1998. <I>Equality of Opportunity</I>. Cambridge: Harvard University Press."},{"sequence":"42","original_text":"Room, Graham ed.. 1995. <I>Beyond the Threshold: The Measurement and Analysis of Social Exclusion</I>. Bristol: The Policy Press"},{"sequence":"43","original_text":"Saari, Donald G.. 1998. &ldquo;Connecting and resolving Sen's and Arrow's theorems.&rdquo; <I>Social Choice and Welfare</I> 15: 239-61."},{"sequence":"44","original_text":"斎藤友里子. 2006. 「〈公平〉の論理──誰をどのように含めるのか」土場学・盛山和夫編『正義の論理──公共的価値の規範的社会理論』勁草書房."},{"sequence":"45","original_text":"盛山和夫. 2006. 「経験主義から規範科学へ──数理社会学はなんの役に立つか」『理論と方法』21(2): 199-214."},{"sequence":"46","original_text":"Sen, Amartya Kumar. 1970a. &ldquo;The Impossibility of Paretian Liberal.&rdquo; <I>Journal of Political Economy</I> 78: 152-7."},{"sequence":"47","original_text":"Sen, Amartya Kumar. 1970b. <I>Collective Choice and Social Welfare</I>. San Francisco: Holden-Day.（＝2000. 志田基与師監訳『集合的選択と社会的厚生』勁草書房.）"},{"sequence":"48","original_text":"Sen, Amartya Kumar. 1976. &ldquo;Liberty. Unanimity. and Rights.&rdquo; <I>Economica</I> 43: 217-45."},{"sequence":"49","original_text":"Sen, Amartya Kumar. 1985. <I>Commodities and Capabilities</I>. Amsterdam: Elsevier.（＝1988. 鈴村興太郎訳『福祉の経済学──財と潜在能力』岩波書店.）"},{"sequence":"50","original_text":"Sen, Amartya Kumar. 1990. &ldquo;Welfare. Freedom. and Social Choice: A Reply.&rdquo; <I>Recherches Economiques de Louvain</I> 54: 469-72."},{"sequence":"51","original_text":"Sen, Amartya Kumar. 1992. <I>Inequality Reexamined</I>. Oxford: Oxford University Press.（＝1999. 池本幸生・野上裕生・佐藤仁訳『不平等の再検討──潜在能力と自由』岩波書店.）"},{"sequence":"52","original_text":"Sen, Amartya Kumar. 1999. <I>Development as Freedom</I>. Oxford: Oxford University Press."},{"sequence":"53","original_text":"Strawson, Peter Frederick. 1962. &ldquo;Freedom and Resentment.&rdquo; <I>Proceedings of the British Academy</I> 48: 1-25. Reprinted in John Martin Fischer and Mark Ravizza eds. 1993. <I>Perspectives on Moral Responsibility</I>. Ithaca: Cornell University Press: 45-66."},{"sequence":"54","original_text":"数土直紀. 2000. 『自由の社会理論』多賀出版."},{"sequence":"55","original_text":"Sugden, Robert. 1985. &ldquo;Liberty. Preference. and Choice.&rdquo; <I>Economics and Philosophy</I> 1: 213-29."},{"sequence":"56","original_text":"Sugden, Robert. 1998. &ldquo;The Metric of Opportunity.&rdquo; <I>Economics and Philosophy</I> 14: 307-37."},{"sequence":"57","original_text":"Sugden, Robert. 2003. &ldquo;Opportunity as a Space for Individuality: Its Value and the Impossibility of Measuring It.&rdquo; <I>Ethics</I> 113: 783-809."},{"sequence":"58","original_text":"鈴村興太郎. 1982. 『経済計画理論　第二版』筑摩書房."},{"sequence":"59","original_text":"Suzumura, Kotaro and Naoki Yoshihara. 2006. &ldquo;On Initial Conferment of Individual Rights.&rdquo; Discussion Paper Series A No.478. The Institute of Economic Research. Hitotsubashi University."},{"sequence":"60","original_text":"Taylor, Charles. 1979. &ldquo;What's Wrong with Negative Liberty.&rdquo; A. Ryan ed. <I>The Idea of Freedom</I>. Oxford: Oxford University Press: 175-93. Reprinted in David Miller ed. 2006. <I>The Liberty Reader</I>. Boulder: Paradigm Publishers: 141-62."},{"sequence":"61","original_text":"土屋守. 1994. 『いじめないで！──私たちのいじめられ体験』青弓社."},{"sequence":"62","original_text":"内田貴. 2008. 『民法I』東京大学出版会."},{"sequence":"63","original_text":"海野道郎. 1978. 「差別の概念と測定」『関西学院大学社会学部紀要』36: 97-108."},{"sequence":"64","original_text":"Watson, Gary. 1975. &ldquo;Free Agency.&rdquo; <I>The Journal of Philosophy</I> 72(8): 205-20."},{"sequence":"65","original_text":"山本敬三. 2000. 『公序良俗論の再構成』有斐閣."},{"sequence":"66","original_text":"吉原直毅. 2003. 「自由主義的権利のゲーム理論的分析」『経済研究』54(1): 1-18."},{"sequence":"67","original_text":"要田洋江. 1999. 『障害者差別の社会学』岩波書店."},{"sequence":"68","original_text":"湯浅誠. 2008. 『反貧困──「すべり台社会」からの脱出』岩波書店."}]}}