{"status":"OK","apiType":"doi","apiVersion":"1.0.0","message":{"total":1,"rows":1,"totalPages":1,"page":1},"data":{"siteId":"SI/JST.JSTAGE","content_type":"JA","doi":"10.11218/ojjams.13.225","url":"https://doi.org/10.11218/ojjams.13.225","ra":"JaLC","prefix":"10.11218","site_name":"J-STAGE","publisher_list":[{"publisher_name":"Japanese Association For Mathematical Sociology","lang":"en"},{"publisher_name":"数理社会学会","lang":"ja"}],"title_list":[{"lang":"ja","title":"シグナリング理論と順位制","subtitle":"─闘争回避に役立つシグナルの進化─"},{"lang":"en","title":"Signaling theory and hierarchy system :","subtitle":"Evolution of signaling system which can evade struggle"}],"creator_list":[{"sequence":"1","type":"person","names":[{"lang":"ja","last_name":"大浦","first_name":"宏邦"},{"lang":"en","last_name":"OOURA","first_name":"Hirokuni"}],"affiliation_list":[{"affiliation_name":"Faculty of Literature<BR>Teikyo University","sequence":"1","lang":"en"},{"affiliation_name":"帝京大学","sequence":"1","lang":"ja"}]},{"sequence":"2","type":"person","names":[{"lang":"ja","last_name":"蔵","first_name":"琢也"},{"lang":"en","last_name":"KURA","first_name":"Takuya"}],"affiliation_list":[{"affiliation_name":"Faculty of Science<BR>Kyoto University","sequence":"2","lang":"en"},{"affiliation_name":"京都大学","sequence":"2","lang":"ja"}]}],"publication_date":{"publication_year":"1998"},"relation_list":[{"content":"https://www.jstage.jst.go.jp/article/ojjams/13/2/13_225/_pdf","type":"URL","relation":"fullTextPdf"}],"content_language":"ja","updated_date":"2016-09-29","article_type":"pub","journal_id_list":[{"journal_id":"0913-1442","type":"ISSN","issn_type":"print"},{"journal_id":"1881-6495","type":"ISSN","issn_type":"online"},{"journal_id":"ojjams","type":"JID"}],"journal_title_name_list":[{"journal_title_name":"Sociological Theory and Methods","type":"full","lang":"en"},{"journal_title_name":"Sociological Theory and Methods","type":"abbreviation","lang":"en"},{"journal_title_name":"理論と方法","type":"full","lang":"ja"},{"journal_title_name":"理論と方法","type":"abbreviation","lang":"ja"}],"journal_classification":"01","recorded_year":"1986-2013","volume":"13","issue":"2","first_page":"225","last_page":"240","date":"2016-09-30","keyword_list":[{"keyword":"hierarchy system","sequence":"1","lang":"en"},{"keyword":"順位制","sequence":"1","lang":"ja"},{"keyword":"struggle evasion","sequence":"2","lang":"en"},{"keyword":"闘争回避","sequence":"2","lang":"ja"},{"keyword":"honest signal","sequence":"3","lang":"en"},{"keyword":"正直なシグナル","sequence":"3","lang":"ja"}],"citation_list":[{"sequence":"1","original_text":"Adams &amp; Mesterton-Gibbons. 1995. &ldquo;The cost of threat displays and the stability of deceptive communication.&rdquo; <I>J. theor. Biol.</I> 175: 405-421."},{"sequence":"2","original_text":"Enquist, M. &amp; Leimar, O. 1983. &ldquo;Evolution of fighting behavior: decision rules and assessment of ralative strength.&rdquo; <I>J. theor. Biol.</I> 102: 387-410"},{"sequence":"3","original_text":"Grafen, A. 1990. &ldquo;Biological signals as handicaps.&rdquo; <I>J. theor. Biol.</I> 144: 473-516."},{"sequence":"4","original_text":"Hammerstein, P. &amp; Parker, G. A. 1982. &ldquo;The Asymmetric War of Attrition&rdquo; <I>J. theor. Biol.</I> 96: 647-682."},{"sequence":"5","original_text":"河合雅雄 1984.『人類進化のかくれ里』平凡社."},{"sequence":"6","original_text":"松村秀一 1994.「マカカ属のサルにおける優劣関係の種問差についての進化モデル」第13回日本動物行動学会発表要旨: p40."},{"sequence":"7","original_text":"Maynard Smith, J. &amp; Parker, G. A. 1976. &ldquo;The logic of asymmetric contest&rdquo;. <I>Anim. Behav.</I> 24: 159-75."},{"sequence":"8","original_text":"Nelissen MHJ. 1985. &ldquo;Structure of the dominance hierarchy and dominance determining &ldquo;group factors&rdquo; in Melanochromis auratus (Pisces, Cichidae)&rdquo;. <I>Behav.</I> 94: 85-107."},{"sequence":"9","original_text":"大浦宏邦 1996.「霊長類における群れの成立メカニズムについて」『理論と方法』11(2): 129-144A."},{"sequence":"10","original_text":"Rushen, J. 1985. &ldquo;Mini-Review: Explaining Peck Order in Domestic Chikiens&rdquo;. <I>Bird Behav.</I> 6: 1-9"},{"sequence":"11","original_text":"Schjelderup-Ebbe, T. 1922. &ldquo;Beitrage zue Sozialpsychologie des Haushuhns&rdquo;. <I>Psychologie</I> 88: 225-252."},{"sequence":"12","original_text":"de Waal, F. 1982. <I>Chimpanzee Politics: Power and Sex among Apes.</I> Jonathan Cape Ltd, London.（西田利貞訳『政治をするサル─チンパンジーの権力と性』どうぶつ社.）"},{"sequence":"13","original_text":"Wilson, E. O. 1975. <I>Sociobiology: The New Synthesis</I>. Harvard University Press.（伊藤嘉昭監修『社会生物学』思索社）"},{"sequence":"14","original_text":"Zahavi, A. 1975. &ldquo;Mate selection - a principle of a handicap&rdquo;. <I>J. theor. Biol.</I> 53: 205-214."}]}}