{"status":"OK","apiType":"doi","apiVersion":"1.0.0","message":{"total":1,"rows":1,"totalPages":1,"page":1},"data":{"siteId":"SI/JST.JSTAGE","content_type":"JA","doi":"10.11218/ojjams.21.253","url":"https://doi.org/10.11218/ojjams.21.253","ra":"JaLC","prefix":"10.11218","site_name":"J-STAGE","publisher_list":[{"publisher_name":"Japanese Association For Mathematical Sociology","lang":"en"},{"publisher_name":"数理社会学会","lang":"ja"}],"title_list":[{"lang":"en","title":"Educational Assortative Mating and the Family Background of the Next Generation"}],"creator_list":[{"sequence":"1","type":"person","names":[{"lang":"en","last_name":"Mare","first_name":"Robert D."}],"affiliation_list":[{"affiliation_name":"Department of Sociology, University of California","sequence":"1","lang":"en"}]},{"sequence":"2","type":"person","names":[{"lang":"en","last_name":"Schwartz","first_name":"Christine R."}],"affiliation_list":[{"affiliation_name":"University of Wisconsin","sequence":"2","lang":"en"}]}],"publication_date":{"publication_year":"2006"},"relation_list":[{"content":"https://www.jstage.jst.go.jp/article/ojjams/21/2/21_2_253/_pdf","type":"URL","relation":"fullTextPdf"}],"content_language":"en","updated_date":"2017-03-23","article_type":"pub","journal_id_list":[{"journal_id":"0913-1442","type":"ISSN","issn_type":"print"},{"journal_id":"1881-6495","type":"ISSN","issn_type":"online"},{"journal_id":"ojjams","type":"JID"}],"journal_title_name_list":[{"journal_title_name":"Sociological Theory and Methods","type":"full","lang":"en"},{"journal_title_name":"Sociological Theory and Methods","type":"abbreviation","lang":"en"},{"journal_title_name":"理論と方法","type":"full","lang":"ja"},{"journal_title_name":"理論と方法","type":"abbreviation","lang":"ja"}],"journal_classification":"01","recorded_year":"1986-2013","volume":"21","issue":"2","first_page":"253","last_page":"278","date":"2007-08-02","keyword_list":[{"keyword":"assortative mating","sequence":"1","lang":"en"},{"keyword":"educational attainment","sequence":"2","lang":"en"}],"citation_list":[{"sequence":"1","original_text":"Agresti, Alan. 2002. Categorical Data Analysis. Hoboken, NJ: John Wiley and Sons, Inc."},{"sequence":"2","original_text":"Blackwell, Debra L. and Daniel T. Lichter. 2000. &ldquo;Mate Selection among Married and Cohabiting Couples.&rdquo; Journal of Family Issues 21: 275-302."},{"sequence":"3","original_text":"Blackwell, Debra L. and Daniel T. Lichter. 2004. &ldquo;Homogamy among Dating, Cohabiting, and Married Couples.&rdquo; The Sociological Quarterly 45: 719-37."},{"sequence":"4","original_text":"Blau, Peter M. and Otis Dudley Duncan 1967. The American Occupational Structure. New York: John Wiley and Sons."},{"sequence":"5","original_text":"Blossfeld, Hans-Peter and Andreas Timm, eds. 2004. Who Marries Whom? Educational Systems as Marriage Markets in Modern Societies. Dordrecht: Kluwer Academic Publishers."},{"sequence":"6","original_text":"Bumpass, Larry L. and Vaughn R.A. Call. 1989. &ldquo;The Timing of Marriage and Education.&rdquo; NSFH Working Paper No. 10. Center for Demography and Ecology, University of Wisconsin-Madison."},{"sequence":"7","original_text":"Casper, Lynne M. and Suzanne M. Bianchi. 2002. Continuity and Change in the American Family. Thousand Oaks: Sage Publications."},{"sequence":"8","original_text":"Cavalli-Sforza, Luigi L. and Marcus W. Feldman. 1981. Cultural Transmission and Evolution: A Quantitative Approach. (Monographs in Population and Biology 16). Princeton: Princeton University Press."},{"sequence":"9","original_text":"Daponte, Beth Osborne, Stephen E. Fienberg, Joseph B. Kadane, and Duane L. Steffey. 1999. \"Sampling and Census 2000-Methodological Issues: Report to the Donner Foundation.\" Unpublished paper. Pittsburgh, PA: Carnegie Mellon University."},{"sequence":"10","original_text":"Duncan, Otis Dudley. 1966. \"Methodological Issues in the Analysis of Social Mobility.\" Pp. 51-97 in N. J. Smelser and S. M. Lipset (eds.), Social Structure and Mobility in Economic Development. Chicago: Aldine."},{"sequence":"11","original_text":"Eckland, Bruce K. 1968. &ldquo;Theories of Mate Selection.&rdquo; Eugenics Quarterly 15:71-84."},{"sequence":"12","original_text":"Edmonston, Barry. 2002. \"The Undercount in the 2000 Census.\" Washington, D.C.: The Annie E. Casey Foundation and The Population Reference Bureau"},{"sequence":"13","original_text":"(http://www.aecf.org/kidscount/undercount_paper_final.pdf)."},{"sequence":"14","original_text":"Ellwood, David T. and Christopher Jencks. 2004. &ldquo;The Uneven Spread of Single-Parent Families: What Do We Know? Where Do We Look for Answers?&rdquo; Pp. 3-77 in Social Inequality, edited by K. M. Neckerman. New York: Russell Sage Foundation."},{"sequence":"15","original_text":"Erikson, Robert and John H. Goldthorpe. 1992. The Constant Flux: A Study of Class Mobility in Industrial Societies. Oxford: Clarendon Press."},{"sequence":"16","original_text":"Featherman, David L. and Robert M. Hauser. 1978. Opportunity and Change. New York: Academic Press."},{"sequence":"17","original_text":"Fern&aacute;ndez, Raquel and Richard Rogerson. 2001. &ldquo;Sorting and Long-Run Inequality.&rdquo; The Quarterly Journal of Economics 116 : 1305-41."},{"sequence":"18","original_text":"Jaeger, David A. 1997. &ldquo;Reconciling the Old and New Census Bureau Education Questions: Recommendations for Researchers.&rdquo; Journal of Business and Economic Statistics 15:300-309."},{"sequence":"19","original_text":"Jejeebhoy, Shireen J. 1995. Women's Education, Autonomy, and Reproductive Behaviour. Oxford: Clarendon Press."},{"sequence":"20","original_text":"Johnson, Robert A. 1980. Religious Assortative Mating in the United States. New York: Academic Press."},{"sequence":"21","original_text":"Lichter, Daniel T. Robert N. Anderson, Mark D. Hayward. 1995. &ldquo;Marriage Markets and Marital Choice.&rdquo; Journal of Family Issues 16:412-31."},{"sequence":"22","original_text":"Kalmijn, Matthijs. 1991a. &ldquo;Shifting Boundaries: Trends in Religious and Educational Homogamy.&rdquo; American Sociological Review 56:786-800."},{"sequence":"23","original_text":"Kalmijn, Matthijs. 1991b. &ldquo;Status Homogamy in the United States.&rdquo; American Journal of Sociology 97:496-523."},{"sequence":"24","original_text":"Mare, Robert D. 1991. &ldquo;Five Decades of Educational Assortative Mating.&rdquo; American Sociological Review 56:15-32."},{"sequence":"25","original_text":"Mare, Robert D. 1995. \"Changes in Educational Attainment and School Enrollment.\" Pp. 155-213 in R. Farley (ed.), State of the Union: America in the 1990s. Volume I: Economic Trends. New York: Russell Sage Foundation."},{"sequence":"26","original_text":"Mare, Robert D. and Vida Maralani. 2006 &ldquo;The Intergenerational Effects of Changes in Women's Educational Attainments.&rdquo; American Sociological Review 71: 542-64."},{"sequence":"27","original_text":"Martin, Steven P. 2004. \"Women's Education and Family Timing: Outcomes and Trends Associated with Age at Marriage and First Birth.\" Pp., 79-118 in Social Inequality, edited by K. M. Neckerman. New York: Russell Sage Foundation."},{"sequence":"28","original_text":"Mascie-Taylor, C.G. Nicholas. 1986. \"Assortative Mating and Differential Fertility.\" Biology and Society 3: 167-70."},{"sequence":"29","original_text":"McLanahan, Sara S. and Gary D. Sandefur. 1994. Growing Up With a Single Parent. Cambridge: Harvard University Press."},{"sequence":"30","original_text":"Mukherjee, Ramkrishna. 1954. &ldquo;A Further Note on the Analysis of Data on Social Mobility.&rdquo; Pp. 242-59 in D. V. Glass (ed.), Social Mobility in Britain. London: Routledge and Kegan Paul."},{"sequence":"31","original_text":"Park, Jin Heum. 1996. &ldquo;Measuring Education over Time: A Comparison of Old and New Measures of Education from the Current Population Survey.&rdquo; Economics Letters 50:425-28."},{"sequence":"32","original_text":"Pencavel, John. 1998. &ldquo;Assortative Mating by Schooling and the Work Behavior of Wives and Husbands.&rdquo; The American Economic Review 88:326-29."},{"sequence":"33","original_text":"Preston, Samuel H. 1976. \"Family Sizes of Children and Family Sizes of Women.\" Demography 13: 105-14."},{"sequence":"34","original_text":"Qian, Zhenchao. 1998. &ldquo;Changes in Assortative Mating: The Impact of Age and Education, 1970-1990.&rdquo; Demography 35:279-92."},{"sequence":"35","original_text":"Ruggles, Steven, Matthew Sobek, Trent Alexander, Catherine A. Fitch, Ronald Goeken, Patricia Kelly Hall, Miriam King, and Chad Ronnander. 2004. Integrated Public Use Microdata Series: Version 3.0 [Machine-readable database]. Minneapolis, MN: Minnesota Population Center [producer and distributor] (http://www.ipums.org)."},{"sequence":"36","original_text":"Schoen, Robert and Nicola Standish. 2001. &ldquo;The Retrenchment of Marriage: Results from Marital Status Life Tables for the United States, 1995.&rdquo; Population and Development Review 27:553-563."},{"sequence":"37","original_text":"Schwartz, Christine R. and Robert D. Mare. 2003. &ldquo;The Effects of Marriage, Marital Dissolution, and Educational Upgrading on Educational Assortative Mating.&rdquo; Working Paper CCPR-026-03. California Center for Population Research, University of California-Los Angeles."},{"sequence":"38","original_text":"Schwartz, Christine R. and Robert D. Mare. 2005. \"Trends in Educational Assortative Marriage from 1940 to 2003.\" Demography 42: 621-46."},{"sequence":"39","original_text":"Shavit, Yossi and Hans-Peter Blossfeld. 1993. Persistent Inequality: Changing Educational Attainment in Thirteen Countries. Boulder, CO: Westview Press."},{"sequence":"40","original_text":"Smits, Jeroen, Wout Ultee, and Jan Lammers. 1998. &ldquo;Educational Homogamy in 65 Countries: An Explanation of Differences in Openness Using Country-Level Explanatory Variables.&rdquo; American Sociological Review 63:264-85."},{"sequence":"41","original_text":"Treiman, Donald J. and Harry B. G. Ganzeboom. 1999. &ldquo;The Fourth Generation of Comparative Stratification Research.&rdquo; In Sociological Research at the End of the Century, edited by Stella Quah and Arnaud Sales. London: Sage."},{"sequence":"42","original_text":"U.S. Census Bureau. 2002. Current Population Survey: Design and Methodology. Technical Paper 63RV. Washington, D.C.: U.S. Department of Labor, Bureau of Statistics and U.S. Department of Commerce, U.S. Census Bureau."},{"sequence":"43","original_text":"U.S. Department of Health and Human Services. 1993. Public Use Data Tape Documentation--1990 Detail Natality. Hyattsville, MD: Public Health Services, Centers for Disease Control and Prevention, National Center for Health Statistics, U.S. Department of Health and Human Services."},{"sequence":"44","original_text":"U.S. Department of Health and Human Services. 1995. Public Use Data Tape Documentation--Linked Birth/Infant Death Data Set: 1990 Birth Cohort. Hyattsville, MD: Public Health Services, Centers for Disease Control and Prevention, National Center for Health Statistics, U.S. Department of Health and Human Services."},{"sequence":"45","original_text":"West, Kirsten K., and J. Gregory Robinson. 1999. \"What Do We Know About the Undercount of Children?\" Population Division Working Paper No. 39. Washington: U.S. Bureau of the Census (http://www.census.gov/population/www/documentation/twps0039/twps0039.html)."}]}}