{"status":"OK","apiType":"doi","apiVersion":"1.0.0","message":{"total":1,"rows":1,"totalPages":1,"page":1},"data":{"siteId":"SI/JST.JSTAGE","content_type":"JA","doi":"10.11218/ojjams.23.2_137","url":"https://doi.org/10.11218/ojjams.23.2_137","ra":"JaLC","prefix":"10.11218","site_name":"J-STAGE","publisher_list":[{"publisher_name":"Japanese Association For Mathematical Sociology","lang":"en"},{"publisher_name":"数理社会学会","lang":"ja"}],"title_list":[{"lang":"en","title":"Seminar : New Methods of Quantitative Analysis"},{"title":"計量社会学ワンステップアップ講座"}],"creator_list":[{"sequence":"1","type":"person","names":[{"lang":"en","last_name":"MIWA","first_name":"Satoshi"},{"lang":"ja","last_name":"三輪","first_name":"哲"}],"affiliation_list":[{"affiliation_name":"Editor of Seminar","sequence":"1","lang":"en"},{"affiliation_name":"企画担当","sequence":"1","lang":"ja"}]}],"publication_date":{"publication_year":"2008"},"relation_list":[{"content":"http://www.jstage.jst.go.jp/article/ojjams/23/2/23_2_2_137/_pdf","type":"URL","relation":"fullTextPdf"}],"updated_date":"2014-12-09","article_type":"pub","journal_id_list":[{"journal_id":"0913-1442","type":"ISSN","issn_type":"print"},{"journal_id":"1881-6495","type":"ISSN","issn_type":"online"},{"journal_id":"ojjams","type":"JID"}],"journal_title_name_list":[{"journal_title_name":"Sociological Theory and Methods","type":"full","lang":"en"},{"journal_title_name":"Sociological Theory and Methods","type":"abbreviation","lang":"en"},{"journal_title_name":"理論と方法","type":"full","lang":"ja"},{"journal_title_name":"理論と方法","type":"abbreviation","lang":"ja"}],"journal_classification":"01","recorded_year":"1986-2013","volume":"23","issue":"2","first_page":"137","last_page":"2_138","date":"2009-01-05"}}