{"status":"OK","apiType":"doi","apiVersion":"1.0.0","message":{"total":1,"rows":1,"totalPages":1,"page":1},"data":{"siteId":"SI/JST.JSTAGE","content_type":"JA","doi":"10.11218/ojjams.18.185","url":"https://doi.org/10.11218/ojjams.18.185","ra":"JaLC","prefix":"10.11218","site_name":"J-STAGE","publisher_list":[{"publisher_name":"Japanese Association For Mathematical Sociology","lang":"en"},{"publisher_name":"数理社会学会","lang":"ja"}],"title_list":[{"lang":"en","title":"Can Evolutionary Game Theory Evolve in Sociology? :","subtitle":"Beyond Solving the Prisoner's Dilemma"}],"creator_list":[{"sequence":"1","type":"person","names":[{"lang":"en","last_name":"SATO","first_name":"Yoshimichi"}],"affiliation_list":[{"affiliation_name":"Graduate School of Arts and Letters<BR>Tohoku University","sequence":"1","lang":"en"}]}],"publication_date":{"publication_year":"2003"},"relation_list":[{"content":"https://www.jstage.jst.go.jp/article/ojjams/18/2/18_2_185/_pdf","type":"URL","relation":"fullTextPdf"}],"content_language":"en","updated_date":"2017-03-23","article_type":"pub","journal_id_list":[{"journal_id":"0913-1442","type":"ISSN","issn_type":"print"},{"journal_id":"1881-6495","type":"ISSN","issn_type":"online"},{"journal_id":"ojjams","type":"JID"}],"journal_title_name_list":[{"journal_title_name":"Sociological Theory and Methods","type":"full","lang":"en"},{"journal_title_name":"Sociological Theory and Methods","type":"abbreviation","lang":"en"},{"journal_title_name":"理論と方法","type":"full","lang":"ja"},{"journal_title_name":"理論と方法","type":"abbreviation","lang":"ja"}],"journal_classification":"01","recorded_year":"1986-2013","volume":"18","issue":"2","first_page":"185","last_page":"196","date":"2009-01-20","keyword_list":[{"keyword":"evolutionary game theory","sequence":"1","lang":"en"},{"keyword":"social order","sequence":"2","lang":"en"},{"keyword":"division of labor","sequence":"3","lang":"en"}],"citation_list":[{"sequence":"1","original_text":"Aoki, Masahiko and Masahiro Okuno (eds.). 1996. <I>Comparative Institutional Analysis: A New Approach to Economic Systems</I>, Tokyo: University of Tokyo Press. (in Japanese)"},{"sequence":"2","original_text":"Axelrod, Robert. 1984. <I>The Evolution of Cooperation</I>. New York: Basic Books."},{"sequence":"3","original_text":"Binmore, Ken and Larry Samuelson. 1999. &ldquo;Evolution and Mixed Strategies.&rdquo; <I>Games and Economic Behavior</I> 34: 200-26."},{"sequence":"4","original_text":"Durkheim, &Eacute;mile. 1893. <I>De la division du travail social</I>. Paris: Presses universitaires de France."},{"sequence":"5","original_text":"Hechter, Michael and Karl-Dieter Opp (eds.). 2001. <I>Social Norms</I>. New York: Russell Sage Foundation."},{"sequence":"6","original_text":"Kanai, Masayuki. 2003. &ldquo;The Significance and Problems of Selective Interaction Models in Evolutionary Game Theory,&rdquo; <I>Sociological Theory and Methods</I> 18(2): 153-67. (in Japanese)"},{"sequence":"7","original_text":"Macy, Michael, W. 1996. &ldquo;Natural Selection and Social Learning in Prisoner's Dilemma: Co-adaptation with Genetic Algorithms and Artificial Neural Networks.&rdquo; <I>Sociological Methods and Research</I> 25(1) : 103-37."},{"sequence":"8","original_text":"Maynard Smith, John. 1982. <I>Evolution and the Theory of Games</I>. Cambridge: Cambridge University Press."},{"sequence":"9","original_text":"Muto, Shigeo. 2001. <I>Introduction to Game Theory</I>. Nihon Keizai Shinbun. (in Japanese)"},{"sequence":"10","original_text":"Oura, Hirokuni. 2003. &ldquo;Evolutionary Game Theoretical Approach for Order Problem.&rdquo; <I>Sociological Theory and Methods</I> 18(2): 133-52. (in Japanese)"},{"sequence":"11","original_text":"Parsons, Talcott. 1951. <I>The Social System</I>. New York: Free Press."},{"sequence":"12","original_text":"Parsons, Talcott. 1966. <I>Societies: Evolutionary and Comparative Perspectives</I>. Englewood Cliffs, N.J.: Prentice-Hall."},{"sequence":"13","original_text":"Selten, Reinhard. 1980. &ldquo;A Note on Evolutionarily Stable Strategies in Asymmetric Animal Contests,&rdquo; <I>Journal of Theoretical Biology</I> 84: 93-101."},{"sequence":"14","original_text":"Skyrms, Brian. 1996. <I>Evolution of Social Contract</I>. Cambridge: Cambridge University Press."},{"sequence":"15","original_text":"Young, H. Peyton. 1998. <I>Individual Strategy and Social Structure: An Evolutionary Theory of Institutions</I>. Princeton: Princeton University Press."}]}}