{"status":"OK","apiType":"doi","apiVersion":"1.0.0","message":{"total":1,"rows":1,"totalPages":1,"page":1},"data":{"siteId":"SI/JST.JSTAGE","content_type":"JA","doi":"10.11218/ojjams.20.81","url":"https://doi.org/10.11218/ojjams.20.81","ra":"JaLC","prefix":"10.11218","site_name":"J-STAGE","publisher_list":[{"publisher_name":"Japanese Association For Mathematical Sociology","lang":"en"},{"publisher_name":"数理社会学会","lang":"ja"}],"title_list":[{"lang":"en","title":"Some Conceptual Problems of Social Capital:","subtitle":"Tie, Strength of Tie and Trust"}],"creator_list":[{"sequence":"1","type":"person","names":[{"lang":"en","last_name":"TSUZUKI","first_name":"Kazuharu"}],"affiliation_list":[{"affiliation_name":"Depatrment of Sociology Ryutsu Keizai University","sequence":"1","lang":"en"},{"affiliation_name":"Depatrment of Sociology Ryutsu Keizai University","sequence":"1","lang":"ja"}]}],"publication_date":{"publication_year":"2005"},"relation_list":[{"content":"https://www.jstage.jst.go.jp/article/ojjams/20/1/20_1_81/_pdf","type":"URL","relation":"fullTextPdf"}],"content_language":"en","updated_date":"2017-03-23","article_type":"pub","journal_id_list":[{"journal_id":"0913-1442","type":"ISSN","issn_type":"print"},{"journal_id":"1881-6495","type":"ISSN","issn_type":"online"},{"journal_id":"ojjams","type":"JID"}],"journal_title_name_list":[{"journal_title_name":"Sociological Theory and Methods","type":"full","lang":"en"},{"journal_title_name":"Sociological Theory and Methods","type":"abbreviation","lang":"en"},{"journal_title_name":"理論と方法","type":"full","lang":"ja"},{"journal_title_name":"理論と方法","type":"abbreviation","lang":"ja"}],"journal_classification":"01","recorded_year":"1986-2013","volume":"20","issue":"1","first_page":"81","last_page":"95","date":"2007-07-06","keyword_list":[{"keyword":"Social Capital","sequence":"1","lang":"en"},{"keyword":"Social Network","sequence":"2","lang":"en"},{"keyword":"Tie","sequence":"3","lang":"en"},{"keyword":"Strength of Tie","sequence":"4","lang":"en"},{"keyword":"Trust","sequence":"5","lang":"en"}],"citation_list":[{"sequence":"1","journal_title_name_list":[{"journal_title_name":"American Sociological Review","lang":"en"}],"title_list":[{"lang":"en","title":"Bringing Strong Ties back in: Indirect Ties, Network Bridges, and Job Search in China"}],"volume":"62","first_page":"366","last_page":"385","publication_date":{"publication_year":"1997"},"content_language":"en","original_text":"Bian, Yanjie. 1997. &ldquo;Bringing Strong Ties back in: Indirect Ties, Network Bridges, and Job Search in China.&rdquo; American Sociological Review 62: 366-85."},{"sequence":"2","original_text":"Dasgupta, Partha. 1988. &ldquo;Trust as a Commodity.&rdquo; Pp.49-72 in Trust: making and Breaking Cooperative Relations. edited by Diego Gambetta. Oxford: Basil Blackwell."},{"sequence":"3","doi":"10.1086/225469","journal_title_name_list":[{"journal_title_name":"American Journal of Sociology","lang":"en"}],"title_list":[{"lang":"en","title":"The Strength of Weak Ties"}],"volume":"78","first_page":"1360","last_page":"1380","publication_date":{"publication_year":"1973"},"content_language":"en","original_text":"Granovetter, Mark S. 1973. &ldquo;The Strength of Weak Ties.&rdquo; American Journal of Sociology 78: 1360-80."},{"sequence":"4","journal_title_name_list":[{"journal_title_name":"American Journal of Sociology","lang":"en"}],"title_list":[{"lang":"en","title":"Counterfactual Models of Neighborhood Effects: The Effect of Neighborhood Poverty on Dropping Out and Teenage Pregnancy"}],"volume":"109","first_page":"676","last_page":"719","publication_date":{"publication_year":"2003"},"content_language":"en","original_text":"Harding, David J. 2003. &ldquo;Counterfactual Models of Neighborhood Effects: The Effect of Neighborhood Poverty on Dropping Out and Teenage Pregnancy&rdquo;, American Journal of Sociology 109(3): 676-719."},{"sequence":"5","original_text":"Hiramatsu, Hitoshi (ed.). 1990 Social Network (originally in Japanese), Tokyo: Fukumura Shuppan."},{"sequence":"6","journal_title_name_list":[{"journal_title_name":"Annual Review of Sociology","lang":"en"}],"title_list":[{"lang":"en","title":"Social Networks and Status Attainment"}],"volume":"25","first_page":"467","last_page":"487","publication_date":{"publication_year":"1999"},"content_language":"en","original_text":"Lin, Nan. 1999. &ldquo;Social Networks and Status Attainment.&rdquo; Annual Review of Sociology 25: 467-87."},{"sequence":"7","original_text":"Luhmann, Niklas. 1973. Vertrauen Ein Mechanismus der Reduction sozialer Komplexit&auml;t (2. Erweiterte Auflage) F. Enke, Stuttgart (=1979 Trust and Power, Chichester, New York: John Wiley and Sons,)."},{"sequence":"8","original_text":"Luhmann, Niklas. 1988. &ldquo;Familiarity, Confidence, Trust: Problems and Alternatives&rdquo;, Pp.94-107 in Trust: Making and Breaking Cooperative Relations. edited by Diego, Gambetta. Oxford: Basil Blackwell."},{"sequence":"9","original_text":"Miyakawa, Kimio., and Omori, Takashi (ed.) 2004. Social Capital &mdash; Basis of governance of the modern economic society &mdash; (originally in Japanese) Tokyo: Toyo Keizai Inc."},{"sequence":"10","journal_title_name_list":[{"journal_title_name":"American Journal of Sociology","lang":"en"}],"title_list":[{"lang":"en","title":"Neighborhood Mechanisms and the Spatial Dynamics of Birth Weight"}],"volume":"108","first_page":"976","last_page":"1017","publication_date":{"publication_year":"2003"},"content_language":"en","original_text":"Morenoff, Jeffrey D. 2003. &ldquo;Neighborhood Mechanisms and the Spatial Dynamics of Birth Weight&rdquo;, American Journal of Sociology 108: 976-1017."},{"sequence":"11","journal_title_name_list":[{"journal_title_name":"American Sociological Review","lang":"en"}],"title_list":[{"lang":"en","title":"Social Capital and Finding A Job: Do Contacts Matter?"}],"volume":"68","first_page":"868","last_page":"898","publication_date":{"publication_year":"2003"},"content_language":"en","original_text":"Mouw, Ted. 2003. &ldquo;Social Capital and Finding A Job: Do Contacts Matter?.&rdquo; American Sociological Review 68: 868-98."},{"sequence":"12","journal_title_name_list":[{"journal_title_name":"American Journal of Sociology","lang":"en"}],"title_list":[{"lang":"en","title":"Kinship Networks and Entrepreneurs in China's Transitional Economy"}],"volume":"109","first_page":"1045","last_page":"1074","publication_date":{"publication_year":"2004"},"content_language":"en","original_text":"Peng, Yusheng. 2004. &ldquo;Kinship Networks and Entrepreneurs in China's Transitional Economy.&rdquo; American Journal of Sociology 109(5): 1045-74."},{"sequence":"13","doi":"10.1146/annurev.soc.24.1.1","journal_title_name_list":[{"journal_title_name":"Annual Review of Sociology","lang":"en"}],"title_list":[{"lang":"en","title":"Social Capital: Its Origins and Applications in Modern Sociology"}],"volume":"24","first_page":"1","last_page":"24","publication_date":{"publication_year":"1998"},"content_language":"en","original_text":"Portes, Alejandro. 1998. &ldquo;Social Capital: Its Origins and Applications in Modern Sociology.&rdquo; Annual Review of Sociology 24: 1-24."},{"sequence":"14","journal_title_name_list":[{"journal_title_name":"Social Forces","lang":"en"}],"title_list":[{"lang":"en","title":"Social Capital and Homicide"}],"volume":"80","first_page":"283","last_page":"309","publication_date":{"publication_year":"2001"},"content_language":"en","original_text":"Rosenfeld, Richard, Steven F. Messner and Eric P. Baumer. 2001. &ldquo;Social Capital and Homicide.&rdquo; Social Forces, 80(1): 283-309."},{"sequence":"15","journal_title_name_list":[{"journal_title_name":"American Sociological Review","lang":"en"}],"title_list":[{"lang":"en","title":"Beyond Social Capital: Spatial Dynamics of Collective Efficacy for Children"}],"volume":"64","first_page":"633","last_page":"660","publication_date":{"publication_year":"1999"},"content_language":"en","original_text":"Sampson, Robert J., Jeffrey D. Morenoff and Felton Earls. 1999. &ldquo;Beyond Social Capital: Spatial Dynamics of Collective Efficacy for Children.&rdquo; American Sociological Review 64: 633-60."},{"sequence":"16","doi":"10.1080/00222500210525","journal_title_name_list":[{"journal_title_name":"Journal of Mathematical Sociology","lang":"en"}],"title_list":[{"lang":"en","title":"Trust, Assurance, and Inequality: A Rational Choice Model of Mutual Trust"}],"volume":"26","first_page":"1","last_page":"16","publication_date":{"publication_year":"2002"},"content_language":"en","original_text":"Sato, Yoshimichi. 2002. &ldquo;Trust, Assurance, and Inequality: A Rational Choice Model of Mutual Trust.&rdquo; Journal of Mathematical Sociology 26: 1-16."},{"sequence":"17","journal_title_name_list":[{"journal_title_name":"Sociological Theory and Methods","lang":"en"}],"title_list":[{"lang":"en","title":"Meaning of Action and their Interpretation: Formalization of Intention, Behavior and Interpretative Scheme using a Fuzzy Set"}],"volume":"15","first_page":"273","last_page":"286","publication_date":{"publication_year":"2000"},"content_language":"en","original_text":"Tsuzuki, Kazuharu. 2000. &ldquo;Meaning of Action and their Interpretation: Formalization of Intention, Behavior and Interpretative Scheme using a Fuzzy Set (originally in Japanese)&rdquo; Sociological Theory and Methods 15(2): 273-86."},{"sequence":"18","original_text":"Uslaner, Eric M. 2003. &ldquo;Trust in the Knowledge Society,&rdquo; prepared for the Conference on Social Capital, Tokyo: Cabinet of the Government of Japan: 24-25."},{"sequence":"19","original_text":"White, Harrison C. 1992. Identity and Control: A Structural Theory of Social Action, Princeton, New Jersey: Princeton University Press."},{"sequence":"20","original_text":"Yamagishi Toshio. 1998. The Structure of Trust &mdash; Evolutionary Games for Mind and Society (originally in Japanese), Tokyo: University of Tokyo Press."},{"sequence":"21","original_text":"Yamazaki Koji 2004. &ldquo;Economic Approach to Social Capital. (originally in Japanese)&rdquo; Pp.187-211. Social Capital &mdash; Basis of governance of the modern economic society (originally in Japanese). edited by Kimio, Miyakawa., and Takashi, Omori. Tokyo: Toyo Keizai Inc."},{"sequence":"22","original_text":"Yasuda Yuki. 2001. Practical Network Analysis: a Theory and Technique to solve Human Relationship (originally in Japanese). Tokyo: Sin-yo-sha."}]}}