{"status":"OK","apiType":"doi","apiVersion":"1.0.0","message":{"total":1,"rows":1,"totalPages":1,"page":1},"data":{"siteId":"SI/JST.JSTAGE","content_type":"JA","doi":"10.11218/ojjams.24.247","url":"https://doi.org/10.11218/ojjams.24.247","ra":"JaLC","prefix":"10.11218","site_name":"J-STAGE","publisher_list":[{"publisher_name":"Japanese Association For Mathematical Sociology","lang":"en"},{"publisher_name":"数理社会学会","lang":"ja"}],"title_list":[{"lang":"en","title":"Time-Series QCA:","subtitle":"Studying Temporal Change through Boolean Analysis"}],"creator_list":[{"sequence":"1","type":"person","names":[{"lang":"en","last_name":"HINO","first_name":"Airo"}],"affiliation_list":[{"affiliation_name":"Tokyo Metropolitan University","sequence":"1","lang":"en"}]}],"publication_date":{"publication_year":"2009"},"relation_list":[{"content":"https://www.jstage.jst.go.jp/article/ojjams/24/2/24_2_247/_pdf","type":"URL","relation":"fullTextPdf"}],"content_language":"en","updated_date":"2017-03-23","article_type":"pub","journal_id_list":[{"journal_id":"0913-1442","type":"ISSN","issn_type":"print"},{"journal_id":"1881-6495","type":"ISSN","issn_type":"online"},{"journal_id":"ojjams","type":"JID"}],"journal_title_name_list":[{"journal_title_name":"Sociological Theory and Methods","type":"full","lang":"en"},{"journal_title_name":"Sociological Theory and Methods","type":"abbreviation","lang":"en"},{"journal_title_name":"理論と方法","type":"full","lang":"ja"},{"journal_title_name":"理論と方法","type":"abbreviation","lang":"ja"}],"journal_classification":"01","recorded_year":"1986-2013","volume":"24","issue":"2","first_page":"247","last_page":"265","date":"2010-03-30","keyword_list":[{"keyword":"QCA","sequence":"1","lang":"en"},{"keyword":"Boolean analysis","sequence":"2","lang":"en"},{"keyword":"TQCA","sequence":"3","lang":"en"},{"keyword":"time-series analysis","sequence":"4","lang":"en"}],"citation_list":[{"sequence":"1","original_text":"Arzheimer, Kai and Carter, Elisabeth. 2006. &ldquo;Political opportunity structures and right-wing extremist party success.&rdquo; <I>European Journal of Political Research</I>, 45(3): 419-443."},{"sequence":"2","original_text":"Budge, Ian, Klingemann, Hans-Dieter, Volkens, Andrea, Bara, Judith, and Tanenbaum, Eric (eds.). 2001. <I>Mapping Policy Preferences: Estimates for Parties, Electors, and Governments 1945 - 1998</I>. Oxford: Oxford University Press."},{"sequence":"3","original_text":"Caren, Neal and Panofsky, Aaron. 2005. &ldquo;TQCA: A Technique for Adding Temporality to Qualitative Comparative Analysis.&rdquo; <I>Sociological Methods &amp; Research</I>, 34(2): 147-172."},{"sequence":"4","original_text":"Cronqvist, Lasse and Berg-Schlosser, Dirk. 2009. &ldquo;Multi-Value QCA (mvqca)&rdquo; in Rihoux, Beno&icirc;t and Ragin, Charles (eds.). <I>Configurational Comparative Methods: Qualitative Comparative Analysis (QCA) and Related Techniques</I>. Applied Social Research Methods. Thousands Oaks and London: Sage."},{"sequence":"5","original_text":"Cronqvist, Lasse. 2006. Tosmana - Tool for Small-N Analysis [Version 1.255]. Internet: Marburg. http://www.tosmana.net."},{"sequence":"6","original_text":"Cronqvist, Lasse. 2007. Tosmana - Tool for Small-N Analysis [Version 1.3]. Marburg. Internet: http://www.tosmana.net."},{"sequence":"7","original_text":"Golder, Matt. 2003. &ldquo;Explaining variation in the success of extreme right parties in Western Europe.&rdquo; <I>Comparative Political Studies</I>, 36(4): 432-466."},{"sequence":"8","original_text":"Greene, William H. 2003. <I>Econometric Analysis</I>. 5th edition. Upper Saddle River, NJ: Prentice Hall."},{"sequence":"9","original_text":"Harmel, Robert, and Robertson, John D. 1985. &ldquo;Formation and success of new parties: A cross-national analysis.&rdquo; <I>International Political Science Review</I>, 6(4): 501-23."},{"sequence":"10","original_text":"Hino, Airo. 2006. <I>The Emergence and Success of New Parties in Western Europe: A Comparative Analysis of 15 Democracies, 1950-2004</I>. Ph.D Thesis. Department of Government. University of Essex."},{"sequence":"11","original_text":"Hug, Simon. 2001. <I>Altering Party Systems: Strategic Behavior and The Emergence of New Political Parties in Western Democracies</I>. Ann Arbor: University of Michigan Press."},{"sequence":"12","original_text":"Jackman, Robert, and Volpert, Karin. 1996. &ldquo;Conditions favouring parties of the extreme right in Western Europe.&rdquo; <I>British Journal of Political Science</I>, 26(4): 501-521."},{"sequence":"13","original_text":"Kitschelt, Herbert. 1995. <I>The Radical Right in Western Europe</I>. Ann Arbor: University of Michigan Press."},{"sequence":"14","original_text":"Ragin, Charles and Strand, Sarah. 2008. &ldquo;Using Qualitative Comparative Analysis to Study Causal Order: Comment on Caren and Panofsky (2005).&rdquo; <I>Sociological Methods &amp; Research</I>, 36(4): 431-441."},{"sequence":"15","original_text":"Ragin, Charles, 1987. <I>The Comparative Method: Moving beyond Qualitative and Quantitative Strategies</I>. Berkeley: University of California Press."},{"sequence":"16","original_text":"Redding, Kent and Viterna, Jocelyn S. 1999. &lsquo;Political demands, political opportunities: Explaining the differential success of Left-Libertarian parties&rsquo;. <I>Social Forces</I>, 78(2): 491-510."},{"sequence":"17","original_text":"Rihoux, Beno&icirc;t and Ragin, Charles (eds.). 2009. <I>Configurational Comparative Methods: Qualitative Comparative Analysis (QCA) and Related Techniques</I>. Applied Social Research Methods Series Volume 51. Thousands Oaks and London: Sage."},{"sequence":"18","original_text":"Wooldridge, Jeffery M. 2002. <I>Econometric Analysis of Cross Section and Panel Data</I>.Cambridge: Massachusetts Institute of Technology."}]}}