{"status":"OK","apiType":"doi","apiVersion":"1.0.0","message":{"total":1,"rows":1,"totalPages":1,"page":1},"data":{"siteId":"SI/JST.JSTAGE","content_type":"JA","doi":"10.11218/ojjams.16.185","url":"https://doi.org/10.11218/ojjams.16.185","ra":"JaLC","prefix":"10.11218","site_name":"J-STAGE","publisher_list":[{"publisher_name":"Japanese Association For Mathematical Sociology","lang":"en"},{"publisher_name":"数理社会学会","lang":"ja"}],"title_list":[{"lang":"ja","title":"人口減少社会の親族資源"},{"lang":"en","title":"Kinship Resources in Declining Population"}],"creator_list":[{"sequence":"1","type":"person","names":[{"lang":"ja","last_name":"鈴木","first_name":"透"},{"lang":"en","last_name":"SUZUKI","first_name":"Toru"}],"affiliation_list":[{"affiliation_name":"National Institute of Population and Social Security Research","sequence":"1","lang":"en"},{"affiliation_name":"国立社会保障・人口問題研究所","sequence":"1","lang":"ja"}]}],"publication_date":{"publication_year":"2001"},"relation_list":[{"content":"https://www.jstage.jst.go.jp/article/ojjams/16/2/16_185/_pdf","type":"URL","relation":"fullTextPdf"}],"content_language":"ja","updated_date":"2016-09-29","article_type":"pub","journal_id_list":[{"journal_id":"0913-1442","type":"ISSN","issn_type":"print"},{"journal_id":"1881-6495","type":"ISSN","issn_type":"online"},{"journal_id":"ojjams","type":"JID"}],"journal_title_name_list":[{"journal_title_name":"Sociological Theory and Methods","type":"full","lang":"en"},{"journal_title_name":"Sociological Theory and Methods","type":"abbreviation","lang":"en"},{"journal_title_name":"理論と方法","type":"full","lang":"ja"},{"journal_title_name":"理論と方法","type":"abbreviation","lang":"ja"}],"journal_classification":"01","recorded_year":"1986-2013","volume":"16","issue":"2","first_page":"185","last_page":"197","date":"2016-09-30","keyword_list":[{"keyword":"population decline","sequence":"1","lang":"en"},{"keyword":"人口減少","sequence":"1","lang":"ja"},{"keyword":"kinship resources","sequence":"2","lang":"en"},{"keyword":"親族資源","sequence":"2","lang":"ja"},{"keyword":"elderly","sequence":"3","lang":"en"},{"keyword":"高齢者","sequence":"3","lang":"ja"}],"citation_list":[{"sequence":"1","original_text":"Bongaarts, John, and Griffith Feeney. 1998. &ldquo;On the Quantum and Tempo of Fertility.&rdquo; <I>Population and Development Review</I> 24(2): 271-291."},{"sequence":"2","original_text":"Goodman, Leo A., Nathan Keyfitz, and Thomas W. Pullum. 1974. &ldquo;Family Formation and the Frequency of Various Kinship Relationships.&rdquo; <I>Theoretical Population Biology</I> 5: 1-27."},{"sequence":"3","original_text":"Harris, Theodore E. 1963. <I>The Theory of Branching Processes</I>. Englewood Cliffs, NJ: Addison-Wesley."},{"sequence":"4","original_text":"稲葉寿. 2000.「出生力のエイジ・シフトの効果についての注意」『人口学研究』26: 21-27."},{"sequence":"5","original_text":"金益基・朴京淑・小島宏. 1998.「現代の韓国と日本における老親の地理的ネットワーク」『人口問題研究』54(4): 63-84."},{"sequence":"6","original_text":"Kojima, Hiroshi. 1989. &ldquo;Intergenerational Household Extension in Japan.&rdquo; Pp.163-184 in <I>Ethnicity and the New Family Economy</I>, edited by Frances K. Goldscheider and Calvin Goldscheider. Boulder, Colorado: Westview Press."},{"sequence":"7","original_text":"国立社会保障・人口問題研究所. 1997.『日本の将来推計人口―平成9年1月推計―』研究資料第291号. 国立社会保障・人口問題研究所."},{"sequence":"8","original_text":"国立社会保障・人口問題研究所. 1998.『日本人の結婚と出産―第11回出生動向基本調査第I報告書―』調査研究報告資料第13号. 国立社会保障・人口問題研究所."},{"sequence":"9","original_text":"Pullum, Thomas W. 1982. &ldquo;The Eventual Frequencies of Kin in a Stable Population.&rdquo; <I>Demography</I> 19(4): 549-565."},{"sequence":"10","original_text":"清水浩昭. 1985.「家族形態の地域制」『人口問題研究』176: 33-37."},{"sequence":"11","original_text":"鈴木透. 1992.「直系尊属の生存確率」『人口問題研究』48(1): 32-37."},{"sequence":"12","original_text":"鈴木透. 1996. &ldquo;A Kinship Model Based on Branching Process.&rdquo;『人口問題研究』52(2): 17-29."},{"sequence":"13","original_text":"竹村彰通. 1991.『現代数理統計学』創文社."},{"sequence":"14","original_text":"Tsuya, Noriko O., and Linda G. Martin. 1992. &ldquo;Living Arrangements of Elderly Japanese and Attitudes toward Inheritance.&rdquo; <I>Journal of Gerontology, Social Sciences</I> 47(2): S45-S54."},{"sequence":"15","original_text":"Wachter, Kenneth W. 1997. &ldquo;Kinship Resources for the Elderly.&rdquo; <I>Philosophical Transactions of the Royal Society</I>, Series B 352: 1811-1817."},{"sequence":"16","original_text":"Wolf, Douglas A. 1994. &ldquo;The Elderly and Their Kin: Patterns of Availability and Access.&rdquo; Pp.146-194 in <I>Demography of Aging</I>, edited by Linda G. Martin and Samuel H. Preston. Washington, D. C.: National Academy Press."},{"sequence":"17","original_text":"八代尚宏. 1999.『少子・高齢化の経済学―市場重視の構造改革―』東洋経済新報社."}]}}