{"status":"OK","apiType":"doi","apiVersion":"1.0.0","message":{"total":1,"rows":1,"totalPages":1,"page":1},"data":{"siteId":"SI/JST.JSTAGE","content_type":"JA","doi":"10.11218/ojjams.21.33","url":"https://doi.org/10.11218/ojjams.21.33","ra":"JaLC","prefix":"10.11218","site_name":"J-STAGE","publisher_list":[{"publisher_name":"Japanese Association For Mathematical Sociology","lang":"en"},{"publisher_name":"数理社会学会","lang":"ja"}],"title_list":[{"lang":"ja","title":"計量社会学における多重比較の同時分析","subtitle":"ロジットモデルによる教育達成分析"},{"lang":"en","title":"Simultaneous Analysis to Multiple-comparison in Quantitative Sociology","subtitle":"Logit Models for Educational Attainment Research"}],"creator_list":[{"sequence":"1","type":"person","names":[{"lang":"ja","last_name":"鹿又","first_name":"伸夫"},{"lang":"en","last_name":"KANOMATA","first_name":"Nobuo"}],"affiliation_list":[{"affiliation_name":"Faculty of Letters, Keio University","sequence":"1","lang":"en"},{"affiliation_name":"慶應義塾大学","sequence":"1","lang":"ja"}]}],"publication_date":{"publication_year":"2006"},"relation_list":[{"content":"https://www.jstage.jst.go.jp/article/ojjams/21/1/21_1_33/_pdf","type":"URL","relation":"fullTextPdf"}],"content_language":"ja","updated_date":"2017-03-23","article_type":"pub","journal_id_list":[{"journal_id":"0913-1442","type":"ISSN","issn_type":"print"},{"journal_id":"1881-6495","type":"ISSN","issn_type":"online"},{"journal_id":"ojjams","type":"JID"}],"journal_title_name_list":[{"journal_title_name":"Sociological Theory and Methods","type":"full","lang":"en"},{"journal_title_name":"Sociological Theory and Methods","type":"abbreviation","lang":"en"},{"journal_title_name":"理論と方法","type":"full","lang":"ja"},{"journal_title_name":"理論と方法","type":"abbreviation","lang":"ja"}],"journal_classification":"01","recorded_year":"1986-2013","volume":"21","issue":"1","first_page":"33","last_page":"48","date":"2007-08-01","keyword_list":[{"keyword":"multiple-comparison","sequence":"1","lang":"en"},{"keyword":"多重比較","sequence":"1","lang":"ja"},{"keyword":"simultaneous analysis","sequence":"2","lang":"en"},{"keyword":"同時分析","sequence":"2","lang":"ja"},{"keyword":"educational attainment","sequence":"3","lang":"en"},{"keyword":"教育達成","sequence":"3","lang":"ja"},{"keyword":"logit model","sequence":"4","lang":"en"},{"keyword":"ロジットモデル","sequence":"4","lang":"ja"},{"keyword":"ordered logit","sequence":"5","lang":"en"},{"keyword":"順序ロジット","sequence":"5","lang":"ja"}],"citation_list":[{"sequence":"1","original_text":"Breen,Richard and Jan O. Jonsson. 2000. \"Analyzing Educational Careers: A Multinominal Transition Model.\" American Sociological Review 65: 754-72."},{"sequence":"2","original_text":"Chang,Sang-soo. 2003. \"Patterns and Changes of Educational Attainment in Korea.\" Paper presented to ISA Research Committee on Social Stratification and Mobility(RC28) at Tokyo University."},{"sequence":"3","original_text":"Ishida,Hiroshi. 2003. \"Educational Expansion and Inequality of Access to Education in Japan.\" Paper presented to ISA Research Committee on Social Stratification(RC28) at New York University."},{"sequence":"4","original_text":"Jaccard,James. 2001. Interaction Effects in Logistic Regression. Thousand Oaks: Sage."},{"sequence":"5","original_text":"鹿又伸夫. 2004.「移動機会格差の変動分析：ロジスティック回帰モデルの応用」『理論と方法』19(2): 251-64."},{"sequence":"6","original_text":"苅谷剛彦. 2001.『階層化日本と教育危機』有信堂."},{"sequence":"7","original_text":"Kikkawa,Toru. 2004. \"Effect of Educational Expansion on Educational Inequality in Post-industrialized Societies: A Cross-cultural Comparison of Japan and the United States of America.\" International Journal of Japanese Sociology 13: 101-19."},{"sequence":"8","original_text":"Kim,Ki Hun. 2005. \"Educational Expansion and Inequality: Social Class and Gender Differentials in School Transitions in Korea.\" Pp.135-64 in Annual Report,2004,Center for the Study od Social Stratification and Inequality,Tohoku University."},{"sequence":"9","original_text":"Mare,Robert D. 1980. \"Social Background and School Continuation Decisions.\" Journal of American Statistical Association 75: 295-305."},{"sequence":"10","original_text":"Mare,Robert D. 1981. \"Changes and Stability in Educational Stratification.\" American Sociological Review 46: 72-87."},{"sequence":"11","original_text":"尾嶋史章. 2002.「社会階層と進路形成の変容－90年代の変化を考える－」教育社会学研究 70: 125-41."},{"sequence":"12","original_text":"Raftery,Adrian E. and Michael Hout. 1993. \"Maximally Maintained Inequality: Expansion,Reform,and Opportunity in Irish Education,1921-75.\" Sociology of Education 66(1): 41-62."},{"sequence":"13","original_text":"Ragin,Charles. C. 1987. The Comparative Method: Moving Beyond Qualitative and Quantitative Strategies, University of California Press. (鹿又伸夫監訳『社会科学における比較研究－質的分析と計量的分析の統合にむけて』ミネルヴァ書房,1993.)"},{"sequence":"14","original_text":"Shavit,Yossi and Hans-Peter Blossfeld(eds.) 1993. Persistent Inequality: Changing Educational Attainment in Thirteen Countries. Boulder,Colo: Westview Press."},{"sequence":"15","original_text":"Treiman,Donald J. and KazuoYamaguchi. 1993. \"Trends in Educational Attainment in Japan.\" Pp.229-49 in Persistent Inequality: Changing Educational Attainment in Thirteen Countries,edited by Yossi Shavit and Hans-Peter Blossfeld. Boulder,Colo: Westview Press."}]}}