{"status":"OK","apiType":"doi","apiVersion":"1.0.0","message":{"total":1,"rows":1,"totalPages":1,"page":1},"data":{"siteId":"SI/JST.JSTAGE","content_type":"JA","doi":"10.11218/ojjams.16.245","url":"https://doi.org/10.11218/ojjams.16.245","ra":"JaLC","prefix":"10.11218","site_name":"J-STAGE","publisher_list":[{"publisher_name":"Japanese Association For Mathematical Sociology","lang":"en"},{"publisher_name":"数理社会学会","lang":"ja"}],"title_list":[{"lang":"ja","title":"オッズ比の変化をどう読むか"},{"lang":"en","title":"How to Interpret Changes of Odds Ratios"}],"creator_list":[{"sequence":"1","type":"person","names":[{"lang":"ja","last_name":"近藤","first_name":"博之"},{"lang":"en","last_name":"KONDO","first_name":"Hiroyuki"}],"affiliation_list":[{"affiliation_name":"Osaka University","sequence":"1","lang":"en"},{"affiliation_name":"大阪大学","sequence":"1","lang":"ja"}]}],"publication_date":{"publication_year":"2001"},"relation_list":[{"content":"https://www.jstage.jst.go.jp/article/ojjams/16/2/16_245/_pdf","type":"URL","relation":"fullTextPdf"}],"content_language":"ja","updated_date":"2016-09-29","article_type":"pub","journal_id_list":[{"journal_id":"0913-1442","type":"ISSN","issn_type":"print"},{"journal_id":"1881-6495","type":"ISSN","issn_type":"online"},{"journal_id":"ojjams","type":"JID"}],"journal_title_name_list":[{"journal_title_name":"Sociological Theory and Methods","type":"full","lang":"en"},{"journal_title_name":"Sociological Theory and Methods","type":"abbreviation","lang":"en"},{"journal_title_name":"理論と方法","type":"full","lang":"ja"},{"journal_title_name":"理論と方法","type":"abbreviation","lang":"ja"}],"journal_classification":"01","recorded_year":"1986-2013","volume":"16","issue":"2","first_page":"245","last_page":"252","date":"2016-09-30","keyword_list":[{"keyword":"odds ratios","sequence":"1","lang":"en"},{"keyword":"オッズ比","sequence":"1","lang":"ja"},{"keyword":"inequality of opportunity","sequence":"2","lang":"en"},{"keyword":"機会の不平等","sequence":"2","lang":"ja"},{"keyword":"social mobility","sequence":"3","lang":"en"},{"keyword":"社会移動","sequence":"3","lang":"ja"}],"citation_list":[{"sequence":"1","original_text":"Breen, Richard, and John H. Goldthorpe. 1999. &ldquo;Class Inequality and Meritocracy: A Critique of Saunders and Alternative Analysis.&rdquo; <I>British Journal of Sociology</I> 50(1): 1-27."},{"sequence":"2","original_text":"Goldthorpe, John H. (with Catriona Llewellyn, and Clive Payne.) 1980. <I>Social Mobility and Class Structure in Modern Britain</I>. Oxford: Clarendon Press."},{"sequence":"3","original_text":"近藤博之. 2000.「『知的階層性』の神話」近藤博之編『日本の階層システム3 戦後日本の教育社会』東京大学出版会: 221-245."},{"sequence":"4","original_text":"Marshall, Gordon, Adam Swift, and Stephen Roberts. 1997. <I>Against the Odds?: Social Class and Social Justice in Industrial Societies</I>. Oxford: Clarendon Press."},{"sequence":"5","original_text":"佐藤俊樹. 2000.『不平等社会日本－さよなら総中流－』中央公論社 (中公新書)."},{"sequence":"6","original_text":"Saunders, Peter. 1995. &ldquo;Might Britain Be a Meritocracy?&rdquo; <I>Sociology</I> 29: 23-41."},{"sequence":"7","original_text":"Saunders, Peter. 1996. <I>?Unequal but Fair? A Study of Class Barriers in Britain</I>. London: IEA Health and Welfare Unit."},{"sequence":"8","original_text":"Saunders, Peter. 1997. &ldquo;Social Mobility in Britain: An Empirical Evaluation of Two Competing Theories.&rdquo; <I>Sociology</I> 31: 261-88."},{"sequence":"9","original_text":"Savage, Mike, and Muriel Egerton. 1997. &ldquo;Social Mobility, Individual Ability and the Inheritance of Class Inequality.&rdquo; <I>Sociology</I> 31: 645-72."}]}}