{"status":"OK","apiType":"doi","apiVersion":"1.0.0","message":{"total":1,"rows":1,"totalPages":1,"page":1},"data":{"siteId":"SI/JST.JSTAGE","content_type":"JA","doi":"10.11218/ojjams.1.41","url":"https://doi.org/10.11218/ojjams.1.41","ra":"JaLC","prefix":"10.11218","site_name":"J-STAGE","publisher_list":[{"publisher_name":"Japanese Association For Mathematical Sociology","lang":"en"},{"publisher_name":"数理社会学会","lang":"ja"}],"title_list":[{"lang":"ja","title":"「社会の階層構造が与える心理的影響」研究をめぐる理論と方法"},{"lang":"en","title":"A Theoretical and Methodological Study of Psychological Aspects of Social Stratification"}],"creator_list":[{"sequence":"1","type":"person","names":[{"lang":"ja","last_name":"和田","first_name":"修一"},{"lang":"en","last_name":"WADA","first_name":"Shuichi"}],"affiliation_list":[{"affiliation_name":"National Institute of Mental Health","sequence":"1","lang":"en"},{"affiliation_name":"精神保健研究所","sequence":"1","lang":"ja"}]}],"publication_date":{"publication_year":"1986"},"relation_list":[{"content":"https://www.jstage.jst.go.jp/article/ojjams/1/1/1_1_41/_pdf","type":"URL","relation":"fullTextPdf"}],"content_language":"ja","updated_date":"2017-03-23","article_type":"pub","journal_id_list":[{"journal_id":"0913-1442","type":"ISSN","issn_type":"print"},{"journal_id":"1881-6495","type":"ISSN","issn_type":"online"},{"journal_id":"ojjams","type":"JID"}],"journal_title_name_list":[{"journal_title_name":"Sociological Theory and Methods","type":"full","lang":"en"},{"journal_title_name":"Sociological Theory and Methods","type":"abbreviation","lang":"en"},{"journal_title_name":"理論と方法","type":"full","lang":"ja"},{"journal_title_name":"理論と方法","type":"abbreviation","lang":"ja"}],"journal_classification":"01","recorded_year":"1986-2013","volume":"1","issue":"1","first_page":"41","last_page":"56","date":"2009-03-01","citation_list":[{"sequence":"1","original_text":"Bean, Frank D. and Gray Swicegood. 1979. &ldquo;Intergenerational Occupational Mobility and Fertility: A Reassessment.&rdquo; <I>American Sociological Review</I> 44 (August): 608-619"},{"sequence":"2","original_text":"Blalock, H. M.. 1966. &ldquo;The Identification Problem and Theory Building: The Case of Status Inconsistency.&rdquo; <I>American Sociological Review</I> 31: 52-61"},{"sequence":"3","original_text":"Blalock, H. M.. 1967. &ldquo;Status Inconsistency, Social Mobility, Status Integration and Structured Effects.&rdquo; <I>American Sociological Review</I> 38 (October): 790-801"},{"sequence":"4","original_text":"Blalock, H. M.. 1967. &ldquo;Status Inconsistency and Interaction: Some Alternative Models.&rdquo; <I>American Journal of Sociology</I> 73 (November): 305-315"},{"sequence":"5","original_text":"Blau, Peter M.. 1956. &ldquo;social Mobility and Interpersonal Relations.&rdquo; <I>American Sociological Review</I> 21: 290-295、中村祥一訳「社会的移動と人間関係」、鈴木広訳編『都市化の社会学』誠心書房、1965年、180～190ページ所収"},{"sequence":"6","original_text":"Blau, Peter M. and Otis D. Duncan. 1967. <I>The American Occupational Structure</I>. New York: Wiley"},{"sequence":"7","original_text":"Broom, Leonard and F. Lancater Iones. 1977. &ldquo;Problematics in Stratum Consistency and Stratum Formation: An Australian Example.&rdquo; <I>American Journal of Sociology</I> 82(No.4): 808-825"},{"sequence":"8","original_text":"Duncan, O. D.. 1966. &ldquo;Methodological Issues in the Analysis of Social Mobility.&rdquo; Pp.51-97 in <I>Social Structure and Mobility in Economic Development</I>. Edited by N. J. Smelser and S. M. Lipset, Aldine. A. P. M. Coxon and C. L. Jones (editors), <I>Social Mobility: Selected Readings</I>. Penguin Modern Sociology Readings. Penguin Books Ltd.: Middlesex, England. に再掲載。"},{"sequence":"9","original_text":"Halaby, C. N. and Michael E. Sobel. 1979. &ldquo;Mobility Effects in the Workplace.&rdquo; <I>American Journal of Sociology</I> 85: 385-416"},{"sequence":"10","original_text":"Hollingshead, A. B., R. Ellis, and E. Kirby. 1954. &ldquo;Social Mobility and Mental Illness.&rdquo; <I>American Sociological Review</I> 19: 577-584"},{"sequence":"11","original_text":"Homans, George Caspar. 1974. <I>Social Behavior: Its Elementary Forms</I>. Revised Edition. Harcourt Brace Jovanovich, Inc.: New York"},{"sequence":"12","original_text":"Hope, Keith. 1971. &ldquo;Social Mobility and Fertility.&rdquo; <I>American Sociological Review</I> 36: 1019-1032"},{"sequence":"13","original_text":"Hope, Keith. 1975. &ldquo;Models of Status Inconsistency and Social Mobility Effects.&rdquo; <I>American Sociological Review</I> 40 (June): 322-343"},{"sequence":"14","original_text":"Hornung, Carlton A.. 1977. &ldquo;Social Status, Status Inconsistency and Psychological Stress.&rdquo; <I>American Sociological Review</I> 42 (August): 623-638"},{"sequence":"15","original_text":"House, James S. and Elizabeth Bates Harkins. 1976. &ldquo;Why and When is Status Inconsistency Stressful ?&rdquo; <I>American Journal of Sociology</I> 81 (No.2): 395-412"},{"sequence":"16","original_text":"Kessler, Ronald C. and Paul D. Cleary. 1980. &ldquo;Social Class and Psychological Distress.&rdquo; <I>American Sociological Review</I> 45 (June): 463-478"},{"sequence":"17","original_text":"Lenski, Gerald E.. 1954. &ldquo;Status Crystallization: a Non-Vertical Dimension of Social Status.&rdquo; <I>American Sociological Review</I> 19 (August): 405-413"},{"sequence":"18","original_text":"Lenski, Gerald E..1956. &ldquo;Social Participation and Status Crystallization.&rdquo; <I>American Sociological Review</I> 21 (August): 458-464"},{"sequence":"19","original_text":"Newcomb, Thodore, et al. 1965. <I>Social Psychology: The Study of Human Interaction</I>. Holt, Rinehart and Winston, Inc. 古畑和孝訳『社会心理学―人間の相互作用の研究ー』、1973年、岩波書店"},{"sequence":"20","original_text":"Seeman, Melvin. 1977. &ldquo;Some Real and Imaginary Consequences of Social Mobility: A French-American Comaprison&rdquo; <I>American Journal of Sociology</I> 82 (No.4): 757-782"},{"sequence":"21","original_text":"Sobel, Michael E.. 1981. &ldquo;Diagonal Mobility Models: A Substantively Motivated Class of Designs for the Analysis of Mobility Effects.&rdquo; <I>American Sociological Review</I> 46 (December): 893-906"},{"sequence":"22","original_text":"Taylor, Howard F.. 1973. &ldquo; Linear Models of Consistency: Some Extensions of Blalock's Strategy.&rdquo; <I>American Journal of Sociology</I> 78 (No.5): 1192-1215"},{"sequence":"23","original_text":"和田修一. 1981. 「定年退職後の職業移動と生活適応」『季刊 社会保障研究』17巻 3号"},{"sequence":"24","original_text":"和田修一. 1983年. 「職業の変化と生活適応」、青井和夫・和田修一編『中高年齢層の職業と生活』東京大学出版会"},{"sequence":"25","original_text":"Wilson, Kennethe L.. 1979. &ldquo;Status Inconsistency and the Hope Technique, I: The Grounds for a Resurrection.&rdquo; <I>Social Forces</I> 57 (June): 1229-1247"},{"sequence":"26","original_text":"安田三郎. 1971. 『社会移動の研究』、東京大学出版会"}]}}