{"status":"OK","apiType":"doi","apiVersion":"1.0.0","message":{"total":1,"rows":1,"totalPages":1,"page":1},"data":{"siteId":"SI/JST.JSTAGE","content_type":"JA","doi":"10.11218/ojjams.24.21","url":"https://doi.org/10.11218/ojjams.24.21","ra":"JaLC","prefix":"10.11218","site_name":"J-STAGE","publisher_list":[{"publisher_name":"Japanese Association For Mathematical Sociology","lang":"en"},{"publisher_name":"数理社会学会","lang":"ja"}],"title_list":[{"lang":"ja","title":"互恵性に基づく平等の規範理論"},{"lang":"en","title":"Normative Theory of Reciprocity-based Equality"}],"creator_list":[{"sequence":"1","type":"person","names":[{"lang":"ja","last_name":"瀧川","first_name":"裕貴"},{"lang":"en","last_name":"TAKIKAWA","first_name":"Hiroki"}],"affiliation_list":[{"affiliation_name":"The Graduate University for Advanced Studies","sequence":"1","lang":"en"},{"affiliation_name":"総合研究大学院大学","sequence":"1","lang":"ja"}]}],"publication_date":{"publication_year":"2009"},"relation_list":[{"content":"https://www.jstage.jst.go.jp/article/ojjams/24/1/24_1_21/_pdf","type":"URL","relation":"fullTextPdf"}],"content_language":"ja","updated_date":"2017-03-23","article_type":"pub","journal_id_list":[{"journal_id":"0913-1442","type":"ISSN","issn_type":"print"},{"journal_id":"1881-6495","type":"ISSN","issn_type":"online"},{"journal_id":"ojjams","type":"JID"}],"journal_title_name_list":[{"journal_title_name":"Sociological Theory and Methods","type":"full","lang":"en"},{"journal_title_name":"Sociological Theory and Methods","type":"abbreviation","lang":"en"},{"journal_title_name":"理論と方法","type":"full","lang":"ja"},{"journal_title_name":"理論と方法","type":"abbreviation","lang":"ja"}],"journal_classification":"01","recorded_year":"1986-2013","volume":"24","issue":"1","first_page":"21","last_page":"39","date":"2010-01-08","keyword_list":[{"keyword":"reciprocity","sequence":"1","lang":"en"},{"keyword":"互恵性","sequence":"1","lang":"ja"},{"keyword":"theory of equality","sequence":"2","lang":"en"},{"keyword":"平等理論","sequence":"2","lang":"ja"},{"keyword":"liberalism","sequence":"3","lang":"en"},{"keyword":"リベラリズム","sequence":"3","lang":"ja"},{"keyword":"normative theory","sequence":"4","lang":"en"},{"keyword":"規範理論","sequence":"4","lang":"ja"}],"citation_list":[{"sequence":"1","original_text":"Anderson, E. 1999. &ldquo;What is Point of Equality?.&rdquo; <I>Ethics</I> 99: 287-337."},{"sequence":"2","original_text":"Arneson, R. 1989. &ldquo;Equality and Equal Opportunity for Welfare.&rdquo; <I>Philosophical Studies</I> 56: 77-93."},{"sequence":"3","original_text":"Arneson, R. 1990. &ldquo;Liberalism, Distributive Subjectivism, and Equal Opportunity for Welfare.&rdquo; <I>Philosophy and Public Affairs</I> 19: 159-94."},{"sequence":"4","original_text":"Barry, B. 1989. <I>Theories of Justice</I> University of California Press."},{"sequence":"5","original_text":"Cohen, G. A. 1989. &ldquo;On the Currency of Egalitalian Justice,&rdquo; <I>Ethics</I> 99: 906-44."},{"sequence":"6","original_text":"Coleman, J.S. 1984. &ldquo;Introducing Social Structure into Economic Analysis.&rdquo; <I>The American Economic Review</I> 74(2): 84-88."},{"sequence":"7","original_text":"土場学・盛山和夫編. 2006.『正義の論理――公共的価値の規範的社会理論』勁草書房."},{"sequence":"8","original_text":"Dworkin, R. 2000. <I>Sovereign Virtue: The Theory and Practice of Equality</I>, Harvard University Press."},{"sequence":"9","original_text":"Gauthier, D., <I>Morals by Agreement</I>. Oxford University Press. =1999. 小林公訳『合意による道徳』木鐸社."},{"sequence":"10","original_text":"Elster, J. 1983. <I>Sour Grapes</I>. Cambridge University Press."},{"sequence":"11","original_text":"Fehr, E. and K. M. Schmidt. 1999. &ldquo;A Theory of Fairness, Competition, and Cooperation.&rdquo; <I>Quarterly Journal of Economics</I> 114: 817-68."},{"sequence":"12","original_text":"Gintis, H. et al. ed. 2005. <I>Moral Sentiments and Material Interests: the Foundations of Cooperation in Economic Life</I>. MIT Press."},{"sequence":"13","original_text":"Gouldner, A. 1960. &ldquo;The Norm of Reciprocity.&rdquo; <I>American Sociological Review</I> 25: 161-78."},{"sequence":"14","original_text":"Kymlicka, W. 2002. <I>Contemporary Political Philosophy, 2nd ed</I>. Oxford University Press. =2005. 千葉眞・岡崎晴輝訳者代表『現代政治理論』（新版）日本経済評論社."},{"sequence":"15","original_text":"Mauss, M=1962, 有地享訳『贈与論』勁草書房."},{"sequence":"16","original_text":"Miller,D and M. Walzer eds. 1995. <I>Pluralism, Justice and Equality</I>. Oxford University Press."},{"sequence":"17","original_text":"Nash, J. 1950. &ldquo;The Bargaining Problem.&rdquo; <I>Econometrica</I> 18(2): 155-162."},{"sequence":"18","original_text":"Nowak, M. 2006. <I>Evolutionary Dynamics: Exploring the Equations of Life</I>. Harvard University Press."},{"sequence":"19","original_text":"Nowak M. and K. Sigmund. 1998. &ldquo;The Dynamics of Indirect Reciprocity.&rdquo; <I>Journal of Theoretical Biology</I> 194: 561-574."},{"sequence":"20","original_text":"Ostrom, E. 1990. <I>Governing the Commons: the Evolution of Institutions for Collective Action</I>. Cambridge University Press."},{"sequence":"21","original_text":"Rawls, J. 1971. <I>A Theory of Justice</I>, Harvard University Press."},{"sequence":"22","original_text":"Roemer, J. E. 1994. <I>Egalitarian Perspectives: Essays in Philosophical Economics</I>. Cambridge University Press."},{"sequence":"23","original_text":"Roemer, J. E. 1996. <I>Theories of Distributive Justice</I>. Harvard University Press. =2001. 木谷忍・川本隆史訳『分配的正義の理論』木鐸社."},{"sequence":"24","original_text":"Schmidtz, D. 2006. <I>Elements of Justice</I>. Cambridge University Press."},{"sequence":"25","original_text":"盛山和夫. 2006a.「現代正義論の構図」土場学・盛山和夫編. 2006.『正義の論理――公共的正義・価値の規範的社会理論』勁草書房."},{"sequence":"26","original_text":"盛山和夫. 2006b.『リベラリズムとは何か――ロールズと正義の論理』勁草書房."},{"sequence":"27","original_text":"Sen, A. K. 1985. <I>Commodities and Capabilities</I>, North-Holland. =1988. 鈴村興太郎訳『福祉の経済学――財と潜在能力』岩波書店."},{"sequence":"28","original_text":"Sen, A. K. 1992. <I>Inequality Reexamined</I>. Harvard University Press. =1999. 池本幸生ほか訳『不平等の再検討――潜在能力と自由』岩波書店."},{"sequence":"29","original_text":"Sober, E., and D. S. Wilson. 1998. <I>Unto Others: the Evolution and Psychology of Unselfish Behavior</I>. Harvard University Press"},{"sequence":"30","original_text":"瀧川裕貴. 2003.「平等主義的リベラリズムは可能か？」『ソシオロゴス』27: 86-103."},{"sequence":"31","original_text":"瀧川裕貴. 2006.「平等の論理――リベラリズムとの関係を軸にして」土場学・盛山和夫編. 2006.『正義の論理――公共的正義・価値の規範的社会理論』勁草書房：79-100."},{"sequence":"32","original_text":"瀧川裕貴. 2008.「書評Martin Nowak, Evolutionary Dynamics」『日本数理生物学会ニュースレター』56: 18-9."},{"sequence":"33","original_text":"Trivers, R. L. 1971. &ldquo;The Evolution of Reciprocal Altruism.&rdquo; <I>Quarterly Review of Biology</I> 46: 35-57."},{"sequence":"34","original_text":"Wolff, J. 1998. &ldquo;Fairness, Respect, and the Egalitarian Ethos.&rdquo; <I>Philosophy and Public Affairs</I> 27: 97-122."},{"sequence":"35","original_text":"Yaari, M. and M. Bar-Hillel. 1984. &ldquo;On Dividing Justly.&rdquo; <I>Social Welfare and Choice</I> 1: 1-24."}]}}