{"status":"OK","apiType":"doi","apiVersion":"1.0.0","message":{"total":1,"rows":1,"totalPages":1,"page":1},"data":{"siteId":"SI/JST.JSTAGE","content_type":"JA","doi":"10.11218/ojjams.21.131","url":"https://doi.org/10.11218/ojjams.21.131","ra":"JaLC","prefix":"10.11218","site_name":"J-STAGE","publisher_list":[{"publisher_name":"Japanese Association For Mathematical Sociology","lang":"en"},{"publisher_name":"数理社会学会","lang":"ja"}],"title_list":[{"lang":"ja","title":"強い紐帯の合理的な弱さ","subtitle":"合理的エージェントからなる緊密な集団における連帯の失敗"},{"lang":"en","title":"The Rational Weakness of Strong Ties","subtitle":"Failure of Group Solidarity in a Highly Cohesive Group of Rational Agents"}],"creator_list":[{"sequence":"1","type":"person","names":[{"lang":"ja","last_name":"フラハ","first_name":"アンドレアス"},{"lang":"en","last_name":"Flache","first_name":"Andreas"}],"affiliation_list":[{"affiliation_name":"Interuniversity Center for Social Theory and Methodology-ICS University of Groningen","sequence":"1","lang":"en"},{"affiliation_name":"グロ－ニンゲン大学","sequence":"1","lang":"ja"}]},{"sequence":"2","type":"person","names":[{"lang":"ja","last_name":"山本","first_name":"英弘"},{"lang":"en","last_name":"Yamamoto","first_name":"Hidehiro"}],"affiliation_list":[{"affiliation_name":"Graduate School of Humanities and Social Sciences University of Tsukuba","sequence":"2","lang":"en"},{"affiliation_name":"筑波大学","sequence":"2","lang":"ja"}]}],"publication_date":{"publication_year":"2006"},"relation_list":[{"content":"https://www.jstage.jst.go.jp/article/ojjams/21/1/21_1_131/_pdf","type":"URL","relation":"fullTextPdf"}],"content_language":"ja","updated_date":"2017-03-23","article_type":"pub","journal_id_list":[{"journal_id":"0913-1442","type":"ISSN","issn_type":"print"},{"journal_id":"1881-6495","type":"ISSN","issn_type":"online"},{"journal_id":"ojjams","type":"JID"}],"journal_title_name_list":[{"journal_title_name":"Sociological Theory and Methods","type":"full","lang":"en"},{"journal_title_name":"Sociological Theory and Methods","type":"abbreviation","lang":"en"},{"journal_title_name":"理論と方法","type":"full","lang":"ja"},{"journal_title_name":"理論と方法","type":"abbreviation","lang":"ja"}],"journal_classification":"01","recorded_year":"1986-2013","volume":"21","issue":"1","first_page":"131","last_page":"156","date":"2007-08-01","keyword_list":[{"keyword":"group solidarity","sequence":"1","lang":"en"},{"keyword":"集団連帯","sequence":"1","lang":"ja"},{"keyword":"social dilemmas","sequence":"2","lang":"en"},{"keyword":"社会的ジレンマ","sequence":"2","lang":"ja"},{"keyword":"social control","sequence":"3","lang":"en"},{"keyword":"社会的コントロール","sequence":"3","lang":"ja"},{"keyword":"agency theory","sequence":"4","lang":"en"},{"keyword":"エージェンシー理論","sequence":"4","lang":"ja"},{"keyword":"game theory","sequence":"5","lang":"en"},{"keyword":"ゲーム理論","sequence":"5","lang":"ja"},{"keyword":"imperfect information","sequence":"6","lang":"en"},{"keyword":"不完全情報","sequence":"6","lang":"ja"},{"keyword":"computer simulation","sequence":"7","lang":"en"},{"keyword":"コンピュータ・シミュレーション","sequence":"7","lang":"ja"}],"citation_list":[{"sequence":"1","original_text":"Alchian, A. and Demsetz H. 1972. &ldquo;Production, Information Costs and Economic Organization,&rdquo; American Economic Review, 62: 777-795."},{"sequence":"2","original_text":"Axelrod, R. 1984. The Evolution of Cooperation, New York: Basic Book. = 1987. 松田裕之 (訳) 『つきあい方の科学－バクテリアから国際関係まで』HBJ出版."},{"sequence":"3","original_text":"Axelrod, R. 1997. The Complexity of Cooperation, Princeton: Princeton University Press. = 2003.寺野隆雄 (監訳) 『対立と強調の科学－エージェント・ベース・モデルによる複雑系の解明』ダイヤモンド社."},{"sequence":"4","original_text":"Bellman, R. 1957. Dynamic Programming, Princeton: Princeton University Press."},{"sequence":"5","original_text":"Bendor, J. and D. Mookherjee. 1987. &ldquo;Institutional Structure and the Logic of Ongoing Collective Action,&rdquo; American Political Science Review, 81: 129-154."},{"sequence":"6","original_text":"Bonacich, P. 1992. &ldquo;Communication Networks and Collective Action,&rdquo; W. B. G. Liebrand, D. M. Messick and H. A. Wilke eds. Social Dilemmas: Theoretical Issues and Research Findings, Oxford: Pergamon Press: 225-245."},{"sequence":"7","original_text":"Bush, R. R. and F. Mosteller. 1955. Stochastic Models for Learning, New York: Wiley."},{"sequence":"8","original_text":"Coleman, J. S. 1990. Foundations of Social Theory, Cambridge: Harvard University Press. = 2004.久慈利武 (監訳) 『社会理論の基礎』青木書店."},{"sequence":"9","original_text":"Coleman, J. S. 1994. &ldquo;A Rational Choice Perspective on Economic Sociology,&rdquo; N. J. Smelser and R. Swedberg eds. The Handbook of Economic Sociology, Princeton: Princeton University Press: 166-180."},{"sequence":"10","original_text":"Dawes, R. M. 1980. &ldquo;Social Dilemmas,&rdquo; Annual Review of Psychology, 31: 169-193."},{"sequence":"11","original_text":"Edwards, P. K. and H. Scullion. 1982. The Social Organization of Industrial Conflict, Oxford: Basil Blackwell."},{"sequence":"12","original_text":"Festinger, L., S. Schachter and K. Back. 1950. Social Pressure in Informal Groups, New York: Harper and Row."},{"sequence":"13","original_text":"Flache, A. 1996. The Double Edge of Networks, Amsterdam: Thesis Publishers."},{"sequence":"14","original_text":"Flache, A. and M. W. Macy. 1996. &ldquo;The Weakness of Strong Ties: Collective Action Failure in a Highly Cohesive Group,&rdquo; Journal of Mathematical Sociology, 21: 3-28."},{"sequence":"15","original_text":"Flache, A., M. W. Macy and W. Raub. 2000. &ldquo;Do Company Towns Solve Free Rider Problems?: A Sensitivity Analysis of a Rational-Choice Examination,&rdquo; W. Raub and J. Wessie eds. The Management of Double Reactions: Theoretical and Empirical Models for Households and Organizations, Amsterdam: Thela Thesis."},{"sequence":"16","original_text":"Flache, A. 2002. &ldquo;The Rational Weakness of Strong Ties: Failure of Group Solidarity in a Highly Cohesive Group of Rational Agents,&rdquo; Journal of Mathematical Sociology26: 189-216"},{"sequence":"17","original_text":"Friedman, J. W. 1971. &ldquo;A Non-co-operative Equilibrium for Supergames,&rdquo; Review of Economic Studies, 38: 1-12."},{"sequence":"18","original_text":"Friedman, J. W. 1986. Game Theory with Applications to Economics, New York: Oxford University Press."},{"sequence":"19","original_text":"Fudenberg, D. and J. Tirole. 1991. Game Theory, Cambridge MIT Press."},{"sequence":"20","original_text":"Gould, R. V. 1993. &ldquo;Trade Cohesion, Class Unity and Urban Insurrection: Artisanal Activism in the Paris Commune,&rdquo; American Journal of Sociology, 98: 721-754."},{"sequence":"21","original_text":"Green, E. J. and R. H. Porter. 1984. &ldquo;Noncooeperative Collusion under Imperfect Price Information,&rdquo; Econometrica, 52: 87-100."},{"sequence":"22","original_text":"Harsanyi, J. C. 1977. Rational Behavior and Bargaining Equilibrium in Games and Social Situations, Cambridge: Cambridge University Press."},{"sequence":"23","original_text":"Hechter, M. 1987. Principles of Group Solidarity. Berkley: University of California Press. = 2003.小林淳一・木村邦博・平田暢 (訳) 『連帯の条件－合理的選択理論によるアプローチ』ミネルヴァ書房."},{"sequence":"24","original_text":"Heckathorn, D. D. 1989. &ldquo;Collective Action and the Second-Order Free-Rider Problem,&rdquo; Rationality and Society, 1 (1) : 78-100."},{"sequence":"25","original_text":"Heckathorn, D. D. 1990. &ldquo;Collective Sanctions and Compliance Norms: A Formal Theory of Group-Mediated Social Control,&rdquo; American Sociological Review, 55: 366-84."},{"sequence":"26","original_text":"Holl&auml;nder, H. 1990. &ldquo;A Social Exchange Approach to Voluntary Cooperation,&rdquo; American Economic Review, 80: 1157-1167."},{"sequence":"27","original_text":"Homans, G. C. 1951. The Human Group, New York: Harcourt Brace Jovanovich. = 1959. 馬場明男・早川浩一 (訳) 『ヒューマン・グループ』誠信書房."},{"sequence":"28","original_text":"Homans, G. C. 1974. Social Behavior: Its Elementary Forms, New York: Harcourt Brace Jovanovich. = 1978. 橋本茂 (訳) 『社会行動－その基本形態』誠信書房."},{"sequence":"29","original_text":"Kandel, E. and E. P. Lazear. 1992. &ldquo;Peer Pressure and Partnerships,&rdquo; Journal of Political Economy, 100 (4) : 801-817."},{"sequence":"30","original_text":"Kitts, J., M. W. Macy and A. Flache. 1999. &ldquo;Structural Learning: Attraction and Conformity in Task-Oriented Groups,&rdquo; Computational and Mathematical Organization Theory, 5 (2) : 129-146."},{"sequence":"31","original_text":"Kollock, P. 1993. &ldquo;An Eye for an Eye Leaves Everyone Blind: Cooperation and Accounting Systems,&rdquo; American Sociological Review, 58: 768-786."},{"sequence":"32","original_text":"Kreps, D. M. 1990. A Course in Microeconomic Theory, New York: Harvester."},{"sequence":"33","original_text":"Lindenberg, S. 1997. &ldquo;Special Issue - Rational Choice and Solidarity: Introduction,&rdquo; Rationality and Society, 9(4): 403-404."},{"sequence":"34","original_text":"Loch, H. L., B. A. Huberman and S. Stout. 2000. &ldquo;Status Competition and Performance in Work Groups,&rdquo; Journal of Economic Behavior and Organization, 43: 35-55."},{"sequence":"35","original_text":"Lott, A. J. and B. E. Lott. 1965. &ldquo;Group Cohesiveness as Interpersonal Attraction,&rdquo; Psychological Bulletin, 64: 259-309."},{"sequence":"36","original_text":"Macy, M. W. 1989. &ldquo;Walking Out of Social Traps: A Stochastic Learning Model for the Prisoner's Dilemma,&rdquo; Rationality and Society, 2: 197-219."},{"sequence":"37","original_text":"Macy M. W. 1991. &ldquo;Learning to Cooperate: Stochastic and Tacit Collusion in Social Exchange,&rdquo; American Journal of Sociology, 97: 808-843."},{"sequence":"38","original_text":"Marwell, G. and P. Oliver. 1993. The Critical Mass in Collective Action: A Micro-Social Theory, Cambridge: Cambridge University Press."},{"sequence":"39","original_text":"Oliver, P. 1980. &ldquo;Rewards and Punishments as Selective Incentives for Collective Action: Theoretical Investigations,&rdquo; American Journal of Sociology, 85: 1356-75."},{"sequence":"40","original_text":"Olson, M. 1965. The Logic of Collective Action, Cambridge: Harvard University Press. = 1983. 依田博・森脇敏雅 (訳) 『集合行為論－公共財と集団理論』ミネルヴァ書房."},{"sequence":"41","original_text":"Opp, K. and C. Gern. 1993. &ldquo;Dissident Group, Personal Networks and Spontaneous Cooperation: The East German Revolution of 1989,&rdquo; American Sociological Review, 58: 659-680."},{"sequence":"42","original_text":"Ostrom, E. 1990. Governing the Commons: The Evolution of Institutions for Collective Action, Cambridge: Cambridge University Press."},{"sequence":"43","original_text":"Petersen, T. 1992. &ldquo;Individual, Collective and Systems Rationality in Work Groups: Dilemmas and Nonmarket Solutions,&rdquo; Rationality and Society, 3: 332-355."},{"sequence":"44","original_text":"Raub, W. 1988. &ldquo;Problematic Social Institutions and the Large Number Dilemma,&rdquo; Journal of Mathematical Sociology, 13: 311-357."},{"sequence":"45","original_text":"Seashore, S. E. 1954. Group Cohesiveness in the Industrial Work Group, Ann Arbor: University of Michigan Institute for Social Research."},{"sequence":"46","original_text":"Selten, R. 1965. &ldquo;Spieltheoretische behanduelung eines oligopolmodells mit nachfr&auml;getagheit,&rdquo; Zeitschrift f&uuml;r die gesamte Staatswissenschaft, 121: 301-324, 667-689."},{"sequence":"47","original_text":"Spagnolo, G. 1999. &ldquo;Social Relations and Co-operation in Organizations,&rdquo; Journal of Economic Behavior and Organization, 38: 1-25."},{"sequence":"48","original_text":"Simon, H. A. [1955]1982. Models of Bounded Rationality: Behavioural Economics and Business Organization 2: 239-258."},{"sequence":"49","original_text":"Taylor, M. 1987. The Possibility of Coopetation, Cambridge: Cambridge University Press.=1995. 松原望 (訳)  『協力の可能性―協力、国家、アナーキー―』木鐸社."},{"sequence":"50","original_text":"Voss, T. 1985. Rationale akteure und Soziale Institutionen, Munchen: Oldenbourg."},{"sequence":"51","original_text":"Wu, J. and R. Axelrod 1995. &ldquo;How to Cope with Noise in the Iterated Prisoner's Dilemma,&rdquo; Journal of Conflict Resolution, 39: 183-189."}]}}