{"status":"OK","apiType":"doi","apiVersion":"1.0.0","message":{"total":1,"rows":1,"totalPages":1,"page":1},"data":{"siteId":"SI/JST.JSTAGE","content_type":"JA","doi":"10.11218/ojjams.24.317","url":"https://doi.org/10.11218/ojjams.24.317","ra":"JaLC","prefix":"10.11218","site_name":"J-STAGE","publisher_list":[{"publisher_name":"Japanese Association For Mathematical Sociology","lang":"en"},{"publisher_name":"数理社会学会","lang":"ja"}],"title_list":[{"lang":"ja","title":"<I>N</I>人ジレンマの提携形ゲーム"},{"lang":"en","title":"A Coalitional Game of <I>N</I>-person Dilemma"}],"creator_list":[{"sequence":"1","type":"person","names":[{"lang":"ja","last_name":"浜田","first_name":"宏"},{"lang":"en","last_name":"HAMADA","first_name":"Hiroshi"}],"affiliation_list":[{"affiliation_name":"Graduate School of Arts and Letters<BR>Tohoku University","sequence":"1","lang":"en"},{"affiliation_name":"東北大学","sequence":"1","lang":"ja"}]}],"publication_date":{"publication_year":"2009"},"relation_list":[{"content":"https://www.jstage.jst.go.jp/article/ojjams/24/2/24_2_317/_pdf","type":"URL","relation":"fullTextPdf"}],"content_language":"ja","updated_date":"2017-03-23","article_type":"pub","journal_id_list":[{"journal_id":"0913-1442","type":"ISSN","issn_type":"print"},{"journal_id":"1881-6495","type":"ISSN","issn_type":"online"},{"journal_id":"ojjams","type":"JID"}],"journal_title_name_list":[{"journal_title_name":"Sociological Theory and Methods","type":"full","lang":"en"},{"journal_title_name":"Sociological Theory and Methods","type":"abbreviation","lang":"en"},{"journal_title_name":"理論と方法","type":"full","lang":"ja"},{"journal_title_name":"理論と方法","type":"abbreviation","lang":"ja"}],"journal_classification":"01","recorded_year":"1986-2013","volume":"24","issue":"2","first_page":"317","last_page":"332","date":"2010-03-30","keyword_list":[{"keyword":"<I>N</I>-person dilemma","sequence":"1","lang":"en"},{"keyword":"coalitional game","sequence":"2","lang":"en"},{"keyword":"characteristic function","sequence":"3","lang":"en"}],"citation_list":[{"sequence":"1","original_text":"Dawes, Robyn M. 1975. &ldquo;Formal Models of Dilemma in Social Decision-making.&rdquo; Martin F. Kaplan and Steven Schwartz eds., <I>Human Judgment and Decision Processes</I>. New York: Academic Press, 87-107."},{"sequence":"2","original_text":"Dawes, Robyn M. 1980. &ldquo;Social Dilemmas.&rdquo; <I>Annual Review of Psychology</I>, 31: 169-93."},{"sequence":"3","original_text":"Kollock, Peter. 1998. &ldquo;Social Dilemmas: The Anatomy of Cooperation,&rdquo; <I>Annual Review of Sociology</I>, Vol. 24: 183-214."},{"sequence":"4","original_text":"Kono, Norio. 2007. &ldquo;A Formal Theory of Triads Based on Non-Cooperative Games.&rdquo; Shusaku Hiraki and Michinori Sakaguchi eds., <I>System Sciences for Economics and Informatics</I>. Kyushu University Press."},{"sequence":"5","original_text":"中山幹夫. 1997.『はじめてのゲーム理論』有斐閣．"},{"sequence":"6","original_text":"中山幹夫. 2005.『社会的ゲームの理論入門』勁草書房．"},{"sequence":"7","original_text":"岡田章. 1996.『ゲーム理論』有斐閣．"},{"sequence":"8","original_text":"Okada, Akira. 1993. &ldquo;The Possibility of Cooperation in an n-person prisoner's dilemma with institutional arrangements,&rdquo; <I>Public Choice</I>, 77:629-56."},{"sequence":"9","original_text":"Rapoport, Anatol. 1970. <I>N-Person Game Theory: Concepts and Applications</I>. Dover Publications, Inc, Mineola, New York."},{"sequence":"10","original_text":"Rapoport, Anatol and Albert M, Chammah. 1965. <I>Prisoner's Dilemma: A Study in Conflict and Cooperation</I>. The University of Michigan Press.（=1983. 廣松毅・平山朝冶・田中辰雄訳『囚人のジレンマ――紛争と協力に関する心理学的研究』啓明社．）"},{"sequence":"11","original_text":"鈴木光男. 1981．『ゲーム理論入門』共立出版．"},{"sequence":"12","original_text":"鈴木光男. 1994．『新ゲーム理論』勁草書房．"},{"sequence":"13","original_text":"鈴木光男・中村健二郎. 1976.『社会システム』共立出版．"},{"sequence":"14","original_text":"鈴木鉄忠. 2006．「集合行為のジレンマにおける「連帯集団」の効果――「<I>n</I>人チキンゲーム」によるゲーム理論的分析」『理論と方法』21(1): 49-61."},{"sequence":"15","original_text":"海野道郎. 2007.「誰が社会的ジレンマ状況を定義するのか？――社会的ジレンマ状況の定義と人々の行動」海野道郎（編）『廃棄物をめぐる人間行動と制度――環境問題解決の数理・計量社会学』（平成15～18年度科学研究費補助金（基盤研究A）研究成果報告書）: 245-62."}]}}