{"status":"OK","apiType":"doi","apiVersion":"1.0.0","message":{"total":1,"rows":1,"totalPages":1,"page":1},"data":{"siteId":"SI/JST.JSTAGE","content_type":"JA","doi":"10.11218/ojjams.28.269","url":"https://doi.org/10.11218/ojjams.28.269","ra":"JaLC","prefix":"10.11218","site_name":"J-STAGE","publisher_list":[{"publisher_name":"Japanese Association For Mathematical Sociology","lang":"en"},{"publisher_name":"数理社会学会","lang":"ja"}],"title_list":[{"lang":"en","title":"&ldquo;Vulnerability&rdquo; and &ldquo;the Social Stratification&rdquo; Which Are Seen in the Suffering Situation of the East Japan Great Earthquake Disaster","subtitle":"Focus on an Aspect of the Economic Life and the Peace of Mind"},{"lang":"ja","title":"東日本大震災の被災から復興における「脆弱性」と「社会階層」","subtitle":"暮らしの面と心の平穏の面に焦点を当てて"}],"creator_list":[{"sequence":"1","type":"person","names":[{"lang":"en","last_name":"MUGIKURA","first_name":"Tetsu"},{"lang":"ja","last_name":"麦倉","first_name":"哲"}],"affiliation_list":[{"affiliation_name":"Iwate University","sequence":"1","lang":"en"},{"affiliation_name":"岩手大学","sequence":"1","lang":"ja"}]}],"publication_date":{"publication_year":"2013"},"relation_list":[{"content":"https://www.jstage.jst.go.jp/article/ojjams/28/2/28_269/_pdf","type":"URL","relation":"fullTextPdf"}],"content_language":"ja","updated_date":"2014-12-09","article_type":"pub","journal_id_list":[{"journal_id":"0913-1442","type":"ISSN","issn_type":"print"},{"journal_id":"1881-6495","type":"ISSN","issn_type":"online"},{"journal_id":"ojjams","type":"JID"}],"journal_title_name_list":[{"journal_title_name":"Sociological Theory and Methods","type":"full","lang":"en"},{"journal_title_name":"Sociological Theory and Methods","type":"abbreviation","lang":"en"},{"journal_title_name":"理論と方法","type":"full","lang":"ja"},{"journal_title_name":"理論と方法","type":"abbreviation","lang":"ja"}],"journal_classification":"01","recorded_year":"1986-2013","volume":"28","issue":"2","first_page":"269","last_page":"288","date":"2014-09-01","keyword_list":[{"keyword":"災害","sequence":"1","lang":"ja"},{"keyword":"Disaster","sequence":"1","lang":"en"},{"keyword":"脆弱性","sequence":"2","lang":"ja"},{"keyword":"Vulnerability","sequence":"2","lang":"en"},{"keyword":"階層性","sequence":"3","lang":"ja"},{"keyword":"social stratification","sequence":"3","lang":"en"},{"keyword":"暮らし","sequence":"4","lang":"ja"},{"keyword":"economic life","sequence":"4","lang":"en"},{"keyword":"心の平穏","sequence":"5","lang":"ja"},{"keyword":"peace of mind","sequence":"5","lang":"en"}],"citation_list":[{"sequence":"1","original_text":"藤田弘夫. 1990.『都市と国家』ミネルヴァ書房."},{"sequence":"2","original_text":"岩手大学震災復興プロジェクト. 2012.『大槌町仮設住宅住民アンケート調査報告書』．"},{"sequence":"3","original_text":"湊大. 2012.「低所得の町に生きる」「なくそう子どもの貧困！」全国ネットワーク編『大震災と子どもの貧困白書』かもがわ出版：230-235."},{"sequence":"4","original_text":"麦倉哲ほか. 2013a.「大震災被災地域にみられた救援・助け合い文化」『岩手大学教育学部附属教育実践総合センター研究紀要』第12号：15-28."},{"sequence":"5","original_text":"麦倉哲ほか. 2013b.『岩手県大槌町避難所調査報告書』岩手大学教育学部社会学研究室．"},{"sequence":"6","original_text":"麦倉哲ほか. 2013c.『岩手県大槌町2011年仮設住宅調査報告書』，岩手大学社会学研究室．"},{"sequence":"7","original_text":"麦倉哲ほか. 2013d.『岩手県大槌町2012年仮設住宅調査報告書』，岩手大学社会学研究室．"},{"sequence":"8","original_text":"内閣府『平成24年度　高齢社会白書』"},{"sequence":"9","original_text":"大槌町. 2011.「大槌町東日本大震災津波復興計画」"},{"sequence":"10","original_text":"大槌町. 2012.「東日本大震災犠牲者名簿」"},{"sequence":"11","original_text":"大矢根淳・浦野正樹・田中淳・吉井博明. 2007.『災害社会学入門』弘文堂."},{"sequence":"12","original_text":"浦野正樹・大矢根淳・吉川忠寛. 2007.『復興コミュニティ論』弘文堂．"},{"sequence":"13","original_text":"浦野正樹・野坂真・吉川忠寛・大矢根淳・秋吉恵. 2013.『津波被災地の500日』早稲田大学出版部．"},{"sequence":"14","original_text":"財団法人地方財務協会. 2012.『平成24年10月　類似団体別市町村財政指数表』．"},{"sequence":"15","original_text":"財団法人地方財務協会. 2012.『市町村別決算状況調（平成22年度市町村普通会計決算の分析）』．"}]}}