{"status":"OK","apiType":"doi","apiVersion":"1.0.0","message":{"total":1,"rows":1,"totalPages":1,"page":1},"data":{"siteId":"SI/JST.JSTAGE","content_type":"JA","doi":"10.11218/ojjams.27.149","url":"https://doi.org/10.11218/ojjams.27.149","ra":"JaLC","prefix":"10.11218","site_name":"J-STAGE","publisher_list":[{"publisher_name":"Japanese Association For Mathematical Sociology","lang":"en"},{"publisher_name":"数理社会学会","lang":"ja"}],"title_list":[{"lang":"en","title":"The long-run relationships and their structural changes between Japanese unemployment rates and juvenile homicide rates in 1974-2008"},{"title":"オイルショック後の日本における少年の殺人発生率と完全失業率の長期的関連とその構造変化"}],"creator_list":[{"sequence":"1","type":"person","names":[{"lang":"en","last_name":"YUMA","first_name":"Yoshikazu"},{"lang":"ja","last_name":"遊間","first_name":"義一"}],"affiliation_list":[{"affiliation_name":"Hyogo University of Teacher Education","sequence":"1","lang":"en"},{"affiliation_name":"兵庫教育大学","sequence":"1","lang":"ja"}]},{"sequence":"2","type":"person","names":[{"lang":"en","last_name":"KANAZAWA","first_name":"Yuichiro"},{"lang":"ja","last_name":"金澤","first_name":"雄一郎"}],"affiliation_list":[{"affiliation_name":"University of Tsukuba","sequence":"1","lang":"en"},{"affiliation_name":"筑波大学","sequence":"1","lang":"ja"}]},{"sequence":"3","type":"person","names":[{"lang":"en","last_name":"YUMA","first_name":"Chiaki"},{"lang":"ja","last_name":"遊間","first_name":"千秋"}],"affiliation_list":[{"affiliation_name":"Juvenile Center Chiba Prefectural Police","sequence":"1","lang":"en"},{"affiliation_name":"千葉県警察少年センター","sequence":"1","lang":"ja"}]}],"publication_date":{"publication_year":"2012"},"relation_list":[{"content":"https://www.jstage.jst.go.jp/article/ojjams/27/1/27_149/_pdf","type":"URL","relation":"fullTextPdf"}],"content_language":"ja","updated_date":"2014-12-09","article_type":"pub","journal_id_list":[{"journal_id":"0913-1442","type":"ISSN","issn_type":"print"},{"journal_id":"1881-6495","type":"ISSN","issn_type":"online"},{"journal_id":"ojjams","type":"JID"}],"journal_title_name_list":[{"journal_title_name":"Sociological Theory and Methods","type":"full","lang":"en"},{"journal_title_name":"Sociological Theory and Methods","type":"abbreviation","lang":"en"},{"journal_title_name":"理論と方法","type":"full","lang":"ja"},{"journal_title_name":"理論と方法","type":"abbreviation","lang":"ja"}],"journal_classification":"01","recorded_year":"1986-2013","volume":"27","issue":"1","first_page":"149","last_page":"168","date":"2013-03-18","keyword_list":[{"keyword":"日本の少年の殺人発生率","sequence":"1","lang":"ja"},{"keyword":"Japanese juvenile homicide rate","sequence":"1","lang":"en"},{"keyword":"完全失業率","sequence":"2","lang":"ja"},{"keyword":"unemployment rate","sequence":"2","lang":"en"},{"keyword":"構造変化","sequence":"3","lang":"ja"},{"keyword":"structural change","sequence":"3","lang":"en"},{"keyword":"共和分","sequence":"4","lang":"ja"},{"keyword":"cointegration","sequence":"4","lang":"en"}],"citation_list":[{"sequence":"1","original_text":"Arvanites, T. M. , and R. H. Defina. 2006. &ldquo;Business Cycle and Street Crime.&rdquo;, <I>Criminology,</I> 44:139-164."},{"sequence":"2","volume":"50","issue":"3","first_page":"317","publication_date":{"publication_year":"1985"},"original_text":"Cantor, D. , and K. C. Land. 1985. &ldquo;Unemployment and crime rates in the post-world war Ⅱ United States: A theoretical and empirical analysis.&rdquo;, <I>American Sociological Review,</I> 50:317-32."},{"sequence":"3","original_text":"Cloward, R. , and L. Ohlin. 1960. <I>Delinquency and opportunity.</I> Free Press: New York."},{"sequence":"4","original_text":"Cook, P. J. , and G. A. Zarkin. 1985. &ldquo;Crime and the business cycle.&rdquo;, <I>Journal of Legal Studies,</I> 14(January):115-28."},{"sequence":"5","original_text":"Cornish, D. , and R. V. Clarke. 1986. <I>The reasoning criminal.</I> New York: Springer-Verlag."},{"sequence":"6","doi":"10.2307/1913236","title_list":[{"lang":"en","title":"Cointegration and Error Correction : Representation, Estimation, and Testing"}],"volume":"55","first_page":"251","last_page":"276","publication_date":{"publication_year":"1987"},"original_text":"Engle, R. F. , and C. W. J. Granger. 1987. &ldquo;Co-integration and error-correction: Representation, estimation and testing.&rdquo;, <I>Econometrica,</I> 55:251-76."},{"sequence":"7","original_text":"Gregory, A. , and B. Hansen. 1996a. &ldquo;Residual-based tests for cointegration in models with regime shifts.&rdquo;, <I>Journal of Econometrics,</I> 70:99-126."},{"sequence":"8","original_text":"Gregory, A. , and B. Hansen. 1996b. &ldquo;Tests for cointegration in models with regime and trend shifts.&rdquo;, <I>Oxford Bulletin of Economics and Statistics,</I> 58(3):555-60."},{"sequence":"9","original_text":"Hagan, J. 1993. &ldquo;The Social embeddedness of crime and employment.&rdquo;, <I>Criminology,</I> 31:465-91."},{"sequence":"10","original_text":"Hansen, B. 1992. &ldquo;Testing for parameter instability in regressions with <I>I(1)</I> processes.&rdquo;, <I>Journal of Business and Economic Statistics,</I> 10(3):321-35."},{"sequence":"11","original_text":"Hirschi, T. 1983. &ldquo;Crime and the family&rdquo;pp.53-68 in <I>Crime and Public Policy,</I> edited by J. Q. Wilson. San Francisco: Institute for Contemporary Studies."},{"sequence":"12","original_text":"法務総合研究所. 1989. 『平成元年版犯罪白書』　大蔵省印刷局."},{"sequence":"13","original_text":"法務総合研究所. 2011. 『平成23年版犯罪白書』　日経印刷株式会社."},{"sequence":"14","original_text":"本田敏雄. 1996a. 「非定常回帰モデルにおける構造変化の検定について」　『筑波大学経済論集』　35:1-16."},{"sequence":"15","original_text":"本田敏雄. 1996b. 「非定常回帰モデルにおける構造変化の検定について（続）」　『筑波大学経済論集』　36:87-89."},{"sequence":"16","original_text":"市川守・中村隆. 2005. 「犯罪検挙者率のコウホート分析」 『犯罪心理学研究』43(特別号):92-93."},{"sequence":"17","original_text":"井田良. 2007. 「わが国における量刑法改革の動向」　『慶應法学』 7: 1-18."},{"sequence":"18","original_text":"河合幹雄. 2004. 『安全神話崩壊のパラドックス―治安の法社会学』 岩波書店."},{"sequence":"19","original_text":"警察庁. 1974-2008. 『昭和49年の犯罪』～『平成20年の犯罪』."},{"sequence":"20","doi":"10.2307/2084686","volume":"3","first_page":"672","publication_date":{"publication_year":"1938"},"original_text":"Merton, R. 1938. &ldquo;Social structure and anomie.&rdquo; <I>American Sociological Review,</I> 3:672-82."},{"sequence":"21","original_text":"森棟公夫. 1999. 『計量経済学』　東洋経済新報社."},{"sequence":"22","original_text":"内閣府. 2009. 『平成21年度版経済財政白書』 日経印刷株式会社."},{"sequence":"23","original_text":"大竹文雄・小原美紀. 2010. 「失業率と犯罪発生率の関係――時系列及び都道府県別パネル分析――」　『犯罪社会学研究』35:54-71."},{"sequence":"24","original_text":"大竹文雄・岡村和明. 2000. 「少年犯罪と労働市場――時系列及び都道府県別パネル分析――」　『日本経済研究』40:40-65."},{"sequence":"25","original_text":"朴元奎. 2001. 「現在日本社会のマクロ変動と犯罪傾向」　『犯罪社会学研究』26:4-10."},{"sequence":"26","original_text":"Paternoster, R. , and S. Bushway. 2001. &ldquo;Theoretical and empirical work on the relationship between unemployment and crime.&rdquo;, <I>Journal of Quantitative Criminology,</I> 17:391-408."},{"sequence":"27","original_text":"Robert, A. , and G. Lafree. 2004. &ldquo;Explaining Japan's postwar violent crime trends.&rdquo;, <I>Criminology,</I> 42:179-209."},{"sequence":"28","original_text":"Scorcu, A. E. , and R. Cellini. 1998. &ldquo;Economic activity and crime in the long run: An empirical investigation on aggregate data from Italy, 1951-1994.&rdquo;, <I>International Review of Law and Economics,</I> 18:279-92."},{"sequence":"29","original_text":"Shapland, J. 2011. &ldquo;Where is criminology in the global economic crisis? - the global and the local.&rdquo;,<I>The book of abstracts of sixteenth world congress of the international society for criminology</I> :13-14."},{"sequence":"30","original_text":"副島豊. 1994. 「日本のマクロ変数の単位根検定」　『金融研究』　13(4):97-129."},{"sequence":"31","original_text":"総務省統計局. 2002-2008. 『人口推計年報』　日本統計協会."},{"sequence":"32","original_text":"総務省統計局. 2003. 『人口推計資料No．76』　日本統計協会."},{"sequence":"33","original_text":"津島昌寛. 1998. 「非行と失業 : 戦後日本における時系列分析」 　『犯罪社会学研究』 23:157-72."},{"sequence":"34","original_text":"津島昌寛. 2003. 「失業・犯罪・年齢 ――時系列データによるマクロ分析――」 　『日本労働研究雑誌』  516:67-77."},{"sequence":"35","original_text":"渡部良一. 2006. 「深刻化する自殺問題とその背景」　京都大学　『自殺の経済社会的要因に関する調査研究報告書』　6-17."},{"sequence":"36","original_text":"Wiatrowski, D. M. , D. B. Griswold, and M. K. Roberts. 1981. &ldquo;Social control theory and delinquency.&rdquo;, <I>American Sociological Review,</I> 46:525-41."},{"sequence":"37","doi":"10.4992/jjpsy.80.207","title_list":[{"lang":"en","title":"Evaluating the effect of economic fluctuations on Japanese parolees' re-incarceration using cointegration regression and error correction models"},{"lang":"ja","title":"共和分回帰・誤差修正モデルによる仮釈放者再入所への経済変動の効果の検証"}],"volume":"80","issue":"3","first_page":"207","last_page":"214","publication_date":{"publication_year":"2009"},"creator_list":[{"sequence":"1","type":"person","names":[{"lang":"en","last_name":"Yuma","first_name":"Yoshikazu"},{"lang":"ja","last_name":"遊間","first_name":"義一"}],"affiliation_list":[{"affiliation_name":"Saitama Institute of Technology","sequence":"1","lang":"en"},{"affiliation_name":"埼玉工業大学","sequence":"1","lang":"ja"}]}],"content_language":"ja","original_text":"遊間義一. 2009. 「共和分回帰・誤差修正モデルによる仮釈放者再入所への経済変動の効果の検証」　『心理学研究』80(3): 207-14."},{"sequence":"38","original_text":"遊間義一・金澤雄一郎・遊間千秋. 2010. 「少年の殺人事件発生率と完全失業率の長期的関連――日本における1974年から2006年までの時系列データの実証分析――」　『犯罪社会学研究』 35:115-30."},{"sequence":"39","original_text":"財団法人　社会安全研究財団. 2008. 『犯罪に対する不安感等に関する調査研究――第3回調査報告書』"}]}}