{"status":"OK","apiType":"doi","apiVersion":"1.0.0","message":{"total":1,"rows":1,"totalPages":1,"page":1},"data":{"siteId":"SI/JST.JSTAGE","content_type":"JA","doi":"10.11218/ojjams.27.19","url":"https://doi.org/10.11218/ojjams.27.19","ra":"JaLC","prefix":"10.11218","site_name":"J-STAGE","publisher_list":[{"publisher_name":"Japanese Association For Mathematical Sociology","lang":"en"},{"publisher_name":"数理社会学会","lang":"ja"}],"title_list":[{"lang":"en","title":"Special Issue Development of Panel Data Analysis in Sociology"},{"title":"特集　社会学におけるパネルデータ分析の展開"}],"creator_list":[{"sequence":"1","type":"person","names":[{"lang":"en","last_name":"NAKAZAWA","first_name":"Wataru"},{"lang":"ja","last_name":"中澤","first_name":"渉"}],"affiliation_list":[{"affiliation_name":"Editor of Special Section","sequence":"1","lang":"en"},{"affiliation_name":"特集編集担当","sequence":"1","lang":"ja"}]},{"sequence":"2","type":"person","names":[{"lang":"en","last_name":"MIWA","first_name":"Satoshi"},{"lang":"ja","last_name":"三輪","first_name":"哲"}],"affiliation_list":[{"affiliation_name":"Editor of Special Section","sequence":"1","lang":"en"},{"affiliation_name":"特集編集担当","sequence":"1","lang":"ja"}]}],"publication_date":{"publication_year":"2012"},"relation_list":[{"content":"https://www.jstage.jst.go.jp/article/ojjams/27/1/27_19/_pdf","type":"URL","relation":"fullTextPdf"}],"content_language":"ja","updated_date":"2014-12-09","article_type":"pub","journal_id_list":[{"journal_id":"0913-1442","type":"ISSN","issn_type":"print"},{"journal_id":"1881-6495","type":"ISSN","issn_type":"online"},{"journal_id":"ojjams","type":"JID"}],"journal_title_name_list":[{"journal_title_name":"Sociological Theory and Methods","type":"full","lang":"en"},{"journal_title_name":"Sociological Theory and Methods","type":"abbreviation","lang":"en"},{"journal_title_name":"理論と方法","type":"full","lang":"ja"},{"journal_title_name":"理論と方法","type":"abbreviation","lang":"ja"}],"journal_classification":"01","recorded_year":"1986-2013","volume":"27","issue":"1","first_page":"19","last_page":"22","date":"2013-03-18","keyword_list":[{"keyword":"パネルデータ分析","sequence":"1","lang":"ja"},{"keyword":"Panel data analysis","sequence":"1","lang":"en"},{"keyword":"社会学","sequence":"2","lang":"ja"},{"keyword":"Sociology","sequence":"2","lang":"en"}],"citation_list":[{"sequence":"1","original_text":"Allison, Paul D. 2009. <I>Fixed Effects Regression Models.</I> Thousand Oaks: Sage."}]}}