{"status":"OK","apiType":"doi","apiVersion":"1.0.0","message":{"total":1,"rows":1,"totalPages":1,"page":1},"data":{"siteId":"SI/JST.JSTAGE","content_type":"JA","doi":"10.11218/ojjams.2.15","url":"https://doi.org/10.11218/ojjams.2.15","ra":"JaLC","prefix":"10.11218","site_name":"J-STAGE","publisher_list":[{"publisher_name":"Japanese Association For Mathematical Sociology","lang":"en"},{"publisher_name":"数理社会学会","lang":"ja"}],"title_list":[{"lang":"ja","title":"世論過程の閾値モデル","subtitle":"―沈黙の螺旋状過程のフォーマライゼーション―"},{"lang":"en","title":"A Threshold Model of Public Opinion Process"}],"creator_list":[{"sequence":"1","type":"person","names":[{"lang":"ja","last_name":"石井","first_name":"健一"},{"lang":"en","last_name":"ISHII","first_name":"Ken'ichi"}],"affiliation_list":[{"affiliation_name":"University of Tokyo","sequence":"1","lang":"en"},{"affiliation_name":"東京大学","sequence":"1","lang":"ja"}]}],"publication_date":{"publication_year":"1987"},"relation_list":[{"content":"https://www.jstage.jst.go.jp/article/ojjams/2/1/2_1_15/_pdf","type":"URL","relation":"fullTextPdf"}],"content_language":"ja","updated_date":"2017-03-23","article_type":"pub","journal_id_list":[{"journal_id":"0913-1442","type":"ISSN","issn_type":"print"},{"journal_id":"1881-6495","type":"ISSN","issn_type":"online"},{"journal_id":"ojjams","type":"JID"}],"journal_title_name_list":[{"journal_title_name":"Sociological Theory and Methods","type":"full","lang":"en"},{"journal_title_name":"Sociological Theory and Methods","type":"abbreviation","lang":"en"},{"journal_title_name":"理論と方法","type":"full","lang":"ja"},{"journal_title_name":"理論と方法","type":"abbreviation","lang":"ja"}],"journal_classification":"01","recorded_year":"1986-2013","volume":"2","issue":"1","first_page":"15","last_page":"28","date":"2009-03-01","keyword_list":[{"keyword":"threshold model","sequence":"1","lang":"en"},{"keyword":"spiral of silence","sequence":"2","lang":"en"},{"keyword":"public opinion process","sequence":"3","lang":"en"}],"citation_list":[{"sequence":"1","original_text":"Granovetter, M. 1978. &ldquo;Threshold Models of Collective Behavior&rdquo;. <I>American Journal of Sociology</I>, 83(6):1420-1443."},{"sequence":"2","original_text":"Granovetter, M. and Soong R. 1983. &ldquo;Threshold Models of Diffusion and Collective Behavior&rdquo;. <I>Journal of Mathematical Sociology</I>, 9:165-179."},{"sequence":"3","original_text":"平林紀子 1987「「沈黙の螺旋状過程」仮説の理論的検討―世論過程とマス・メディア効果の連繋のために―」『早稲田政治公法研究第21号』105-144"},{"sequence":"4","original_text":"石井健一 1984「微分方程式型モデルによる普及現象の分析」『行動計量学』12巻1号: 11-19"},{"sequence":"5","original_text":"児島和人 1972「集合行動」（岡部慶三ほか編）『社会心理学』新曜社"},{"sequence":"6","original_text":"Merten, K. 1985. &ldquo;Some Silence in the Spiral of Silence&rdquo;. in <I>Political Communication Yearbook 1984</I>: 31-42."},{"sequence":"7","original_text":"村田光二 1986「False Consensus効果について」『社会心理学評論』第5号:71-84."},{"sequence":"8","original_text":"Noelle-Neumann, E. 1984. <I>Spiral of Silence</I>: The University of Chicago Press."}]}}