{"status":"OK","apiType":"doi","apiVersion":"1.0.0","message":{"total":1,"rows":1,"totalPages":1,"page":1},"data":{"siteId":"SI/JST.JSTAGE","content_type":"JA","doi":"10.11218/ojjams.20.197","url":"https://doi.org/10.11218/ojjams.20.197","ra":"JaLC","prefix":"10.11218","site_name":"J-STAGE","publisher_list":[{"publisher_name":"Japanese Association For Mathematical Sociology","lang":"en"},{"publisher_name":"数理社会学会","lang":"ja"}],"title_list":[{"lang":"ja","title":"市町村合併の投票ゲーム分析","subtitle":"提携形成条件を考慮したシャープレイ・シュービック指数およびバンザフ指数に関する一考察"},{"lang":"en","title":"Consolidations of Japanese Municipalities:","subtitle":"A Voting Game Analysis"}],"creator_list":[{"sequence":"1","type":"person","names":[{"lang":"ja","last_name":"鈴木","first_name":"眞志"},{"lang":"en","last_name":"SUZUKI","first_name":"Shinji"}],"affiliation_list":[{"affiliation_name":"Graduate School of Law Keio University","sequence":"1","lang":"en"},{"affiliation_name":"慶應義塾大学","sequence":"1","lang":"ja"}]}],"publication_date":{"publication_year":"2005"},"relation_list":[{"content":"https://www.jstage.jst.go.jp/article/ojjams/20/2/20_2_197/_pdf","type":"URL","relation":"fullTextPdf"}],"content_language":"ja","updated_date":"2017-03-23","article_type":"pub","journal_id_list":[{"journal_id":"0913-1442","type":"ISSN","issn_type":"print"},{"journal_id":"1881-6495","type":"ISSN","issn_type":"online"},{"journal_id":"ojjams","type":"JID"}],"journal_title_name_list":[{"journal_title_name":"Sociological Theory and Methods","type":"full","lang":"en"},{"journal_title_name":"Sociological Theory and Methods","type":"abbreviation","lang":"en"},{"journal_title_name":"理論と方法","type":"full","lang":"ja"},{"journal_title_name":"理論と方法","type":"abbreviation","lang":"ja"}],"journal_classification":"01","recorded_year":"1986-2013","volume":"20","issue":"2","first_page":"197","last_page":"210","date":"2007-07-06","keyword_list":[{"keyword":"Voting game","sequence":"1","lang":"en"},{"keyword":"投票力指数","sequence":"1","lang":"ja"},{"keyword":"Consolidation","sequence":"2","lang":"en"},{"keyword":"市町村合併","sequence":"2","lang":"ja"},{"keyword":"Local municipalities","sequence":"3","lang":"en"},{"keyword":"地方自治体","sequence":"3","lang":"ja"},{"keyword":"Contractibility","sequence":"4","lang":"en"},{"keyword":"可縮性","sequence":"4","lang":"ja"}],"citation_list":[{"sequence":"1","journal_title_name_list":[{"journal_title_name":"International Journal of Game Theory","lang":"en"}],"title_list":[{"lang":"en","title":"Cooperative Games with Coalition Structures"}],"volume":"3","first_page":"217","last_page":"237","publication_date":{"publication_year":"1974"},"content_language":"en","original_text":"Aumann, R. J and J. H. Dreze. 1974. &ldquo;Cooperative Games with Coalition Structures.&rdquo; International Journal of Game Theory 3(4): 217-237."},{"sequence":"2","original_text":"Banzhaf, J. F. III. 1965. &ldquo;Weighted Voting Doesn't Work: A Mathematical Analysis.&rdquo; Rutgers Law Review 19: 317-343."},{"sequence":"3","doi":"10.2307/1912051","journal_title_name_list":[{"journal_title_name":"Econometrica","lang":"en"}],"title_list":[{"lang":"en","title":"Endogenous formation of coalitions"}],"volume":"51","first_page":"1047","last_page":"1064","publication_date":{"publication_year":"1983"},"creator_list":[{"sequence":"1","type":"person","names":[{"lang":"en","last_name":"HART","first_name":"S."}]}],"content_language":"en","original_text":"Hart, S. and M. Kurz. 1983. &ldquo;Endogenous Formation of Coalitions.&rdquo; Econometrica 51: 1047-1064."},{"sequence":"4","original_text":"今川晃・田嶋義介監修. 2002. 『合併する自治体, しない自治体』 公職研."},{"sequence":"5","original_text":"松本幸夫. 1985. 『トポロジー入門』 岩波書店."},{"sequence":"6","original_text":"武藤滋夫・小野理恵. 1998. 『投票システムのゲーム分析』 日科技連出版社."},{"sequence":"7","journal_title_name_list":[{"journal_title_name":"Mathematics of Operations Research","lang":"en"}],"title_list":[{"lang":"en","title":"Graphs and Cooperation in Games"}],"volume":"12","first_page":"225","last_page":"229","publication_date":{"publication_year":"1977"},"content_language":"en","original_text":"Myerson, R. B. 1977. &ldquo;Graphs and Cooperation in Games.&rdquo; Mathematics of Operations Research 12(3): 225-229."},{"sequence":"8","original_text":"Myerson, R. B. 1997. Game Theory. Harvard University Press."},{"sequence":"9","original_text":"Owen, G. 1971. &ldquo;Political Games.&rdquo; Naval Research Quarterly 22: 741-750."},{"sequence":"10","original_text":"Shapley, L. S. 1953. &ldquo;A Value for n- person Games.&rdquo; in Kuhn and Tucker eds. Contributions to the Theory of Games. Annals of Mathematics Studies 28. Princeton University Press: 307-317."},{"sequence":"11","doi":"10.2307/1951053","journal_title_name_list":[{"journal_title_name":"American Political Science Review","lang":"en"}],"title_list":[{"lang":"en","title":"A Method for Evaluating the Distribution of Power in a Committee System"}],"volume":"48","first_page":"787","last_page":"792","publication_date":{"publication_year":"1954"},"content_language":"en","original_text":"Shapley, L. S. and M. Shubik. 1954. &ldquo;A Method for Evaluating the Distribution of Power in a Committee System.&rdquo; American Political Science Review 48: 787-792."},{"sequence":"12","original_text":"市町村合併研究会編. 1997. 『逐条解説 市町村合併特例法』 ぎょうせい."},{"sequence":"13","original_text":"市町村合併研究会編. 2001. 『全国市町村合併地図』 ぎょうせい."},{"sequence":"14","original_text":"内海幸久. 2002. 「Aumann-Dreze値とMyerson値の基本的関係」 『三田学会雑誌』 95(3): 103-117."},{"sequence":"15","original_text":"横道清孝・村上靖. 1993. 「市町村合併の実証的分析 (1)」 『自治研究』 69(6): 65-85."},{"sequence":"16","original_text":"横道清孝・村上靖. 1993. 「市町村合併の実証的分析 (2)」 『自治研究』 69(7): 67-85."}]}}