{"status":"OK","apiType":"doi","apiVersion":"1.0.0","message":{"total":1,"rows":1,"totalPages":1,"page":1},"data":{"siteId":"SI/JST.JSTAGE","content_type":"JA","doi":"10.11218/ojjams.29.131","url":"https://doi.org/10.11218/ojjams.29.131","ra":"JaLC","prefix":"10.11218","site_name":"J-STAGE","publisher_list":[{"publisher_name":"Japanese Association For Mathematical Sociology","lang":"en"},{"publisher_name":"数理社会学会","lang":"ja"}],"title_list":[{"lang":"ja","title":"初学者に対する数理社会学教育の意義と課題"}],"creator_list":[{"sequence":"1","type":"person","names":[{"lang":"ja","last_name":"山本","first_name":"英弘"},{"lang":"en","last_name":"YAMAMOTO","first_name":"HIdehiro"}],"affiliation_list":[{"affiliation_name":"Yamagata University","sequence":"1","lang":"en"},{"affiliation_name":"山形大学","sequence":"1","lang":"ja"}]}],"publication_date":{"publication_year":"2014"},"relation_list":[{"content":"https://www.jstage.jst.go.jp/article/ojjams/29/1/29_131/_pdf","type":"URL","relation":"fullTextPdf"}],"content_language":"ja","updated_date":"2016-07-09","article_type":"pub","journal_id_list":[{"journal_id":"0913-1442","type":"ISSN","issn_type":"print"},{"journal_id":"1881-6495","type":"ISSN","issn_type":"online"},{"journal_id":"ojjams","type":"JID"}],"journal_title_name_list":[{"journal_title_name":"Sociological Theory and Methods","type":"full","lang":"en"},{"journal_title_name":"Sociological Theory and Methods","type":"abbreviation","lang":"en"},{"journal_title_name":"理論と方法","type":"full","lang":"ja"},{"journal_title_name":"理論と方法","type":"abbreviation","lang":"ja"}],"journal_classification":"01","recorded_year":"1986-2013","volume":"29","issue":"1","first_page":"131","last_page":"136","date":"2016-07-10","citation_list":[{"sequence":"1","original_text":"土場学・小林盾・佐藤嘉倫・数土直紀・三隅一人・渡辺勉編. 2004. 『社会を〈モデル〉でみる――数理社会学への招待』勁草書房."},{"sequence":"2","original_text":"グロービス経営大学院編. 2012. 『グロービスMBAクリティカルシンキング 改訂3版』ダイヤモンド社."},{"sequence":"3","original_text":"今井信行. 2012. 『図解入門ビジネス クリティカル・シンキングがよーくわかる本 第2版』秀和システム."},{"sequence":"4","original_text":"今田高俊. 2000. 「リアリティと格闘する――社会学研究法の諸類型」今田高俊編『社会学研究法――リアリティの捉え方』有斐閣 : 1-38."},{"sequence":"5","original_text":"金井雅之. 2014. 「中堅層大学における数理社会学教育――授業内容例と学生の反応」『理論と方法』29(1): 123-130."},{"sequence":"6","original_text":"木村邦博. 2000. 「数理のめがねで社会を見る」今田高俊編『社会学研究法――リアリティの捉え方』有斐閣 : 210-238."},{"sequence":"7","original_text":"小林淳一・木村邦博編. 1991. 『考える社会学』ミネルヴァ書房."},{"sequence":"8","original_text":"小林淳一・三隅一人・平田暢・松田光司. 2000. 『社会のメカニズム』ナカニシヤ出版."},{"sequence":"9","original_text":"高坂健次. 2000. 『社会学におけるフォーマル・セオリー』ハーベスト社 ."},{"sequence":"10","original_text":"高坂健次. 2012. 「数理社会学の展望」『関西学院大学社会学部紀要』114: 37-63."},{"sequence":"11","original_text":"Lave Charles A. and James G. March. 1975. <I>An Introduction to Models in the Social Sciences</I>,Harper & Row = 1991. 佐藤嘉倫・大沢定順・都築一治訳『社会科学のためのモデル入門』ハーベスト社."},{"sequence":"12","original_text":"道田泰司. 2001. 「批判的思考の諸概念――人はそれを何だと考えているか？」『琉球大学教育学部紀要』59: 109-127."},{"sequence":"13","original_text":"岡田章. 2008. 『ゲーム理論・入門――人間社会の理解のために』有斐閣."},{"sequence":"14","original_text":"佐藤嘉倫. 2008. 『ゲーム理論――人間と社会の複雑な関係を解く』新曜社."},{"sequence":"15","original_text":"Zechmeister, Eugene B. and James E. Johnson. 1992. Critical Thinking: A Functional Approach, International Thompson=1996. 宮元博章・道田泰司・谷口高士・菊池聡『クリティカルシンキング』北大路書房."}]}}