{"status":"OK","apiType":"doi","apiVersion":"1.0.0","message":{"total":1,"rows":1,"totalPages":1,"page":1},"data":{"siteId":"SI/JST.JSTAGE","content_type":"JA","doi":"10.11218/ojjams.12.1","url":"https://doi.org/10.11218/ojjams.12.1","ra":"JaLC","prefix":"10.11218","site_name":"J-STAGE","publisher_list":[{"publisher_name":"Japanese Association For Mathematical Sociology","lang":"en"},{"publisher_name":"数理社会学会","lang":"ja"}],"title_list":[{"lang":"en","title":"Time Series Factor Analysis Model :","subtitle":"Factors Generated by Autoregression and Moving Average Process"}],"creator_list":[{"sequence":"1","type":"person","names":[{"lang":"en","last_name":"TOYODA","first_name":"Hideki"}],"affiliation_list":[{"affiliation_name":"Rikkyo (St. Paul's) University","sequence":"1","lang":"en"}]}],"publication_date":{"publication_year":"1997"},"relation_list":[{"content":"https://www.jstage.jst.go.jp/article/ojjams/12/1/12_1/_pdf","type":"URL","relation":"fullTextPdf"}],"content_language":"en","updated_date":"2016-08-25","article_type":"pub","journal_id_list":[{"journal_id":"0913-1442","type":"ISSN","issn_type":"print"},{"journal_id":"1881-6495","type":"ISSN","issn_type":"online"},{"journal_id":"ojjams","type":"JID"}],"journal_title_name_list":[{"journal_title_name":"Sociological Theory and Methods","type":"full","lang":"en"},{"journal_title_name":"Sociological Theory and Methods","type":"abbreviation","lang":"en"},{"journal_title_name":"理論と方法","type":"full","lang":"ja"},{"journal_title_name":"理論と方法","type":"abbreviation","lang":"ja"}],"journal_classification":"01","recorded_year":"1986-2013","volume":"12","issue":"1","first_page":"1","last_page":"14","date":"2016-08-26","keyword_list":[{"keyword":"Structural Equation Modeling","sequence":"1","lang":"en"},{"keyword":"Dynamic Factor Analysis Model","sequence":"2","lang":"en"},{"keyword":"Lagged Covariance Structure","sequence":"3","lang":"en"},{"keyword":"Autoregression and Moving Average","sequence":"4","lang":"en"},{"keyword":"P-technique Factor Analysis Model","sequence":"5","lang":"en"}],"citation_list":[{"sequence":"1","original_text":"Anderson, T. W. 1963. &ldquo;The Use of Factor Analysis in the Statistical Analysis of Multiple Time Series.&rdquo; <I>Psychometrika</I> 28: 1-25."},{"sequence":"2","original_text":"Cattell, R. B. 1952. <I>Factor Analysis</I>. New York: Harper."},{"sequence":"3","original_text":"Gourieroux, C., A. Monfort and A. Trognon. 1984. &ldquo;Pseudo Maximum Likelihood Methods: Theory.&rdquo; <I>Econometrica</I> 17: 287-304."},{"sequence":"4","original_text":"Hershberger, S. L., S. E. Corneal and P. C. M. Molenaar. 1994. &ldquo;Dynamic Factor Analysis: An Application to Emotional Response Patterns Underlying Daughter/Father and Stepdaughter/Stepfather Relationships.&rdquo; <I>Structural Equation Modeling</I> 2(1): 31-57."},{"sequence":"5","original_text":"J&ouml;reskog, K. G. and D. S&ouml;rbom. 1979. <I>Advance in Factor Analysis and structural Equation Models</I>. Cambridge: Abt. books."},{"sequence":"6","original_text":"McArdle, J. J. and R. P. McDonald. 1984. &ldquo;Some Algebraic Properties of the Reticular Action Model for Moment Structures.&rdquo; <I>British Journal of Mathematical and Statistical Psychology</I> 37: 234-251."},{"sequence":"7","original_text":"Molenaar, P. C. M. 1985. &ldquo;A Dynamic Factor Model for the Analysis of Multivariate Time Series.&rdquo; <I>Psychometrika</I> 50: 181-202."}]}}