{"status":"OK","apiType":"doi","apiVersion":"1.0.0","message":{"total":1,"rows":1,"totalPages":1,"page":1},"data":{"siteId":"SI/JST.JSTAGE","content_type":"JA","doi":"10.11218/ojjams.21.49","url":"https://doi.org/10.11218/ojjams.21.49","ra":"JaLC","prefix":"10.11218","site_name":"J-STAGE","publisher_list":[{"publisher_name":"Japanese Association For Mathematical Sociology","lang":"en"},{"publisher_name":"数理社会学会","lang":"ja"}],"title_list":[{"lang":"ja","title":"集合行為のジレンマにおける「連帯集団」の効果","subtitle":"「ｎ人チキンゲーム」によるゲーム理論的分析"},{"lang":"en","title":"Effects of Solidarity Group facing Collective Dilemma","subtitle":"A Game Theoretical Analysis"}],"creator_list":[{"sequence":"1","type":"person","names":[{"lang":"ja","last_name":"鈴木","first_name":"鉄忠"},{"lang":"en","last_name":"SUZUKI","first_name":"Tetsutada"}],"affiliation_list":[{"affiliation_name":"Department of Value and Decision Science, Graduate School of Decision and Technology, Tokyo Institute of Technology","sequence":"1","lang":"en"},{"affiliation_name":"東京工業大学","sequence":"1","lang":"ja"}]}],"publication_date":{"publication_year":"2006"},"relation_list":[{"content":"https://www.jstage.jst.go.jp/article/ojjams/21/1/21_1_49/_pdf","type":"URL","relation":"fullTextPdf"}],"content_language":"ja","updated_date":"2017-03-23","article_type":"pub","journal_id_list":[{"journal_id":"0913-1442","type":"ISSN","issn_type":"print"},{"journal_id":"1881-6495","type":"ISSN","issn_type":"online"},{"journal_id":"ojjams","type":"JID"}],"journal_title_name_list":[{"journal_title_name":"Sociological Theory and Methods","type":"full","lang":"en"},{"journal_title_name":"Sociological Theory and Methods","type":"abbreviation","lang":"en"},{"journal_title_name":"理論と方法","type":"full","lang":"ja"},{"journal_title_name":"理論と方法","type":"abbreviation","lang":"ja"}],"journal_classification":"01","recorded_year":"1986-2013","volume":"21","issue":"1","first_page":"49","last_page":"61","date":"2007-08-01","keyword_list":[{"keyword":"solidarity group","sequence":"1","lang":"en"},{"keyword":"連帯集団","sequence":"1","lang":"ja"},{"keyword":"dilemma between common interests and individual interests","sequence":"2","lang":"en"},{"keyword":"共通利益と個別利害のジレンマ","sequence":"2","lang":"ja"},{"keyword":"n-person chicken game","sequence":"3","lang":"en"},{"keyword":"ｎ人チキンゲーム","sequence":"3","lang":"ja"},{"keyword":"strong Nash equilibrium","sequence":"4","lang":"en"},{"keyword":"強ナッシュ均衡","sequence":"4","lang":"ja"}],"citation_list":[{"sequence":"1","original_text":"Aumann. R. 1959. &ldquo;Acceptable points in general cooperative n-person games.&rdquo; Pp. 287-324 in Contributions to the Theory of Games IV,  Princeton University Press."},{"sequence":"2","original_text":"Bernheim. B. D.,  Peleg. B. and Whinston,  M. D. 1987. &ldquo;Coalition-Proof Nash EquilibriaI.Concepts&rdquo;. Pp1-12. in Journal of Economic Theory."},{"sequence":"3","original_text":"Coleman. J. S. 1990. Foundations of Social Theory. Cambridge: Harvard University Press.=2004. 久慈利武(監訳) 『社会理論の基礎（上）』青木書店．"},{"sequence":"4","original_text":"Collins. R. 1994. Four Sociological Traditions. Oxford University Press.=1997. 友枝敏雄(訳者代表)『ランドル・コリンズが語る社会学の歴史』有斐閣."},{"sequence":"5","original_text":"Dawes. Robyn. M. 1980. &rdquo;Social Dilemmas.&rdquo;,  Annual Review of Psychology 31:169-193."},{"sequence":"6","original_text":"Diekmann. A. 1985. &rdquo;Volunteer&rsquo;s Dilemma.&rdquo;,  Journal of Conflict Resolution 29(4): 605-610."},{"sequence":"7","original_text":"Doreian. P. and Fararo. T. J. (eds.) 1998. The Problem of Solidarity: Theories and Models. Amsterdam : Gordon and Breach."},{"sequence":"8","original_text":"Fararo T. J. and Doreian. P. 1998. &ldquo;The Theory of Solidarity: An Agenda of Problems&rdquo; Pp. 1-31 in The Problem of Solidarity: Theories and Models. edited by Doreian. P. and Fararo. T. J. Amsterdam : Gordon and Breach."},{"sequence":"9","original_text":"Hamburger. H. 1973. &rdquo;N-person prisoners dilemma.&rdquo;,  Journal of Mathematical Sociology 3: 27-48."},{"sequence":"10","original_text":"Hardin. R. 1971. &rdquo;Collective Action as an Agreeable n-Prisoners&rsquo;  Dilemma.&rdquo;, Behavioral Science 16:472-481."},{"sequence":"11","original_text":"長谷川公一. 1985. 「社会運動の政治社会学&mdash;&mdash;資源動員論の意義と課題&mdash;&mdash;」『思想』737: 126-157."},{"sequence":"12","original_text":"Hechter. M. 1975. Internal colonialism: the Celtic fringe in British national development,  1536-1966. University of California Press."},{"sequence":"13","original_text":"Hechter. M. 1987. Principles of Group Solidarity. Berkley: University of California Press.= 2003. 小林淳一・木村邦博・平田暢(訳) 『連帯の条件&mdash;&mdash;合理的選択理論によるアプローチ&mdash;&mdash;』 ミネルヴァ書房."},{"sequence":"14","original_text":"片桐新自. 1995. 『社会運動の中範囲理論&mdash;&mdash;資源動員論からの展開&mdash;&mdash;』東京大学出版会."},{"sequence":"15","original_text":"木村邦博. 1991. 「オルソン問題」盛山和夫・海野道郎(編) 『秩序問題と社会的ジレンマ』ハーベスト社: 167-197."},{"sequence":"16","original_text":"木村邦博. 1994. 「オルソン問題と資源動員論－社会運動の合理的選択理論と政治社会学」『理論と方法』9(1):939-54."},{"sequence":"17","original_text":"木村邦博. 2002. 『大集団のジレンマ』ミネルヴァ書房."},{"sequence":"18","original_text":"Markovsky. B. 1998. &ldquo;Social Network Conceptions of Group Solidarity&rdquo;. Pp. 343-372 in The Problem of Solidarity: Theories and Models. edited by Doreian. P. and Fararo. T. J. Amsterdam : Gordon and Breach."},{"sequence":"19","original_text":"松井彰彦. 2002. 『慣習と規範の経済学&mdash;&mdash;ゲーム理論からのメッセージ&mdash;&mdash;』東洋経済新報社."},{"sequence":"20","original_text":"武藤正義. 2002. 「僅かな利他性が導く協力の実現&mdash;&mdash;進化ゲーム理論的アプローチ&mdash;&mdash;」『理論と方法』17(1):89-104."},{"sequence":"21","original_text":"武藤正義. 2005. 「相互行為における倫理規範の性能分析：社会的動機を考慮したゲーム理論的アプローチ」『社会学評論』56(1): 182-199."},{"sequence":"22","original_text":"Oberschall. A. 1973. Social Conflicts and Social Movements. Englewood Cliffs(N. J.) Prentice Hall."},{"sequence":"23","original_text":"武藤正義. 1978. &rdquo;Theories of Social Conflict.&rdquo;,   Annual Review of Sociology 4: 291-315. =1989. 鵜飼孝造(訳)「解体理論から連帯理論へ」塩原勉(編)『資源動員と組織戦略&mdash;&mdash;運動論の新パラダイム&mdash;&mdash;』新曜社: 59-91."},{"sequence":"24","original_text":"Okada. A. 1993. &rdquo;The Possibility of cooperation in an n-person prisoner&rsquo; s dilemma with institutional arrangements.&rdquo;,  Public Choice 77:629-656."},{"sequence":"25","original_text":"岡田章. 1996. 『ゲーム理論』有斐閣."},{"sequence":"26","original_text":"奥野正寛・鈴村興太郎. 1988. 『ミクロ経済学II』岩波書店."},{"sequence":"27","original_text":"Olson. M. [1965]1971. The Logic of Collective Action: Public Goods and the Theory of Groups. Cambridge：Harvard University Press. =1983. 衣田博・森脇俊雅(訳) 『集合行為論&mdash;公共財と集団理論&mdash;』ミネルヴァ書房."},{"sequence":"28","original_text":"佐藤嘉倫. 1991. 「社会運動と連帯」盛山和夫・海野道郎(編) 『秩序問題と社会的ジレンマ』ハーベスト社: 259-280."},{"sequence":"29","original_text":"佐藤嘉倫. 1998. 『意図的社会変動の理論』東京大学出版会."},{"sequence":"30","original_text":"鈴木鉄忠. 2003. 『集合行為問題のゲーム理論的分析及び社会学的考察』. 修士学位論文.東京工業大学大学院社会理工学研究科（価値システム専攻）."},{"sequence":"31","original_text":"佐藤嘉倫. 2005. 「大集団のなかの自覚的な「フリーライダー」」 『第40回数理社会学大会研究報告要旨集』数理社会学会."},{"sequence":"32","original_text":"太郎丸博. 2000. 「社会学における合理的選択理論の伝統とその可能性」『理論と方法』15(2):287-298."},{"sequence":"33","original_text":"Taylor. M. and W. Hugh. 1982. &rdquo;Chickens,  Whales and Lumpy Goods: Alternative Models of Public Goods Provision.&rdquo;,  Political Studies 30(3):350-370."},{"sequence":"34","original_text":"Taylor. M. 1987. The Possibility of Cooperation. Cambridge: Cambridge University Press. =1995. 松原望(訳)『協力の可能性－協力, 国家, アナーキー』木鐸社."},{"sequence":"35","original_text":"山本英弘. 2005. 「社会運動の発生と政治的機械構造&mdash;&mdash;ゲーム理論的モデルによる考察と国際比較分析」 数土直紀・今田高俊(編) 『数理社会学入門』勁草書房: 147-167."},{"sequence":"36","original_text":"矢澤修次郎(編). 2003.『社会運動』東京大学出版会."}]}}