{"status":"OK","apiType":"doi","apiVersion":"1.0.0","message":{"total":1,"rows":1,"totalPages":1,"page":1},"data":{"siteId":"SI/JST.JSTAGE","content_type":"JA","doi":"10.11218/ojjams.21.93","url":"https://doi.org/10.11218/ojjams.21.93","ra":"JaLC","prefix":"10.11218","site_name":"J-STAGE","publisher_list":[{"publisher_name":"Japanese Association For Mathematical Sociology","lang":"en"},{"publisher_name":"数理社会学会","lang":"ja"}],"title_list":[{"lang":"ja","title":"タルムードにおける破産問題の再解釈"},{"lang":"en","title":"Alternative Interpretation of a Bankruptcy Problem from the Talmud in Fuzzy Valued TU Game"}],"creator_list":[{"sequence":"1","type":"person","names":[{"lang":"ja","last_name":"石原","first_name":"慎一"},{"lang":"en","last_name":"ISHIHARA","first_name":"Shinichi"}],"affiliation_list":[{"affiliation_name":"Department of Value and Decision Science Graduate School of Decision Science and Technology Tokyo Institute of Technology","sequence":"1","lang":"en"},{"affiliation_name":"東京工業大学大学院社会理工学研究科","sequence":"1","lang":"ja"}]},{"sequence":"2","type":"person","names":[{"lang":"ja","last_name":"内海","first_name":"幸久"},{"lang":"en","last_name":"UTSUMI","first_name":"Yukihisa"}],"affiliation_list":[{"affiliation_name":"Department of Value and Decision Science Graduate School of Decision Science and Technology Tokyo Institute of Technology","sequence":"1","lang":"en"},{"affiliation_name":"東京工業大学大学院社会理工学研究科","sequence":"1","lang":"ja"}]}],"publication_date":{"publication_year":"2006"},"relation_list":[{"content":"https://www.jstage.jst.go.jp/article/ojjams/21/1/21_1_93/_pdf","type":"URL","relation":"fullTextPdf"}],"content_language":"ja","updated_date":"2017-03-23","article_type":"pub","journal_id_list":[{"journal_id":"0913-1442","type":"ISSN","issn_type":"print"},{"journal_id":"1881-6495","type":"ISSN","issn_type":"online"},{"journal_id":"ojjams","type":"JID"}],"journal_title_name_list":[{"journal_title_name":"Sociological Theory and Methods","type":"full","lang":"en"},{"journal_title_name":"Sociological Theory and Methods","type":"abbreviation","lang":"en"},{"journal_title_name":"理論と方法","type":"full","lang":"ja"},{"journal_title_name":"理論と方法","type":"abbreviation","lang":"ja"}],"journal_classification":"01","recorded_year":"1986-2013","volume":"21","issue":"1","first_page":"93","last_page":"107","date":"2007-08-01","keyword_list":[{"keyword":"bankruptcy problem","sequence":"1","lang":"en"},{"keyword":"破産問題","sequence":"1","lang":"ja"},{"keyword":"fuzzy valued TU game","sequence":"2","lang":"en"},{"keyword":"ファジィゲーム","sequence":"2","lang":"ja"},{"keyword":"&alpha;-cut core","sequence":"3","lang":"en"},{"keyword":"&alpha;水準コア","sequence":"3","lang":"ja"}],"citation_list":[{"sequence":"1","original_text":"Aubin. J.,P. 1981. &ldquo;Cooperative Fuzzy Game.&rdquo;, Math. of Operations Research 6 (1): 1-13."},{"sequence":"2","original_text":"Aumann.R.,J., and M. Maschler, 1985. &ldquo;Game Theoretic Analysis of a Bankruptcy Problem from the Talmud.&rdquo;, Journal of Economic Theory 36: 195-213."},{"sequence":"3","original_text":"Herrero.C., and A. Villar, 2001. &ldquo;The Three Musketeer: Four Classical Solutions to Bankruptcy Problems.&rdquo;, Mathematical Social Sciences 42: 307-328."},{"sequence":"4","original_text":"Mares. M., 2000. &ldquo;Fuzzy Coalition Structures.&rdquo;, Fuzzy Sets and Systems 114: 23-33."},{"sequence":"5","original_text":"水本雅晴(編). 1992. 『ファジィ集合　講座ファジィ第2巻』日刊工業新聞社．"},{"sequence":"6","original_text":"Nishizaki I, and M. Sakawa., 2000. &ldquo;Fuzzy Cooperative Games Arising from Linear Production Programming Problem with Fuzzy Parameters.&rdquo;, Fuzzy Sets and Systems 114: 11-21."},{"sequence":"7","original_text":"Schmeidler, D. 1969. &ldquo;The nucleolus of a Characteristic Function Games.&rdquo;, SIAM Journal on Applied Mathematics 17:1163-1170."},{"sequence":"8","original_text":"Peleg. B., and P. Sudh&ouml;lter., 2003. Introduction to the Theory of Cooperative Games.Boston: Kluwer Academic Publishers."},{"sequence":"9","original_text":"Thomson. W., 2003. &ldquo;Axiomatic and Game-theoretic Analysis of Bankruptcy and Taxation  Problems: a Survey.&rdquo;,  Mathematical Social Sciences 45: 249-297."},{"sequence":"10","original_text":"Zadeh. L. A. 1965. &ldquo;Fuzzy Sets.&rdquo;,  Information and Control 8: 338-353."}]}}