{"status":"OK","apiType":"doi","apiVersion":"1.0.0","message":{"total":1,"rows":1,"totalPages":1,"page":1},"data":{"siteId":"SI/JST.JSTAGE","content_type":"JA","doi":"10.11218/ojjams.29.37","url":"https://doi.org/10.11218/ojjams.29.37","ra":"JaLC","prefix":"10.11218","site_name":"J-STAGE","publisher_list":[{"publisher_name":"Japanese Association For Mathematical Sociology","lang":"en"},{"publisher_name":"数理社会学会","lang":"ja"}],"title_list":[{"lang":"en","title":"Choice of the Others to be Compared and Image of Income"},{"lang":"ja","title":"比較対象選択と所得イメージ"}],"creator_list":[{"sequence":"1","type":"person","names":[{"lang":"ja","last_name":"前田","first_name":"豊"},{"lang":"en","last_name":"MAEDA","first_name":"Yutaka"}],"affiliation_list":[{"affiliation_name":"Rikkyo University","sequence":"1","lang":"en"},{"affiliation_name":"立教大学","sequence":"1","lang":"ja"}]}],"publication_date":{"publication_year":"2014"},"relation_list":[{"content":"https://www.jstage.jst.go.jp/article/ojjams/29/1/29_37/_pdf","type":"URL","relation":"fullTextPdf"}],"content_language":"ja","updated_date":"2016-07-09","article_type":"pub","journal_id_list":[{"journal_id":"0913-1442","type":"ISSN","issn_type":"print"},{"journal_id":"1881-6495","type":"ISSN","issn_type":"online"},{"journal_id":"ojjams","type":"JID"}],"journal_title_name_list":[{"journal_title_name":"Sociological Theory and Methods","type":"full","lang":"en"},{"journal_title_name":"Sociological Theory and Methods","type":"abbreviation","lang":"en"},{"journal_title_name":"理論と方法","type":"full","lang":"ja"},{"journal_title_name":"理論と方法","type":"abbreviation","lang":"ja"}],"journal_classification":"01","recorded_year":"1986-2013","volume":"29","issue":"1","first_page":"37","last_page":"57","date":"2016-07-10","keyword_list":[{"keyword":"Income Comparison","sequence":"1","lang":"en"},{"keyword":"所得比較","sequence":"1","lang":"ja"},{"keyword":"Image of Income","sequence":"2","lang":"en"},{"keyword":"所得イメージ","sequence":"2","lang":"ja"},{"keyword":"Latent class analysis","sequence":"3","lang":"en"},{"keyword":"潜在クラス分析","sequence":"3","lang":"ja"}],"citation_list":[{"sequence":"1","original_text":"&Aring;berg Yngwe, Monica, Johan Fritzell, Olle Lundberg, Finn Diderichsen and Bo Burstr&ouml;m. 2003. &ldquo;Exploring Relative Deprivation: Is Social Comparison a Mechanism in the Relation between Income and Health?&rdquo; <I>SocialScience & Medicine</I> 57(8): 1463-73."},{"sequence":"2","original_text":"Adjaye-Gbewonyo, Kafui and Ichiro Kawachi. 2012. &ldquo;Use of the Yitzhaki Index as a test of relative deprivation for health outcomes: A review of recent literature.&rdquo; <I>Social Science &amp; Medicine</I> 75(1): 129-37."},{"sequence":"3","original_text":"Angrist, Joshua D., and J&ouml;rn-Steffen Pischke. 2009. <I>Mostly harmless econometrics: An empiricist's companion</I>. New Jersey: Princeton University Press. =2013. 大森義明他 (訳)『「ほとんど無害」な計量経済学――応用経済学のための実証分析ガイド』NTT 出版."},{"sequence":"4","original_text":"Blanton, Hart, Charlene Christie, and Maureen Dye. 2002. &ldquo;Social identity versus reference frame comparisons: The moderating role of stereotype endorsement.&rdquo; <I>Journal of Experimental Social Psychology</I> 38(3): 253-67. "},{"sequence":"5","original_text":"Clark, Andrew E., and Claudia Senik. 2010. &ldquo;Who Compares to Whom? The Anatomy of Income Comparisons in Europe.&rdquo; <I>The Economic Journal</I> 120(May): 573-94."},{"sequence":"6","original_text":"Clark, Andrew E., Paul Frijters, and Michael A. Shields. 2008. &ldquo;Relative Income, Happiness, and Utility: An Explanation for the Easterlin Paradox and Other Puzzles.&rdquo; <I>Journal of Economic Literature</I> 46(1): 95-144."},{"sequence":"7","original_text":"Clark, Andrew, Claudia Senik, and Katsunori Yamada. 2013. &ldquo;The Joneses in Japan: Income Comparisons and Financial Satisfaction.&rdquo; <I>Institute of Social and Economic Research (Osaka University) Discussion Paper</I> No. 866."},{"sequence":"8","original_text":"Collins, Linda M., and Stephanie T. Lanza. 2010. <I>Latent Class and Latent Transition Analysis: With Applications in the Social, Behavioral, and Health Sciences</I>. New Jersey: John Wiley & Sons."},{"sequence":"9","original_text":"Easterlin, Richard A. 1974. &ldquo;Does Empirical Growth Improve the Human Lot? Some Empirical Evidence.&rdquo; Pp. 89-125 in <I>Nations and Households in Economic Growth: Essays in Honor of Moses Abramovitz</I>, edited by Paul, David A., and Melvin W. Reder. New York: Academic Press."},{"sequence":"10","original_text":"Ferrer-i-Carbonell, Ada. 2005. &ldquo;Income and Well-being: An Empirical Analysis of the Comparison Income Effect.&rdquo; <I>Journal of Public Economics</I> 89(5): 997-1019."},{"sequence":"11","original_text":"Guo, Shenyang and Mark W. Fraser. 2009. <I>Propensity score analysis: Statistical methods and applications</I>. California: SAGE."},{"sequence":"12","original_text":"浜田宏. 2001. 「経済的地位の自己評価と準拠集団――&delta;区間モデルによる定式化」『社会学評論』52(2): 283-99."},{"sequence":"13","original_text":"Hey, John D., and Peter J. Lambert. 1980. &ldquo;Relative Deprivation and the Gini Coefficient: Comment.&rdquo; <I>Quarterly Journal of Economics</I> 95(3): 567-73."},{"sequence":"14","original_text":"飯田善郎. 2009. 「相対所得における他者とは誰か――アンケート調査から」『京都産業大学論集. 社会科学系列』26: 131-56."},{"sequence":"15","original_text":"飯田善郎. 2011. 「相対所得におけるリファレンスグループの選択とその動機」『京都産業大学論集. 社会科学系列』28: 1-23."},{"sequence":"16","original_text":"石田淳. 2011. 「相対的剥奪と準拠集団の計量モデル」『理論と方法』26(2): 371-88."},{"sequence":"17","original_text":"Jones, Andrew M., and John Wildman. 2008. &ldquo;Health, Income and Relative Deprivation: Evidence from the BHPS.&rdquo; <I>Journal of Health Economics</I> 27(2): 308-24."},{"sequence":"18","original_text":"Knight, John, Lina Song and Ramani Gunatilaka. 2009. &ldquo;Subjective well-being and its determinants in rural China.&rdquo; <I>China Economic Review</I> 20(4): 635-49."},{"sequence":"19","original_text":"Linssen, Rik, Luuk van Kempen and Gerbert Kraaykamp. 2011. &ldquo;Subjective Well-being in Rural India: The Curse of Conspicuous Consumption.&rdquo; <I>Social indicators research</I> 101(1): 57-72."},{"sequence":"20","original_text":"Linzer, Drew A., and Jeffrey Lewis. 2011. &ldquo;poLCA: an R Package for Polytomous Variable Latent Class Analysis.&rdquo; <I>Journal of Statistical Software</I> 42(10): 1-29."},{"sequence":"21","original_text":"Lorgelly, Paula K., and Joanne Lindley. 2008. &ldquo;What is the Relationship between Income Inequality and Health? Evidence from the BHPS.&rdquo; <I>Health Economics</I> 17: 249-65."},{"sequence":"22","original_text":"Maeda, Yutaka and Atsushi Ishida. 2013. &ldquo;Income Comparison as a Determining Mechanism of Class Identification: A Quantitative and Simulation Study Using Japanese Survey Data.&rdquo; <I>International Journal of Japanese Sociology</I> 22: 143-59."},{"sequence":"23","original_text":"Manski, Charles F. 1993. &ldquo;Identification of endogenous social effects: The reflection problem.&rdquo; <I>The review of economic studies</I> 60(3): 531-42."},{"sequence":"24","original_text":"Mayraz, Guy, Gert G. Wagner, and J&uuml;rgen Schupp. 2009. &ldquo;Life satisfaction and relative income: perceptions and evidence.&rdquo; <I>IZA Discussion Paper</I> No. 4390."},{"sequence":"25","original_text":"McBride, Michael. 2001. &ldquo;Relative-Income Effects on Subjective Well-Being in the Cross-Section.&rdquo; <I>Journal of Economic Behavior and Organization</I> 45(3): 251-7."},{"sequence":"26","original_text":"Merton, Robert K. [1949]1957. <I>Social Theory and Social Structure [Revised and Enlarged Edition]</I>. New York: The Free Press. =1961. 森東吾他 ( 訳 )『社会理論と社会構造』みすず書房."},{"sequence":"27","original_text":"Oshio, Takashi, Kayo Nozaki and Miki Kobayashi. 2010. &ldquo;Relative Income and Happiness in Asia: Evidence from Nationwide Surveys in China, Japan, and Korea.&rdquo; <I>Social Indicators Research</I> 104(3): 351-67."},{"sequence":"28","original_text":"Pham-Kanter, Genevieve. 2009. &ldquo;Social comparisons and health: Can having richer friends and neighbors make you sick?&rdquo; <I>Social Science & Medicine</I> 69(3): 335-44."},{"sequence":"29","original_text":"Runciman, W.G. 1966. <I>Relative Deprivation and Social Justice</I>. London: Routledge and Kegan Paul."},{"sequence":"30","original_text":"S&aacute;gi, Matild. 2011. &ldquo;Determinants of Satisfaction with Living Standards in Transition Societies.&rdquo; <I>International Journal of Sociology</I> 41(4): 55-78."},{"sequence":"31","original_text":"Senik, Claudia. 2009. &ldquo;Direct evidence on income comparisons and their welfare effects.&rdquo; <I>Journal of Economic Behavior & Organization</I> 72(1): 408-24."},{"sequence":"32","original_text":"Singer, Eleanor. 1981. &ldquo;Reference Groups and Social Evaluations.&rdquo; Pp.66-93 in <I>Social Psychology: Sociological Perspectives</I>, edited by Rosenberg, Morris and Ralph H. Turner. New York: Basic Books."},{"sequence":"33","original_text":"総務省統計局. 2013. 『労働力調査（詳細集計）平成24年平均（速報）結果』(http://www.stat.go.jp/data/roudou/sokuhou/nen/dt/)"},{"sequence":"34","original_text":"Suls, Jerry. 1986. &ldquo;Comparison Processes in Relative Deprivation: A Life-Span Analysis.&rdquo; Pp. 95-116 in <I>Relative Deprivation and Social Comparison: The Ontario Symposium Volume4</I>, edited by Olson, James M., C. Peter Herman and Mark P. Zanna. Psychology Press."},{"sequence":"35","original_text":"Subramanyam, Malavika, Ichiro Kawachi, Lisa Berkman and S.V. Subramanian. 2009. &ldquo;Relative deprivation in income and self-rated health in the United States.&rdquo; <I>Social Science & Medicine</I> 69(3): 327-34."},{"sequence":"36","original_text":"Tajfel, Henri and John C. Turner. 1986. &ldquo;The Social Identity Theory of Intergroup Behavior.&rdquo; Pp. 7-24 in <I>Psychology of intergroup relations</I>, edited by Austin, William G., and Stephen Worchel. Chicago: Nelson-Hall Publishers."},{"sequence":"37","original_text":"Tversky, Amos and Daniel Kahneman. 1991.&ldquo;Loss aversion in riskless choice: A reference-dependent model.&rdquo; <I>The Quarterly Journal of Economics</I> 106(4): 1039-61."},{"sequence":"38","original_text":"Vermunt, Joroen K. and Jay Magidson. 2005. <I>Technical Guide for Latent GOLD 4.0: Basic and Advanced</I>. Belmont (Massachusetts): Statistical Innovations Inc."},{"sequence":"39","original_text":"Vohs, Kathleen D., Nicole L. Mead, and Miranda R. Goode. 2006. &ldquo;The psychological consequences of money.&rdquo; <I>Science</I> 314(5802): 1154-6."},{"sequence":"40","original_text":"Wilkinson, Richard G. and Kate E. Pickett. 2006. &ldquo;Income inequality and population health: a review and explanation of the evidence.&rdquo; <I>Social science & medicine</I> 62(7): 1768-84."},{"sequence":"41","original_text":"Wills, Thomas A. 1981. &ldquo;Downward Comparison Principles in Social Psychology.&rdquo; <I>Psychological Bulletin</I> 90(2): 245-71."},{"sequence":"42","original_text":"Wolbring, Tobias, Marc Keuschnigg, and Eva Negele. 2013. &ldquo;Needs, comparisons, and adaptation: The importance of relative income for life satisfaction.&rdquo; <I>European sociological review</I> 29(1): 86-104."},{"sequence":"43","original_text":"Yamaguchi, Kazuo. 2000. &ldquo;Multinomial Logit Latent-Class Regression Models: An Analysis of the Predictors of Gender-Role Attitudes among Japanese Women.&rdquo; <I>American Journal of Sociology</I> 105(6): 1702-40."},{"sequence":"44","original_text":"Yamaguchi, Kazuo. 2013. &ldquo;Causal Analysis for Linear Regression with a Latent-Class Treatment Variable.&rdquo; Paper presented at the annual meeting of the American Sociological Association Annual Meeting, Hilton New York and Sheraton New York, New York, NY, August 10, 2013."},{"sequence":"45","original_text":"Yitzhaki, Shlomo. 1979. &ldquo;Relative Deprivation and the Gini Coefficient.&rdquo; <I>Quarterly Journal of Economics</I> 93: 321-4."}]}}