{"status":"OK","apiType":"doi","apiVersion":"1.0.0","message":{"total":1,"rows":1,"totalPages":1,"page":1},"data":{"siteId":"SI/JST.JSTAGE","content_type":"JA","doi":"10.11218/ojjams.24.177","url":"https://doi.org/10.11218/ojjams.24.177","ra":"JaLC","prefix":"10.11218","site_name":"J-STAGE","publisher_list":[{"publisher_name":"Japanese Association For Mathematical Sociology","lang":"en"},{"publisher_name":"数理社会学会","lang":"ja"}],"title_list":[{"lang":"en","title":"Special Section : New Frontiers in Qualitative Comparative Analysis"},{"title":"特集　New Frontiers in Qualitative Comparative Analysis"}],"creator_list":[{"sequence":"1","type":"person","names":[{"lang":"en","last_name":"NOMIYA","first_name":"Daishiro"},{"lang":"ja","last_name":"野宮","first_name":"大志郎"}],"affiliation_list":[{"affiliation_name":"Editor of Special Section","sequence":"1","lang":"en"},{"affiliation_name":"特集編集担当","sequence":"1","lang":"ja"}]},{"sequence":"2","type":"person","names":[{"lang":"en","last_name":"TAKENOSHITA","first_name":"Hirohisa"},{"lang":"ja","last_name":"竹ノ下","first_name":"弘久"}],"affiliation_list":[{"affiliation_name":"Editor of Special Section","sequence":"1","lang":"en"},{"affiliation_name":"特集編集担当","sequence":"1","lang":"ja"}]}],"publication_date":{"publication_year":"2009"},"relation_list":[{"content":"http://www.jstage.jst.go.jp/article/ojjams/24/2/24_2_177/_pdf","type":"URL","relation":"fullTextPdf"}],"updated_date":"2014-12-09","article_type":"pub","journal_id_list":[{"journal_id":"0913-1442","type":"ISSN","issn_type":"print"},{"journal_id":"1881-6495","type":"ISSN","issn_type":"online"},{"journal_id":"ojjams","type":"JID"}],"journal_title_name_list":[{"journal_title_name":"Sociological Theory and Methods","type":"full","lang":"en"},{"journal_title_name":"Sociological Theory and Methods","type":"abbreviation","lang":"en"},{"journal_title_name":"理論と方法","type":"full","lang":"ja"},{"journal_title_name":"理論と方法","type":"abbreviation","lang":"ja"}],"journal_classification":"01","recorded_year":"1986-2013","volume":"24","issue":"2","first_page":"177","last_page":"179","date":"2010-03-30","citation_list":[{"sequence":"1","doi":"10.1177/0049124105277197","volume":"34","issue":"2","first_page":"147","publication_date":{"publication_year":"2005"},"original_text":"Caren, Neal and Aaron Panofski. 2005. &ldquo;TQCA:A Technique for Adding Temporality to Qualitative Comparative Analysis. &rdquo;<I>Sociological Methods & Research</I> 34(2):147-172."}]}}