{"status":"OK","apiType":"doi","apiVersion":"1.0.0","message":{"total":1,"rows":1,"totalPages":1,"page":1},"data":{"siteId":"SI/JST.JSTAGE","content_type":"JA","doi":"10.11218/ojjams.11.68","url":"https://doi.org/10.11218/ojjams.11.68","ra":"JaLC","prefix":"10.11218","site_name":"J-STAGE","publisher_list":[{"publisher_name":"Japanese Association For Mathematical Sociology","lang":"en"},{"publisher_name":"数理社会学会","lang":"ja"}],"title_list":[{"lang":"ja","title":"社会学・統計学・社会調査のためのインターネット・イエローページ"}],"creator_list":[{"sequence":"1","type":"person","names":[{"lang":"ja","last_name":"岩本","first_name":"健良"},{"lang":"en","last_name":"IWAMOTO","first_name":"Takeyoshi"}],"affiliation_list":[{"affiliation_name":"Kanazawa University","sequence":"1","lang":"en"},{"affiliation_name":"金沢大学","sequence":"1","lang":"ja"}]}],"publication_date":{"publication_year":"1996"},"relation_list":[{"content":"https://www.jstage.jst.go.jp/article/ojjams/11/1/11_68/_pdf","type":"URL","relation":"fullTextPdf"}],"content_language":"ja","updated_date":"2016-08-25","article_type":"pub","journal_id_list":[{"journal_id":"0913-1442","type":"ISSN","issn_type":"print"},{"journal_id":"1881-6495","type":"ISSN","issn_type":"online"},{"journal_id":"ojjams","type":"JID"}],"journal_title_name_list":[{"journal_title_name":"Sociological Theory and Methods","type":"full","lang":"en"},{"journal_title_name":"Sociological Theory and Methods","type":"abbreviation","lang":"en"},{"journal_title_name":"理論と方法","type":"full","lang":"ja"},{"journal_title_name":"理論と方法","type":"abbreviation","lang":"ja"}],"journal_classification":"01","recorded_year":"1986-2013","volume":"11","issue":"1","first_page":"68","last_page":"74","date":"2016-08-26","citation_list":[{"sequence":"1","original_text":"アルク留学クラブ編. 1995. 『インターネットで留学実現』アルク"},{"sequence":"2","original_text":"祝部大輔編. 1995. 『学術情報収集テクニック：インターネットから文献検索・整理まで』薬事時報社"},{"sequence":"3","original_text":"北野正雄. 1995. 『研究者のためのインターネット入門」(1,2)『応用物理』64(7): 709-712/64(11):1142-1145.(http://kuee2.kuee.kyoto-u,ac.jp/?kitano/obutsu/)"},{"sequence":"4","original_text":"三井幸子. 1993. 「インターネット環境下における目録・書誌・索引情報」『書誌索引展望』17(4):14-26"},{"sequence":"5","original_text":"関口礼子. 1996. 「オンラインによるインターネットの使い方講習会」『情報の科学と技術』46(2):95-97."},{"sequence":"6","original_text":"湯田彰夫. 1995. 「インターネットにおける心理学関連情報」『信州大学教養学部紀要：自然科学』29:133-154.(http://sasuke.shinshu-u.ac.jp/psych/psych_on_inet.html)"}]}}