{"status":"OK","apiType":"doi","apiVersion":"1.0.0","message":{"total":1,"rows":1,"totalPages":1,"page":1},"data":{"siteId":"SI/JST.JSTAGE","content_type":"JA","doi":"10.11218/ojjams.20.227","url":"https://doi.org/10.11218/ojjams.20.227","ra":"JaLC","prefix":"10.11218","site_name":"J-STAGE","publisher_list":[{"publisher_name":"Japanese Association For Mathematical Sociology","lang":"en"},{"publisher_name":"数理社会学会","lang":"ja"}],"title_list":[{"lang":"ja","title":"時間遅れのある動的方程式とサイクル現象","subtitle":"タクシーサービス問題"},{"lang":"en","title":"Time Lag Dynamics and Taxi Cycle:","subtitle":"Taxi service problem"}],"creator_list":[{"sequence":"1","type":"person","names":[{"lang":"ja","last_name":"石原","first_name":"慎一"},{"lang":"en","last_name":"ISHIHARA","first_name":"Shinichi"}],"affiliation_list":[{"affiliation_name":"Department of Value and Decision Science Graduate School of Decision Science and Technology Tokyo Institute of Technology","sequence":"1","lang":"en"},{"affiliation_name":"東京工業大学","sequence":"1","lang":"ja"}]},{"sequence":"2","type":"person","names":[{"lang":"ja","last_name":"内海","first_name":"幸久"},{"lang":"en","last_name":"UTSUMI","first_name":"Yukihisa"}],"affiliation_list":[{"affiliation_name":"Department of Value and Decision Science Graduate School of Decision Science and Technology Tokyo Institute of Technology","sequence":"1","lang":"en"},{"affiliation_name":"東京工業大学","sequence":"1","lang":"ja"}]}],"publication_date":{"publication_year":"2005"},"relation_list":[{"content":"https://www.jstage.jst.go.jp/article/ojjams/20/2/20_2_227/_pdf","type":"URL","relation":"fullTextPdf"}],"content_language":"ja","updated_date":"2017-03-23","article_type":"pub","journal_id_list":[{"journal_id":"0913-1442","type":"ISSN","issn_type":"print"},{"journal_id":"1881-6495","type":"ISSN","issn_type":"online"},{"journal_id":"ojjams","type":"JID"}],"journal_title_name_list":[{"journal_title_name":"Sociological Theory and Methods","type":"full","lang":"en"},{"journal_title_name":"Sociological Theory and Methods","type":"abbreviation","lang":"en"},{"journal_title_name":"理論と方法","type":"full","lang":"ja"},{"journal_title_name":"理論と方法","type":"abbreviation","lang":"ja"}],"journal_classification":"01","recorded_year":"1986-2013","volume":"20","issue":"2","first_page":"227","last_page":"240","date":"2007-07-06","keyword_list":[{"keyword":"time lag dynamics","sequence":"1","lang":"en"},{"keyword":"時間遅れのある動的方程式","sequence":"1","lang":"ja"},{"keyword":"cycle","sequence":"2","lang":"en"},{"keyword":"周期解","sequence":"2","lang":"ja"},{"keyword":"taxi","sequence":"3","lang":"en"},{"keyword":"タクシー","sequence":"3","lang":"ja"}],"citation_list":[{"sequence":"1","original_text":"Aoki, M. 1996. New Approaches to Macroeconomic Modeling Evolutionary Stochastic Dynamics, Multiple Equilibria, and Externalities As Field Effects, Cambridge University Press."},{"sequence":"2","journal_title_name_list":[{"journal_title_name":"Journal of Public Economics","lang":"en"}],"title_list":[{"lang":"en","title":"Competition and regulation in the taxi industry"}],"volume":"59","first_page":"1","last_page":"15","publication_date":{"publication_year":"1996"},"content_language":"en","original_text":"Cairns, R. D. and C. Histon-Heyes 1996. &ldquo;Competition and regulation in the taxi industry,&rdquo; Journal of Public Economics 59: 1-15."},{"sequence":"3","original_text":"Ceylan, H. and M. G. H. Bell 2005. &ldquo;Genetic Algorithm Solution for the Stochastic Equilibrium Transportation Networks under Congestion,&rdquo; Transportation Research Part B 39 169-185."},{"sequence":"4","original_text":"Conolly, B. W., Parhasarathy, P. R. and Selvaraju, N 2002. &ldquo;Double-ended queues with impatience&rdquo; Computers &amp; Operations Research 29: 2053-2072."},{"sequence":"5","original_text":"Lagos, R. 2000. &ldquo;An alternative approach to search frictions,&rdquo; Journal of Political Economy: 108(5) 851-873."},{"sequence":"6","journal_title_name_list":[{"journal_title_name":"Journal of Political Economy","lang":"en"}],"title_list":[{"lang":"en","title":"The taxicab problem: a proposed solution"}],"volume":"77","first_page":"141","last_page":"147","publication_date":{"publication_year":"1969"},"content_language":"en","original_text":"Orr, D. 1969. &ldquo;The taxicab problem: a proposed solution,&rdquo; Journal of Political Economy 77(1) 141-147."},{"sequence":"7","journal_title_name_list":[{"journal_title_name":"理論と方法","lang":"ja"}],"title_list":[{"lang":"ja","title":"時間遅れのある伝播モデル"}],"volume":"13","first_page":"75","last_page":"91","publication_date":{"publication_year":"1998"},"content_language":"ja","original_text":"七條達弘 1998. 「時間遅れのある伝播モデル」 『理論と方法』 13巻1号: 75-91."},{"sequence":"8","journal_title_name_list":[{"journal_title_name":"Transportation Research","lang":"en"}],"title_list":[{"lang":"en","title":"A network model of urban taxi services"}],"volume":"32","first_page":"235","last_page":"246","publication_date":{"publication_year":"1998"},"content_language":"en","original_text":"Yang, H. and Wong, S. C. 1998. &ldquo;A network model of urban taxi services,&rdquo; Transportation Research 32(4) 235-246."}]}}