{"status":"OK","apiType":"doi","apiVersion":"1.0.0","message":{"total":1,"rows":1,"totalPages":1,"page":1},"data":{"siteId":"SI/JST.JSTAGE","content_type":"JA","doi":"10.11218/ojjams.16.157_e1","url":"https://doi.org/10.11218/ojjams.16.157_e1","ra":"JaLC","prefix":"10.11218","site_name":"J-STAGE","publisher_list":[{"publisher_name":"Japanese Association For Mathematical Sociology","lang":"en"},{"publisher_name":"数理社会学会","lang":"ja"}],"title_list":[{"lang":"ja","title":"Erratum : 階層と経済発展―結果の平等、機会の平等および効率―","subtitle":"[『理論と方法』15(2):313-330]"},{"lang":"en","title":"Erratum : Social Stratification and Economic Development : Opportunity, Equality and Efficiency","subtitle":"[<I>Sociological Theory and Methods</I>, 15(2):313-330]"}],"creator_list":[{"sequence":"1","type":"person","names":[{"lang":"ja","last_name":"与謝野","first_name":"有紀"},{"lang":"en","last_name":"YOSANO","first_name":"Arinori"}],"affiliation_list":[{"affiliation_name":"Faculty of Sociology<BR>Kansai University","sequence":"1","lang":"en"},{"affiliation_name":"関西大学","sequence":"1","lang":"ja"}]}],"publication_date":{"publication_year":"2001"},"relation_list":[{"content":"https://www.jstage.jst.go.jp/article/ojjams/16/1/16_157_e1/_pdf","type":"URL","relation":"fullTextPdf"}],"content_language":"ja","updated_date":"2016-09-29","article_type":"pub","journal_id_list":[{"journal_id":"0913-1442","type":"ISSN","issn_type":"print"},{"journal_id":"1881-6495","type":"ISSN","issn_type":"online"},{"journal_id":"ojjams","type":"JID"}],"journal_title_name_list":[{"journal_title_name":"Sociological Theory and Methods","type":"full","lang":"en"},{"journal_title_name":"Sociological Theory and Methods","type":"abbreviation","lang":"en"},{"journal_title_name":"理論と方法","type":"full","lang":"ja"},{"journal_title_name":"理論と方法","type":"abbreviation","lang":"ja"}],"journal_classification":"01","recorded_year":"1986-2013","volume":"16","issue":"1","first_page":"157_e1","last_page":"157_e1","date":"2016-09-30"}}