{"status":"OK","apiType":"doi","apiVersion":"1.0.0","message":{"total":1,"rows":1,"totalPages":1,"page":1},"data":{"siteId":"SI/JST.JSTAGE","content_type":"JA","doi":"10.11218/ojjams.15.21","url":"https://doi.org/10.11218/ojjams.15.21","ra":"JaLC","prefix":"10.11218","site_name":"J-STAGE","publisher_list":[{"publisher_name":"Japanese Association For Mathematical Sociology","lang":"en"},{"publisher_name":"数理社会学会","lang":"ja"}],"title_list":[{"lang":"ja","title":"〈社会性〉の起源・序文"},{"lang":"en","title":"The Origin of <I>Sociality</I>"}],"creator_list":[{"sequence":"1","type":"person","names":[{"lang":"ja","last_name":"大澤","first_name":"真幸"},{"lang":"en","last_name":"OSAWA","first_name":"Masachi"}],"affiliation_list":[{"affiliation_name":"Graduate School of Human and Environmental Studies<BR>Kyoto University","sequence":"1","lang":"en"},{"affiliation_name":"京都大学","sequence":"1","lang":"ja"}]}],"publication_date":{"publication_year":"2000"},"relation_list":[{"content":"https://www.jstage.jst.go.jp/article/ojjams/15/1/15_21/_pdf","type":"URL","relation":"fullTextPdf"}],"content_language":"ja","updated_date":"2016-09-29","article_type":"pub","journal_id_list":[{"journal_id":"0913-1442","type":"ISSN","issn_type":"print"},{"journal_id":"1881-6495","type":"ISSN","issn_type":"online"},{"journal_id":"ojjams","type":"JID"}],"journal_title_name_list":[{"journal_title_name":"Sociological Theory and Methods","type":"full","lang":"en"},{"journal_title_name":"Sociological Theory and Methods","type":"abbreviation","lang":"en"},{"journal_title_name":"理論と方法","type":"full","lang":"ja"},{"journal_title_name":"理論と方法","type":"abbreviation","lang":"ja"}],"journal_classification":"01","recorded_year":"1986-2013","volume":"15","issue":"1","first_page":"21","last_page":"36","date":"2016-09-30","keyword_list":[{"keyword":"basic negativity","sequence":"1","lang":"en"},{"keyword":"原的な否定性","sequence":"1","lang":"ja"},{"keyword":"infanticide","sequence":"2","lang":"en"},{"keyword":"子殺し","sequence":"2","lang":"ja"},{"keyword":"the instance of the third person","sequence":"3","lang":"en"},{"keyword":"第三者の審級","sequence":"3","lang":"ja"}],"citation_list":[{"sequence":"1","original_text":"Dawkins, Richard. 1976. <I>The Selfish Gene</I>. Oxford University Press. =1989. 日高敏隆・岸由二・羽田節子・垂水雄二(訳) 『利己的な遺伝子』 紀伊国屋書店."},{"sequence":"2","original_text":"Frazer, James, G. 1890. <I>The Golden Bough</I>. =1951-2. 永橋卓介(訳) 『金枝篇』(1-5) 岩波書店."},{"sequence":"3","original_text":"Hocart, Authur, H. 1954. <I>Social Origins</I>. Watts."},{"sequence":"4","original_text":"今西錦司. 1966. 『人間社会の形成』 日本放送出版協会."},{"sequence":"5","original_text":"今西錦司. 1968. 『人類の誕生』 河出書房."},{"sequence":"6","original_text":"河合雅雄. 1992. 『人間の由来』(上・下) 小学館."},{"sequence":"7","original_text":"Kierkegaard, Soren. 1962. <I>Works of Love: some Christian reflections in the form of discourses</I>. (Howard and Edna H. Hong trans.) Harpers."},{"sequence":"8","original_text":"黒田末寿. 1982. 『ピグミー・チンパンジー: 未知の類人猿』 筑摩書房."},{"sequence":"9","original_text":"Levi-Strauss, Claude. 1947. <I>Les structures elementaires de la parente</I>. P.U.F. (→1967. 2eme edition. Mouton.) =1977, 1978. 馬渕東一・田島節夫(監訳) 『親族の基本構造』(上・下) 番町書房."},{"sequence":"10","original_text":"真木悠介. 1993. 『自我の起原: 愛とエゴイズムの動物社会学』 岩波書店."},{"sequence":"11","original_text":"大澤真幸. 1988. 『行為の代数学: スペンサー=ブラウンから社会システム論へ』 青土社."},{"sequence":"12","original_text":"大澤真幸. 1992. 『身体の比較社会学II』 勁草書房."},{"sequence":"13","original_text":"Smith, Maynard, J. 1988. &ldquo;Origin of Social Behavior.&rdquo; in Fabian, A.C. (ed.) <I>Origins: the Darwin College lectures</I>. Cambridge University Press.  =1993.　村上陽一郎・養老孟司(監訳) 『起源をたずねて』 産業図書."},{"sequence":"14","original_text":"杉山幸丸. 1980. 『子殺しの行動学: 霊長類社会の維持機構をさぐる』 北斗出版."},{"sequence":"15","original_text":"鈴木晃. 1969. 「肉食をするチンパンジーの社会」 『自然』24(2)."},{"sequence":"16","original_text":"Takahata, Y. 1985. &ldquo;Adult Male Chimpanzees Kiss and Eat a Male Newborn Infant: Newly Observed Intragroup Infanticide and Cannibalism in Mahale-National-Park, Tanzania.&rdquo; <I>Folia Primatol</I> 44:161-170."},{"sequence":"17","original_text":"Wilson, Edward, O. 1975. <I>Sociobiology: the new synthesis</I>. Belknap Press of Harvard University Press. ＝1983-85. 伊藤嘉明(監訳) 『社会生物学』 思索社."},{"sequence":"18","original_text":"山極寿一. 1994. 『家族の起源: 父性の登場』 東京大学出版会."}]}}