{"status":"OK","apiType":"doi","apiVersion":"1.0.0","message":{"total":1,"rows":1,"totalPages":1,"page":1},"data":{"siteId":"SI/JST.JSTAGE","content_type":"JA","doi":"10.11218/ojjams.14.19","url":"https://doi.org/10.11218/ojjams.14.19","ra":"JaLC","prefix":"10.11218","site_name":"J-STAGE","publisher_list":[{"publisher_name":"Japanese Association For Mathematical Sociology","lang":"en"},{"publisher_name":"数理社会学会","lang":"ja"}],"title_list":[{"lang":"en","title":"The Rational Household Theory Examined :","subtitle":"Does Equalization in Wages Change the Sexual Division of Labor?"}],"creator_list":[{"sequence":"1","type":"person","names":[{"lang":"ja","last_name":"田中","first_name":"重人"},{"lang":"en","last_name":"TANAKA","first_name":"Sigeto"}],"affiliation_list":[{"affiliation_name":"Faculty of Human Sciences<BR>Osaka University","sequence":"1","lang":"en"},{"affiliation_name":"大阪大学人間科学部","sequence":"1","lang":"ja"}]}],"publication_date":{"publication_year":"1999"},"relation_list":[{"content":"https://www.jstage.jst.go.jp/article/ojjams/14/1/14_19/_pdf","type":"URL","relation":"fullTextPdf"}],"content_language":"en","updated_date":"2016-09-29","article_type":"pub","journal_id_list":[{"journal_id":"0913-1442","type":"ISSN","issn_type":"print"},{"journal_id":"1881-6495","type":"ISSN","issn_type":"online"},{"journal_id":"ojjams","type":"JID"}],"journal_title_name_list":[{"journal_title_name":"Sociological Theory and Methods","type":"full","lang":"en"},{"journal_title_name":"Sociological Theory and Methods","type":"abbreviation","lang":"en"},{"journal_title_name":"理論と方法","type":"full","lang":"ja"},{"journal_title_name":"理論と方法","type":"abbreviation","lang":"ja"}],"journal_classification":"01","recorded_year":"1986-2013","volume":"14","issue":"1","first_page":"19","last_page":"34","date":"2016-09-30","keyword_list":[{"keyword":"gender","sequence":"1","lang":"en"},{"keyword":"family sociology","sequence":"2","lang":"en"},{"keyword":"neoclassical home economics","sequence":"3","lang":"en"},{"keyword":"maximum asymmetry","sequence":"4","lang":"en"},{"keyword":"secondary data","sequence":"5","lang":"en"}],"citation_list":[{"sequence":"1","original_text":"[1995 SSM Research Group]. 1996. [<I>1995 SSM Survey codebook</I>]. （1995年SSM調査研究会．『1995年SSM調査コード・ブック』.）"},{"sequence":"2","original_text":"[1995 SSM Research Group]. 1998. <I>1995 SSM Research series</I>. [Seiyama's Office, Faculty of Letters, University of Tokyo, Tokyo, Japan]. [Monbusho Grants-in-Aid for Scientific Research 06101001 report].（『1995年SSM調査シリーズ』.）"},{"sequence":"3","original_text":"Becker, Gary S. . 1991. <I>A treatise on the family</I>, enlarged edition. Harvard University Press."},{"sequence":"4","original_text":"Blau, Francine D., Marianne A. Ferber, and Anne E. Winkler. 1998. <I>Economics of women, men, and work</I>, 3rd edition. Prentice Hall."},{"sequence":"5","original_text":"Cigno, Alessandro. 1991. <I>Economics of the family</I>. Clarendon Press."},{"sequence":"6","original_text":"Hirao, Keiko. 1997. &ldquo;Work histories and home investment of married Japanese women&rdquo;, Ph. D. dissertation, Department of Sociology, University of Notre Dame, Notre Dame, IN., US."},{"sequence":"7","original_text":"[Honda, Shigemi]. 1995.[&ldquo;On the home production funciton and the substitution of labor between spouses&rdquo;]. [<I>Kikan kakei keizai kenkyuu</I>]. 26: 26-31.（本田 重美.「家事生産関数と夫婦の労働代替について」.『季刊家計経済研究』.）"},{"sequence":"8","original_text":"Ida, Hiroyuki. 1995. <I>Sexism and capitalism</I>.（伊田 広行.『性差別と資本制』. 啓文社.）"},{"sequence":"9","original_text":"Inaba, Akihide. 1998. &ldquo;Who is the man doing household labor and child care?&rdquo;. 1995 SSM Research Group (1998). 15: 1-42.（稲葉 昭英.「どんな男性が家事・育児をするのか？」.）"},{"sequence":"10","original_text":"Kamo, Yoshinori. 1997. &ldquoDiscrepancy between husband's and wife's responses in division of household labor&rdquo;. Pp.45-58 in [<I>International comparison of family structure facilitated with micro data archives: US NSFH data</I>]. [Ishihara Kunio, Department of Sociology, Tokyo Metropolitan University, Tokyo, Japan]. [Monbusho Grants-in-Aid for Scientific Research 08209118 report].（『公共利用ミクロデータの活用による家族構造の国際比較研究：米国NSFH調査データの利用を通して』.）"},{"sequence":"11","original_text":"[Konno, Minako]. 1997. [&ldquo;Gender in the office&rdquo;].（金野 美奈子.「オフィスの中のジェンダー」, 東京大学大学院人文社会系研究科 修士学位論文.）"},{"sequence":"12","original_text":"Mincer, Jacob. 1962. &ldquo;Labor force participation of married women&rdquo;. Pp.63-105 in <I>Aspects of labor economics</I>, edited by National Bureau of Economic Research. Princeton University Press."},{"sequence":"13","original_text":"[Ministry of Labour, Government of Japan]. 1996. <I>Basic Survey on Wage Structure 1995</I>.（労働省 政策調査部.『賃金センサス：平成７年賃金構造基本統計調査』. 労働法令協会.）"},{"sequence":"14","original_text":"Mitsuya, Keiko, and Yoshida Rie. 1997. &ldquo;Changes in time use&rdquo;. <I>NHK annual bulletin of broadcasting culture research</I>. 42: 155-93, 235-6.（三矢 惠子・吉田 理恵.「生活時間の時系列変化」.『NHK放送文化調査研究年報』.）"},{"sequence":"15","original_text":"[National Institute of Employment and Vocational Research]. 1988. [<I>Research report 77: women's occupational career</I>].（雇用職業総合研究所.『職研調査研究報告書77：女性の職業経歴』. 日本労働研究機構.）"},{"sequence":"16","original_text":"NHK. [1965]1990. [<I>National Time Use Survey (1960)</I>, Vol.5]. Reprint.（日本放送協会.『国民生活時間調査（昭和35年調査）第5巻 資料編V(時間量)』. 大空社.）"},{"sequence":"17","original_text":"NHK. [1966]1991. [<I>National Time Use Survey (1965)</I>, Vol.1]. Reprint.（『国民生活時間調査（昭和40年度調査）第1巻 秋季調査』. 大空社.）"},{"sequence":"18","original_text":"NHK. 1991. [<I>1990 National Time Use Survey, whole Japan, amount of time</I>].（『1990年度 国民生活時間調査 全国 時間量編』. 日本放送出版協会.）"},{"sequence":"19","original_text":"NHK. 1996. [<I>Time use of Japanese, 1995</I>].（『日本人の生活時間・1995』. 日本放送出版協会.）"},{"sequence":"20","original_text":"[Ochiai, Emiko]. 1994. [<I>Toward the 21st century family</I>].（落合 恵美子.『21世紀家族へ』. 有斐閣.）"},{"sequence":"21","original_text":"[Okamoto, Hideo, and Naoi Michiko eds.]. 1990. [<I>Stratificational structure in contemporary Japan</I>, Vol.4].（岡本 英雄・直井 道子 編.『現代日本の階層構造』, 第４巻. 東京大学出版会.）"},{"sequence":"22","original_text":"[Osawa, Machiko]. 1993. [<I>Economic change and female labor</I>].（大沢真知子.『経済変化と女子労働』. 日本経済評論社.）"},{"sequence":"23","original_text":"[Sechiyama, Kaku]. 1996. [<I>Patriarchy in East Asia</I>].（瀬地山 角.『東アジアの家父長制』. 勁草書房.）"},{"sequence":"24","original_text":"Statistics Bureau, Government of Japan. 1977-1998. <I>Annual report on the Labour Force Survey</I>.（総理府 統計局；総務庁 統計局.『労働力調査年報』.）"},{"sequence":"25","original_text":"Statistics Bureau, Government of Japan. 1978. <I>1976 Basic Survey on Social Life</I>.（『昭和51年 社会生活基本調査報告』.）"},{"sequence":"26","original_text":"Statistics Bureau, Government of Japan. 1983-1998. <I>Survey on Time Use and Leisure Activities</I>.（『社会生活基本調査報告』.）"},{"sequence":"27","original_text":"Statistics Bureau, Government of Japan. N.d. . [1986 Survey on Time Use and Leisure Activities], microfiche.（昭和61年 社会生活基本調査, マイクロフィッシュ資料.）"},{"sequence":"28","original_text":"Tanaka, Sigeto. 1996. &ldquo;The changing sexual division of labor in postwar Japan&rdquo;. <I>Japanese journal of family sociology</I>. 8: 151-61, 208.（田中重人.「戦後日本における生別分業の動態」.『家族社会学研究』.）"},{"sequence":"29","original_text":"Tanaka, Sigeto. 1998. &ldquo;Dynamics of occupational segregation and the sexual division of labor&rdquo;. 1995 SSM research Group (1998). 3: 85-122."}]}}