{"status":"OK","apiType":"doi","apiVersion":"1.0.0","message":{"total":1,"rows":1,"totalPages":1,"page":1},"data":{"siteId":"SI/JST.JSTAGE","content_type":"JA","doi":"10.11218/ojjams.14.5","url":"https://doi.org/10.11218/ojjams.14.5","ra":"JaLC","prefix":"10.11218","site_name":"J-STAGE","publisher_list":[{"publisher_name":"Japanese Association For Mathematical Sociology","lang":"en"},{"publisher_name":"数理社会学会","lang":"ja"}],"title_list":[{"lang":"ja","title":"階級・階層、結婚とジェンダー","subtitle":"─結婚に至る階層結合パターン─"},{"lang":"en","title":"Social Stratification, Marriage, and Gender :","subtitle":"A Study of the Pattern of Association in Marriage"}],"creator_list":[{"sequence":"1","type":"person","names":[{"lang":"ja","last_name":"白波瀬","first_name":"佐和子"},{"lang":"en","last_name":"SHIRAHASE","first_name":"Sawako"}],"affiliation_list":[{"affiliation_name":"Department of Empirical social Security Research<BR>National Institute of Population and Social Security Research","sequence":"1","lang":"en"},{"affiliation_name":"国立社会保障・人口問題研究所","sequence":"1","lang":"ja"}]}],"publication_date":{"publication_year":"1999"},"relation_list":[{"content":"https://www.jstage.jst.go.jp/article/ojjams/14/1/14_5/_pdf","type":"URL","relation":"fullTextPdf"}],"content_language":"ja","updated_date":"2016-09-29","article_type":"pub","journal_id_list":[{"journal_id":"0913-1442","type":"ISSN","issn_type":"print"},{"journal_id":"1881-6495","type":"ISSN","issn_type":"online"},{"journal_id":"ojjams","type":"JID"}],"journal_title_name_list":[{"journal_title_name":"Sociological Theory and Methods","type":"full","lang":"en"},{"journal_title_name":"Sociological Theory and Methods","type":"abbreviation","lang":"en"},{"journal_title_name":"理論と方法","type":"full","lang":"ja"},{"journal_title_name":"理論と方法","type":"abbreviation","lang":"ja"}],"journal_classification":"01","recorded_year":"1986-2013","volume":"14","issue":"1","first_page":"5","last_page":"18","date":"2016-09-30","keyword_list":[{"keyword":"Marriage","sequence":"1","lang":"en"},{"keyword":"結婚","sequence":"1","lang":"ja"},{"keyword":"Social Stratification","sequence":"2","lang":"en"},{"keyword":"階級・階層","sequence":"2","lang":"ja"},{"keyword":"Educational Credentials","sequence":"3","lang":"en"},{"keyword":"学歴","sequence":"3","lang":"ja"},{"keyword":"Gender","sequence":"4","lang":"en"},{"keyword":"ジェンダー","sequence":"4","lang":"ja"}],"citation_list":[{"sequence":"1","original_text":"Erikson, Robert, and John H. Goldthorpe. 1992. <I>The Constant Flux: A Study of Class Mobility in Industial Societies</I>. Oxford: Clarendon Press."},{"sequence":"2","original_text":"Erikson, Robert, John H. Goldthorpe, and Lucienne Portocarero. 1979. &ldquo;Intergenerational Class Mobility in Three Western European Societies.&rdquo; <I>British Journal of Sociology</I> 30: 415-41."},{"sequence":"3","original_text":"Heath, Anthony. 1981. <I>Social Mobility</I>. Fontana Paperbacks: Glasgrow."},{"sequence":"4","original_text":"Kalmijin, Matthijs. 1991. &ldquo;Status Homogamy in the United States.&rdquo; <I>American Journal of Sociology</I> 97: 496-523."},{"sequence":"5","original_text":"国立社会保障・人口問題研究所. 1998.「日本人の結婚と出産（第11回出生動向基本調査 第I報告書）」"},{"sequence":"6","original_text":"Shirahase, Sawako. 1998. &ldquo;Intergenerational Mobility through Marriage among Women in Japan: A Comparison with the British Society&rdquo; Pp.261-93 in Proceedings of International Sociological Association (RC28), Taipei, Taiwan."},{"sequence":"7","original_text":"渡辺秀樹・近藤博之. 1990.「結婚と階層結合」『現代日本の階層構造４女性と階層』直井道子・岡本英雄編 119-45頁 東京大学出版会."},{"sequence":"8","original_text":"山田昌弘. 1996.『結婚の社会学：未婚化・晩婚化はつづくのか』丸善ライブラリー．"},{"sequence":"9","original_text":"山田昌弘. 1998.「家族形態による階層意識の差異─ポスト青年期を題材に─」『1995年SSM調査シリーズ15：階層と結婚・家族』渡辺秀樹・志田基与師編 169-80頁 1995年SSM調査研究会."}]}}