{"status":"OK","apiType":"doi","apiVersion":"1.0.0","message":{"total":1,"rows":1,"totalPages":1,"page":1},"data":{"siteId":"SI/JST.JSTAGE","content_type":"JA","doi":"10.11218/ojjams.26.141","url":"https://doi.org/10.11218/ojjams.26.141","ra":"JaLC","prefix":"10.11218","site_name":"J-STAGE","publisher_list":[{"publisher_name":"Japanese Association For Mathematical Sociology","lang":"en"},{"publisher_name":"数理社会学会","lang":"ja"}],"title_list":[{"lang":"ja","title":"エージェント・ベースト・モデルの方法と社会学におけるその展開"},{"lang":"en","title":"The Method of Agent-Based Model and Its Progress in Sociology:"}],"creator_list":[{"sequence":"1","type":"person","names":[{"lang":"ja","last_name":"金澤","first_name":"悠介"},{"lang":"en","last_name":"KANAZAWA","first_name":"Yusuke"}],"affiliation_list":[{"affiliation_name":"Center for Statistics and Information<BR>Rikkyo University","sequence":"1","lang":"en"},{"affiliation_name":"立教大学","sequence":"1","lang":"ja"}]},{"sequence":"2","type":"person","names":[{"lang":"ja","last_name":"朝岡","first_name":"誠"},{"lang":"en","last_name":"ASAOKA","first_name":"Makoto"}],"affiliation_list":[{"affiliation_name":"Institute of Social Science<BR>The University of Tokyo","sequence":"2","lang":"en"},{"affiliation_name":"東京大学","sequence":"2","lang":"ja"}]},{"sequence":"3","type":"person","names":[{"lang":"ja","last_name":"堀内","first_name":"史朗"},{"lang":"en","last_name":"HORIUCHI","first_name":"Shiro"}],"affiliation_list":[{"affiliation_name":"Meiji University","sequence":"3","lang":"en"},{"affiliation_name":"明治大学","sequence":"3","lang":"ja"}]},{"sequence":"4","type":"person","names":[{"lang":"ja","last_name":"関口","first_name":"卓也"},{"lang":"en","last_name":"SEKIGUCHI","first_name":"Takuya"}],"affiliation_list":[{"affiliation_name":"Graduate School of Decision Science and Technology<BR>Tokyo Institute of Technology","sequence":"4","lang":"en"},{"affiliation_name":"東京工業大学","sequence":"4","lang":"ja"}]},{"sequence":"5","type":"person","names":[{"lang":"ja","last_name":"中井","first_name":"豊"},{"lang":"en","last_name":"NAKAI","first_name":"Yutaka"}],"affiliation_list":[{"affiliation_name":"College of Systems Engineering and Science<BR>Shibaura Institute of Technology","sequence":"5","lang":"en"},{"affiliation_name":"芝浦工業大学","sequence":"5","lang":"ja"}]}],"publication_date":{"publication_year":"2011"},"relation_list":[{"content":"https://www.jstage.jst.go.jp/article/ojjams/26/1/26_1_141/_pdf","type":"URL","relation":"fullTextPdf"}],"content_language":"ja","updated_date":"2017-03-23","article_type":"pub","journal_id_list":[{"journal_id":"0913-1442","type":"ISSN","issn_type":"print"},{"journal_id":"1881-6495","type":"ISSN","issn_type":"online"},{"journal_id":"ojjams","type":"JID"}],"journal_title_name_list":[{"journal_title_name":"Sociological Theory and Methods","type":"full","lang":"en"},{"journal_title_name":"Sociological Theory and Methods","type":"abbreviation","lang":"en"},{"journal_title_name":"理論と方法","type":"full","lang":"ja"},{"journal_title_name":"理論と方法","type":"abbreviation","lang":"ja"}],"journal_classification":"01","recorded_year":"1986-2013","volume":"26","issue":"1","first_page":"141","last_page":"159","date":"2012-01-31","keyword_list":[{"keyword":"agent-based model","sequence":"1","lang":"en"},{"keyword":"エージェント・ベースト・モデル","sequence":"1","lang":"ja"},{"keyword":"social order","sequence":"2","lang":"en"},{"keyword":"秩序問題","sequence":"2","lang":"ja"},{"keyword":"social structure","sequence":"3","lang":"en"},{"keyword":"社会構造","sequence":"3","lang":"ja"},{"keyword":"social change","sequence":"4","lang":"en"},{"keyword":"社会変動","sequence":"4","lang":"ja"}],"citation_list":[{"sequence":"1","original_text":"朝岡誠. 2009. 「評判によって信頼が生成されるのか？―信頼生成メカニズムのシミュレーション分析―」『社会学研究』86: 121-141."},{"sequence":"2","original_text":"Axelrod, Robert. 1984. <I>The Evolution of Cooperation</I>. Basic Books. =1998. 松田裕之（訳）『つきあい方の科学―バクテリアから国際関係まで―』ミネルヴァ書房."},{"sequence":"3","original_text":"Axelrod, Robert. 1997. <I>The Complexity of Cooperation: Agent-Based Models of Competition and Collaboration</I>. Princeton: Princeton University Press. =2003. 寺野隆雄（監訳）『対立と協調の科学―エージェント・ベース・モデルによる複雑系の解明―』 ダイアモンド社."},{"sequence":"4","original_text":"Bernard, Stephen and Robb Willer. 2008. &ldquo;A Wealth and Status-Based Model of Residential Segregation. &rdquo; <I>Journal of Mathematical Sociology</I> 31: 149-174."},{"sequence":"5","original_text":"Bruch, Elizabeth. E. and Robert. D. Mare. 2006. &ldquo;Neighborhood Choice and Neighborhood Change.&rdquo; <I>American Journal of Sociology</I> 112(3): 667-709."},{"sequence":"6","original_text":"Carley, Kathleen. 1991. &ldquo;A Theory of Group Stability.&rdquo; <I>American Sociological Review</I> 56(3): 331-354."},{"sequence":"7","original_text":"Cederman, Lars-Erik. 2005. &ldquo;Computational Models of Social Forms: Advancing Generative Process Theory.&rdquo; <I>American Journal of Sociology</I> 110(4):864-93."},{"sequence":"8","original_text":"Fosset, Mark. 2006. &ldquo;Ethnic Preferences, Social Distance Dynamics, and Residential Segregation: Theoretical Explorations Using Simulation Analysis.&rdquo; <I>Journal of Mathematical Sociology</I> 30: 185-274."},{"sequence":"9","original_text":"Gracia-Lazaro C., L. F. Lafuerza., L. M. Floria., and Y. Moreno 2009. &ldquo;Residential segregation and cultural dissemination: an Axelrod-Schelling model.&rdquo; <I>Physical Review</I> E 80: 046123."},{"sequence":"10","original_text":"Gonzalez-Avella, Juan Carlos., Mario G. Cosenza., Konstantin Klemm., Victor M. Eguiluz., and Maxi San Miguel. 2007. &ldquo;Information Feedback and Mass Media Effects in Cultural Dynamics.&rdquo; <I>Journal of Artificial Societies and Social Simulation</I> 10(3)."},{"sequence":"11","original_text":"林直保子. 1993. 「TIT-FOR-TAT からOUT-FOR-TAT へ―ネットワーク型囚人のジレンマにおける戦略選手権―」『理論と方法』8(2): 19-32."},{"sequence":"12","original_text":"Hedstrom, Peter. 2005. <I>Dissecting the Social: On the Principles of Analytical Sociology</I>. New York: Cambridge University Press."},{"sequence":"13","original_text":"Horiuchi, S. 2008. &ldquo;High population density promotes the evolution of ownership.&rdquo; <I>Ecological Research</I> 23: 551-556."},{"sequence":"14","original_text":"今田高俊. 1986.『自己組織性―社会理論の復活―』創文社."},{"sequence":"15","original_text":"今田高俊. 2009.「社会システム論への新たな接近法：エージェントベース・アプローチ」出口弘・木嶋恭一（編著）『エージェントベースの社会システム科学宣言』勁草書房: 21-36."},{"sequence":"16","original_text":"籠谷和弘. 2004. 「なぜ差別をしなくても外国人居住区ができるのか」土場学他（編）『社会を＜モデル＞でみる ―数理社会学への招待―』 勁草書房: 136-139."},{"sequence":"17","original_text":"Leimar, O. and P. Hammerstein. 2001. &ldquo;Evolution of Cooperation through Indirect Reciprocity.&rdquo; <I>Proceedings of the Royal Society of London Series B: Biological Science</I> 268: 743-753."},{"sequence":"18","original_text":"Macy, Michael. 1989. &ldquo;Walking Out of Social Trap: A Stochastic Learning Model.&rdquo; <I>Rationality and Society</I> 1:197-219."},{"sequence":"19","original_text":"Macy, Michael. W. and Yoshimichi Sato. 2002. &ldquo;Trust, cooperation, and market formation in the U.S. and Japan.&rdquo; <I>Proceedings of the National Academy of Sciences of the United States of America</I> 99:7214-7220."},{"sequence":"20","original_text":"Macy, Michael. W. and John Skvoretz. 1998. &ldquo;The evolution of trust and cooperation between strangers: A computational model.&rdquo; <I>American Sociological Review</I> 63(5): 638-660."},{"sequence":"21","original_text":"Macy, Michael. W. and Robert Willer. 2002. &ldquo;From Factor to Actor: Computational Sociology and Agent-Based Modeling.&rdquo; <I>Annual Review of Sociology</I> 28: 143-166."},{"sequence":"22","original_text":"Mark, Noah. 1998. &ldquo;Beyond Individual Differences: Social Differentiation From First Principles.&rdquo; <I>American Sociological Review</I> 63(3): 309-330."},{"sequence":"23","original_text":"真島理恵・高橋伸幸. 2005. 「敵の味方は敵？―間接互恵性における二次情報の効果に対する理論的・実証的検討」『理論と方法』20(2): 177-195."},{"sequence":"24","original_text":"中井豊. 2010. 「社会学におけるエージェント・ベース・シミュレーション」『理論と方法』25(2): 275-285."},{"sequence":"25","original_text":"Nakai, Yutaka and Masayoshi Muto. 2008. &ldquo;Emergence and Collapse of Pease with Friend Selection Strategy.&rdquo; <I>Journal of Artificial Societies and Social Simulations</I> 11(3)."},{"sequence":"26","original_text":"Nowak, Andrzej., Jacek Szamrej., and Bibb Latane. 1990. &ldquo;From Private Attitude to Public Opinion: A Dynamic Theory of Social Impact.&rdquo; <I>Psychological Review</I> 97(3): 362-376."},{"sequence":"27","original_text":"Nowak, Martin. A. and Karl Sigmund. 1993. &ldquo;Win-stay, Lose-shift Outperforms Tit for Tat.&rdquo; <I>Nature</I> 327: 56-58."},{"sequence":"28","original_text":"Nowak, Martin. A. and Karl Sigmund. 1998. &ldquo;Evolution of Indirect Reciprocity by Image Scoring.&rdquo; <I>Nature</I> 393: 573-577."},{"sequence":"29","original_text":"大浦宏邦. 2003. 「秩序問題への進化ゲーム理論的アプローチ」『理論と方法』18(2): 133-152."},{"sequence":"30","original_text":"O'Sullivan, David. 2009. &ldquo;Changing Neighborhoods-Neighborhoods Changing: A Framework for Spatially Explicit Agent-Based Models of Social Systems:&rdquo; <I>Sociological Methods &amp; Research</I> 37(4): 498-530."},{"sequence":"31","original_text":"佐藤嘉倫. 2006. 「自己組織性とエージェント・ベースト・モデル」『理論と方法』21(1): 1-10."},{"sequence":"32","original_text":"佐藤嘉倫. 2008.「社会変動のミクロ‐マクロ理論」金子勇・長谷川公一（編著）『社会変動と社会学』ミネルヴァ書房: 52-76."},{"sequence":"33","original_text":"佐藤嘉倫・平松闊（編）. 2005. 『ネットワーク・ダイナミクス―社会ネットワークと合理的選択―』勁草書房."},{"sequence":"34","original_text":"Schelling, Thomas. C. 1971. &ldquo;Dynamic Models of Segregation.&rdquo; <I>Journal of Mathematical Sociology</I>, 1: 143-186."},{"sequence":"35","original_text":"盛山和夫・海野道郎（編）. 1991 『秩序問題と社会的ジレンマ』ハーベスト社"},{"sequence":"36","original_text":"Shibanai, Yasufumi., Satoko Yasuno., and Itaru Ishiguro. 2001. &ldquo;Effects of Global Information Feedback on Diversity: Extensions to Axelrod's Adaptive Culture Model.&rdquo; <I>Journal of Conflict Resolution</I> 45: 80-96."},{"sequence":"37","original_text":"Sobkowicz, Pawel. 2009. &ldquo;Modelling Opinion Formation with Physics Tools: Call for Closer Link with Reality.&rdquo; <I>Journal of Artificial Societies and Social Simulation</I> 12(1)."},{"sequence":"38","original_text":"Takagi, Eiji. 1996. &ldquo;The Generalized Exchange Perspectives on the Evolution of Altruism,&rdquo; Pp. 311-336 in <I>Frontiers in Social Dilemmas Research</I>, edited by W. Liebrand and D. Messick. Berlin: Springer-Verlag."},{"sequence":"39","original_text":"Watts, Duncan. J. 1999. <I>Small World: The Dynamics of Networks Between Order and Randomness</I>. Princeton: Princeton University Press."},{"sequence":"40","original_text":"山岸俊男. 1998. 『信頼の構造―こころと社会の進化ゲーム―』 東京大学出版会."},{"sequence":"41","original_text":"Zeggelink, Evelien. 1994. &ldquo;Dynamics of Structure: An Individual Oriented Approach.&rdquo; <I>Social Networks</I> 16(4): 295-333."}]}}