{"status":"OK","apiType":"doi","apiVersion":"1.0.0","message":{"total":1,"rows":1,"totalPages":1,"page":1},"data":{"siteId":"SI/JST.JSTAGE","content_type":"JA","doi":"10.11218/ojjams.23.2_129","url":"https://doi.org/10.11218/ojjams.23.2_129","ra":"JaLC","prefix":"10.11218","site_name":"J-STAGE","publisher_list":[{"publisher_name":"Japanese Association For Mathematical Sociology","lang":"en"},{"publisher_name":"数理社会学会","lang":"ja"}],"title_list":[{"lang":"ja","title":"大規模調査の回収率改善のための調査員の行動把握","subtitle":"―JGSSにおける訪問記録の分析から―"},{"lang":"en","title":"Grasping Interviews' Visiting Patterns to Improve Response Rates in Large-scale Surveys :","subtitle":"An Analysis of Visiting Records in Japanese General Social Surveys (JGSS)"}],"creator_list":[{"sequence":"1","type":"person","names":[{"lang":"ja","last_name":"保田","first_name":"時男"},{"lang":"en","last_name":"YASUDA","first_name":"Tokio"}],"affiliation_list":[{"affiliation_name":"Faculty of Business Administration<BR>Osaka University of Commerce","sequence":"1","lang":"en"},{"affiliation_name":"大阪商業大学","sequence":"1","lang":"ja"}]},{"sequence":"2","type":"person","names":[{"lang":"ja","last_name":"宍戸","first_name":"邦章"},{"lang":"en","last_name":"SHISHIDO","first_name":"Kuniaki"}],"affiliation_list":[{"affiliation_name":"Faculty of Business Administration<BR>Osaka University of Commerce","sequence":"1","lang":"en"},{"affiliation_name":"大阪商業大学","sequence":"1","lang":"ja"}]},{"sequence":"3","type":"person","names":[{"lang":"ja","last_name":"岩井","first_name":"紀子"},{"lang":"en","last_name":"IWAI","first_name":"Noriko"}],"affiliation_list":[{"affiliation_name":"Faculty of Business Administration<BR>Osaka University of Commerce","sequence":"1","lang":"en"},{"affiliation_name":"大阪商業大学","sequence":"1","lang":"ja"}]}],"publication_date":{"publication_year":"2008"},"relation_list":[{"content":"https://www.jstage.jst.go.jp/article/ojjams/23/2/23_2_2_129/_pdf","type":"URL","relation":"fullTextPdf"}],"content_language":"ja","updated_date":"2017-03-23","article_type":"pub","journal_id_list":[{"journal_id":"0913-1442","type":"ISSN","issn_type":"print"},{"journal_id":"1881-6495","type":"ISSN","issn_type":"online"},{"journal_id":"ojjams","type":"JID"}],"journal_title_name_list":[{"journal_title_name":"Sociological Theory and Methods","type":"full","lang":"en"},{"journal_title_name":"Sociological Theory and Methods","type":"abbreviation","lang":"en"},{"journal_title_name":"理論と方法","type":"full","lang":"ja"},{"journal_title_name":"理論と方法","type":"abbreviation","lang":"ja"}],"journal_classification":"01","recorded_year":"1986-2013","volume":"23","issue":"2","first_page":"2_129","last_page":"2_136","date":"2009-01-05","keyword_list":[{"keyword":"調査員","sequence":"3","lang":"ja"},{"keyword":"response rate","sequence":"1","lang":"en"},{"keyword":"回収率","sequence":"1","lang":"ja"},{"keyword":"large-scale survey","sequence":"2","lang":"en"},{"keyword":"大規模調査","sequence":"2","lang":"ja"},{"keyword":"interviewers","sequence":"3","lang":"en"},{"keyword":"Japanese General Social Surveys","sequence":"4","lang":"en"},{"keyword":"JGSS","sequence":"4","lang":"ja"}],"citation_list":[{"sequence":"1","original_text":"Groves, Robert M. and Mick P. Couper. 1998. <I>Nonresponse in Household Interview Surveys</I>. John Wiley &amp; Sons, Inc."},{"sequence":"2","original_text":"林英夫. 2006. 『郵送調査法（増補版）』関西大学出版部."},{"sequence":"3","original_text":"稲葉昭英. 2006. 「「社会調査の困難」を考える」『社会学年誌』47:3-17."},{"sequence":"4","original_text":"Inaba, Akihide. 2007. &ldquo;Problems Relating to Declining Response Rates in Social Survey Research in Japan: Trends after 2000.&rdquo; <I>International Journal of Japanese Sociology</I> 16:10-22."},{"sequence":"5","original_text":"岩井紀子・稲葉太一. 2008. 「調査対象者に謝礼を渡すタイミングの影響」谷岡一郎・仁田道夫・岩井紀子編. 『日本人の意識と行動―日本版総合的社会調査JGSSによる分析―』東京大学出版会：423-33."},{"sequence":"6","original_text":"Mangione, Thomas W. 1995. <I>Mail Surveys: Improving the Quality</I>. Sage.＝林英夫・村田晴路訳. 1999. 『郵送調査法の実際―調査における品質管理のノウハウ―』同友館."},{"sequence":"7","original_text":"玉野和志. 2003. 「サーベイ調査の困難と社会学の課題」『社会学評論』53(4)：537-51."},{"sequence":"8","original_text":"保田時男. 2005. 「回収率の改善のための調査員の制御についての考察」尾嶋史章編『現代日本におけるジェンダーと社会階層に関する総合的研究』（科研費成果報告書）：319-327."},{"sequence":"9","original_text":"保田時男. 2008. 「低下する回収率と回収不能の要因」谷岡一郎・仁田道夫・岩井紀子編. 『日本人の意識と行動―日本版総合的社会調査JGSSによる分析―』東京大学出版会：447-58."}]}}