{"status":"OK","apiType":"doi","apiVersion":"1.0.0","message":{"total":1,"rows":1,"totalPages":1,"page":1},"data":{"siteId":"SI/JST.JSTAGE","content_type":"JA","doi":"10.11218/ojjams.19.197","url":"https://doi.org/10.11218/ojjams.19.197","ra":"JaLC","prefix":"10.11218","site_name":"J-STAGE","publisher_list":[{"publisher_name":"Japanese Association For Mathematical Sociology","lang":"en"},{"publisher_name":"数理社会学会","lang":"ja"}],"title_list":[{"lang":"ja","title":"リレーショナル・データベースによる定型データの作成","subtitle":"―宗門改帳の統計分析のために―"},{"lang":"en","title":"Transformation of Data Using Relational Database System :","subtitle":"Toward a Statistical Analysis of Japanese Historical Population Registers"}],"creator_list":[{"sequence":"1","type":"person","names":[{"lang":"ja","last_name":"中里","first_name":"英樹"},{"lang":"en","last_name":"NAKAZATO","first_name":"Hideki"}],"affiliation_list":[{"affiliation_name":"Department of Sociology, Faculty of Letters<BR>Konan University","sequence":"1","lang":"en"},{"affiliation_name":"甲南大学","sequence":"1","lang":"ja"}]}],"publication_date":{"publication_year":"2004"},"relation_list":[{"content":"https://www.jstage.jst.go.jp/article/ojjams/19/2/19_2_197/_pdf","type":"URL","relation":"fullTextPdf"}],"content_language":"ja","updated_date":"2017-03-23","article_type":"pub","journal_id_list":[{"journal_id":"0913-1442","type":"ISSN","issn_type":"print"},{"journal_id":"1881-6495","type":"ISSN","issn_type":"online"},{"journal_id":"ojjams","type":"JID"}],"journal_title_name_list":[{"journal_title_name":"Sociological Theory and Methods","type":"full","lang":"en"},{"journal_title_name":"Sociological Theory and Methods","type":"abbreviation","lang":"en"},{"journal_title_name":"理論と方法","type":"full","lang":"ja"},{"journal_title_name":"理論と方法","type":"abbreviation","lang":"ja"}],"journal_classification":"01","recorded_year":"1986-2013","volume":"19","issue":"2","first_page":"197","last_page":"212","date":"2008-12-22","keyword_list":[{"keyword":"relational database","sequence":"1","lang":"en"},{"keyword":"リレーショナル・データベース","sequence":"1","lang":"ja"},{"keyword":"SQL","sequence":"2","lang":"en"},{"keyword":"SQL","sequence":"2","lang":"ja"},{"keyword":"population registers","sequence":"3","lang":"en"},{"keyword":"宗門改帳","sequence":"3","lang":"ja"}],"citation_list":[{"sequence":"1","original_text":"Alter, George., Cheryl Sorenson Jamison., and Yoshihiko Ono. 1996. &ldquo;Model Programs for Data Management of Historical Population Registers.&rdquo;(PIRT(Population Institute for Research and Training, Indiana University) working paper)"},{"sequence":"2","original_text":"Alter, George and Myron P. Gutmann. 1999. &ldquo;Casting Spells: Database Concepts for Event-History Analysis.&rdquo; <I>Historical Methods</I> 32(4):165-76."},{"sequence":"3","original_text":"Gutmann, Myron P., Kenneth H. Fliess., Amy E. Holmes., Amy L. Fairchild, and Wendy A. Teas. 1989. &ldquo;Keeping track of our treasures: managing historical data with relational database software.&rdquo; <I>Historical Methods</I> 22(4) :128-43."},{"sequence":"4","original_text":"速水 融. 2002. 『江戸農民の暮らしと人生―歴史人口学入門―』麗澤大学出版会."},{"sequence":"5","original_text":"石井達夫. 2003. 『今すぐ導入！PHP×PostgreSQLで作る最強Webシステム』技術評論社."},{"sequence":"6","original_text":"川口洋. 2002.「『江戸時代における人口分析システム(DANJURO ver.2.0)』の構築・運用・利用」『帝塚山学術論集』9:1-25."},{"sequence":"7","original_text":"国立社会保障・人口問題研究所編. 2002.『現代日本の世帯変動―第4回世帯動態調査―(1999年社会保障・人口問題基本調査)』厚生統計協会."},{"sequence":"8","original_text":"厚生省人口問題研究所編. 1996.『現代日本の世帯変動―第3回世帯動態調査(1994)―』厚生統計協会."},{"sequence":"9","original_text":"Mawdsley, Evan and Thomas Munck. 1993. <I>Computing for Historians: An Introductory Guide</I>. Manchester University Press. ＝安澤秀一他（訳）. 1997『コンピュータで歴史を読む』有斐閣."},{"sequence":"10","original_text":"森本修馬. 1999.「統計分析を目的とした近世史料のデータベース化―入力・データ利用インターフェイス」『日本研究』19:265-76."},{"sequence":"11","original_text":"Nakazato, Hideki. 2003. &ldquo;Aging and Living Arrangements: A Preliminary Analysis of Life Course Transitions in a Village in Central Japan, 1773-1869.&rdquo;『甲南大学紀要文学編社会科学特集』126: 68-73."},{"sequence":"12","original_text":"中里英樹. 近刊. 「近世濃尾農村における世帯動態－同居子の有無と加齢との関連を中心に－」. 落合絵美子（編）『徳川日本のライフコース－歴史人口学との対話－』ミネルヴァ書房."},{"sequence":"13","original_text":"中里英樹. 2003. 「歴史人口学の現場から－家族の分析に向けたリレーショナル・データベースの活用」『ソシオロジ』47(3) :121-29."},{"sequence":"14","original_text":"小野芳彦. 1993.「文科系における計算機利用II－データ入力のユーザーインターフェイス（歴史人口学の場合）」『日本研究』8:165-82."},{"sequence":"15","original_text":"Worsley, John and Joshua Drake. 2002. <I>Practical PostgreSQL</I>. =石井達夫（監訳）. 2002. 『実践PostgreSQL』オライリー・ジャパン."},{"sequence":"16","original_text":"弓場英樹. 2003.『データベース村へ,ようこそ』 翔泳社."}]}}