{"status":"OK","apiType":"doi","apiVersion":"1.0.0","message":{"total":1,"rows":1,"totalPages":1,"page":1},"data":{"siteId":"SI/JST.JSTAGE","content_type":"JA","doi":"10.11218/ojjams.2.91","url":"https://doi.org/10.11218/ojjams.2.91","ra":"JaLC","prefix":"10.11218","site_name":"J-STAGE","publisher_list":[{"publisher_name":"Japanese Association For Mathematical Sociology","lang":"en"},{"publisher_name":"数理社会学会","lang":"ja"}],"title_list":[{"lang":"ja","title":"日本農村社会学における理論状況","subtitle":"―拙著への書評を手がかりに―"},{"lang":"en","title":"Rural Sociology in Japan"}],"creator_list":[{"sequence":"1","type":"person","names":[{"lang":"ja","last_name":"新保","first_name":"満"},{"lang":"en","last_name":"SHIMPO","first_name":"Mitsuru"}],"affiliation_list":[{"affiliation_name":"St. Jerome's College, University of Waterloo","sequence":"1","lang":"en"},{"affiliation_name":"ウォータールー大学","sequence":"1","lang":"ja"}]}],"publication_date":{"publication_year":"1987"},"relation_list":[{"content":"https://www.jstage.jst.go.jp/article/ojjams/2/1/2_1_91/_pdf","type":"URL","relation":"fullTextPdf"}],"content_language":"ja","updated_date":"2017-03-23","article_type":"pub","journal_id_list":[{"journal_id":"0913-1442","type":"ISSN","issn_type":"print"},{"journal_id":"1881-6495","type":"ISSN","issn_type":"online"},{"journal_id":"ojjams","type":"JID"}],"journal_title_name_list":[{"journal_title_name":"Sociological Theory and Methods","type":"full","lang":"en"},{"journal_title_name":"Sociological Theory and Methods","type":"abbreviation","lang":"en"},{"journal_title_name":"理論と方法","type":"full","lang":"ja"},{"journal_title_name":"理論と方法","type":"abbreviation","lang":"ja"}],"journal_classification":"01","recorded_year":"1986-2013","volume":"2","issue":"1","first_page":"91","last_page":"101","date":"2009-03-01","citation_list":[{"sequence":"1","original_text":"Harris, Marvin. 1980. <I>Cultural Materialism</I>. New York: Random House."},{"sequence":"2","original_text":"星　永俊　1987. 『社会学評論』37:4, 479-481頁."},{"sequence":"3","original_text":"嘉田由起子　1986. 『農業と経済』1986年10月, 80頁."},{"sequence":"4","original_text":"Kaplan, Abraham. 1964. <I>The Conduct of Inquiry</I>. San Francisco: Chandler."},{"sequence":"5","original_text":"川本　彰　1985. 「農業発展とムラの役割」（初出, 1979）『ムラの領域と農業』家の光協会."},{"sequence":"6","original_text":"河村能夫　1986. 「農村社会論―農業経済研究の動向と展望―」『農業問題研究』82, 1-11頁."},{"sequence":"7","original_text":"工藤清光　1987. 『農業経済研究』58:4, 234-236頁."},{"sequence":"8","original_text":"Marsden, L. &amp; E. Harvey. 1981. <I>Fragile Federation: social change in Canada</I>. Toronto: McGraw-Hill Ryerson."},{"sequence":"9","original_text":"Maxwell, Nicholas. 1974. &ldquo;The Rationality of Scientific Discovery Part II,&rdquo; <I>Philosophy of Science</I>, 41, pp.247-295."},{"sequence":"10","original_text":"Nettler, Gwynn. 1970. <I>Explanations</I>. New York: McGraw-Hill."},{"sequence":"11","original_text":"Popper, Karl. 1959. <I>The Logic of Scientific Discovery</I>. New York: Basic Books."},{"sequence":"12","original_text":"新保　満　1971. 『日本農村における経済発展と社会変動』時潮社."},{"sequence":"13","original_text":"Shimpo, Mitsuru. 1976. <I>Three Decades in Shiwa: economic development and social change in Japanese farming community</I>. Vancouver, B. C.: University of British Columbia Press."},{"sequence":"14","original_text":"新保　満　1983. 『村が栄える条件―岩手県志和の変貌―』日本放送出版協会."},{"sequence":"15","original_text":"新保　満, 松田（熊谷）苑子　1986. 『現代日本農村社会の変動―岩手県志和地区の発展過程―』御茶の水書房."},{"sequence":"16","original_text":"富永健一　1965. 『社会変動の理論』岩波書店."},{"sequence":"17","original_text":"鳥越皓之　1986. 『週刊読書人』1986年6月30日号."},{"sequence":"18","original_text":"Wallace, Walter. 1969. &ldquo;Overview of Contemporary Sociological Theory,&rdquo; in Walter Wallace, ed., <I>Sociological Theory</I>. Chicago: Aldine."}]}}