{"status":"OK","apiType":"doi","apiVersion":"1.0.0","message":{"total":1,"rows":1,"totalPages":1,"page":1},"data":{"siteId":"SI/JST.JSTAGE","content_type":"JA","doi":"10.11218/ojjams.16.121","url":"https://doi.org/10.11218/ojjams.16.121","ra":"JaLC","prefix":"10.11218","site_name":"J-STAGE","publisher_list":[{"publisher_name":"Japanese Association For Mathematical Sociology","lang":"en"},{"publisher_name":"数理社会学会","lang":"ja"}],"title_list":[{"lang":"ja","title":"理論社会学としての数理社会学"},{"lang":"en","title":"Mathematical Sociology as Theoretical Sociology"}],"creator_list":[{"sequence":"1","type":"person","names":[{"lang":"ja","last_name":"浜田","first_name":"宏"},{"lang":"en","last_name":"HAMADA","first_name":"Hiroshi"}],"affiliation_list":[{"affiliation_name":"Graduate School of Sociology<BR>Kwansei Gakuin University","sequence":"1","lang":"en"},{"affiliation_name":"関西学院大学","sequence":"1","lang":"ja"}]}],"publication_date":{"publication_year":"2001"},"relation_list":[{"content":"https://www.jstage.jst.go.jp/article/ojjams/16/1/16_121/_pdf","type":"URL","relation":"fullTextPdf"}],"content_language":"ja","updated_date":"2016-09-29","article_type":"pub","journal_id_list":[{"journal_id":"0913-1442","type":"ISSN","issn_type":"print"},{"journal_id":"1881-6495","type":"ISSN","issn_type":"online"},{"journal_id":"ojjams","type":"JID"}],"journal_title_name_list":[{"journal_title_name":"Sociological Theory and Methods","type":"full","lang":"en"},{"journal_title_name":"Sociological Theory and Methods","type":"abbreviation","lang":"en"},{"journal_title_name":"理論と方法","type":"full","lang":"ja"},{"journal_title_name":"理論と方法","type":"abbreviation","lang":"ja"}],"journal_classification":"01","recorded_year":"1986-2013","volume":"16","issue":"1","first_page":"121","last_page":"130","date":"2016-09-30","keyword_list":[{"keyword":"general theoretical sociology","sequence":"1","lang":"en"},{"keyword":"一般理論社会学","sequence":"1","lang":"ja"},{"keyword":"Fararo","sequence":"2","lang":"en"},{"keyword":"ファラロ","sequence":"2","lang":"ja"},{"keyword":"comprehensive model","sequence":"3","lang":"en"},{"keyword":"包括的モデル","sequence":"3","lang":"ja"}],"citation_list":[{"sequence":"1","original_text":"Boudon, R. 1982. Logic of Relative Frustration. <I>The Unintended Consequences of Social Action</I>. The Macmillan Press."},{"sequence":"2","original_text":"土場学. 1996.「数理社会学―未完のプロジェクト」『理論と方法』20:157-73."},{"sequence":"3","original_text":"土場学・渡辺勉. 1998.「一般理論社会学における「行為と構造」の問題――トーマス・Ｊ・ファラロ『一般理論社会学の意味』をめぐって」 『理論と方法』22:197-205."},{"sequence":"4","original_text":"Fararo, T.J. 1989. <I>The Meaning of General Theoretical Sociology: Tradition and Formalization</I>. Cambridge University Press. =1996. 高坂健次（訳）『一般理論社会学の意味―伝統とフォーマライゼーション―』ハーベスト社."},{"sequence":"5","original_text":"浜田宏. 1999a.「相対的剥奪と準拠集団の数理モデル」『理論と方法』25:91-104."},{"sequence":"6","original_text":"浜田宏. 1999b.「所得分布の生成モデル―反復投資ゲームによる定式化―」『理論と方法』26:3-17."},{"sequence":"7","original_text":"浜田宏. 2000a.「反復投資ゲームによる所得分布の生成モデル」『第29回日本数理社会学会大会報告要旨集』:32-5."},{"sequence":"8","original_text":"浜田宏. 2000b.「経済的地位の自己評価と準拠集団―&delta;区間モデルによる定式化―」mimeographed."},{"sequence":"9","original_text":"浜田宏. 2000c.「相対的剥奪と分配の不平等」mimeographed."},{"sequence":"10","original_text":"Jasso, G. 1999. How much Injustice is there in the World? Two New Justice Indexes. <I>American Sociological Review</I>. 64:133-68."},{"sequence":"11","original_text":"Kosaka, K. 1986. A Model of Relative Deprivation. <I>Journal of Mathematical Sociology</I>. 12:35-48."},{"sequence":"12","original_text":"高坂健次. 1986.「数理社会学の意義と必要性」『理論と方法』1:1-14．"},{"sequence":"13","original_text":"高坂健次・与謝野有紀. 1998.「社会学における方法」高坂健次・厚東洋輔（編）『講座社会学１ 理論と方法』東大出版:199-238."},{"sequence":"14","original_text":"Merton, R. K. 1957. <I>Social Theory and Social Structure</I>. The Free Press: New York. =1961.『社会理論と社会構造』森東吾・森好夫・金沢実・中島竜太郎（訳）みすず書房."},{"sequence":"15","original_text":"Reyniers, D. J. 1998. Deprivation in heterogeneous organization. <I>Journal of Mathematical Sociology</I>. 23(1):59-76."},{"sequence":"16","original_text":"Roemer, J. E. 1994. <I>Egalitarian Perspectives</I>. Cambridge Univ. Press."},{"sequence":"17","original_text":"盛山和夫. 2000.「基礎づけ主義でも脱構築でもなく―構想としての探求―」『理論と方法』27:3-16."},{"sequence":"18","original_text":"Stouffer, S. A. Suchman, E. A. Devinney, L. C. Star, S. A. Williams, R. M. 1949. <I>The American Soldier Volume I: Adjustment During Army Life</I>. Princeton University Press."},{"sequence":"19","original_text":"Yamaguchi, K. 1998. Rational-choice Theories of Anticipatory Socialization and Anticipatory Non-Socialization. <I>Rationality and Society</I>. 10(2):163-99."}]}}