{"status":"OK","apiType":"doi","apiVersion":"1.0.0","message":{"total":1,"rows":1,"totalPages":1,"page":1},"data":{"siteId":"SI/JST.JSTAGE","content_type":"JA","doi":"10.11218/ojjams.12.47","url":"https://doi.org/10.11218/ojjams.12.47","ra":"JaLC","prefix":"10.11218","site_name":"J-STAGE","publisher_list":[{"publisher_name":"Japanese Association For Mathematical Sociology","lang":"en"},{"publisher_name":"数理社会学会","lang":"ja"}],"title_list":[{"lang":"ja","title":"代議制における投票のパラドックス","subtitle":"─オストロゴルスキー・パラドックスの成立可能性について─"},{"lang":"en","title":"The Paradox of a Representative System :","subtitle":"About Conditions for Occurrence of Ostrogorski's Paradox"}],"creator_list":[{"sequence":"1","type":"person","names":[{"lang":"ja","last_name":"与謝野","first_name":"有紀"},{"lang":"en","last_name":"YOSANO","first_name":"Arinori"}],"affiliation_list":[{"affiliation_name":"Faculty of Social Science<BR>Nara  University","sequence":"1","lang":"en"},{"affiliation_name":"奈良大学","sequence":"1","lang":"ja"}]}],"publication_date":{"publication_year":"1997"},"relation_list":[{"content":"https://www.jstage.jst.go.jp/article/ojjams/12/1/12_47/_pdf","type":"URL","relation":"fullTextPdf"}],"content_language":"ja","updated_date":"2016-08-25","article_type":"pub","journal_id_list":[{"journal_id":"0913-1442","type":"ISSN","issn_type":"print"},{"journal_id":"1881-6495","type":"ISSN","issn_type":"online"},{"journal_id":"ojjams","type":"JID"}],"journal_title_name_list":[{"journal_title_name":"Sociological Theory and Methods","type":"full","lang":"en"},{"journal_title_name":"Sociological Theory and Methods","type":"abbreviation","lang":"en"},{"journal_title_name":"理論と方法","type":"full","lang":"ja"},{"journal_title_name":"理論と方法","type":"abbreviation","lang":"ja"}],"journal_classification":"01","recorded_year":"1986-2013","volume":"12","issue":"1","first_page":"47","last_page":"60","date":"2016-08-26","keyword_list":[{"keyword":"Ostrogorski's Paradox","sequence":"1","lang":"en"},{"keyword":"Ostrogorskiパラドックス","sequence":"1","lang":"ja"},{"keyword":"Anscomb's Paradox","sequence":"2","lang":"en"},{"keyword":"Anscombeパラドックス","sequence":"2","lang":"ja"},{"keyword":"Representative System","sequence":"3","lang":"en"},{"keyword":"代議制","sequence":"3","lang":"ja"},{"keyword":"Direct Democracy","sequence":"4","lang":"en"},{"keyword":"直接民主制","sequence":"4","lang":"ja"}],"citation_list":[{"sequence":"1","original_text":"Anscombe, G. E. M. 1976. &ldquo;On Frustration of the Majority by Fulfillment of the Majority's Will.&rdquo; <I>Analysis</I> 36(4): 161-168."},{"sequence":"2","original_text":"Benzembinder, T. and P. Van Acker. 1985.&ldquo;The Ostrogorski Paradox and Its Relation to Nontransitive Choice.&rdquo; <I>Journal of Mathematical Sociology</I> 11: 131-158."},{"sequence":"3","original_text":"井上 寛. 1988.「民主主義の一要素としての投票制度のもつ逆理─AnscombeあるいはOstrogorskiの場合─」. 海野道郎・原順輔・和田修一（編）.『数理社会の展開』: 199-206. 数理社会研究会."},{"sequence":"4","original_text":"Rae, D. W. and H. Daudt. 1976.&ldquo;The Ostrogorski Paradox: A Peculiarity of Compound Majority Decision.&rdquo; <I>European Journal of Political Research</I> 4: 391-398."},{"sequence":"5","original_text":"Wagner, C. 1983.&ldquo;Anscombe's Paradox and the Rule of Theree-Fourths.&rdquo; <I>Theory and Decision</I> 15: 303-308."}]}}