{"status":"OK","apiType":"doi","apiVersion":"1.0.0","message":{"total":1,"rows":1,"totalPages":1,"page":1},"data":{"siteId":"SI/JST.JSTAGE","content_type":"JA","doi":"10.11218/ojjams.11.21","url":"https://doi.org/10.11218/ojjams.11.21","ra":"JaLC","prefix":"10.11218","site_name":"J-STAGE","publisher_list":[{"publisher_name":"Japanese Association For Mathematical Sociology","lang":"en"},{"publisher_name":"数理社会学会","lang":"ja"}],"title_list":[{"lang":"ja","title":"階層評価の多様化と階層意識"},{"lang":"en","title":"Prolification of Class Identifying Factors and Self Identification"}],"creator_list":[{"sequence":"1","type":"person","names":[{"lang":"ja","last_name":"与謝野","first_name":"有紀"},{"lang":"en","last_name":"YOSANO","first_name":"YOSANO"}],"affiliation_list":[{"affiliation_name":"Faculty of Social Science<BR>Nara University","sequence":"1","lang":"en"},{"affiliation_name":"奈良大学","sequence":"1","lang":"ja"}]}],"publication_date":{"publication_year":"1996"},"relation_list":[{"content":"https://www.jstage.jst.go.jp/article/ojjams/11/1/11_21/_pdf","type":"URL","relation":"fullTextPdf"}],"content_language":"ja","updated_date":"2016-08-25","article_type":"pub","journal_id_list":[{"journal_id":"0913-1442","type":"ISSN","issn_type":"print"},{"journal_id":"1881-6495","type":"ISSN","issn_type":"online"},{"journal_id":"ojjams","type":"JID"}],"journal_title_name_list":[{"journal_title_name":"Sociological Theory and Methods","type":"full","lang":"en"},{"journal_title_name":"Sociological Theory and Methods","type":"abbreviation","lang":"en"},{"journal_title_name":"理論と方法","type":"full","lang":"ja"},{"journal_title_name":"理論と方法","type":"abbreviation","lang":"ja"}],"journal_classification":"01","recorded_year":"1986-2013","volume":"11","issue":"1","first_page":"21","last_page":"36","date":"2016-08-26","keyword_list":[{"keyword":"subjective class identification","sequence":"1","lang":"en"},{"keyword":"階層帰属意識","sequence":"1","lang":"ja"},{"keyword":"F-K model","sequence":"2","lang":"en"},{"keyword":"ファラロ－高坂モデル","sequence":"2","lang":"ja"},{"keyword":"the image of stratification","sequence":"3","lang":"en"},{"keyword":"イメージ階層","sequence":"3","lang":"ja"},{"keyword":"Prolification of dimensions in a class system","sequence":"4","lang":"en"},{"keyword":"階層評価の多様化","sequence":"4","lang":"ja"},{"keyword":"middle class identification.","sequence":"5","lang":"en"},{"keyword":"中意識","sequence":"5","lang":"ja"}],"citation_list":[{"sequence":"1","original_text":"Bott, Elizabeth. 1954. &ldquo;The Concept of Class as a Reference Group.&rdquo; <I>Human Relations</I> 7: 259-286."},{"sequence":"2","original_text":"Davis, Allison, Burleigh B. Gardner, and Mary R. Gardner. 1941. <I>Deep South</I>. Chicago: University of Chicago Press."},{"sequence":"3","original_text":"Fararo, Thomas J. 1973. <I>Mathematical Sociology</I>. New York: John Willy and Sons."},{"sequence":"4","original_text":"Fararo, Thomas J., and Kenji Kosaka. 1992. &ldquo;Generating Images of the Shape of a Class System.&rdquo; <I>Journal of Mathematical Sociology</I> 17 (2-3): 195-216."},{"sequence":"5","original_text":"Feller, William. 1957. <I>An Introduction to Probability Theory and Its Applications</I>. Vol.1. New York: John Wiley amp;& Sons.（河田龍夫（監訳）『確率論とその応用 I上』『確率論とその応用 I下』1960. 紀伊国屋書店.）"},{"sequence":"6","original_text":"Hall, P. 1927. &lsquo;The Distribution of Means for Samples of Size N Drawn form a Population in which the Variate Takes Values Between 0 And 1, All Such Values Being Equally Probable.&rsquo; <I>Biometrika</I>, 19: 240."},{"sequence":"7","original_text":"岸本重陳. 1978.『「中流」の幻想』. 講談社."},{"sequence":"8","original_text":"Kosaka, K., and Thomas J. Fararo. 1991. &ldquo;Self-location in a Class System: A Formal-theoretical Analysis.&rdquo; in <I>Advances in Group Processes</I>, edited by E. Lawler, B. Markovski, C. Ridgeway and H. Walker. Greenwich Conn: JAI Press."},{"sequence":"9","original_text":"高坂健次. 1988.「階層イメージの形成と階層帰属意識」原純輔（編）『階層意識の動態』1985年SSM全国調査委員会: 101-117."},{"sequence":"10","original_text":"高坂健次, 宮野勝. 1990.「階層イメージ―イメージ形成過程への数理的アプローチ」原純輔（編）『現代日本の階層構造２ 階層意識の動態』東京大学出版会: 47-70."},{"sequence":"11","original_text":"間々田孝夫. 1988.「日本経済の変動と『中』意識―成長説と平等説の検討―」原純輔（編）『階層意識の動態』1985年SSM全国調査委員会: 43-70."},{"sequence":"12","original_text":"直井道子. 1979.「階層意識と階級意識」富永健一（編）『日本の階層構造』東京大学出版会: 365-388."},{"sequence":"13","original_text":"盛山和夫. 1990.「中意識の意味」『理論と方法』8: 51-71."},{"sequence":"14","original_text":"白倉幸男、与謝野有紀. 1991.「階層認知と階層意識―階層認知の数理モデル―」『理論と方法』10: 37-53."},{"sequence":"15","original_text":"Stuart, Alan, and J. Keith Ord. 1987. <I>Kendall's Advanced Theory of Statistics</I>. 5th ed. London: Charles Griffin &amp; Company Limeted."},{"sequence":"16","original_text":"富永健一. 1988.『日本産業社会の転機』東京大学出版会."}]}}