{"status":"OK","apiType":"doi","apiVersion":"1.0.0","message":{"total":1,"rows":1,"totalPages":1,"page":1},"data":{"siteId":"SI/JST.JSTAGE","content_type":"JA","doi":"10.11218/ojjams.29.241","url":"https://doi.org/10.11218/ojjams.29.241","ra":"JaLC","prefix":"10.11218","site_name":"J-STAGE","publisher_list":[{"publisher_name":"Japanese Association For Mathematical Sociology","lang":"en"},{"publisher_name":"数理社会学会","lang":"ja"}],"title_list":[{"lang":"ja","title":"コモンズ問題の現代的変容","subtitle":"―社会的ジレンマをこえて―"},{"lang":"en","title":"Modern Changes in the Commons Problem:","subtitle":"Beyond Social Dilemmas Model"}],"creator_list":[{"sequence":"1","type":"person","names":[{"lang":"ja","last_name":"林","first_name":"雅秀"},{"lang":"en","last_name":"HAYASHI","first_name":"Masahide"}],"affiliation_list":[{"affiliation_name":"Tohoku Research Center, Fofrestry and Forest Products Research Institute","sequence":"1","lang":"en"},{"affiliation_name":"森林総合研究所東北支所","sequence":"1","lang":"ja"}]},{"sequence":"2","type":"person","names":[{"lang":"ja","last_name":"金澤","first_name":"悠介"},{"lang":"en","last_name":"KANAZAWA","first_name":"Yusuke"}],"affiliation_list":[{"affiliation_name":"Iwate Prefectural University","sequence":"2","lang":"en"},{"affiliation_name":"岩手県立大学","sequence":"2","lang":"ja"}]}],"publication_date":{"publication_year":"2014"},"relation_list":[{"content":"https://www.jstage.jst.go.jp/article/ojjams/29/2/29_241/_pdf","type":"URL","relation":"fullTextPdf"}],"content_language":"ja","updated_date":"2016-07-09","article_type":"pub","journal_id_list":[{"journal_id":"0913-1442","type":"ISSN","issn_type":"print"},{"journal_id":"1881-6495","type":"ISSN","issn_type":"online"},{"journal_id":"ojjams","type":"JID"}],"journal_title_name_list":[{"journal_title_name":"Sociological Theory and Methods","type":"full","lang":"en"},{"journal_title_name":"Sociological Theory and Methods","type":"abbreviation","lang":"en"},{"journal_title_name":"理論と方法","type":"full","lang":"ja"},{"journal_title_name":"理論と方法","type":"abbreviation","lang":"ja"}],"journal_classification":"01","recorded_year":"1986-2013","volume":"29","issue":"2","first_page":"241","last_page":"259","date":"2016-07-10","keyword_list":[{"keyword":"Commons","sequence":"1","lang":"en"},{"keyword":"コモンズ","sequence":"1","lang":"ja"},{"keyword":"Social Dilemmas","sequence":"2","lang":"en"},{"keyword":"社会的ジレンマ","sequence":"2","lang":"ja"},{"keyword":"Social Change","sequence":"3","lang":"en"},{"keyword":"社会変動","sequence":"3","lang":"ja"},{"keyword":"Diversification of Commons Usage","sequence":"4","lang":"en"},{"keyword":"資源利用の多様化","sequence":"4","lang":"ja"},{"keyword":"Problem of Underuse of Commons","sequence":"5","lang":"en"},{"keyword":"過少利用問題","sequence":"5","lang":"ja"}],"citation_list":[{"sequence":"1","original_text":"Abreu, D. 1988. &ldquo;On the Theory of Infinitely Repeated Games with Discounting.&rdquo; <I>Econometrica</I> 56:383-396."},{"sequence":"2","original_text":"Agrawal, A. 2002. &ldquo;Common Resources and Institutional Sustainability.&rdquo; Pp. 41-85 in <I>The Drama of the Commons</I>, edited by National Research Council. Washington, DC: National Academy Press."},{"sequence":"3","original_text":"Agrawal, A. 2007. &ldquo;Forests, Governance and Sustainability: Common Property Theory and Its Contribution.&rdquo; <I>International Journal of the Commons</I> 1:111-36."},{"sequence":"4","original_text":"Aoki, M. 2001. <I>Toward a Comparative Institutional Analysis</I>. Cambridge, Mass.: MIT Press. =2001. 瀧澤弘和・谷口和弘(訳)『比較制度分析に向けて』 NTT出版."},{"sequence":"5","original_text":"朝岡誠. 2009. 「評判によって信頼が生成されるのか？―信頼生成メカニズムのシミュレーション分析―」『社会学研究』86:121-141."},{"sequence":"6","original_text":"Axelrod, R. 1984. The Evolution of Cooperation. New York: Basic Books. =1998. 松田裕之(訳)『つきあい方の科学―バクテリアから国際関係まで―』ミネルヴァ書房."},{"sequence":"7","original_text":"Baland, J-M. and J-P. Platteau. 1996. Halting Degradation of Natural Resources: Is There a Role for Rural Communities? New York: Oxford University Press."},{"sequence":"8","original_text":"Binmore, K. 2007. Game Theory : A Very Short Introduction. Oxford: Oxford University Press. =2010. 海野道郎・金澤悠介(訳) 『ゲーム理論』岩波書店."},{"sequence":"9","original_text":"Chhatre, A. and A. Agrawal. 2008. &ldquo;Forest Commons and Local Enforcement.&rdquo; <I>Proceedings of the National Academy of Sciences of the United States of America</I>, 105:13286-91."},{"sequence":"10","original_text":"Dawes, R. M. 1975. &ldquo;Formal Models of Dilemma in Social Decision Making.&rdquo; Pp. 87-107 in <I>Human Judgment and Social Processes</I>, edited by Kaplan, M. and S. Schwartz. New York: Academy Press."},{"sequence":"11","original_text":"Dawes, R. M. 1980. &ldquo;Social Dilemmas.&rdquo; <I>Annual Review of Psychology</I> 31:169-193."},{"sequence":"12","original_text":"Dietz, T., N. Dol&scaron;ak., E. Ostrom and P. C. Stern. 2002. &ldquo;The Drama of the Commons.&rdquo; Pp. 3-35 in <I>The Drama ofthe Commons</I>, edited by National Research Council. Washington, DC: National Academy Press."},{"sequence":"13","original_text":"Dyson-Hudson, R. and E. A. Smith. 1978. &ldquo;Human Territoriality: An Ecological Reassessment.&rdquo; <I>American Anthropologist</I> 80: 21-41."},{"sequence":"14","original_text":"藤村美穂. 2006. 「土地への発言力―草原の利用をめぐる合意と了解のしくみ―」宮内泰介(編)『コモンズをささえるしくみ―レジティマシーの環境社会学』新曜社:108-125."},{"sequence":"15","original_text":"福島正夫・潮見俊隆・渡辺洋三(編). 1966. 『林野入会権の本質と様相―岐阜県吉城郡小鷹利村の場合―』東京大学出版会."},{"sequence":"16","original_text":"Gibbons, R. 1992. <I>Game Theory for Applied Economists</I>. Princeton, N.J.: Princeton University Press. =1995.福岡正夫・須田伸一(訳)『経済学のためのゲーム理論入門』創文社."},{"sequence":"17","original_text":"Gibson, C. C., J. Williams, and E. Ostrom. 2005. &ldquo;Local Enforcement and Better Forests.&rdquo; <I>World Development</I> 33(2):273-284."},{"sequence":"18","original_text":"Gibson, C. C., M. A. McKean, and E. Ostrom ed. 2000. <I>People and Forests: Communities, Institutions, and Governance</I>. Cambridge; Massachusetts; London. The MIT Press."},{"sequence":"19","original_text":"Hardin, G. 1968. &ldquo;The Tragedy of the Commons.&rdquo; <I>Science</I> 162:1243-48."},{"sequence":"20","original_text":"Hardin, R. 1971. &ldquo;Collective Action as an Agreeable n-Prisoner's Dilemma.&rdquo; <I>Behavioral Science</I> 16:472-481."},{"sequence":"21","original_text":"Hasegawa, K. 1989. &ldquo;Commons Dilemma and The &lsquo;Tragedy of the commons&rsquo;.&rdquo; <I>Journal of Mathematical Sociology</I> 14: 247-61."},{"sequence":"22","original_text":"Hechter, M. 1987. Principles of Group Solidarity. Berkeley: University of California Press. =2003. 小林淳一, 木村邦博, 平田暢(訳)『連帯の条件―合理的選択理論によるアプローチ―』ミネルヴァ書房."},{"sequence":"23","original_text":"飯國芳明. 2012. 「三瓶草原の史的展開と過少利用問題」新保輝幸・松本充郎(編)『変容するコモンズ―フィールドと理論のはざまから―』ナカニシヤ出版:123-142."},{"sequence":"24","original_text":"井上真. 2004. 『コモンズの思想を求めて―カリマンタンの森で考える―』岩波書店."},{"sequence":"25","original_text":"井上真. 2008. 「コモンズ論の遺産と展開」井上真(編)『コモンズ論の挑戦―新たな資源管理を求めて』新曜社:197-215."},{"sequence":"26","original_text":"神事直人. 1997. 「『共有地のジレンマ』モデル再考―海野モデルの再検討と一般モデルの構築」『理論と方法』12:15-30."},{"sequence":"27","original_text":"川島武宜. 1983. 「入会権の解体」『川島武宜著作集　第八巻』岩波書店:34-38."},{"sequence":"28","original_text":"吉良洋輔. 2013. 「なぜコミュニケーションは社会的ジレンマを解決させるのか？―繰り返しN人囚人のジレンマの均衡精緻化―」『理論と方法』28:107-124."},{"sequence":"29","original_text":"Kollock, P. 1998. &ldquo;Social Dilemmas: The Anatomy of Cooperation.&rdquo; <I>Annual Review of Sociology</I> 24:183-214."},{"sequence":"30","original_text":"真島理恵・高橋伸幸. 2005. 「敵の味方は敵？―間接互恵性における二次情報の効果に対する理論的・実証的検討―」『理論と方法』20:177-195."},{"sequence":"31","original_text":"松島斉. 1994. 「過去，現在，未来：繰り返しゲームと経済学」岩井克人・伊藤元重(編)『現代の経済理論』東京大学出版会:57-102."},{"sequence":"32","original_text":"McCay, B. J. 1980. &ldquo;A Fisherman's Cooperative, Limited: Indigenous Resources Management in a Complex Society.&rdquo; <I>Anthropological Quarterly</I> 53: 29-38."},{"sequence":"33","original_text":"McCay, B. J. 1981. &ldquo;Optimal Foragers or Political Actors?: Ecological Analysis of a New Jersey Fishery.&rdquo; <I>American Ethnologist</I> 8: 356-82."},{"sequence":"34","original_text":"McKean, M. A. 1986. &ldquo;Management of Traditional Common Land (Iriaichi) in Japan.&rdquo; Pp. 533-90 in <I>Proceedings of the Conference on Common Property Resource Management</I>, edited by National Research Council. Washington, DC: National Academy Press."},{"sequence":"35","original_text":"McKean, M. A. 1992. &ldquo;Success on the Commons: A Comparative Examination of Institutions for Common Property Resource Management.&rdquo; Journal of Theoretical Politics 4:247-81."},{"sequence":"36","original_text":"三隅一人. 1993a. 「社会的ジレンマ・モデルの一般化―海野類型の拡張から―」『理論と方法』8:69-88."},{"sequence":"37","original_text":"三隅一人. 1993b. 「海野の共有地のジレンマ・モデル再考―その妥当性と含意をめぐって―」『理論と方法』8:277-85."},{"sequence":"38","original_text":"三俣学・嶋田大作・大野智彦. 2006. 「資源管理問題へのコモンズ論・ガバナンス論・社会関係資本論からの接近」『商大論集』57:19-62."},{"sequence":"39","original_text":"宮内泰介. 2001. 「コモンズの社会学―自然環境の所有・利用・管理をめぐって―」鳥越皓之(編)『講座環境社会学　第3巻　自然環境と環境文化』有斐閣:25-46."},{"sequence":"40","original_text":"宮内泰介(編). 2006. 『コモンズをささえるしくみ―レジティマシーの環境社会学』新曜社."},{"sequence":"41","original_text":"武藤正義. 2005. 「社会的ジレンマと協力概念―フリーライドの視点によるN人ゲームの構造分析I―」『秩序問題への進化ゲーム理論的アプローチ』（平成14―16年度科学研究費補助金　基盤研究 (B)(1) 課題番号：14310095 研究成果報告書　代表:大浦宏邦）: 75-97."},{"sequence":"42","original_text":"中井豊. 2014. 「コモンズの悲劇からの脱出―地域と社会的企業家のシナジー―」今田高俊・舘岡康雄(編)『シナジー社会論―他者とともに生きる―』東京大学出版会:57-72."},{"sequence":"43","original_text":"中村吉治. 1956. 『村落構造の史的分析―岩手縣煙山村―』日本評論新社."},{"sequence":"44","original_text":"National Research Council. 1986. <I>Proceedings of the Conference on Common Property Resource Management</I>. Washington, DC: National Academy Press."},{"sequence":"45","original_text":"National Research Council. 2003. <I>The Drama of the Commons</I>. Washington, DC: National Academy Press. =2012. 茂木愛一郎・三俣学・泉留維(監訳)『コモンズのドラマ―持続可能な資源管理論の15年―』知泉書館."},{"sequence":"46","original_text":"Netting, R. M. 1976. &ldquo;What Alpine Peasants Have in Common: Observations on Communal Tenure in a Swiss Village.&rdquo; <I>Human Ecology</I> 4:135-46."},{"sequence":"47","original_text":"Netting, R. M. 1981. <I>Balancing on an Alp: Ecological Change and Community in a Swiss Mountain Community</I>. Cambridge: Cambridge University Press."},{"sequence":"48","original_text":"North, D. C. 1990. <I>Institutions, Institutional Change and Economic Performance</I>. Cambridge ; New York : Cambridge University Press. =1994.竹下公視(訳)『制度・制度変化・経済性化』晃洋書房."},{"sequence":"49","original_text":"Nowak, M. A. and R. M. May. 1992. &ldquo;Evolutionary Games and Spatial Chaos.&rdquo; <I>Nature</I> 359: 826-29."},{"sequence":"50","original_text":"Nowak, M.. A. and K. Sigmund. 1998. &ldquo;Evolution of Indirect Reciprocity by Image Scoring.&rdquo; <I>Nature</I> 393: 573-577."},{"sequence":"51","original_text":"小椋純一. 2012. 『森と草原の歴史―日本の植生景観はどのように移り変わってきたのか―』古今書院."},{"sequence":"52","original_text":"緒方賢一. 2012. 「沿岸海域の『共』的利用・管理と法」新保輝幸・松本充郎(編)『変容するコモンズ―フィールドと理論のはざまから―』ナカニシヤ出版:43-66."},{"sequence":"53","original_text":"Ohtsuki, H., C. Hauert., E. Lieberman and M. A. Nowak. 2006. &ldquo;A Simple Rule for the Evolution of Cooperation on Graphs and Social Networks.&rdquo; <I>Nature</I> 441:502-5."},{"sequence":"54","original_text":"岡田章. 2011. 『ゲーム理論（新版）』有斐閣."},{"sequence":"55","original_text":"Ostrom, E. 1990. <I>Governing the Commons: The Evolution of Institutions for Collective Action</I>. New York: Cambridge University Press."},{"sequence":"56","original_text":"Ostrom, E. 2007. &ldquo;A Diagonostic Approach for Going beyond Panaceas.&rdquo; <I>Proceedings of the National Academy of Sciences of the United States of America</I>, 104: 15181-87."},{"sequence":"57","original_text":"Ostrom, E., R. Gardner and J. Walker. 1994. Rules, Games, and Commom-Pool Resources. Ann Arbor: University of Michigan Press."},{"sequence":"58","original_text":"Poteete, A. R., M. A. Janssen and E. Ostrom. 2010. <I>Working Together: Collective Action, the Commons, and Multiple Methods in Practice</I>. Princeton: Princeton University Press."},{"sequence":"59","original_text":"Poteete, A. R. and E. Ostrom. 2004. &ldquo;Heterogeneity, Group Size and Collective Action: The Role of Institutions in Forest Management.&rdquo; <I>Development and Change</I> 35:437-61."},{"sequence":"60","original_text":"Raub, W. and J. Weesie. 1990. &ldquo;Reputation and efficiency in social interactions: An example of network effects.&rdquo; <I>American Journal of Sociology</I> 96:626-54."},{"sequence":"61","original_text":"齋藤暖生. 2006. 「岩手県沢内村における山菜・キノコ資源充足度の変動―山菜・キノコ採りの生態的側面と社会的側面―」『林業経済』59:2-16."},{"sequence":"62","original_text":"佐藤嘉倫. 2008. 『ゲーム理論―人間と社会の複雑な関係を解く―』新曜社."},{"sequence":"63","original_text":"Schlueter, A. 2008. &ldquo;Small-scale European Forestry, an Anticommons?&rdquo; <I>International Journal of the Commons</I> 2: 248-268."},{"sequence":"64","original_text":"Short, C. 2008. &ldquo;The Traditional Commons of England and Wales in the Twenty-First Century.&rdquo; <I>International Journal of the Commons</I> 2: 192-221."},{"sequence":"65","original_text":"高村学人. 2009. 「コモンズ研究のための法概念の再定位：社会諸科学との協働を志向して」『社会科学研究』60:81-116."},{"sequence":"66","original_text":"Taylor, M. 1987. <I>The Possibility of Cooperation</I>. New York: Cambridge University Press. =1995. 松原望(訳)『協力の可能性―協力，国家，アナーキー―』木鐸社."},{"sequence":"67","original_text":"Umino, M. 1989. &ldquo;Formulation of Commons Dilemma: Dawes Model Reconsidered.&rdquo; <I>Journal of Mathematical Sociology</I> 14:237-46."},{"sequence":"68","original_text":"渡辺洋三. 1972. 『入会と法』東京大学出版会."},{"sequence":"69","original_text":"渡辺洋三・北條浩. 1975. 『林野入会と村落構造―北富士山麓の事例研究―』東京大学出版会."},{"sequence":"70","original_text":"Williamson, O. E. 1975. <I>Market and Hierarchies: Analysis and Antitrust Implications</I>. New York: Free Press. =1980. 浅沼萬里・岩崎晃(訳)『市場と企業組織』日本評論社."},{"sequence":"71","original_text":"山内康二・高橋佳孝. 2002. 「阿蘇千年の草原の現状と市民参加による保全へのとりくみ」『日本草地学会誌』48(3):290-298."},{"sequence":"72","original_text":"矢野晋吾. 2006. 「漁業権の正統性とその変化―コモンズの管理としての漁撈―」宮内泰介(編)『コモンズをささえるしくみ―レジティマシーの環境社会学―』新曜社:33-54."}]}}