{"status":"OK","apiType":"doi","apiVersion":"1.0.0","message":{"total":1,"rows":1,"totalPages":1,"page":1},"data":{"siteId":"SI/JST.JSTAGE","content_type":"JA","doi":"10.11218/ojjams.27.299","url":"https://doi.org/10.11218/ojjams.27.299","ra":"JaLC","prefix":"10.11218","site_name":"J-STAGE","publisher_list":[{"publisher_name":"Japanese Association For Mathematical Sociology","lang":"en"},{"publisher_name":"数理社会学会","lang":"ja"}],"title_list":[{"lang":"en","title":"Emergence and Persistence of Communities","subtitle":"Analyses by means of a revised Hawk-Dove game"}],"creator_list":[{"sequence":"1","type":"person","names":[{"lang":"en","last_name":"HORIUCHI","first_name":"Shiro"},{"lang":"ja","last_name":"堀内","first_name":"史朗"}],"affiliation_list":[{"affiliation_name":"Shibaura Institute of Technology","sequence":"1","lang":"en"},{"affiliation_name":"芝浦工業大学","sequence":"1","lang":"ja"}]}],"publication_date":{"publication_year":"2012"},"relation_list":[{"content":"https://www.jstage.jst.go.jp/article/ojjams/27/2/27_299/_pdf","type":"URL","relation":"fullTextPdf"}],"content_language":"en","updated_date":"2014-12-09","article_type":"pub","journal_id_list":[{"journal_id":"0913-1442","type":"ISSN","issn_type":"print"},{"journal_id":"1881-6495","type":"ISSN","issn_type":"online"},{"journal_id":"ojjams","type":"JID"}],"journal_title_name_list":[{"journal_title_name":"Sociological Theory and Methods","type":"full","lang":"en"},{"journal_title_name":"Sociological Theory and Methods","type":"abbreviation","lang":"en"},{"journal_title_name":"理論と方法","type":"full","lang":"ja"},{"journal_title_name":"理論と方法","type":"abbreviation","lang":"ja"}],"journal_classification":"01","recorded_year":"1986-2013","volume":"27","issue":"2","first_page":"299","last_page":"306","date":"2013-08-12","keyword_list":[{"keyword":"Evolutionary game theory","sequence":"1","lang":"en"},{"keyword":"Replicator dynamics","sequence":"2","lang":"en"},{"keyword":"Agent based model","sequence":"3","lang":"en"},{"keyword":"Sharing","sequence":"4","lang":"en"}],"citation_list":[{"sequence":"1","original_text":"Axelrod, R. 1984. <I>The Evolution of Cooperation.</I> Basic Books."},{"sequence":"2","doi":"10.1126/science.162.3859.1243","journal_title_name_list":[{"journal_title_name":"Science","lang":"en"}],"title_list":[{"lang":"en","title":"The tragedy of the commons"}],"volume":"162","first_page":"1243","last_page":"1248","publication_date":{"publication_year":"1968"},"creator_list":[{"sequence":"1","type":"person","names":[{"lang":"en","last_name":"HARDIN","first_name":"G."}]}],"content_language":"en","original_text":"Hardin, G. 1968. &ldquo;The tragedy of the commons.&rdquo; <I>Science</I> 162: 1243-1248."},{"sequence":"3","original_text":"Hayashi, N. 1993. &ldquo;From TIT-for-TAT to OUT-for-TAT&rdquo; <I>Sociological Theory and Methods</I> 8: 19-32."},{"sequence":"4","doi":"10.1007/s11284-007-0408-6","title_list":[{"lang":"en","title":"High population density promotes the evolution of ownership"}],"volume":"23","issue":"3","first_page":"551","last_page":"556","publication_date":{"publication_year":"2008"},"content_language":"en","original_text":"Horiuchi, S. 2008. &ldquo;High population density promotes the evolution of ownership.&rdquo; <I>Ecological Research</I> 23: 551-556."},{"sequence":"5","volume":"7","first_page":"2","publication_date":{"publication_year":"2003"},"original_text":"Kameda, T., Takezawa, M., Hastie R. 2003. &ldquo;The logic of social sharing; an evolutionary game analysis of adaptive norm development.&rdquo; <I>Personality and Social Psychology Review</I> 7: 2-19."},{"sequence":"6","original_text":"Matsumura, S., Kobayashi, T. 1998. &ldquo;A game model for dominance relations among group-living animals.&rdquo; <I>Behavioral Ecology &amp; Sociobiology</I> 42: 77-84"},{"sequence":"7","original_text":"Maynard-Smith, J. 1982. <I>Evolution and the Theory of Games.</I> Cambridge University Press."},{"sequence":"8","original_text":"Mesterton-Gibbons, M., Adams, E. S., 1998. &ldquo;Animal contest as evolutionary games.&rdquo; <I>American Scientist</I> 86: 334-341"},{"sequence":"9","doi":"10.1038/359826a0","journal_title_name_list":[{"journal_title_name":"Nature","lang":"en"}],"volume":"359","first_page":"826","last_page":"829","publication_date":{"publication_year":"1992"},"creator_list":[{"sequence":"1","type":"person","names":[{"lang":"en","last_name":"NOWAK","first_name":"MA"}]}],"content_language":"en","original_text":"Nowak, M. A., May, R. M. 1992. &ldquo;Evolutionary games and spatial chaos.&rdquo; <I>Nature</I> 359: 826-829."},{"sequence":"10","original_text":"Oura, H. 2008. <I>Shakai Kagakusha no tame no Shinka Geimu Riron: Kiso kara Ouyou made.</I> Keiso Shobou."},{"sequence":"11","original_text":"Ostrom, E. 1990. <I>Governing the Commons.</I> Cambridge University Press."},{"sequence":"12","doi":"10.1080/00222500210525","volume":"26","first_page":"1","last_page":"16","publication_date":{"publication_year":"2002"},"original_text":"Sato, Y. 2002. &ldquo;Trust, assurance, and inequality: a rational choice model of mutual trust.&rdquo; <I>Journal of Mathematical Sociology</I> 26: 1-16."},{"sequence":"13","original_text":"Solnit, R. 2009. <I>A Paradise Build in Hell: The Extraordinary Communities That Arise in Disaster.</I> Viking."},{"sequence":"14","original_text":"Terashima, H. 2011. <I>Byoudouron: Reicyourui to Hito ni okeru Shakai to Byoudousei no Sinka.</I> Nakanishiya."},{"sequence":"15","original_text":"Weibul, J. W. 1995. <I>Evolutionary Game Theory.</I> The MIT Press."}]}}