{"status":"OK","apiType":"doi","apiVersion":"1.0.0","message":{"total":1,"rows":1,"totalPages":1,"page":1},"data":{"siteId":"SI/JST.JSTAGE","content_type":"JA","doi":"10.11218/ojjams.15.375","url":"https://doi.org/10.11218/ojjams.15.375","ra":"JaLC","prefix":"10.11218","site_name":"J-STAGE","publisher_list":[{"publisher_name":"Japanese Association For Mathematical Sociology","lang":"en"},{"publisher_name":"数理社会学会","lang":"ja"}],"title_list":[{"lang":"en","title":"Being Unmarried under Sex Discrimination and Inequality within the Sexes :","subtitle":"A Simple Model"}],"creator_list":[{"sequence":"1","type":"person","names":[{"lang":"en","last_name":"KIMURA","first_name":"Kunihiro"}],"affiliation_list":[{"affiliation_name":"Tohoku University","sequence":"1","lang":"en"}]}],"publication_date":{"publication_year":"2000"},"relation_list":[{"content":"https://www.jstage.jst.go.jp/article/ojjams/15/2/15_375/_pdf","type":"URL","relation":"fullTextPdf"}],"content_language":"en","updated_date":"2016-09-29","article_type":"pub","journal_id_list":[{"journal_id":"0913-1442","type":"ISSN","issn_type":"print"},{"journal_id":"1881-6495","type":"ISSN","issn_type":"online"},{"journal_id":"ojjams","type":"JID"}],"journal_title_name_list":[{"journal_title_name":"Sociological Theory and Methods","type":"full","lang":"en"},{"journal_title_name":"Sociological Theory and Methods","type":"abbreviation","lang":"en"},{"journal_title_name":"理論と方法","type":"full","lang":"ja"},{"journal_title_name":"理論と方法","type":"abbreviation","lang":"ja"}],"journal_classification":"01","recorded_year":"1986-2013","volume":"15","issue":"2","first_page":"375","last_page":"382","date":"2016-09-30","keyword_list":[{"keyword":"Probability of Being Unmarried","sequence":"1","lang":"en"},{"keyword":"Sex Discrimination","sequence":"2","lang":"en"},{"keyword":"Inequality within the Sexes","sequence":"3","lang":"en"},{"keyword":"Micro-Macro Link","sequence":"4","lang":"en"}],"citation_list":[{"sequence":"1","original_text":"Aitchison, J., and J. A. C. Brown. 1957. <I>The Lognormal Distribution: With Special Reference to Its Uses in Economics</I>. Cambridge: Cambridge University Press."},{"sequence":"2","original_text":"Becker, Gary S. 1991. <I>A Treatise on the Family</I>, enlarged ed. Cambridge, Massachusetts: Harvard University Press."},{"sequence":"3","original_text":"Blau, Francine D., and Lawrence M. Kahn. 1992. &ldquo;The Gender Earnings Gap: Learning from International Comparison.&rdquo; <I>American Economic Review</I>. 82(2):533-538."},{"sequence":"4","original_text":"Blau, Francine D., and Lawrence M. Kahn. 1996. &ldquo;Wage Structure and Gender Earnings Differentials: An International Comparison.&rdquo; <I>Economica</I>. 63(250):S29-S62."},{"sequence":"5","original_text":"Brinton, Mary C. 1993. <I>Women and the Economic Miracle: Gender and Work in Postwar Japan</I>. Berkeley: University of California Press."},{"sequence":"6","original_text":"Cohn, Samuel. 1985. <I>The Process of Occupational Sex-Typing: The Feminization of Clerical Labor in Great Britain</I>. Philadelphia: Temple University Press."},{"sequence":"7","original_text":"Cowell, Frank A. 1995. <I>Measuring Inequality</I>, 2nd ed. London: Prentice-Hall/Harvester Wheatsheaf."},{"sequence":"8","original_text":"Elster, Jon. 1989. <I>Nuts and Bolts for the Social Sciences</I>. Cambridge: Cambridge University Press."},{"sequence":"9","original_text":"Frey, Bruno S., and Reiner Eichenberger. 1996. &ldquo;Marriage Paradoxes.&rdquo; <I>Rationality and Society</I>. 8(2):187-206."},{"sequence":"10","original_text":"Gibrat, R. 1931. <I>Les in&eacute;galit&eacute;s &eacute;conomiques</I>. Paris: Sirey."},{"sequence":"11","original_text":"Goldin, Claudia. 1990. <I>Understanding the Gender Gap: An Economic History of American Women</I>. New York: Oxford University Press."},{"sequence":"12","original_text":"Hakim, Catherine. 1996. <I>Key Issues in Women's Work: Female Heterogeneity and the Polarisation of Women's Employment</I>. London: Athlone."},{"sequence":"13","original_text":"ILO (International Labour Organization). Various years. <I>Yearbook of Labor Statistics</I>. Geneva: ILO (International Labour Organization)."},{"sequence":"14","original_text":"Kalecki, M. 1945. &ldquo;On the Gibrat Distribution.&rdquo; <I>Econometirca</I>. 13(2):161-170."},{"sequence":"15","original_text":"Lave, Charles, and James G. March. 1975. <I>An Introduction to Models in the Social Sciences</I>. New York: Harper and Row."},{"sequence":"16","original_text":"Leigh, J. Paul. 1985. &ldquo;Divorce as a Risky Prospect.&rdquo; <I>Applied Economics</I>. 17:309-320."},{"sequence":"17","original_text":"Mincer, Jacob. 1974. <I>Schooling, Experience, and Earnings</I>. New York: Columbia University Press."},{"sequence":"18","original_text":"OECD (Organization for Economic Co-operation and Development). 1985. <I>The Integration of Women into the Economy</I>. Paris: OECD (Organization for Economic Co-operation and Development)."},{"sequence":"19","original_text":"Policy Planning and Research Department, Ministry of Labour, Japan. Various years. <I>Chingin Sensasu</I> (The Basic Survey of Wage Structure). (in Japanese) Tokyo: R&ocirc;do H&ocirc;rei Ky&ocirc;kai."},{"sequence":"20","original_text":"Pomanskii, A. B. 1986. &ldquo;An Analysis of the Incentive Model and the Log-Normal Distribution of Income.&rdquo; <I>Matekon</I>. 22(2):86-104."},{"sequence":"21","original_text":"Rosenfeld, Rachel A., and Arne L. Kalleberg. 1990. &ldquo;A Cross-national Comparison of the Gender Gap in Income.&rdquo; <I>American Journal of Sociology</I>. 96(1):69-106."},{"sequence":"22","original_text":"Rutherford, R. S. G. 1955. &ldquo;Income Distributions: A New Model.&rdquo; <I>Econometrica</I>. 23(3):277-294."},{"sequence":"23","original_text":"Santos, Fredricka Pickford. 1975. &ldquo;The Economics of Marital Status.&rdquo; Pp.244-268 in <I>Sex, Discrimination, and the Division of Labor</I>, edited by Cynthia B. Lloyd. New York: Columbia University Press."},{"sequence":"24","original_text":"Saunders, Christopher, and David Marsden. 1981. <I>Pay Inequalities in the European Communities</I>. London: Butterworth."},{"sequence":"25","original_text":"Sen, Amartya. 1973. <I>On Economic Inequality</I>. New York: W. W. Norton."},{"sequence":"26","original_text":"U.S. Bureau of Labor Statistics. Various years. <I>Employment and Earnings</I>. Washington D.C.: Government Printing Office."}]}}