{"status":"OK","apiType":"doi","apiVersion":"1.0.0","message":{"total":1,"rows":1,"totalPages":1,"page":1},"data":{"siteId":"SI/JST.JSTAGE","content_type":"JA","doi":"10.11218/ojjams.1.131","url":"https://doi.org/10.11218/ojjams.1.131","ra":"JaLC","prefix":"10.11218","site_name":"J-STAGE","publisher_list":[{"publisher_name":"Japanese Association For Mathematical Sociology","lang":"en"},{"publisher_name":"数理社会学会","lang":"ja"}],"title_list":[{"lang":"ja","title":"集団内差別の発生過程"},{"lang":"en","title":"The Modeling of Discrimination Process in Human Groups"}],"creator_list":[{"sequence":"1","type":"person","names":[{"lang":"ja","last_name":"都筑","first_name":"一治"},{"lang":"en","last_name":"TSUZUKI","first_name":"Kazuharu"}],"affiliation_list":[{"affiliation_name":"Hokkaido University","sequence":"1","lang":"en"},{"affiliation_name":"北海道大学","sequence":"1","lang":"ja"}]}],"publication_date":{"publication_year":"1986"},"relation_list":[{"content":"https://www.jstage.jst.go.jp/article/ojjams/1/1/1_1_131/_pdf","type":"URL","relation":"fullTextPdf"}],"content_language":"ja","updated_date":"2017-03-23","article_type":"pub","journal_id_list":[{"journal_id":"0913-1442","type":"ISSN","issn_type":"print"},{"journal_id":"1881-6495","type":"ISSN","issn_type":"online"},{"journal_id":"ojjams","type":"JID"}],"journal_title_name_list":[{"journal_title_name":"Sociological Theory and Methods","type":"full","lang":"en"},{"journal_title_name":"Sociological Theory and Methods","type":"abbreviation","lang":"en"},{"journal_title_name":"理論と方法","type":"full","lang":"ja"},{"journal_title_name":"理論と方法","type":"abbreviation","lang":"ja"}],"journal_classification":"01","recorded_year":"1986-2013","volume":"1","issue":"1","first_page":"131","last_page":"145","date":"2009-03-01","citation_list":[{"sequence":"1","original_text":"朝日新聞大阪本社編 1985『なぜいじめるの　渦中からの報告』朝日新聞社"},{"sequence":"2","original_text":"Cartwright, D. and F. Harary 1956 &ldquo;Structural Balance: A Generalization of Heider's Theory&rdquo; <I>Psychological Review</I> 63:277-293（黒川正流訳「構造的均衡：ハイダー理論の拡張」カートライト・ザンダー編(三隅二不二・佐々木薫訳編『グループ・ダイナミックス』第2版 誠信書房 845-871)）"},{"sequence":"3","original_text":"Coleman, James S. 1964 <I>Models of Change and Response Uncertainty</I> Prentice-Hall, Inc（西田春彦・平松闊共訳『態度変容モデル』 1974 紀伊国屋書店）"},{"sequence":"4","original_text":"Hunter, John E. 1978 &ldquo;Dynamic Sociometry&rdquo; <I>Journal of Mathematical Sociology</I> 6:87-138"},{"sequence":"5","original_text":"石崎一記 1986「弱いものいじめの実態」（高野清純編著『いじめのメカニズム』教育出版 pp.23-50）"},{"sequence":"6","original_text":"Killworth, Peter D. and H. Russell Bernard 1976 &ldquo;A Model of Human Group Dynamics&rdquo; <I>Social Science Research</I> 5:173-224"},{"sequence":"7","original_text":"高坂健次 1978「差別問題にたいするフォーマル・アプローチ」『ソシオロジ」23:2 :1-16"},{"sequence":"8","original_text":"森田洋司 1986「いじめの一般化と規範意識の希薄化」『犯罪と非行』 68:150-175"},{"sequence":"9","original_text":"Schelling, Thomas C. 1978 <I>Micromotive and Macrobehavior</I> W.W.Norton &amp; Company, Inc. New York London"},{"sequence":"10","original_text":"Sorensen, Aage B. and Maureen T. Hallinan 1976 &ldquo;A Stochastic Model for Change in Group Structure&rdquo; <I>Social Science Research</I> 5:43-61"},{"sequence":"11","original_text":"Taylor, Howard F. 1970 <I>Balance in Small Groups</I> Van Nostrand Reinhold Company, New York（三隅二不二監訳『集団システム論』誠信書房 昭和53年"}]}}