{"status":"OK","apiType":"doi","apiVersion":"1.0.0","message":{"total":1,"rows":1,"totalPages":1,"page":1},"data":{"siteId":"SI/JST.JSTAGE","content_type":"JA","doi":"10.11218/ojjams.25.125","url":"https://doi.org/10.11218/ojjams.25.125","ra":"JaLC","prefix":"10.11218","site_name":"J-STAGE","publisher_list":[{"publisher_name":"Japanese Association For Mathematical Sociology","lang":"en"},{"publisher_name":"数理社会学会","lang":"ja"}],"title_list":[{"lang":"ja","title":"キャリアモデルの特性－選好関連にみる職業志向性","subtitle":"―特性重視方式による結果との比較を通して―"},{"lang":"en","title":"Occupational Orientation Derived from the Association of Feature-Preference of Career Models:","subtitle":"A Comparison with the Result from Feature-Importance Procedure"}],"creator_list":[{"sequence":"1","type":"person","names":[{"lang":"ja","last_name":"林","first_name":"拓也"},{"lang":"en","last_name":"HAYASHI","first_name":"Takuya"}],"affiliation_list":[{"affiliation_name":"Faculty of Letters<BR>Nara Women&prime;s University","sequence":"1","lang":"en"},{"affiliation_name":"奈良女子大学","sequence":"1","lang":"ja"}]}],"publication_date":{"publication_year":"2010"},"relation_list":[{"content":"https://www.jstage.jst.go.jp/article/ojjams/25/1/25_1_125/_pdf","type":"URL","relation":"fullTextPdf"}],"content_language":"ja","updated_date":"2017-03-23","article_type":"pub","journal_id_list":[{"journal_id":"0913-1442","type":"ISSN","issn_type":"print"},{"journal_id":"1881-6495","type":"ISSN","issn_type":"online"},{"journal_id":"ojjams","type":"JID"}],"journal_title_name_list":[{"journal_title_name":"Sociological Theory and Methods","type":"full","lang":"en"},{"journal_title_name":"Sociological Theory and Methods","type":"abbreviation","lang":"en"},{"journal_title_name":"理論と方法","type":"full","lang":"ja"},{"journal_title_name":"理論と方法","type":"abbreviation","lang":"ja"}],"journal_classification":"01","recorded_year":"1986-2013","volume":"25","issue":"1","first_page":"125","last_page":"143","date":"2010-10-03","keyword_list":[{"keyword":"occupational orientation","sequence":"1","lang":"en"},{"keyword":"職業指向性","sequence":"1","lang":"ja"},{"keyword":"career model","sequence":"2","lang":"en"},{"keyword":"キャリアモデル","sequence":"2","lang":"ja"},{"keyword":"occupational preference","sequence":"3","lang":"en"},{"keyword":"職業選好","sequence":"3","lang":"ja"},{"keyword":"MDPREF","sequence":"4","lang":"en"},{"keyword":"MDPREF","sequence":"4","lang":"ja"}],"citation_list":[{"sequence":"1","original_text":"アデコ株式会社. 2004.『はたらく白書2004』アデコ株式会社."},{"sequence":"2","original_text":"Carroll, J. D. 1980. &ldquo;Models and Methods for Multidimensional Analysis of Preferential Choice</I> (or Other Dominance) Data.&rdquo; Pp.234-89 in <I>Similarity and Choice edited by E. D. Lantermann and H. Feger. Bern: Hans Huber."},{"sequence":"3","original_text":"千葉隆之. 2000. 「旧東西ドイツにおける職業生活価値観の違い ―ドイツの総合社会調査による分析」 佐藤博樹・石田浩・池田謙一（編）『社会調査の公開データ 2次分析への招待』東京大学出版会: 171-84."},{"sequence":"4","original_text":"藤田英典. 1998. 「職業イメージと職業アスピレーションの構造に関する一考察」 苅谷剛彦（編）『1995年SSM調査シリーズ11 教育と職業 ―構造と意識の分析』1995年SSM調査研究会: 119-47."},{"sequence":"5","original_text":"Greenacre, M. J. 1993. <I>Correspondence Analysis in Practice.</I> London: Academic Press."},{"sequence":"6","original_text":"原純輔. 1981.「職業経歴の社会学的研究 ―到達点と課題」 雇用促進事業団職業研究所『職業の社会学的研究（その3）』: 1-33."},{"sequence":"7","original_text":"Lindsay, P. and W. E. Knox. 1984. &ldquo;Continuity and Change in Work Values among Young Adults: A Longitudinal Study.&rdquo;, <I>American Journal of Sociology</I> 89(4): 918-31."},{"sequence":"8","original_text":"Mortimer, J.T. and J. Lorence. 1979. &ldquo;Work Experience and Occupational Value Socialization: A Longitudinal Study.&rdquo;, <I>American Journal of Sociology</I> 84(6): 1361-84."},{"sequence":"9","original_text":"内閣府国民生活局. 2009. 『平成20年度国民生活選好度調査』 http://www5.cao.go.jp/seikatsu/senkoudo/senkoudo.html"},{"sequence":"10","original_text":"中山慶子・小島秀夫. 1979. 「教育アスピレーションと職業アスピレーション」 富永健一（編）『日本の階層構造』東京大学出版会: 293-328."},{"sequence":"11","original_text":"NHK放送文化研究所. 2004.『現代日本人の意識構造［第六版］』日本放送出版協会."},{"sequence":"12","original_text":"西久美子・荒牧央. 2009. 「仕事の満足度が低い日本人 ～ISSP国際比較調査「職業意識」から～」 『放送研究と調査』2009年6月号: 18-31."},{"sequence":"13","original_text":"岡太彬訓・今泉忠. 1994. 『パソコン多次元尺度構成法』共立出版."},{"sequence":"14","original_text":"岡本英雄. 1972. 「職業イメージと職業選択」 『職業研究所研究紀要』3: 73-87."},{"sequence":"15","original_text":"岡本英雄・原純輔. 1979. 「職業の魅力評価の分析」 富永健一（編）『日本の階層構造』東京大学出版会: 421-33."},{"sequence":"16","original_text":"小野寺典子. 1998. 「日本人の仕事観 ～ISSP国際比較調査，日本の結果から～」 『放送研究と調査』1998年6月号: 52-63."},{"sequence":"17","original_text":"佐藤香. 2004. 「JGSS-2002にみる働きかたの多様化・雇用条件・職業観」 大阪商業大学比較地域研究所・東京大学社会科学研究所（編）『研究論文集[3] JGSSで見た日本人の意識と行動』: 109-20."},{"sequence":"18","original_text":"Sewell, W. H., A. O. Haller and A. Portes. 1969. &ldquo;The Educational and Early Occupational Attainment Process.&rdquo;, <I>American Sociological Review</I> 34(1): 82-92."}]}}