{"status":"OK","apiType":"doi","apiVersion":"1.0.0","message":{"total":1,"rows":1,"totalPages":1,"page":1},"data":{"siteId":"SI/JST.JSTAGE","content_type":"JA","doi":"10.11218/ojjams.27.63","url":"https://doi.org/10.11218/ojjams.27.63","ra":"JaLC","prefix":"10.11218","site_name":"J-STAGE","publisher_list":[{"publisher_name":"Japanese Association For Mathematical Sociology","lang":"en"},{"publisher_name":"数理社会学会","lang":"ja"}],"title_list":[{"lang":"en","title":"The &ldquo;Within&ndash;Subject&rdquo; Effects of Intragenerational Class Mobility on Subjective Social Status"},{"title":"世代内階層移動と階層帰属意識","subtitle":"パネルデータによる個人内変動と個人間変動の検討"}],"creator_list":[{"sequence":"1","type":"person","names":[{"lang":"en","last_name":"MIWA","first_name":"Satoshi"},{"lang":"ja","last_name":"三輪","first_name":"哲"}],"affiliation_list":[{"affiliation_name":"Tohoku University","sequence":"1","lang":"en"},{"affiliation_name":"東北大学","sequence":"1","lang":"ja"}]},{"sequence":"2","type":"person","names":[{"lang":"en","last_name":"YAMAMOTO","first_name":"Koji"},{"lang":"ja","last_name":"山本","first_name":"耕資"}],"affiliation_list":[{"affiliation_name":"Chuo University","sequence":"1","lang":"en"},{"affiliation_name":"中央大学・日本学術振興会","sequence":"1","lang":"ja"}]}],"publication_date":{"publication_year":"2012"},"relation_list":[{"content":"https://www.jstage.jst.go.jp/article/ojjams/27/1/27_63/_pdf","type":"URL","relation":"fullTextPdf"}],"content_language":"ja","updated_date":"2014-12-09","article_type":"pub","journal_id_list":[{"journal_id":"0913-1442","type":"ISSN","issn_type":"print"},{"journal_id":"1881-6495","type":"ISSN","issn_type":"online"},{"journal_id":"ojjams","type":"JID"}],"journal_title_name_list":[{"journal_title_name":"Sociological Theory and Methods","type":"full","lang":"en"},{"journal_title_name":"Sociological Theory and Methods","type":"abbreviation","lang":"en"},{"journal_title_name":"理論と方法","type":"full","lang":"ja"},{"journal_title_name":"理論と方法","type":"abbreviation","lang":"ja"}],"journal_classification":"01","recorded_year":"1986-2013","volume":"27","issue":"1","first_page":"63","last_page":"84","date":"2013-03-18","keyword_list":[{"keyword":"パネルデータ","sequence":"1","lang":"ja"},{"keyword":"Panel data","sequence":"1","lang":"en"},{"keyword":"マルチレベル分析","sequence":"2","lang":"ja"},{"keyword":"Multilevel analysis","sequence":"2","lang":"en"},{"keyword":"固定効果モデル","sequence":"3","lang":"ja"},{"keyword":"Fixed effect model","sequence":"3","lang":"en"},{"keyword":"階層帰属意識","sequence":"4","lang":"ja"},{"keyword":"Sujective social status","sequence":"4","lang":"en"}],"citation_list":[{"sequence":"1","original_text":"Allison, Paul. 2009. <I>Fixed Effects Regression Models.</I> Sage."},{"sequence":"2","original_text":"有田伸. 2010. 「変化の方向とパターンを区別したパネルデータ分析の可能性：従業上の地位の変化がもたらす所得変化を事例として」『東京大学社会科学研究所パネル調査プロジェクトディスカッションペーパーシリーズ』."},{"sequence":"3","volume":"30","first_page":"415","publication_date":{"publication_year":"1979"},"original_text":"Erikson, Robert, John H. Goldthorpe and Lucienne Portocarero. 1979. &ldquo;Intergenerational Class Mobility in Three Western European Societies: England, France and Sweden.&rdquo; <I>British Journal of Sociology,</I> 30: 415-441."},{"sequence":"4","original_text":"石田浩. 2003. 「社会階層と階層意識の国際比較」樋口美雄・財務省財務総合政策研究所（編）『日本の所得格差と社会階層』日本評論社: 105-126."},{"sequence":"5","original_text":"神林博史. 2011. 「中流意識と日本社会―階層帰属意識の時代的変化とその意味」盛山和夫ほか（編）『日本の社会階層とそのメカニズム』白桃書房: 151-184."},{"sequence":"6","original_text":"吉川徹. 1998. 『階層・教育と社会意識の形成―社会意識論の磁界』ミネルヴァ書房."},{"sequence":"7","doi":"10.4057/jsr.50.216","title_list":[{"lang":"en","title":"Changes of the Determinant of Class Identification in Japan"}],"volume":"50","issue":"2","first_page":"216","last_page":"230","publication_date":{"publication_year":"1999"},"creator_list":[{"sequence":"1","type":"person","names":[{"lang":"en","last_name":"Kikkawa","first_name":"Toru"},{"lang":"ja","last_name":"吉川","first_name":"徹"}]}],"original_text":"吉川徹. 1999. 「『中』意識の静かな変容」『社会学評論』50(2): 216-230."},{"sequence":"8","original_text":"吉川徹. 2006. 『学歴と格差・不平等―成熟する日本型学歴社会』東京大学出版会."},{"sequence":"9","original_text":"吉川徹. 2011. 「階層意識の現在とゆくえ」斎藤友里子・三隅一人（編）『現代の階層社会[3] 流動化のなかの社会意識』東京大学出版会: 63-77."},{"sequence":"10","original_text":"小林大祐. 2011. 「雇用流動化社会における働き方と階層帰属意識」斎藤友里子・三隅一人（編）『現代の階層社会[3] 流動化のなかの社会意識』東京大学出版会: 95-110."},{"sequence":"11","original_text":"三輪哲. 2008. 「働き方とライフスタイルの変化に関する全国調査2007 における標本特性と欠票についての基礎分析」『東京大学社会科学研究所パネル調査プロジェクトディスカッションペーパーシリーズ』."},{"sequence":"12","original_text":"三輪哲. 2009. 「社会的格差をとらえるためのマイクロクラス・アプローチ―JGSS累積データ2000-2006による計量的分析」大阪商業大学JGSS研究センター・東京大学社会科学研究所（編） 『日本版General Social Surveys研究論文集[8]: JGSSで見た日本人の意識と行動』 大阪商業大学JGSS研究センター: 1-12."},{"sequence":"13","original_text":"直井道子. 1979. 「階層意識と階級意識」富永健一（編）『日本の階層構造』東京大学出版会: 365-388."},{"sequence":"14","first_page":"2008","publication_date":{"publication_year":"2008"},"original_text":"Rabe-Hesketh, Sophia and Anders Skrondal. 2008. <I>Multilevel and Longitudinal Modeling Using Stata (second edition).</I> Stata Press."},{"sequence":"15","original_text":"白波瀬佐和子. 2000. 「女性の就業と階級構造」盛山和夫（編）『日本の階層システム４―ジェンダー・市場・家族』東京大学出版会: 133-155."},{"sequence":"16","original_text":"Snijders, Tom A. B. and Roel J. Bosker. 1999. <I>Multilevel Analysis: An Introduction to Basic and Advanced Multilevel Modeling.</I> Sage."},{"sequence":"17","original_text":"数土直紀. 2009. 『階層意識のダイナミクス』勁草書房."},{"sequence":"18","original_text":"都築一治（編）. 1998. 『1995年SSM調査シリーズ[5] 職業評価の構造と職業威信スコア』1995年SSM調査研究会."},{"sequence":"19","original_text":"山本耕資. 2011. 「パネルデータにおける個人内変動・個人間変動・生成メカニズム：モンテカルロシミュレーションによる検討」『東京大学社会科学研究所パネル調査プロジェクトディスカッションペーパーシリーズ』."},{"sequence":"20","original_text":"山本耕資・石田浩. 2010. 「働き方とライフスタイルの変化に関する全国調査(JLPS)の欠票分類と回収状況に関する諸指標の検討：対象者「本人」の協力の度合いと調査員訪問の成功の度合い」『東京大学社会科学研究所パネル調査プロジェクトディスカッションペーパーシリーズ』."},{"sequence":"21","original_text":"山本耕資・三輪哲. 2011. 「個人的・社会的意識の態様と変化：JLPSデータによる分析」『東京大学社会科学研究所パネル調査プロジェクトディスカッションペーパーシリーズ』."}]}}