{"status":"OK","apiType":"doi","apiVersion":"1.0.0","message":{"total":1,"rows":1,"totalPages":1,"page":1},"data":{"siteId":"SI/JST.JSTAGE","content_type":"JA","doi":"10.11218/ojjams.17.211","url":"https://doi.org/10.11218/ojjams.17.211","ra":"JaLC","prefix":"10.11218","site_name":"J-STAGE","publisher_list":[{"publisher_name":"Japanese Association For Mathematical Sociology","lang":"en"},{"publisher_name":"数理社会学会","lang":"ja"}],"title_list":[{"lang":"ja","title":"感情規則と三者関係の理論による二重拘束の形式的記述とその含意について"},{"lang":"en","title":"On Formal Description of Double Bind Situations Based on Feeling Rules and the Theories of Triad Relations, and Its Implication"}],"creator_list":[{"sequence":"1","type":"person","names":[{"lang":"ja","last_name":"野村","first_name":"竜也"},{"lang":"en","last_name":"NOMURA","first_name":"Tatsuya"}],"affiliation_list":[{"affiliation_name":"Faculty of Management Information<BR>Hannan University","sequence":"1","lang":"en"},{"affiliation_name":"阪南大学","sequence":"1","lang":"ja"}]}],"publication_date":{"publication_year":"2002"},"relation_list":[{"content":"https://www.jstage.jst.go.jp/article/ojjams/17/2/17_2_211/_pdf","type":"URL","relation":"fullTextPdf"}],"content_language":"ja","updated_date":"2017-03-23","article_type":"pub","journal_id_list":[{"journal_id":"0913-1442","type":"ISSN","issn_type":"print"},{"journal_id":"1881-6495","type":"ISSN","issn_type":"online"},{"journal_id":"ojjams","type":"JID"}],"journal_title_name_list":[{"journal_title_name":"Sociological Theory and Methods","type":"full","lang":"en"},{"journal_title_name":"Sociological Theory and Methods","type":"abbreviation","lang":"en"},{"journal_title_name":"理論と方法","type":"full","lang":"ja"},{"journal_title_name":"理論と方法","type":"abbreviation","lang":"ja"}],"journal_classification":"01","recorded_year":"1986-2013","volume":"17","issue":"2","first_page":"211","last_page":"226","date":"2009-02-10","keyword_list":[{"keyword":"double bind theory","sequence":"1","lang":"en"},{"keyword":"二重拘束理論","sequence":"1","lang":"ja"},{"keyword":"feeling rules","sequence":"2","lang":"en"},{"keyword":"感情規則","sequence":"2","lang":"ja"},{"keyword":"cognitive consistency","sequence":"3","lang":"en"},{"keyword":"認知的斉合性","sequence":"3","lang":"ja"}],"citation_list":[{"sequence":"1","original_text":"Bateson, G. 1972. <I>Steps to an Ecology of Mind</I>. San Francisco: Harper &amp; Row. =1990. 佐藤良明（訳） 『精神の生態学』 思索社."},{"sequence":"2","original_text":"Ciompi, L. 1982. <I>Affektlogik</I>. Stuttgart: Klett-Cotta. =1994. 松本雅彦・井上有史・菅原圭悟（訳） 『感情論理』 学樹書院."},{"sequence":"3","original_text":"Foley, V. D. 1986. <I>An Introduction to Family Therapy</I>. New York: Grune &amp; Stratton. =1993. 藤縄昭・新宮一成・福山和女（訳） 『家族療法 －初心者のために』 創元社."},{"sequence":"4","original_text":"Gergen, K. J. 1994. <I>Toward Transformation in Social Knowledge</I>. London: Sage. =1998. 杉万俊夫・矢守克也・渥美公秀（監訳） 『もう一つの社会心理学』 ナカニシヤ出版."},{"sequence":"5","original_text":"Gr&uuml;nbaum, A. 1984. <I>The Foundations of Psychoanalysis: A Philosophical Critique</I>. Berkeley: University of California Press. =1996. 村田純一 他（訳） 『精神分析の基礎 －科学哲学からの批判』 産業図書."},{"sequence":"6","original_text":"長谷正人. 1989. 「ダブル・バインドへのシステム論的アプローチ」 『社会学評論』 40:310-24."},{"sequence":"7","original_text":"長谷川啓三. 1987. 『家族内パラドックス －逆説と構成主義』 彩古書房."},{"sequence":"8","original_text":"Heider, F. 1958. <I>The Psychology of Interpersonal Relations</I>. New York: John Wiley &amp; Sons. =1978. 大橋正夫（訳） 『対人関係の心理学』 誠信書房."},{"sequence":"9","original_text":"平川和子. 1999. 「フェミニスト・セラピー －共感と安全を保障するつながり」 小森康永・野口裕二・野村直樹（編） 『ナラティヴ・セラピーの世界』 日本評論社, 5章, pp. 93-111."},{"sequence":"10","original_text":"Hochschild, A. R. 1979. &ldquo;Emotion Work, Feeling Rules and Social Structure.&rdquo; <I>American Journal of Sociology</I> 85:551-75."},{"sequence":"11","original_text":"Hochschild, A. R. 1983. <I>The Managed Heart: Commercialization of Human Feeling</I>. Berkeley and Los Angeles: University of California Press. =2000. 石川准・室伏亜希（訳） 『管理される心 －感情が商品になるとき』 世界思想社."},{"sequence":"12","original_text":"Hochschild, A. R. 1990. &ldquo;Ideology and Emotion Management: A Perspective and Path for Future Research.&rdquo; Pp.117-42 in <I>Research Agendas in the Sociology of Emotions</I>, edited by T. D. Kemper. New York: State University of New York Press."},{"sequence":"13","original_text":"高坂健二. 2000. 『社会学におけるフォーマル・セオリー －階層イメージに関するFKモデル』 ハーベスト社."},{"sequence":"14","original_text":"Koopmans, M. 1997. &ldquo;Schizophrenia and the Family: Double Bind Theory Revisited.&rdquo; <I>Dynamical Psychology</I> (electric journal: http://goertzel.org/dynapsyc/1997/Koopmans.html)."},{"sequence":"15","original_text":"Koopmans, M. 1998. &ldquo;Schizophrenia and the Family II: Paradox and Absurdity in Human Communication Reconsidered.&rdquo; <I>Dynamical Psychology</I> (electric journal: http://goertzel.org/dynapsyc/1998/KoopmansPaper.htm)."},{"sequence":"16","original_text":"松山安雄（編） 1982. 『現代社会心理学要説』 北大路書房."},{"sequence":"17","original_text":"McNamee, S., and K. J. Gergen. 1992. <I>Therapy as Social Construction</I>. London: Sage. =1997. 野口裕二・野村直樹（訳） 『ナラティヴ・セラピー －社会構成主義の実践』 金剛出版."},{"sequence":"18","original_text":"森真一. 2000. 『自己コントロールの檻 －感情マネジメント社会の現実』 講談社."},{"sequence":"19","original_text":"Newcomb, T. M. 1953. &ldquo;An approach to the study of communicative acts.&rdquo; <I>Psychological Review</I> 60:393-404."},{"sequence":"20","original_text":"野村竜也. 2000a. 「感情規則による二重拘束の計算論的モデル」 『信学技報』 99(563):9-16."},{"sequence":"21","original_text":"野村竜也. 2000b. 「オートポイエーシスの数理的記述に関する展望」 『実験社会心理学研究』 40:73-86."},{"sequence":"22","original_text":"野村竜也. 2000c. 「計算論的感情モデルとグループ・ダイナミックス」 『心理学評論』 43:411-26."},{"sequence":"23","original_text":"岡堂哲雄（編） 1992. 『家族心理学入門』 培風館."},{"sequence":"24","original_text":"岡原正幸・山田昌弘・安川一・石川准. 1997. 『感情の社会学 －エモーション・コンシャスな時代』 世界思想社."},{"sequence":"25","original_text":"Osgood, C. E., and P. H. Tannenbaum. 1955. &ldquo;The principle of congruity in the prediction of attitude change.&rdquo; <I>Psychological Review</I> 62:42-55."},{"sequence":"26","original_text":"Schachter, S., and J. E. Singer. 1962. &ldquo;Cognitive, social, and physiological determinants of emotional state.&rdquo; <I>Psychological Review</I> 69:379-99."},{"sequence":"27","original_text":"Sokal, A., and J. Bricmont. 1998. <I>Fashonable Nonsense: Postmodern Intellectuals' Abuse of Science</I>. New York: Brockman. =2000. 田崎晴明・大野克嗣・堀 茂樹（訳） 『「知」の欺瞞 －ポストモダン思想における科学の濫用』 岩波書店."},{"sequence":"28","original_text":"杉万俊夫・深尾誠. 1999. 「実証から実践へ －ガーゲンの社会心理学」 小森康永・野口裕二・野村直樹（編） 『ナラティヴ・セラピーの世界』 日本評論社, 第3章, pp. 55-71."},{"sequence":"29","original_text":"十島雍蔵. 2001. 『家族システム援助論』 ナカニシヤ出版."},{"sequence":"30","original_text":"Watzlawick, P., J. B. Bavelas, and D. D. Jackson. 1967. <I>Pragmatics of Human Communication: A Study of Interactional Patterns, Pathologies, and Paradoxes</I>. New York: W. W. Norton &amp; Company. =1998. 山本和郎・尾川丈一（訳） 『人間コミュニケーションの語用論 －相互作用パターン、病理とパラドックスの研究』 二瓶社."},{"sequence":"31","original_text":"Watzlawick, P., J. H. Weakland, and R. Fisch. 1974. <I>CHANGE: Principles of Problem Formation and Problem Resolution</I>. New York: W. W. Norton &amp; Company. =1992. 長谷川啓三（訳） 『変化の原理 －問題の形成と解決』 法政大学出版局."}]}}