{"status":"OK","apiType":"doi","apiVersion":"1.0.0","message":{"total":1,"rows":1,"totalPages":1,"page":1},"data":{"siteId":"SI/JST.JSTAGE","content_type":"JA","doi":"10.11218/ojjams.20.211","url":"https://doi.org/10.11218/ojjams.20.211","ra":"JaLC","prefix":"10.11218","site_name":"J-STAGE","publisher_list":[{"publisher_name":"Japanese Association For Mathematical Sociology","lang":"en"},{"publisher_name":"数理社会学会","lang":"ja"}],"title_list":[{"lang":"ja","title":"自由と責任の制度","subtitle":"-パレート派リベラルの不可能性と契約自由解の可能性-"},{"lang":"en","title":"The Social Institution of Freedom and Responsibility:","subtitle":"the Impossibility of a Paretian Liberal and the Possibility of Freedom of Contract"}],"creator_list":[{"sequence":"1","type":"person","names":[{"lang":"ja","last_name":"内藤","first_name":"準"},{"lang":"en","last_name":"NAITO","first_name":"Jun"}],"affiliation_list":[{"affiliation_name":"The University of Tokyo Graduate School of Humanities and Sociology","sequence":"1","lang":"en"},{"affiliation_name":"東京大学","sequence":"1","lang":"ja"},{"affiliation_name":"Japan Society for the Promotion of Science","sequence":"2","lang":"en"},{"affiliation_name":"日本学術振興会","sequence":"2","lang":"ja"}]}],"publication_date":{"publication_year":"2005"},"relation_list":[{"content":"https://www.jstage.jst.go.jp/article/ojjams/20/2/20_2_211/_pdf","type":"URL","relation":"fullTextPdf"}],"content_language":"ja","updated_date":"2017-03-23","article_type":"pub","journal_id_list":[{"journal_id":"0913-1442","type":"ISSN","issn_type":"print"},{"journal_id":"1881-6495","type":"ISSN","issn_type":"online"},{"journal_id":"ojjams","type":"JID"}],"journal_title_name_list":[{"journal_title_name":"Sociological Theory and Methods","type":"full","lang":"en"},{"journal_title_name":"Sociological Theory and Methods","type":"abbreviation","lang":"en"},{"journal_title_name":"理論と方法","type":"full","lang":"ja"},{"journal_title_name":"理論と方法","type":"abbreviation","lang":"ja"}],"journal_classification":"01","recorded_year":"1986-2013","volume":"20","issue":"2","first_page":"211","last_page":"226","date":"2007-07-06","keyword_list":[{"keyword":"liberal paradox","sequence":"1","lang":"en"},{"keyword":"リベラル・パラドクス","sequence":"1","lang":"ja"},{"keyword":"freedom and responsibility","sequence":"2","lang":"en"},{"keyword":"自由と責任","sequence":"2","lang":"ja"},{"keyword":"higher-order judgments","sequence":"3","lang":"en"},{"keyword":"高階の判断","sequence":"3","lang":"ja"},{"keyword":"contract","sequence":"4","lang":"en"},{"keyword":"契約","sequence":"4","lang":"ja"},{"keyword":"social institutions","sequence":"5","lang":"en"},{"keyword":"社会制度","sequence":"5","lang":"ja"}],"citation_list":[{"sequence":"1","original_text":"Barnett, R. E. 1998. The Structure of Liberty: Justice and the Rule of Law. New York: Oxford University Press. =2000. 嶋津格・森村進 (訳) 『自由の構造―正義・法の支配-』 木鐸社."},{"sequence":"2","original_text":"Barry, B. 1985. &ldquo;Lady Chatterley's Lover and Doctor Fischer's Bomb Party: Liberalism, Pareto Optimality, and the Problem of Objectionable Preferences.&rdquo; Pp.11-43. in Foundations of Social Choice Theory, edited by J. Elster and A. Hylland. Cambridge: Cambridge University Press."},{"sequence":"3","journal_title_name_list":[{"journal_title_name":"Public Choice","lang":"en"}],"title_list":[{"lang":"en","title":"Can Reallocation of Rights Help to Avoid the Paretian Liberal Paradox?"}],"volume":"65","first_page":"267","last_page":"271","publication_date":{"publication_year":"1990"},"content_language":"en","original_text":"Breyer, F. 1990, &ldquo;Can Reallocation of Rights Help to Avoid the Paretian Liberal Paradox?&rdquo; Public Choice 65: 267-71."},{"sequence":"4","journal_title_name_list":[{"journal_title_name":"Public Choice","lang":"en"}],"title_list":[{"lang":"en","title":"Liberal Paradox, Game Equilibrium, and Gibbard Optimum"}],"volume":"35","first_page":"469","last_page":"481","publication_date":{"publication_year":"1980"},"content_language":"en","original_text":"Breyer, F. and R. Gardner. 1980. &ldquo;Liberal Paradox, Game Equilibrium, and Gibbard Optimum.&rdquo; Public Choice 35: 469-81."},{"sequence":"5","original_text":"Coleman, J. S. 1990. Foundations of Social Theory. Cambridge: The Belknap Press of Harvard University Press."},{"sequence":"6","original_text":"Frankfurt, H. G. 1971. &ldquo;Freedom of the Will and the Concept of a Person.&rdquo; Journal of Philosophy 68: 5-20."},{"sequence":"7","journal_title_name_list":[{"journal_title_name":"Economica","lang":"en"}],"title_list":[{"lang":"en","title":"Individual Rights Revisited"}],"volume":"59","first_page":"161","last_page":"177","publication_date":{"publication_year":"1992"},"content_language":"en","original_text":"Gaertner, W., P. K. Pattanaik and K. Suzumura. 1992. &ldquo;Individual Rights Revisited.&rdquo; Economica, 59: 161-77."},{"sequence":"8","doi":"10.1016/0022-0531(74)90111-2","journal_title_name_list":[{"journal_title_name":"Journal of Economic Theory","lang":"en"}],"title_list":[{"lang":"en","title":"A Pareto-Consistent Libertarian Claim"}],"volume":"7","first_page":"388","last_page":"410","publication_date":{"publication_year":"1974"},"content_language":"en","original_text":"Gibbard, A. 1974. &ldquo;A Pareto-Consistent Libertarian Claim.&rdquo; Journal of Economic Theory 7: 388-410."},{"sequence":"9","original_text":"Harel, A. and S. Nitzan. 1987. &ldquo;The Libertarian Resolution of the Paretian Liberal Paradox.&rdquo; Journal of Economics (Zeitschrift f&uuml;r National&ouml;konomie) 47: 337-52."},{"sequence":"10","original_text":"de Jasay, A. and H. Kliemt. 1996. &ldquo;The Paretian Liberal, His Liberties and His Contracts.&rdquo; Analyse &amp; Kritik 18: 126-47."},{"sequence":"11","journal_title_name_list":[{"journal_title_name":"Journal of Economic Theory","lang":"en"}],"title_list":[{"lang":"en","title":"Rights Exercising and a Pareto-Consistent Libertarian Claim"}],"volume":"13","first_page":"138","last_page":"153","publication_date":{"publication_year":"1976"},"content_language":"en","original_text":"Kelly, J. S. 1976. &ldquo;Rights Exercising and a Pareto-Consistent Libertarian Claim.&rdquo; Journal of Economic Theory 13: 138-53."},{"sequence":"12","original_text":"Mill, J. S. 1859. On Liberty. =1971. 塩尻公明・木村健康 (訳) 『自由論』 岩波書店."},{"sequence":"13","original_text":"森村進. 2001. 『自由はどこまで可能か―リバタリアニズム入門-』 講談社."},{"sequence":"14","original_text":"内藤準. 2003. 「差別研究の構図―社会現象の規範的概念化に関する一つの考察-」『ソシオロゴス』 27: 32-53."},{"sequence":"15","original_text":"成田和信. 2004. 『責任と自由』 勁草書房."},{"sequence":"16","original_text":"盛山和夫. 1995. 『制度論の構図』 創文社."},{"sequence":"17","original_text":"盛山和夫. 2000. 『権力』 東京大学出版会."},{"sequence":"18","journal_title_name_list":[{"journal_title_name":"Journal of Political Economy","lang":"en"}],"title_list":[{"lang":"en","title":"The Impossibility of a Paretian Liberal"}],"volume":"78","first_page":"152","last_page":"157","publication_date":{"publication_year":"1970"},"content_language":"en","original_text":"Sen, A. K. 1970a. &ldquo;The Impossibility of a Paretian Liberal.&rdquo; Journal of Political Economy 78: 152-7."},{"sequence":"19","original_text":"Sen, A. K. 1970b. Collective Choice and Social Welfare. San Francisco: Holden-Day. =2000. 志田基与師 (監訳) 『集合的選択と社会的厚生』 勁草書房."},{"sequence":"20","journal_title_name_list":[{"journal_title_name":"Economica","lang":"en"}],"title_list":[{"lang":"en","title":"Liberty, Unanimity, and Rights"}],"volume":"43","first_page":"217","last_page":"245","publication_date":{"publication_year":"1976"},"content_language":"en","original_text":"Sen, A. K. 1976. &ldquo;Liberty, Unanimity, and Rights.&rdquo; Economica 43: 217-45."},{"sequence":"21","original_text":"Sen, A. K. 1977. &ldquo;Rational Fools: A Critique of the Behavioral Foundations of Economic Theory.&rdquo; Philosophy and Public Affairs 6: 317-44."},{"sequence":"22","original_text":"Sen, A. K. 1983. &ldquo;Liberty and Social Choice.&rdquo; Journal of Philosophy 80: 5-28."},{"sequence":"23","journal_title_name_list":[{"journal_title_name":"Economica","lang":"en"}],"title_list":[{"lang":"en","title":"Minimal Liberty"}],"volume":"59","first_page":"139","last_page":"159","publication_date":{"publication_year":"1992"},"content_language":"en","original_text":"Sen, A. K. 1992. &ldquo;Minimal Liberty.&rdquo; Economica 59: 139-59."},{"sequence":"24","original_text":"Sen, A. K. 1996. &ldquo;Rights: Formulation and Consequences.&rdquo; Analyse &amp; Kritik 18: 153-70."},{"sequence":"25","doi":"10.2307/2171939","journal_title_name_list":[{"journal_title_name":"Econometrica","lang":"en"}],"title_list":[{"lang":"en","title":"Maximization and the Act of Choice"}],"volume":"65","first_page":"745","last_page":"779","publication_date":{"publication_year":"1997"},"content_language":"en","original_text":"Sen, A. K. 1997. &ldquo;Maximization and the Act of Choice.&rdquo; Econometrica 65: 745-79."},{"sequence":"26","original_text":"Sen, A. K. 1999. Development as Freedom. Oxford: Oxford University Press."},{"sequence":"27","journal_title_name_list":[{"journal_title_name":"Economics and Philosophy","lang":"en"}],"title_list":[{"lang":"en","title":"Liberty, Preference, and Choice"}],"volume":"1","first_page":"213","last_page":"229","publication_date":{"publication_year":"1985"},"content_language":"en","original_text":"Sugden, R. 1985. &ldquo;Liberty, Preference, and Choice.&rdquo; Economics and Philosophy 1: 213-29."},{"sequence":"28","doi":"10.2307/2297347","journal_title_name_list":[{"journal_title_name":"Review of Economic Studies","lang":"en"}],"title_list":[{"lang":"en","title":"On the Consistency of Libertarian Claims"}],"volume":"45","first_page":"329","last_page":"342","publication_date":{"publication_year":"1978"},"content_language":"en","original_text":"Suzumura, K. 1978. &ldquo;On the Consistency of Libertarian Claims.&rdquo; Review of Economic Studies 45: 329-42."},{"sequence":"29","journal_title_name_list":[{"journal_title_name":"Review of Economic Studies","lang":"en"}],"title_list":[{"lang":"en","title":"On the Consistency of Libertarian Claims: A Correction"}],"volume":"46","first_page":"743","publication_date":{"publication_year":"1979"},"content_language":"en","original_text":"Suzumura, K. 1979. &ldquo;On the Consistency of Libertarian Claims: A Correction.&rdquo; Review of Economic Studies 46: 743."},{"sequence":"30","original_text":"Suzumura, K. 1996. &ldquo;Welfare, Rights, and Social Choice Procedure: A Perspective.&rdquo; Analyse &amp; Kritik 18: 20-37."},{"sequence":"31","original_text":"鈴村興太郎. 1982. 『経済計画理論』 筑摩書房."}]}}