{"status":"OK","apiType":"doi","apiVersion":"1.0.0","message":{"total":1,"rows":1,"totalPages":1,"page":1},"data":{"siteId":"SI/JST.JSTAGE","content_type":"JA","doi":"10.11218/ojjams.12.61","url":"https://doi.org/10.11218/ojjams.12.61","ra":"JaLC","prefix":"10.11218","site_name":"J-STAGE","publisher_list":[{"publisher_name":"Japanese Association For Mathematical Sociology","lang":"en"},{"publisher_name":"数理社会学会","lang":"ja"}],"title_list":[{"lang":"en","title":"Joint F-Test and Mathematical Topology"}],"creator_list":[{"sequence":"1","type":"person","names":[{"lang":"en","last_name":"SUZUKI","first_name":"Yuzuru"}],"affiliation_list":[{"affiliation_name":"Shikoku Gakuin University","sequence":"1","lang":"en"}]}],"publication_date":{"publication_year":"1997"},"relation_list":[{"content":"https://www.jstage.jst.go.jp/article/ojjams/12/1/12_61/_pdf","type":"URL","relation":"fullTextPdf"}],"content_language":"en","updated_date":"2016-08-25","article_type":"pub","journal_id_list":[{"journal_id":"0913-1442","type":"ISSN","issn_type":"print"},{"journal_id":"1881-6495","type":"ISSN","issn_type":"online"},{"journal_id":"ojjams","type":"JID"}],"journal_title_name_list":[{"journal_title_name":"Sociological Theory and Methods","type":"full","lang":"en"},{"journal_title_name":"Sociological Theory and Methods","type":"abbreviation","lang":"en"},{"journal_title_name":"理論と方法","type":"full","lang":"ja"},{"journal_title_name":"理論と方法","type":"abbreviation","lang":"ja"}],"journal_classification":"01","recorded_year":"1986-2013","volume":"12","issue":"1","first_page":"61","last_page":"68","date":"2016-08-26","keyword_list":[{"keyword":"Regression Analysis","sequence":"1","lang":"en"},{"keyword":"Joint Test","sequence":"2","lang":"en"},{"keyword":"Joint TestTopology","sequence":"3","lang":"en"},{"keyword":"Distance Function","sequence":"4","lang":"en"},{"keyword":"Metric Space","sequence":"5","lang":"en"}],"citation_list":[{"sequence":"1","original_text":"Armore, Sidney J. 1986 <I>Introduction to Statistical Analysis and Inference for Psychology and Education</I>. New York: Wiley."},{"sequence":"2","original_text":"Berry, William D., and Stanley Feldman. 1985. <I>Multiple Regression in Practice</I>. Newbury Park: Sage."},{"sequence":"3","original_text":"Bohrnstedt, George W., and David Knoke. 1988. <I>Statistics for Social Data Analysis</I>, 2d ed. Itasca: F. E. Peacock."},{"sequence":"4","original_text":"Downie, N. M., and R. W. Heath. 1965. <I>Basic Statistical Methods</I>, 2d de. A Harper International Reprint. New York: Harper &amp; Row, Tokyo: John Weatherhill."},{"sequence":"5","original_text":"Draper, N. R., and H. Smith. 1981. <I>Applied Regression Analysis</I>, 2d ed. New York: Wiley."},{"sequence":"6","original_text":"Hanushek, Eric A., and Jhon E. Jackson. 1977. <I>Statistical Methods for Social Scientists</I>. Orlando: Academic Press."},{"sequence":"7","original_text":"Johnston, J. 1972. <I>Econometric Methods</I>, 2d ed. New York: McGraw-Hill."},{"sequence":"8","original_text":"Kendall, Maurice. 1980. <I>Multivariate Analysis</I>, 2d ed. High Wycombe: Charles Griffin."},{"sequence":"9","original_text":"Lewis-Beck, M. S. 1980. <I>Applied Regression: An Introduction</I>. Beverly Hills: Sage."},{"sequence":"10","original_text":"Saville, David J., and Graham R. Wood. 1991. <I>Statistical Methods: The Geometrical Approach</I>. New York: Springer-Verlag."},{"sequence":"11","original_text":"Schroeder, Larry D., David L. Sjoquist, and Paula E. Stephan. 1986. <I>Understanding Regression Analysis</I>. Newberry Park: Sage."},{"sequence":"12","original_text":"Takeuchi, Kei, and Haruo Yanai. 1976. <I>Tahenryo Kaiseki no KIso</I>. Tokyo Keizai Shinposha."},{"sequence":"13","original_text":"Wickens, Thomas D. 1995. <I>The Geometry of Multivariate Statistics</I>. Hillsdale: Lawrence Erlbaum."}]}}