{"status":"OK","apiType":"doi","apiVersion":"1.0.0","message":{"total":1,"rows":1,"totalPages":1,"page":1},"data":{"siteId":"SI/JST.JSTAGE","content_type":"JA","doi":"10.11218/ojjams.14.2_103","url":"https://doi.org/10.11218/ojjams.14.2_103","ra":"JaLC","prefix":"10.11218","site_name":"J-STAGE","publisher_list":[{"publisher_name":"Japanese Association For Mathematical Sociology","lang":"en"},{"publisher_name":"数理社会学会","lang":"ja"}],"title_list":[{"lang":"ja","title":"集合行為論における中立性定理"},{"lang":"en","title":"Neutrality Theorem and Collective Action Problem"}],"creator_list":[{"sequence":"1","type":"person","names":[{"lang":"ja","last_name":"金子","first_name":"太郎"},{"lang":"en","last_name":"KANEKO","first_name":"Taro"}],"affiliation_list":[{"affiliation_name":"Faculty of Law<BR>Kagawa University","sequence":"1","lang":"en"},{"affiliation_name":"香川大学","sequence":"1","lang":"ja"}]}],"publication_date":{"publication_year":"1999"},"relation_list":[{"content":"https://www.jstage.jst.go.jp/article/ojjams/14/2/14_2_103/_pdf","type":"URL","relation":"fullTextPdf"}],"content_language":"ja","updated_date":"2016-09-29","article_type":"pub","journal_id_list":[{"journal_id":"0913-1442","type":"ISSN","issn_type":"print"},{"journal_id":"1881-6495","type":"ISSN","issn_type":"online"},{"journal_id":"ojjams","type":"JID"}],"journal_title_name_list":[{"journal_title_name":"Sociological Theory and Methods","type":"full","lang":"en"},{"journal_title_name":"Sociological Theory and Methods","type":"abbreviation","lang":"en"},{"journal_title_name":"理論と方法","type":"full","lang":"ja"},{"journal_title_name":"理論と方法","type":"abbreviation","lang":"ja"}],"journal_classification":"01","recorded_year":"1986-2013","volume":"14","issue":"2","first_page":"2_103","last_page":"2_107","date":"2016-09-30","keyword_list":[{"keyword":"neutrality theorem","sequence":"1","lang":"en"},{"keyword":"中立性定理","sequence":"1","lang":"ja"},{"keyword":"crowding-out","sequence":"2","lang":"en"},{"keyword":"クラウディング・アウト","sequence":"2","lang":"ja"},{"keyword":"the decay of voluntary cooperation","sequence":"3","lang":"en"},{"keyword":"自発的協力の衰退","sequence":"3","lang":"ja"}],"citation_list":[{"sequence":"1","original_text":"Abrams,B.A. and Schmitz,M.D. 1978. &ldquo;The crowding-out effect of Governmental transfers on charitable contribution.&rdquo; <I>Public Choice</I> 33:29-39."},{"sequence":"2","original_text":"Abrams,B.A. and Schmitz,M.D. 1984. &ldquo;The crowding-out effect of governmental transfers on charitable contribution : Cross-section evidence.&rdquo; <I>National Tax Journal</I> 37:563-568."},{"sequence":"3","original_text":"Andreoni,J. 1990. &ldquo;Impure Altruism and Donation to Public Goods: A Theory of Warm-Glow Giving.&rdquo; <I>Economic Journal</I> 100:464-477."},{"sequence":"4","original_text":"Bergstrom,T.C.,Blume,L. and Varian,H. 1986. &ldquo;On the Private Provision of Public Goods.&rdquo; <I>Journal of Public Economics</I> 29:25-49."},{"sequence":"5","original_text":"Cornes,R. 1992. <I>Duality and Modern Economics</I>. Cambridge: Cambridge University Press."},{"sequence":"6","original_text":"Cornes,R. and Sandler,T. 1984. &ldquo;Easy Riders, Joint Production, and Public Goods.&rdquo; <I>Economic Journal</I> 94:580-98."},{"sequence":"7","original_text":"Cornes,R. and Sandler,T. 1996. <I>The Theory of Externalities, Public Goods, and Club Goods</I>. 2nd Edition. New York: Cambridge University Press."},{"sequence":"8","original_text":"Heckathorn,D.D. 1988. &ldquo;Collective Sanctions and the Creation of Prisoner's Dilemma Norms.&rdquo; <I>American Journal of Sociology</I> 94(3):535-62."},{"sequence":"9","original_text":"Olson,M. 1965. <I>The Logic of Collective Action</I>. Cambridge,MA: Harvard University Press. 依田博・森脇俊雅(訳) 1983. 『集合行為論』ミネルヴァ書房"},{"sequence":"10","original_text":"Sandler,T. and Posnett,J. 1991. &ldquo;The Private Provision of Public Goods: A Perspective on Neutrality.&rdquo; <I>Public Finance Quarterly</I> 19:22-42."},{"sequence":"11","original_text":"Sandler,T. 1992. <I>Collective Action : Theory and Applications</I>. Ann Arbor : The University of Michigan Press."},{"sequence":"12","original_text":"Shibata,H. 1971. &ldquo;A Bargaining Model of Pure Theoty of Public Expenditure.&rdquo; <I>Journal of Political Economy</I> 79:1-29."},{"sequence":"13","original_text":"Sugden,R. 1982. &ldquo;On the Economics of Philanthropy.&rdquo; <I>The Economic Journal</I> 341-350"},{"sequence":"14","original_text":"Taylor,M. 1987. <I>The Possibility of Cooperation</I>. Cambridge University Press. 松原望(訳) 1995. 『協力の可能性』木鐸社."},{"sequence":"15","original_text":"Warr,P.G. 1983. &ldquo;The Private Provision of a Public Good Is Independent of the Distribution of Income.&rdquo; <I>Economic Letters</I> 13:207-211."}]}}