{"status":"OK","apiType":"doi","apiVersion":"1.0.0","message":{"total":1,"rows":1,"totalPages":1,"page":1},"data":{"siteId":"SI/JST.JSTAGE","content_type":"JA","doi":"10.11218/ojjams.22.49","url":"https://doi.org/10.11218/ojjams.22.49","ra":"JaLC","prefix":"10.11218","site_name":"J-STAGE","publisher_list":[{"publisher_name":"Japanese Association For Mathematical Sociology","lang":"en"},{"publisher_name":"数理社会学会","lang":"ja"}],"title_list":[{"lang":"en","title":"Decision and Justification in the Social Dilemma of Recycling. II.","subtitle":"Empirical Tests of Predictions from the Model"}],"creator_list":[{"sequence":"1","type":"person","names":[{"lang":"ja","last_name":"篠木","first_name":"幹子"},{"lang":"en","last_name":"SHINOKI","first_name":"Mikiko"}],"affiliation_list":[{"affiliation_name":"Faculty of Policy Studies Iwate Prefectural University","sequence":"1","lang":"en"},{"affiliation_name":"岩手県立大学","sequence":"1","lang":"ja"}]},{"sequence":"2","type":"person","names":[{"lang":"ja","last_name":"木村","first_name":"邦博"},{"lang":"en","last_name":"KIMURA","first_name":"Kunihiro"}],"affiliation_list":[{"affiliation_name":"Department of Behavioral Science School/Faculty of Arts and Letters Tohoku University","sequence":"2","lang":"en"},{"affiliation_name":"東北大学","sequence":"2","lang":"ja"}]}],"publication_date":{"publication_year":"2007"},"relation_list":[{"content":"https://www.jstage.jst.go.jp/article/ojjams/22/1/22_1_49/_pdf","type":"URL","relation":"fullTextPdf"}],"content_language":"en","updated_date":"2017-03-23","article_type":"pub","journal_id_list":[{"journal_id":"0913-1442","type":"ISSN","issn_type":"print"},{"journal_id":"1881-6495","type":"ISSN","issn_type":"online"},{"journal_id":"ojjams","type":"JID"}],"journal_title_name_list":[{"journal_title_name":"Sociological Theory and Methods","type":"full","lang":"en"},{"journal_title_name":"Sociological Theory and Methods","type":"abbreviation","lang":"en"},{"journal_title_name":"理論と方法","type":"full","lang":"ja"},{"journal_title_name":"理論と方法","type":"abbreviation","lang":"ja"}],"journal_classification":"01","recorded_year":"1986-2013","volume":"22","issue":"1","first_page":"49","last_page":"70","date":"2007-08-03","keyword_list":[{"keyword":"pro-environmental Attitudes and Behaviors","sequence":"1","lang":"en"},{"keyword":"rational choice","sequence":"2","lang":"en"},{"keyword":"cognitive dissonance","sequence":"3","lang":"en"},{"keyword":"false consensus effect","sequence":"4","lang":"en"},{"keyword":"efficacy","sequence":"5","lang":"en"}],"citation_list":[{"sequence":"1","original_text":"Aronson, Elliot. 1999. &ldquo;Dissonance, Hypocrisy, and the Self-Concept.&rdquo; Pp.103-126 in Cognitive Dissonance: Progress on a Pivotal Theory in Social Psychology, edited by Eddie Harmon-Jones and Judson Mills. Washington, DC: American Psychological Association."},{"sequence":"2","original_text":"Boudon, Raymond. 1979. Effet pervers et ordre social. Paris: Presses universitaires de France. [Unintended Consequences of Social Action. London: Macmillan. 1982.]"},{"sequence":"3","original_text":"Bratt, Christopher. 1999. &ldquo;The Impact of Norms and Assumed Consequences on Recycling Behavior.&rdquo; Environment and Behavior. 31(5):630-635."},{"sequence":"4","original_text":"Croson, Rachel T.A. 2000. &ldquo;Thinking Like a Game Theorist: Factors Affecting the Frequency of Equilibrium Play.&rdquo; Journal of Economic Behavior &amp; Organization. 41:299-314."},{"sequence":"5","original_text":"Dawes, Robyn M. 1980. &ldquo;Social Dilemmas.&rdquo; Annual Review of Psychology. 31:169-193."},{"sequence":"6","original_text":"Dawes, Robyn M. 1989. &ldquo;Statistical Criteria for Establishing a Truly False Consensus Effect.&rdquo; Journal of Experimental Social Psychology. 25(1):1-17."},{"sequence":"7","original_text":"Dawes, Robyn M., Jeanne McTavish, and Harriet Shaklee. 1977. &ldquo;Behavior, Communication and Assumptions about Other People's Behavior in a Commons Dilemma Situation.&rdquo; Journal of Personality and Social Psychology. 35(1):1-11."},{"sequence":"8","original_text":"Devine, Patricia G., John M. Tauer, Kenneth E. Barron, Andrew J. Elliot, and Kristen M. Vance. 1999. &ldquo;Moving Beyond Attitude Change in the Study of Dissonance-Related Processes.&rdquo; Pp.297-323 in Cognitive Dissonance: Progress on a Pivotal Theory in Social Psychology, edited by Eddie Harmon-Jones and Judson Mills. Washington, DC: American Psychological Association."},{"sequence":"9","original_text":"Dickerson, Chris Ann, Ruth Thibodeau, Elliot Aronson, and Dayna Miller. 1992. &ldquo;Using Cognitive Dissonance to Encourage Water Conservation.&rdquo; Journal of Applied Social Psychology. 22(2):841-854."},{"sequence":"10","original_text":"Diekmann, Andreas, and Peter Preisend&ouml;rfer. 1998. &ldquo;Environmental Behavior: Discrepancies between Aspirations and Reality.&rdquo; Rationality and Society. 10(1):79-102."},{"sequence":"11","original_text":"Diekmann, Andreas, and Peter Preisend&ouml;rfer. 2003. &ldquo;Green and Greenback: The Behavioral Effects of Environmental Attitudes in Low-Cost and High-Cost Situations.&rdquo; Rationality and Society. 15(4):441-472."},{"sequence":"12","original_text":"Deutsch, Francine M. 1989. &ldquo;The False Consensus Effect: Is the Self-Justification Hypothesis Justified?&rdquo; Basic and Applied Social Psychology. 10(1):83-99."},{"sequence":"13","original_text":"Elkin, Roger A., and Michael R. Leippe. 1986. &ldquo;Physiological Arousal, Dissonance, and Attitude Change: Evidence for a Dissonance-Arousal Link and a &lsquo;Don't Remind Me&rsquo Effect.&rdquo; Journal of Personality and Social Psychology. 51(1):56-65."},{"sequence":"14","original_text":"Festinger, Leon. 1957. A Theory of Cognitive Dissonance. Stanford, California: Stanford University Press."},{"sequence":"15","original_text":"Gamba, Raymond J., and Stuart Oskamp. 1994. &ldquo;Factors Influencing Community Residents' Participation in Commingled Curbside Recycling Programs.&rdquo; Environment and Behavior. 26(5):687-612."},{"sequence":"16","original_text":"Gerard, Harold B., and Ruben Orive. 1987. &ldquo;The Dynamics of Opinion Formation.&rdquo; Advances in Experimental Social Psychology. 20:171-202."},{"sequence":"17","original_text":"Goldberg, Jeffrey, L&iacute;via Mark&oacute;czy, and G. Lawrence Zahn. 2005. &ldquo;Symmetry and the Illusion of Control as Bases for Cooperative Behavior.&rdquo; Rationality and Society. 17(2):243-270."},{"sequence":"18","original_text":"Hermon-Jones, Eddie, Jack W. Brehm, Jeff Greenberg, Linda Simon, and David E. Nelson. 1996. &ldquo;Evidence That Production of Aversive Consequences Is Not Necessary to Create Cognitive Dissonance.&rdquo; Journal of Personality and Social Psychology. 70(1):5-16."},{"sequence":"19","original_text":"Hopper, Joseph. R., and Joyce M. Nielsen. 1991. &ldquo;Recycling as Altruistic Behavior: Normative and Behavioral Strategies to Expand Participation in a Community Recycling Program.&rdquo; Environment and Behavior. 23(2):195-220."},{"sequence":"20","original_text":"Howard, Nigel. 1971. Paradoxes of Rationality: Theory of Metagames and Political Behavior. Cambridge, Massachusetts: MIT Press."},{"sequence":"21","original_text":"Iedema, Jurjen, and Matthijs Poppe. 1995. &ldquo;Perceived Consensus of One's Social Value Orientation in Different Populations in Public and Private Circumstances.&rdquo; European Journal of Social Psychology. 25(5):497-507."},{"sequence":"22","original_text":"Kahneman, Daniel, and Amos Tversky. 1979. &ldquo;Prospect Theory: An Analysis of Decision under Risk.&rdquo; Econometrica. 47(2):263?291."},{"sequence":"23","original_text":"Kahneman, Daniel, and Amos Tversky. 1983. &ldquo;Choices, Values and Frames.&rdquo; American Psychologist. 39(4):341?350."},{"sequence":"24","original_text":"Kimura, Kunihiro, and Mikiko Shinoki. 2007. &ldquo;Decision and Justification in the Social Dilemma of Recycling. I. A Two-Stage Model of Rational Choice and Cognitive Dissonance Reduction.&rdquo; Sociological Theory and Methods. 22(1):31-48."},{"sequence":"25","original_text":"Kiyonari, Toko, Shigeto Tanida, and Toshio Yamagishi. 2000. &ldquo;Social Exchange and Reciprocity: Confusion or Heuristic?&rdquo; Evolution and Human Behavior. 21:411-427."},{"sequence":"26","original_text":"Krueger, Joachim. 1998. &ldquo;On the Perception of Social Consensus.&rdquo; Advances in Experimental Social Psychology. 30:163-240."},{"sequence":"27","original_text":"Lave, Charles A., and James G. March. 1975. An Introduction to Models in the Social Sciences. New York: Harper &amp; Row."},{"sequence":"28","original_text":"Losch, Mary E., and John T. Cacioppo. 1990. &ldquo;Cognitive Dissonance May Enhance Sympathetic Tonus, but Attitudes Are Changed to Reduce Negative Affect Rather than Arousal.&rdquo; Journal of Experimental Social Psychology. 26(4):289-304."},{"sequence":"29","original_text":"Marks, Gary, and Norman Miller. 1987. &ldquo;Ten Years of Research on the False-Consensus Effect: An Experimental and Theoretical Review.&rdquo; Psychological Bulletin. 102(1):72-90."},{"sequence":"30","original_text":"Merton, Robert K. 1936. &ldquo;The Unanticipated Consequences of Purposive Social Action.&rdquo; American Sociological Review. 1(6):894-904."},{"sequence":"31","original_text":"Mess&eacute;, Lawrence A., and John M. Sivacek. 1979. &ldquo;Predictions of Others' Response in a Mixed-Motive Game: Self-Justification or False Consensus?&rdquo; Journal of Personality and Social Psychology. 37(4):602-607."},{"sequence":"32","original_text":"Messick, David M. 1973. &ldquo;To Join or Not to Join: An Approach to the Unionization Decision.&rdquo; Organizational Behavior and Human Performance. 10(1):145-156."},{"sequence":"33","original_text":"Morrison, Denton E., Ramon E. Henkel, eds. 1970. The Significance Test Controversy: A Reader. Chicago: Aldine."},{"sequence":"34","original_text":"Mullen, Brian, Jennifer L. Atkins, Debbie S. Champion, Cecelia Edwards, Dana Hardy, John E. Story, and Mary Vanderklok. 1985. &ldquo;The False Consensus Effect: A Meta-analysis of 115 Hypothesis Tests.&rdquo; Journal of Experimental Social Psychology. 21(4):262-283."},{"sequence":"35","original_text":"Nickerson, Raymond S. 1999. &ldquo;How We Know --- and Sometimes Misjudge --- What Others Know: Imputing One's Own Knowledge to Others.&rdquo; Psychological Bulletin. 125(6):737-759."},{"sequence":"36","original_text":"Opp, Karl-Dieter. 1989. The Rationality of Political Protest: A Comparative Analysis of Rational Choice Theory. Boulder: Westview Press."},{"sequence":"37","original_text":"Orbell, John, and Robyn M. Dawes. 1991. &ldquo;A &lsquo;Cognitive Miser&rsquo; Theory of Cooperators' Advantage.&rdquo; American Political Science Review. 85(2): 515-528."},{"sequence":"38","original_text":"Orbell, John, and Robyn M. Dawes. 1993. &ldquo;Social Welfare, Cooperators' Advantage, and the Option of Not Playing the Game.&rdquo; American Sociological Review. 58(6):787-800."},{"sequence":"39","original_text":"Ross, Lee, David Greene, and Pamela House. 1977. &ldquo;The &lsquo;False Consensus Effect&rsquo;: An Egocentric Bias in Social Perception and Attribution Processes.&rdquo; Journal of Experimental Social Psychology. 13(3):279-301."},{"sequence":"40","original_text":"Sally, David. 2000. &ldquo;A General Theory of Sympathy, Mind-Reading, and Social Interaction, with an Application to the Prisoners' Dilemma.&rdquo; Social Science Information. 39(4):567-634."},{"sequence":"41","original_text":"Schwartz, Shalon H. 1968a. &ldquo;Words, Deeds, and the Perception of Consequences and Responsibility in Action Situations.&rdquo; Journal of Personality and Social Psychology. 10(3):232-242."},{"sequence":"42","original_text":"Schwartz, Shalon H. 1968b. &ldquo;Awareness of Consequences and the Influence of Moral Norm on Interpersonal Behavior.&rdquo; Sociometry. 31(4):355-369."},{"sequence":"43","original_text":"Schwartz, Shalon H. 1970. &ldquo;Elicitation of Moral Obligation and Self-Sacrificing Behavior: An Experimental Study of Volunteering to be Bone Marrow Donor.&rdquo; Journal of Personality and Social Psychology. 15(4):283-293."},{"sequence":"44","original_text":"Schwartz, Shalon H. 1977. &ldquo;Normative Influences on Altruism.&rdquo; Pp.221-279 in Advances in Experimental Social Psychology, Vol.10., edited by L. Berkowitz. New York: Academic Press."},{"sequence":"45","original_text":"Stern, Paul C., Thomas Dietz, and J. Stanley Black. 1986. &ldquo;Support for Environmental Protection: The Role of Moral Norms.&rdquo; Population and Environment. 8(3&amp;4):204-222."},{"sequence":"46","original_text":"Thibodeau, Ruth, and Elliot Aronson. 1992. &ldquo;Taking a Closer Look: Reasserting the Role of the Self-Concept in Dissonance Theory.&rdquo; Personality and Social Psychology Bulletin. 18(5):591-602."},{"sequence":"47","original_text":"Tversky, Amos, and Daniel Kahneman. 1981. &ldquo;The Framing of Decision and the Psychology of Choice.&rdquo; Science. 211:453?458."},{"sequence":"48","original_text":"Tversky, Amos, and Daniel Kahneman. 1986. &ldquo;Rational Choice and the Framing of Decisions.&rdquo; Journal of Business. 59(4, Part 2):S251?278."},{"sequence":"49","original_text":"Tversky, Amos, and Daniel Kahneman. 1992. &ldquo;Advances in Prospect Theory: Cumulative Representation of Uncertainty.&rdquo; Journal of Risk and Uncertainty. 5:297-323."},{"sequence":"50","original_text":"Umino, Michio, ed. 2001. The Quantitative Analysis of Recycling Behavior Based on Rational Choice Theory. (in Japanese) Report of the Grant-in-Aid for Scientific Research (c) No.10610159."},{"sequence":"51","original_text":"Van Liere, Kent D., and Riley E. Dunlap. 1978. &ldquo;Moral Norms and Environmental Behavior: An Application of Schwartz's Norm Activation Model to Yard Burning.&rdquo; Journal of Applied Social Psychology. 8(2):174-188."},{"sequence":"52","original_text":"Winship, Christopher, and Stephen L. Morgan, 1999, &ldquo;The Estimation of Causal Effects from Observational Data.&rdquo; Annual Review of Sociology. 25:659-707."},{"sequence":"53","original_text":"Yamagishi, Toshio, and Toko Kiyonari. 2000. &ldquo;Playing a Prisoner's Dilemma as an Assurance Game: Matrix Transformation and Production of Trust.&rdquo; Pp.153-173 in Japanese Perceptions of Social Justice: How Do They Figure out What Ought to Be? edited by Masaru Miyano. Report of the Grant-in-Aid for Scientific Research (B) No.09410050."}]}}