{"status":"OK","apiType":"doi","apiVersion":"1.0.0","message":{"total":1,"rows":1,"totalPages":1,"page":1},"data":{"siteId":"SI/JST.JSTAGE","content_type":"JA","doi":"10.11218/ojjams.19.235","url":"https://doi.org/10.11218/ojjams.19.235","ra":"JaLC","prefix":"10.11218","site_name":"J-STAGE","publisher_list":[{"publisher_name":"Japanese Association For Mathematical Sociology","lang":"en"},{"publisher_name":"数理社会学会","lang":"ja"}],"title_list":[{"lang":"ja","title":"「近い国・遠い国」","subtitle":"―多次元尺度構成法による世界認知構造の研究―"},{"lang":"en","title":"&ldquo;Close Nations / Distant Nations&rdquo; :","subtitle":"Multi-dimensional Scaling Analyses of Cognitive Maps of Nations"}],"creator_list":[{"sequence":"1","type":"person","names":[{"lang":"ja","last_name":"田辺","first_name":"俊介"},{"lang":"en","last_name":"TANABE","first_name":"Shunsuke"}],"affiliation_list":[{"affiliation_name":"Graduate School of Social Sciences<BR>Tokyo Metropolitan University","sequence":"1","lang":"en"},{"affiliation_name":"東京都立大学","sequence":"1","lang":"ja"}]}],"publication_date":{"publication_year":"2004"},"relation_list":[{"content":"https://www.jstage.jst.go.jp/article/ojjams/19/2/19_2_235/_pdf","type":"URL","relation":"fullTextPdf"}],"content_language":"ja","updated_date":"2017-03-23","article_type":"pub","journal_id_list":[{"journal_id":"0913-1442","type":"ISSN","issn_type":"print"},{"journal_id":"1881-6495","type":"ISSN","issn_type":"online"},{"journal_id":"ojjams","type":"JID"}],"journal_title_name_list":[{"journal_title_name":"Sociological Theory and Methods","type":"full","lang":"en"},{"journal_title_name":"Sociological Theory and Methods","type":"abbreviation","lang":"en"},{"journal_title_name":"理論と方法","type":"full","lang":"ja"},{"journal_title_name":"理論と方法","type":"abbreviation","lang":"ja"}],"journal_classification":"01","recorded_year":"1986-2013","volume":"19","issue":"2","first_page":"235","last_page":"249","date":"2008-12-22","keyword_list":[{"keyword":"cognitive map","sequence":"1","lang":"en"},{"keyword":"認知構造","sequence":"1","lang":"ja"},{"keyword":"multidimensional scaling","sequence":"2","lang":"en"},{"keyword":"多次元尺度構成法","sequence":"2","lang":"ja"},{"keyword":"nation","sequence":"3","lang":"en"},{"keyword":"国民","sequence":"3","lang":"ja"},{"keyword":"foreign people","sequence":"4","lang":"en"},{"keyword":"外国人","sequence":"4","lang":"ja"}],"citation_list":[{"sequence":"1","original_text":"Allport, G. W. 1954. The Nature of Prejudice: Addison-Wesley. =1961. 原谷達夫・野村昭（訳）『偏見の心理 上・下』培風館."},{"sequence":"2","original_text":"Carroll, J. D. 1972. &ldquo;Individual differences and multidimensional scaling&rdquo;. Shepard, R. N. , A. K. Romney and S. Nerlove(eds). Multidimensional Scaling: Theory and Applications in the Behavioral Sciences 1: Theory. New York: Seminar Press: 105-155. =1976. 岡太彬訓・渡辺恵子（訳）「個人差とMDS」『多次元尺度構成法I 理論編』:115-167."},{"sequence":"3","original_text":"藤原武弘. 1975. 「国家の認知についての研究－多次元尺度法適用の試み－」『広島大学教育学部紀要（第1部）』24:303-311."},{"sequence":"4","original_text":"藤原武弘. 1976. 「国家の認知についての研究－3つのMDS手法の比較検討－」『広島大学教育学部紀要（第1部）』25:217-226."},{"sequence":"5","original_text":"堀洋道. 1977. 「日本人の外国評価とその特徴」穐山貞登（編） 『特集日本人の対外国態度』至誠堂:81-129."},{"sequence":"6","original_text":"法務大臣官房司法法制調査部（編）. 1982. 『出入国管理統計年報第21昭和57年版』大蔵省印刷局."},{"sequence":"7","original_text":"法務省入国管理局. 2004.「平成15年における外国人入国者数及び日本人出国者数について(速報)」(=http://www.moj.go.jp/PRESS/040115-1.html)."},{"sequence":"8","original_text":"今田高俊. 1984. 「国際化と日本のナショナル・アイデンティティ」「産業国家の行方と日本のナショナル・アイデンティティ」日本機械工業連合会:51-66."},{"sequence":"9","original_text":"今井芳昭. 1987. 「第6章 日本における映画視聴の効果と外国11ヵ国に対するイメージ」辻村明・古畑和孝・飽戸弘（編）『世界は日本をどう見ているか－対日イメージの研究－』日本評論社."},{"sequence":"10","original_text":"泉靖一. 1953. 「東京小市民の異民族に対する態度」日本人文科学会（編）『社会的緊張の研究』有斐閣."},{"sequence":"11","original_text":"児玉好信・井上佳郎・天沼常明. 1977. 「アジアに向く顔と欧米に向く顔」穐山貞登（編）『特集日本人の対外国態度』至誠堂:15-42."},{"sequence":"12","original_text":"小坂井敏晶. 1996. 『異文化受容のパラドックス』朝日新聞社."},{"sequence":"13","original_text":"内閣府大臣官房政府広報室. 2003. 「世論調査報告概要平成14年10月調査外交に関する世論調査」（＝http://www8.cao.go.jp/survey/h14/h14-gaikou/index.html）."},{"sequence":"14","original_text":"大阪商業大学比較地域研究所・東京大学社会科学研究所（編）. 2003. 『日本版General Social Surveys JGSS-2001基礎集計表・コードブック』."},{"sequence":"15","original_text":"Robinson, J. P. and R. Hefner. 1967. &ldquo;Multidimensional differences in public and academic perceptions of nations&rdquo;. Journal of Personality and Social Psychology 9: 251-259."},{"sequence":"16","original_text":"田辺俊介. 2004. 「国別好感度から見る『日本人』の世界認知－JGSS第一次予備調査を用いて」大阪商業大学比較地域研究所・東京大学社会科学研究所（編）『日本版General Social Surveys 研究論文集［3］JGSSで見た日本人の意識と行動』:199-213."},{"sequence":"17","original_text":"我妻洋・米山俊直. 1967. 『偏見の構造－日本人の人種観』日本放送出版協会."},{"sequence":"18","original_text":"Wish, M. 1971. &ldquo;Individual differences in perceptions and preferences among nations&rdquo;. King, C. W. and D. J. Tigert(eds.). Attitude research reaches new heights. Chicago: American Marketing Association."},{"sequence":"19","original_text":"Wish, M., M. Deutsch, and L. Biener. 1972. &ldquo;Differences in perceived similarity of nations&rdquo;. Shepard, R. N. , A. K. Romney and S. Nerlove(eds). Multidimensional Scaling: Theory and Applications in the Behavioral Sciences 2. New York: Seminar Press:289-313. =1976. 岡太彬訓・渡辺恵子（訳）「国家間に知覚される類似性の差異」『多次元尺度構成法II 応用編』:317-341."}]}}