{"status":"OK","apiType":"doi","apiVersion":"1.0.0","message":{"total":1,"rows":1,"totalPages":1,"page":1},"data":{"siteId":"SI/JST.JSTAGE","content_type":"JA","doi":"10.11218/ojjams.27.169","url":"https://doi.org/10.11218/ojjams.27.169","ra":"JaLC","prefix":"10.11218","site_name":"J-STAGE","publisher_list":[{"publisher_name":"Japanese Association For Mathematical Sociology","lang":"en"},{"publisher_name":"数理社会学会","lang":"ja"}],"title_list":[{"lang":"en","title":"Some afterthoughts to Symposium on &ldquo;Human Behavioral models revisited&rdquo;"},{"title":"シンポジウム「人間の行動モデル再考」を振り返って"}],"creator_list":[{"sequence":"1","type":"person","names":[{"lang":"en","last_name":"TSUJI","first_name":"Ryuhei"},{"lang":"ja","last_name":"辻","first_name":"竜平"}],"affiliation_list":[{"affiliation_name":"Shinshu University","sequence":"1","lang":"en"},{"affiliation_name":"信州大学","sequence":"1","lang":"ja"}]}],"publication_date":{"publication_year":"2012"},"relation_list":[{"content":"https://www.jstage.jst.go.jp/article/ojjams/27/1/27_169/_pdf","type":"URL","relation":"fullTextPdf"}],"content_language":"ja","updated_date":"2014-12-09","article_type":"pub","journal_id_list":[{"journal_id":"0913-1442","type":"ISSN","issn_type":"print"},{"journal_id":"1881-6495","type":"ISSN","issn_type":"online"},{"journal_id":"ojjams","type":"JID"}],"journal_title_name_list":[{"journal_title_name":"Sociological Theory and Methods","type":"full","lang":"en"},{"journal_title_name":"Sociological Theory and Methods","type":"abbreviation","lang":"en"},{"journal_title_name":"理論と方法","type":"full","lang":"ja"},{"journal_title_name":"理論と方法","type":"abbreviation","lang":"ja"}],"journal_classification":"01","recorded_year":"1986-2013","volume":"27","issue":"1","first_page":"169","last_page":"174","date":"2013-03-18","citation_list":[{"sequence":"1","original_text":"数土直紀・今田高俊. 2005. 『数理社会学入門』勁草書房."},{"sequence":"2","original_text":"髙坂健次. 2000. 『社会学におけるフォーマル・セオリー』ハーベスト社."}]}}