{"status":"OK","apiType":"doi","apiVersion":"1.0.0","message":{"total":1,"rows":1,"totalPages":1,"page":1},"data":{"siteId":"SI/JST.JSTAGE","content_type":"JA","doi":"10.11218/ojjams.23.111","url":"https://doi.org/10.11218/ojjams.23.111","ra":"JaLC","prefix":"10.11218","site_name":"J-STAGE","publisher_list":[{"publisher_name":"Japanese Association For Mathematical Sociology","lang":"en"},{"publisher_name":"数理社会学会","lang":"ja"}],"title_list":[{"lang":"ja","title":"Webサイトデータを活用した計量的人間関係解析のための指針","subtitle":"―日本の国会議員Webサイトから見た政治家の中心性とグループ―"},{"lang":"en","title":"The Instructions for Numerical Analysis of Human Relationships Utilizing Web Site Data:","subtitle":"The Centralities and Cliques of Politicians from the Viewpoint of Japanese Diet Members' Web sites"}],"creator_list":[{"sequence":"1","type":"person","names":[{"lang":"ja","last_name":"村井","first_name":"源"},{"lang":"en","last_name":"MURAI","first_name":"Hajime"}],"affiliation_list":[{"affiliation_name":"Department of Value and Dicision Science<BR>Graduate School of Decision Science and Technology<BR>Tokyo Institute of Technology","sequence":"1","lang":"en"},{"affiliation_name":"東京工業大学大学院社会理工学研究科","sequence":"1","lang":"ja"}]},{"sequence":"2","type":"person","names":[{"lang":"ja","last_name":"山本","first_name":"竜大"},{"lang":"en","last_name":"YAMAMOTO","first_name":"Tatsuhiro"}],"affiliation_list":[{"affiliation_name":"Department of Value and Dicision Science<BR>Graduate School of Decision Science and Technology<BR>Tokyo Institute of Technology","sequence":"1","lang":"en"},{"affiliation_name":"東京工業大学大学院社会理工学研究科","sequence":"1","lang":"ja"}]},{"sequence":"3","type":"person","names":[{"lang":"ja","last_name":"徃住","first_name":"彰文"},{"lang":"en","last_name":"TOKUSUMI","first_name":"Akifumi"}],"affiliation_list":[{"affiliation_name":"Department of Value and Dicision Science<BR>Graduate School of Decision Science and Technology<BR>Tokyo Institute of Technology","sequence":"1","lang":"en"},{"affiliation_name":"東京工業大学大学院社会理工学研究科","sequence":"1","lang":"ja"}]}],"publication_date":{"publication_year":"2008"},"relation_list":[{"content":"https://www.jstage.jst.go.jp/article/ojjams/23/1/23_1_111/_pdf","type":"URL","relation":"fullTextPdf"}],"content_language":"ja","updated_date":"2017-03-23","article_type":"pub","journal_id_list":[{"journal_id":"0913-1442","type":"ISSN","issn_type":"print"},{"journal_id":"1881-6495","type":"ISSN","issn_type":"online"},{"journal_id":"ojjams","type":"JID"}],"journal_title_name_list":[{"journal_title_name":"Sociological Theory and Methods","type":"full","lang":"en"},{"journal_title_name":"Sociological Theory and Methods","type":"abbreviation","lang":"en"},{"journal_title_name":"理論と方法","type":"full","lang":"ja"},{"journal_title_name":"理論と方法","type":"abbreviation","lang":"ja"}],"journal_classification":"01","recorded_year":"1986-2013","volume":"23","issue":"1","first_page":"111","last_page":"128","date":"2008-08-11","keyword_list":[{"keyword":"Network analysis","sequence":"1","lang":"en"},{"keyword":"ネットワーク解析","sequence":"1","lang":"ja"},{"keyword":"Hyperlink","sequence":"2","lang":"en"},{"keyword":"ハイパーリンク","sequence":"2","lang":"ja"},{"keyword":"Reference","sequence":"3","lang":"en"},{"keyword":"言及","sequence":"3","lang":"ja"},{"keyword":"Politics","sequence":"4","lang":"en"},{"keyword":"政治","sequence":"4","lang":"ja"}],"citation_list":[{"sequence":"1","original_text":"Bonacich, P. 1972. &ldquo;Factoring and Weighting Approaches to status scores and clique identification.&rdquo; <I>Journal of Mathematical Sociology</I> 2: 113-120."},{"sequence":"2","original_text":"Brin, S., L. Page, R. Motwami, and T. Winograd. 1999. &ldquo;The PageRank citation ranking: bringing order to the Web.&rdquo; <I>Technical Report 1999-0120, Computer Science Department</I>, Stanford University."},{"sequence":"3","original_text":"Hubbell, C. H. 1965. &ldquo;An input-output approach to clique identification.&rdquo; <I>Sociometry</I> 28: 377-399."},{"sequence":"4","original_text":"金光淳. 2003. 『社会ネットワーク分析の基礎―社会的関係資本論に向けて―』勁草書房."},{"sequence":"5","original_text":"Murai, H., N. Matsumoto, T. Yamamoto, and A. Tokosumi, 2007. &ldquo;Characteristics of Kansei-words on the Web Sites of Japanese Politicians.&rdquo; <I>The International Conference on Kansei Engineering and Emotion Research 2007 (KEER2007), CD-ROM</I>."},{"sequence":"6","original_text":"大向一輝・武田英明・松尾豊. 2006. 「リアルワールドとしてのWeb」『人工知能学会誌』21(4): 403-409."},{"sequence":"7","original_text":"Park, W. H., M. Thelwall, and R. Kluver. 2005. &ldquo;Political Hyperlinking in South Korea: Technical Indicators of Ideology and Content.&rdquo; <I>Sociological Research Online</I> 10(3). (http://www.socresonline.org.uk/10/3/park.html)"},{"sequence":"8","original_text":"Tateo, L. 2005. &ldquo;The Italian extreme right on-line network: An exploratory study using an integrated social network analysis and content analysis approach.&rdquo; <I>Journal of Computer-Mediated Communication</I> 10(2): 10. (http://jcmc.indiana.edu/vol10/issue2/tateo.html)"},{"sequence":"9","original_text":"Wellman, B. 2001. &ldquo;Computer networks as social networks.&rdquo; <I>Science</I> 293(14): 2031-2034."}]}}