{"status":"OK","apiType":"doi","apiVersion":"1.0.0","message":{"total":1,"rows":1,"totalPages":1,"page":1},"data":{"siteId":"SI/JST.JSTAGE","content_type":"JA","doi":"10.11218/ojjams.23.2_105","url":"https://doi.org/10.11218/ojjams.23.2_105","ra":"JaLC","prefix":"10.11218","site_name":"J-STAGE","publisher_list":[{"publisher_name":"Japanese Association For Mathematical Sociology","lang":"en"},{"publisher_name":"数理社会学会","lang":"ja"}],"title_list":[{"lang":"ja","title":"権威主義的伝統主義の家族内伝達","subtitle":"―遺伝か文化伝達か―"},{"lang":"en","title":"Familial Transmission of Authoritarian Conservatism :","subtitle":"Genetic Inheritance or Cultural Transmission?"}],"creator_list":[{"sequence":"1","type":"person","names":[{"lang":"ja","last_name":"敷島","first_name":"千鶴"},{"lang":"en","last_name":"SHIKISHIMA","first_name":"Chizuru"}],"affiliation_list":[{"affiliation_name":"Keio Advanced Research Centers<BR>Keio University","sequence":"1","lang":"en"},{"affiliation_name":"慶應義塾大学","sequence":"1","lang":"ja"}]},{"sequence":"2","type":"person","names":[{"lang":"ja","last_name":"安藤","first_name":"寿康"},{"lang":"en","last_name":"ANDO","first_name":"Juko"}],"affiliation_list":[{"affiliation_name":"Faculty of Letters<BR>Keio University","sequence":"2","lang":"en"},{"affiliation_name":"慶應義塾大学","sequence":"2","lang":"ja"}]},{"sequence":"3","type":"person","names":[{"lang":"ja","last_name":"山形","first_name":"伸二"},{"lang":"en","last_name":"YAMAGATA","first_name":"Shinji"}],"affiliation_list":[{"affiliation_name":"Japan Society for the Promotion of Science<BR>Faculty of Letters<BR>Keio University","sequence":"3","lang":"en"},{"affiliation_name":"日本学術振興会・慶應義塾大学","sequence":"3","lang":"ja"}]},{"sequence":"4","type":"person","names":[{"lang":"ja","last_name":"尾崎","first_name":"幸謙"},{"lang":"en","last_name":"OZAKI","first_name":"Koken"}],"affiliation_list":[{"affiliation_name":"Japan Science and Technology Agency","sequence":"4","lang":"en"},{"affiliation_name":"科学技術振興機構","sequence":"4","lang":"ja"}]},{"sequence":"5","type":"person","names":[{"lang":"ja","last_name":"高橋","first_name":"雄介"},{"lang":"en","last_name":"TAKAHASHI","first_name":"Yusuke"}],"affiliation_list":[{"affiliation_name":"Japan Society for the Promotion of Science<BR>Faculty of Letters<BR>Keio University","sequence":"3","lang":"en"},{"affiliation_name":"日本学術振興会・慶應義塾大学","sequence":"3","lang":"ja"}]},{"sequence":"6","type":"person","names":[{"lang":"ja","last_name":"野中","first_name":"浩一"},{"lang":"en","last_name":"NONAKA","first_name":"Koichi"}],"affiliation_list":[{"affiliation_name":"Faculty of Human Studies<BR>Wako University","sequence":"5","lang":"en"},{"affiliation_name":"和光大学","sequence":"5","lang":"ja"}]}],"publication_date":{"publication_year":"2008"},"relation_list":[{"content":"https://www.jstage.jst.go.jp/article/ojjams/23/2/23_2_2_105/_pdf","type":"URL","relation":"fullTextPdf"}],"content_language":"ja","updated_date":"2017-03-23","article_type":"pub","journal_id_list":[{"journal_id":"0913-1442","type":"ISSN","issn_type":"print"},{"journal_id":"1881-6495","type":"ISSN","issn_type":"online"},{"journal_id":"ojjams","type":"JID"}],"journal_title_name_list":[{"journal_title_name":"Sociological Theory and Methods","type":"full","lang":"en"},{"journal_title_name":"Sociological Theory and Methods","type":"abbreviation","lang":"en"},{"journal_title_name":"理論と方法","type":"full","lang":"ja"},{"journal_title_name":"理論と方法","type":"abbreviation","lang":"ja"}],"journal_classification":"01","recorded_year":"1986-2013","volume":"23","issue":"2","first_page":"2_105","last_page":"2_126","date":"2009-01-05","keyword_list":[{"keyword":"authoritarian conservatism","sequence":"1","lang":"en"},{"keyword":"権威主義的伝統主義","sequence":"1","lang":"ja"},{"keyword":"social attitude","sequence":"2","lang":"en"},{"keyword":"社会的態度","sequence":"2","lang":"ja"},{"keyword":"behavior genetics","sequence":"3","lang":"en"},{"keyword":"行動遺伝学","sequence":"3","lang":"ja"},{"keyword":"twin","sequence":"4","lang":"en"},{"keyword":"双生児","sequence":"4","lang":"ja"}],"citation_list":[{"sequence":"1","original_text":"Adorno, Theodor W., Else Frankel-Brunswik, Daniel J. Levinson, and R. Nevitt Sanford. 1950. <I>The Authoritarian Personality</I>. New York: Harper &amp; Brothers."},{"sequence":"2","original_text":"Altemeyer, Bob. 1981. <I>Right-Wing Authoritarianism</I>. Winnipeg: University of Manitoba Press."},{"sequence":"3","original_text":"Altemeyer, Bob. 1988. <I>Enemies of Freedom</I>. San Francisco: Jossey-Bass Publishers."},{"sequence":"4","original_text":"安藤寿康. 2000. 『心はどのように遺伝するか―双生児が語る新しい遺伝観』講談社ブルーバックス."},{"sequence":"5","original_text":"安藤寿康・大野裕（監訳）佐々木掌子・敷島千鶴・中嶋良子（共訳）. 2007. 『精神疾患の行動遺伝学―何が遺伝するのか―』有斐閣. =Jang, Kerry. 2005. <I>The Behavioral Genetics of Psychopathology : A Clinical Guide</I>. New Jersey : Lawrence Erlbaum Associates."},{"sequence":"6","original_text":"Durkheim, Emile. 1895/1962. <I>The Rules of the Sociological Method</I>. Grencoe, III : Free Press. =1942. 田辺寿利（訳）『社会学的方法の規準』創元社．"},{"sequence":"7","original_text":"Eaves, Lindon J., and Hans J. Eysenck. 1974. &ldquo;Genetics and the Development of Social Attitudes.&rdquo; <I>Nature</I> 249: 288-289."},{"sequence":"8","original_text":"Eaves, Lindon J., Hans J. Eysenck, and Nicholas G. Martin. 1989. <I>Genes, Culture and Personality: An Empirical Approach</I>. London : Academic Press."},{"sequence":"9","original_text":"Eysenck, Hans J., and Glenn D. Wilson. 1978. <I>The Psychological Basis of Ideology</I>. Lancaster : MTP Press Ltd. =1981. 塩見邦雄（訳）『社会態度―パーソナリティとイデオロギー―』ナカニシヤ出版."},{"sequence":"10","original_text":"Falconer, Douglas Scott. 1989. <I>Introduction to Quantitative Genetics</I> (3rd edition). New York: John Wiley &amp; Sons.=1983. 田中嘉成・野村哲郎（訳）『量的遺伝学入門原書第3版』蒼樹書房."},{"sequence":"11","original_text":"Fromm, Erich. 1941. <I>Escape from Freedom</I>. New York: Holt, Reinhort &amp; Winston.=1951. 日高六郎（訳）『自由からの逃走』創元社."},{"sequence":"12","original_text":"原純輔・盛山和夫. 1999. 『社会階層―豊かさの中の不平等―』東京大学出版会."},{"sequence":"13","original_text":"Hiraishi, Kai, Shinji Yamagata, Chizuru Shikishima, and Juko Ando. 2008. &ldquo;Reactive Heritability among Psychological Traits and Evolution of Heritable Personality Variances.&rdquo; <I>Evolution and Human Behavior</I> 29 : 79-85."},{"sequence":"14","original_text":"保坂稔. 2002.「権威主義的性格と環境保護意識―破壊性の観点を中心に―」『社会学評論』53(1): 70-84."},{"sequence":"15","original_text":"Keller, Mattew C., William L. Coventry, Andrew C. Heath, and Nicholas G. Martin. 2005. &ldquo;Widespread Evidence for Non-additive Genetic Variation in Cloninger's and Eysenck's Personality Dimensions Using a Twin Plus Sibling Design.&rdquo; <I>Behavior Genetics</I> 35(6): 707-721."},{"sequence":"16","original_text":"吉川徹. 1998.『階層・教育と社会意識の形成―社会意識論の磁界―』ミネルヴァ書房."},{"sequence":"17","original_text":"吉川徹. 2006.『学歴と格差・不平等―成熟する日本型学歴社会―』東京大学出版会."},{"sequence":"18","original_text":"吉川徹（編）.2007.『階層化する社会意識―職業とパーソナリティの計量社会学―』勁草書房."},{"sequence":"19","original_text":"吉川徹・尾嶋史章・直井優. 1994.「家族における社会的態度の連関―父親・母親・子どもの3者間相関の測定と解釈―」『理論と方法』9(2): 187-202."},{"sequence":"20","original_text":"Kohn, Melvin L., and Carmi Schooler. 1983. <I>Work and Personality: An Inquiry into the Impact of Social Stratification</I>. New Jersey : Ablex Publishing Corp."},{"sequence":"21","original_text":"Martin, Nicholas G., Lindon J. Eaves, Andrew C. Heath, Rosemary Jardine, and Lynn M. Feingold. 1986. &ldquo;Transmission of Social Attitudes.&rdquo; <I>Proceedings of the National Academy of Sciences of the United States of America</I> 83 : 4364-4368."},{"sequence":"22","original_text":"McCourt, Kathryn, Thomas J. Bouchard Jr., David T. Lykken, Auke Tellegen, and Margaret Keyes. 1999. &ldquo;Authoritarianism Revised : Genetic and Environmental Influences Examined in Twins Reared Apart and Together.&rdquo; <I>Personality and Individual Differences</I> 27 : 985-1014."},{"sequence":"23","original_text":"三輪哲. 2007.「日本における学歴同類婚趨勢の再検討」『家族形成に関する実証研究』東京大学社会科学研究所: 81-94."},{"sequence":"24","original_text":"直井優・盛山和夫（編）. 1990.『現代日本の階層構造1　社会階層の構造と過程』東京大学出版会."},{"sequence":"25","original_text":"直井道子. 1986.「直系家族における主婦の権威主義的性格」『社会学評論』37 : 191-203."},{"sequence":"26","original_text":"Neale, Michael C., and Hermine H. M. Maes. 2002. <I>Methodology for Genetic Studies of Twins and Families</I>. Dordrecht: Kluwer Academic Publishers."},{"sequence":"27","original_text":"Neale, Michael C. 2004. <I>Mx Software and Documentation</I>. http://www.vcu.edu/mx/"},{"sequence":"28","original_text":"尾嶋史章・吉川徹・直井優. 1996.「社会的態度の親子3者連関の国際比較―90年代日本と70年代アメリカ―」『家族社会学研究』8 : 111-124."},{"sequence":"29","original_text":"Ooki, Shuichi, KazuroYamada, Akio Asaka, and Kazuo Hayakawa. 1990. &ldquo;Zygosity Diagnosis of Twins by Questionnaire.&rdquo; <I>Acta Geneticae Medicae et Gemellologiae</I> 39 : 109-115."},{"sequence":"30","original_text":"Plomin, Robert, John C. DeFries, Gerald E. McClearn, and Peter McGuffin. 2000. <I>Behavioral Genetics</I> (4th ed.). New York: Worth Publishers."},{"sequence":"31","original_text":"Plomin, Robert, and Yulia Kovas. 2005. &ldquo;Generalist Genes and Learning Disabilities.&rdquo; <I>Psychological Bulletin</I> 131: 592-617."},{"sequence":"32","original_text":"Reif, Andreas, and Klaus-Peter Lesch. 2003. &ldquo;Toward a MolecularArchitecture of Personality.&rdquo; <I>Behavioural Brain Research</I> 139 : 1-20."},{"sequence":"33","original_text":"Scarr, Sandra, and Richard A. Weinberg. 1981. &ldquo;The Transmission of Authoritarianism in Families: Genetic Resemblance in Social-Political Attitudes?&rdquo; Pp.399-427 in <I>Race, Social Class and Individual Differences in I.Q.</I>, edited by Sandra Scarr. New Jersey : Lawrence Erlbaum Associates."},{"sequence":"34","original_text":"芝祐順. 1975.『行動科学における相関分析法第2版』東京大学出版会."},{"sequence":"35","original_text":"敷島千鶴・安藤寿康. 2004.「社会的態度の家族内伝達―行動遺伝学的アプローチを用いて―」『家族社会学研究』16 : 12-20."},{"sequence":"36","original_text":"敷島千鶴・平石界・安藤寿康. 2006.「一般的信頼に及ぼす遺伝と環境の影響―行動遺伝学的・進化心理学的アプローチ―」『社会心理学研究』22 : 48-57."},{"sequence":"37","original_text":"Shikishima, Chizuru, Juko Ando, Yutaka Ono, Tatsusi Toda, and Kimio Yoshimura. 2006. &ldquo;Registry of Adolescent and Young Adult Twins in the Tokyo Area.&rdquo; <I>Twin Research and Human Genetics</I> 9 : 811-816."},{"sequence":"38","original_text":"志水宏吉. 1990.「学歴・結婚・階層再生産」菊池城司（編）『現代日本の階層構造3 教育と社会移動』東京大学出版会: 15-50."},{"sequence":"39","original_text":"Tellegen, Auke, David T. Lykken, Thomas J. Bouchard Jr., Kimerly J. Wilcox, Nancy L. Segal, and Stephen Rich. 1988. &ldquo;Personality Similarity in Twins Reared Together and Apart.&rdquo; <I>Journal of Personality and Social Psychology</I> 54 : 1031-1039."},{"sequence":"40","original_text":"轟亮. 2000.「反権威主義的態度の高まりは何をもたらすのか」海野道郎編『日本の階層システム2 公平感と政治意識』東京大学出版会: 195-216."},{"sequence":"41","original_text":"豊田秀樹. 1997.「共分散構造分析による行動遺伝学モデルの新展開」『心理学研究』67(6): 464-473."},{"sequence":"42","original_text":"豊田秀樹. 1998.『共分散構造分析―構造方程式モデリング―入門編』朝倉書店."},{"sequence":"43","original_text":"豊田秀樹. 2000.『共分散構造分析―構造方程式モデリング―応用編』朝倉書店."},{"sequence":"44","original_text":"Waddington, Conrad Hal. 1961. <I>The Nature of Life</I>. London : George Allen &amp; Unwin."},{"sequence":"45","original_text":"渡辺秀樹・近藤博之. 1990.「結婚と階層結合」岡本英雄・直井道子（編）『現代日本の階層構造4 女性と社会階層』東京大学出版会: 119-145."}]}}