{"status":"OK","apiType":"doi","apiVersion":"1.0.0","message":{"total":1,"rows":1,"totalPages":1,"page":1},"data":{"siteId":"SI/JST.JSTAGE","content_type":"JA","doi":"10.11218/ojjams.15.197","url":"https://doi.org/10.11218/ojjams.15.197","ra":"JaLC","prefix":"10.11218","site_name":"J-STAGE","publisher_list":[{"publisher_name":"Japanese Association For Mathematical Sociology","lang":"en"},{"publisher_name":"数理社会学会","lang":"ja"}],"title_list":[{"lang":"ja","title":"集団における信頼関係の構造化と集団内秩序の変化"},{"lang":"en","title":"The Structuring of Trust Relations in Groups and the Transition of within-group Order"}],"creator_list":[{"sequence":"1","type":"person","names":[{"lang":"ja","last_name":"辻","first_name":"竜平"},{"lang":"en","last_name":"TSUJI","first_name":"Ryuhei"}],"affiliation_list":[{"affiliation_name":"Department of Social Psychology<BR>The University of Tokyo","sequence":"1","lang":"en"},{"affiliation_name":"東京大学","sequence":"1","lang":"ja"}]}],"publication_date":{"publication_year":"2000"},"relation_list":[{"content":"https://www.jstage.jst.go.jp/article/ojjams/15/1/15_197/_pdf","type":"URL","relation":"fullTextPdf"}],"content_language":"ja","updated_date":"2016-09-29","article_type":"pub","journal_id_list":[{"journal_id":"0913-1442","type":"ISSN","issn_type":"print"},{"journal_id":"1881-6495","type":"ISSN","issn_type":"online"},{"journal_id":"ojjams","type":"JID"}],"journal_title_name_list":[{"journal_title_name":"Sociological Theory and Methods","type":"full","lang":"en"},{"journal_title_name":"Sociological Theory and Methods","type":"abbreviation","lang":"en"},{"journal_title_name":"理論と方法","type":"full","lang":"ja"},{"journal_title_name":"理論と方法","type":"abbreviation","lang":"ja"}],"journal_classification":"01","recorded_year":"1986-2013","volume":"15","issue":"1","first_page":"197","last_page":"208","date":"2016-09-30","keyword_list":[{"keyword":"group structure","sequence":"1","lang":"en"},{"keyword":"集団の構造化","sequence":"1","lang":"ja"},{"keyword":"permutation tests","sequence":"2","lang":"en"},{"keyword":"並べかえ検定","sequence":"2","lang":"ja"},{"keyword":"trust","sequence":"3","lang":"en"},{"keyword":"信頼","sequence":"3","lang":"ja"},{"keyword":"anonymous one-shot prisoner's dilemma","sequence":"4","lang":"en"},{"keyword":"相手不明条件１回囚人のジレンマ","sequence":"4","lang":"ja"},{"keyword":"uncertainty","sequence":"5","lang":"en"},{"keyword":"不確実性","sequence":"5","lang":"ja"}],"citation_list":[{"sequence":"1","original_text":"Burt, Ronald S., and Marc Knez. 1995. &ldquo;Kinds of Third-Party Effects on Trust.&rdquo; Rationality and Society 7:255-292."},{"sequence":"2","original_text":"Buskens, Vincent. 1999. Social Networks and Trust. Dissertation Submitted to Utrecht University."},{"sequence":"3","original_text":"Coleman, James S. 1990. Foundations of Social Theory. Cambridge, Massachusetts: Belknap Press of Harvard University Press."},{"sequence":"4","original_text":"Deutsch, Morton. 1958. &ldquo;Trust and Suspicion.&rdquo; Journal of Conflict Resolution 2:265-279."},{"sequence":"5","original_text":"Doreian, Patrick, Roman Kapuscinski, David Krackhardt, and Janusz Szczypula. 1997. &ldquo;A Brief History of Balance through Time.&rdquo; Pp. 129-147 in Evolution of Social Networks, edited by Patrick Doreian and Frans N. Stokman. Amsterdam: Gordon and Breach."},{"sequence":"6","original_text":"Freeman, Linton C. 1989. &ldquo;Social Networks and the Structural Experiment.&rdquo; Pp. 11-40 in Research Methods in Social Network Analysis, edited by Linton C. Freeman, Douglas R. White, and A. Kimball Romney. Fairfax, VA: George Mason University Press."},{"sequence":"7","original_text":"Good, Phillip. 1994. Permutation Tests: A Practical Guide to Resampling Methods for Testing Hypotheses. New York: Springer."},{"sequence":"8","original_text":"Hobbes, Thomas. 1651. Leviathan. Cambridge: Cambridge University Press.=1954. 水田洋（訳）『リヴァイアサン』岩波文庫."},{"sequence":"9","original_text":"Holland, P. W., and S. Leinhardt. 1970. &ldquo;A Method for Detecting Structure in Sociometric Data.&rdquo; American Journal of Sociology 70:492-513."},{"sequence":"10","original_text":"Holland, P. W., and S. Leinhardt. 1979. &ldquo;Structural Sociometry.&rdquo; Pp. 63-83 in Perspectives on Social Network Research, edited by P. W. Holland and S. Leinhardt. New York: Academic Press."},{"sequence":"11","original_text":"垣内理希・山岸俊男. 1997.「一般的信頼と依存度選択型囚人のジレンマ」『社会心理学研究』12:212-221."},{"sequence":"12","original_text":"Katz, L., and J. H. Powell. 1955. &ldquo;Measurement of Tendency toward Reciprocation of Choice.&rdquo; Sociometry 18:659-665."},{"sequence":"13","original_text":"菊地雅子・渡邊席子・山岸俊男. 1997.「他者の信頼性判断の正確さと一般的信頼──実験研究」『実験社会心理学研究』37:23-36."},{"sequence":"14","original_text":"Lindenberg, Siegwart. 1998. &ldquo;Solidarity: Its Microfoundations and Macro Dependence. A Framing Approach.&rdquo; Pp. 61-112 in The Problem of Solidarity: Theories and Models, edited by Patrick Doreian and Thomas Fararo: Gordon &amp; Breach."},{"sequence":"15","original_text":"Luhmann, Niklas. 1973. Vertrauen: Ein Mechanismus der Reduktion Sozialer Komplexitat. Stuttgart: Ferdinand Enke Verlag. 1990. 大庭健・正村俊之（訳） 『信頼：社会的な複雑性の縮減メカニズム』 勁草書房."},{"sequence":"16","original_text":"盛山和夫. 1991.「秩序問題の問いの構造」盛山和夫・海野道郎（編）『秩序問題と社会的ジレンマ』ハーベスト社. 3-33."},{"sequence":"17","original_text":"盛山和夫. 1995.『制度論の構図』創文社."},{"sequence":"18","original_text":"Snijders, Tom A. B. 1991. &ldquo;Enumeration and Simulation Methods for 0-1 Matrices with Given Marginals.&rdquo; Psychometrika 56:397-417."},{"sequence":"19","original_text":"Tsuji, Ryuhei. 1997. &ldquo;PermNet for Windows 95/NT.&rdquo;"},{"sequence":"20","original_text":"Tsuji, Ryuhei. 1997. &ldquo;Permutation Tests for Symmetry and Transitivity in Real-Valued Data.&rdquo; 数理社会学会第24回大会. 流通経済大学."},{"sequence":"21","original_text":"海野道郎. 1991.「社会的ジレンマ研究の射程」盛山和夫・海野道郎（編）『秩序問題と社会的ジレンマ』ハーベスト社. 137-165."},{"sequence":"22","original_text":"Wasserman, Stanley, and Katherine Faust. 1994. Social Network Analysis: Methods and Applications. Cambridge: Cambridge University Press."},{"sequence":"23","original_text":"Winship, Christopher. 1977. &ldquo;A Distance Model for Sociometric Structure.&rdquo; Journal of Mathematical Sociology 5:21-39."},{"sequence":"24","original_text":"山岸俊男. 1998.『信頼の構造：こころと社会の進化ゲーム』東京大学出版会."},{"sequence":"25","original_text":"山岸俊男. 1999.『安心社会から信頼社会へ：日本型システムの行方』中公新書."},{"sequence":"26","original_text":"山岸俊男・渡部幹・林直保子・高橋伸幸・山岸みどり. 1996.「社会的不確実性のもとでの信頼とコミットメント」『社会心理学研究』11:206-216."}]}}