{"status":"OK","apiType":"doi","apiVersion":"1.0.0","message":{"total":1,"rows":1,"totalPages":1,"page":1},"data":{"siteId":"SI/JST.JSTAGE","content_type":"JA","doi":"10.11218/ojjams.12.31","url":"https://doi.org/10.11218/ojjams.12.31","ra":"JaLC","prefix":"10.11218","site_name":"J-STAGE","publisher_list":[{"publisher_name":"Japanese Association For Mathematical Sociology","lang":"en"},{"publisher_name":"数理社会学会","lang":"ja"}],"title_list":[{"lang":"ja","title":"計算機通信網上における議会構築の可能性"},{"lang":"en","title":"Group Think and Possibility of Teledemocracy"}],"creator_list":[{"sequence":"1","type":"person","names":[{"lang":"ja","last_name":"岩井","first_name":"淳"},{"lang":"en","last_name":"IWAI","first_name":"Atsushi"}],"affiliation_list":[{"affiliation_name":"School of Social Science and Technology<BR>Tokyo Institute of Technology","sequence":"1","lang":"en"},{"affiliation_name":"東京工業大学","sequence":"1","lang":"ja"}]}],"publication_date":{"publication_year":"1997"},"relation_list":[{"content":"https://www.jstage.jst.go.jp/article/ojjams/12/1/12_31/_pdf","type":"URL","relation":"fullTextPdf"}],"content_language":"ja","updated_date":"2016-08-25","article_type":"pub","journal_id_list":[{"journal_id":"0913-1442","type":"ISSN","issn_type":"print"},{"journal_id":"1881-6495","type":"ISSN","issn_type":"online"},{"journal_id":"ojjams","type":"JID"}],"journal_title_name_list":[{"journal_title_name":"Sociological Theory and Methods","type":"full","lang":"en"},{"journal_title_name":"Sociological Theory and Methods","type":"abbreviation","lang":"en"},{"journal_title_name":"理論と方法","type":"full","lang":"ja"},{"journal_title_name":"理論と方法","type":"abbreviation","lang":"ja"}],"journal_classification":"01","recorded_year":"1986-2013","volume":"12","issue":"1","first_page":"31","last_page":"46","date":"2016-08-26","keyword_list":[{"keyword":"Network Communication","sequence":"1","lang":"en"},{"keyword":"計算機通信","sequence":"1","lang":"ja"},{"keyword":"Group Think","sequence":"2","lang":"en"},{"keyword":"集団思考","sequence":"2","lang":"ja"},{"keyword":"Anonymity","sequence":"3","lang":"en"},{"keyword":"匿名性","sequence":"3","lang":"ja"},{"keyword":"Teledemocracy","sequence":"4","lang":"en"},{"keyword":"政治参加","sequence":"4","lang":"ja"}],"citation_list":[{"sequence":"1","original_text":"Arterton, F. Christopher. 1986. <I>TELEDEMOCRACY: Can Technology Protect Democracy?</I>, Sage Library of Social Research: 165. Newbury Park: Sage Publications."},{"sequence":"2","original_text":"Cerulo, Karen A., Janet M. Ruane, and Mary Chayko. 1992. &ldquo;Technological Ties That Bind-Media-generated Primary Group.&rdquo; <I>Communication Research</I> 19 (1): 109-129."},{"sequence":"3","original_text":"Gillespie, Andrew and Kevin Robins, 1989. &ldquo;Geographical Inequalities: The Spatial Bias of the New Communications Technologies.&rdquo; <I>Journal of Communication</I> (Summer): 7-18."},{"sequence":"4","original_text":"Rheingold, Howard, 1993. <I>The Virtual Community</I>. John Blockman Associates Inc.: 17-37."},{"sequence":"5","original_text":"原岡一馬・若林満（編）. 1994.『組織コミュニケーション─個と組織との対話』. 福村出版."},{"sequence":"6","original_text":"今田高俊. 1986.『自己組織性─社会理論の復活─』. 創文社."},{"sequence":"7","original_text":"伊藤守・小林直毅. 1995.『情報社会とコミュニケーション』. 福村出版."},{"sequence":"8","original_text":"岩井淳・片山卓也. 1996.『プロセスモデル HFSP における実行状態の動的制御機構』. 『コンピュータソフトウェア』13(1): 71-84."},{"sequence":"9","original_text":"Janis, Irving L, 1972. <I>Victims of Groupthink</I>, Boston: Houghton Mifflin."},{"sequence":"10","original_text":"Katayama, T. 1989. &ldquo;A Hierarchical and Functional Software Process Description and its Enaction.&rdquo; <I>Proceedings of the 11th International Conference on Software Engineering</I>. 343-352."},{"sequence":"11","original_text":"川上善郎・河浦康至・池田謙一・古川良治. 1993.『電子ネットワーキングの社会心理』, 誠信書房."},{"sequence":"12","original_text":"Lonchamp, Jacques. 1994. &ldquo;An Assessment Exercise.&rdquo; Pp.335-356 in <I>Software Process Modelling and Technology</I>. Letchwprth: Research Studies Press LTD."},{"sequence":"13","original_text":"松下温・岡田謙一・勝山恒男・西村孝・山上俊彦（編）. 1994.『知的触発に向かう情報社会─グループウエア維新』. bit別冊, 共立出版."},{"sequence":"14","original_text":"Minsky, Naftaly H, 1991. &ldquo;Law-governed Systems.&rdquo; <I>Software Engineering Journal</I> (September): 285-302."},{"sequence":"15","original_text":"小野 徹, 1994.『電子の国「COARA」』, エーアイ出版."},{"sequence":"16","original_text":"Osterweil, L. 1987. &ldquo;Software Processes are Software, Too.&rdquo; In <I>Proceedings of the Ninth International Conference on the Software Engineering</I>. Monterey Caifornia, April."}]}}