{"status":"OK","apiType":"doi","apiVersion":"1.0.0","message":{"total":1,"rows":1,"totalPages":1,"page":1},"data":{"siteId":"SI/JST.JSTAGE","content_type":"JA","doi":"10.11218/ojjams.15.273","url":"https://doi.org/10.11218/ojjams.15.273","ra":"JaLC","prefix":"10.11218","site_name":"J-STAGE","publisher_list":[{"publisher_name":"Japanese Association For Mathematical Sociology","lang":"en"},{"publisher_name":"数理社会学会","lang":"ja"}],"title_list":[{"lang":"ja","title":"行為の意味とその解釈","subtitle":"―意図，行動，解釈図式のファジイ集合による定式化―"},{"lang":"en","title":"Meanings of Action and their Interpretation :","subtitle":"Formalization of Intention, Behavior and Interpretative Scheme using a Fuzzy Set"}],"creator_list":[{"sequence":"1","type":"person","names":[{"lang":"ja","last_name":"都築","first_name":"一治"},{"lang":"en","last_name":"TSUZUKI","first_name":"Kazuharu"}],"affiliation_list":[{"affiliation_name":"Faculty of Sociology<BR>Ryutsu Keizai University","sequence":"1","lang":"en"},{"affiliation_name":"流通経済大学","sequence":"1","lang":"ja"}]}],"publication_date":{"publication_year":"2000"},"relation_list":[{"content":"https://www.jstage.jst.go.jp/article/ojjams/15/2/15_273/_pdf","type":"URL","relation":"fullTextPdf"}],"content_language":"ja","updated_date":"2016-09-29","article_type":"pub","journal_id_list":[{"journal_id":"0913-1442","type":"ISSN","issn_type":"print"},{"journal_id":"1881-6495","type":"ISSN","issn_type":"online"},{"journal_id":"ojjams","type":"JID"}],"journal_title_name_list":[{"journal_title_name":"Sociological Theory and Methods","type":"full","lang":"en"},{"journal_title_name":"Sociological Theory and Methods","type":"abbreviation","lang":"en"},{"journal_title_name":"理論と方法","type":"full","lang":"ja"},{"journal_title_name":"理論と方法","type":"abbreviation","lang":"ja"}],"journal_classification":"01","recorded_year":"1986-2013","volume":"15","issue":"2","first_page":"273","last_page":"286","date":"2016-09-30","keyword_list":[{"keyword":"meaningful action","sequence":"1","lang":"en"},{"keyword":"有意味的行為","sequence":"1","lang":"ja"},{"keyword":"intention and behavior","sequence":"2","lang":"en"},{"keyword":"意図と行動","sequence":"2","lang":"ja"},{"keyword":"fuzzy set","sequence":"3","lang":"en"},{"keyword":"ファジイ集合","sequence":"3","lang":"ja"}],"citation_list":[{"sequence":"1","original_text":"Berger, Peter L. and Thomas Luckmann,1966. <I>The Social Construction of Reality-A Treatise in the Sociology of Knowledge</I>, New York, Doubleday.=1977. 山口節郎（訳）『日常世界の構成―アイデンティティと社会の弁証法―』新曜社."},{"sequence":"2","original_text":"土場学. 1996.「数理社会学―未完のプロジェクト」『理論と方法』Vol.11 No.2 通巻20:157-173."},{"sequence":"3","original_text":"Elster, Jon 1989. <I>The Nuts and Bolts for the Social Sciences</I>, Cambridge University Press, London=1997. 海野道郎（訳）『社会科学の道具箱―合理的選択理論入門―』ハーベスト社."},{"sequence":"4","original_text":"Fararo, Thomas J. 1989. The Meaning of General Theoretical Sociology: Tradition and formalization. Cambridge University Press=1996. 高坂健次（訳）『一般理論社会学の意味―伝統とフォーマライゼーション』ハーベスト社."},{"sequence":"5","original_text":"Giddens, Anthony. 1976. <I>New Rules of Sociological Method : A Positive Critique of Interpretative Sociology</I>. London: Hutchinson.=1987. 松尾精文・藤井達也・小幡正敏（訳）『社会学の新しい方法基準―理解社会学の共感的批判―』而立書房．"},{"sequence":"6","original_text":"高坂健次, 1994.「ファジイ理論と社会学」日本ファジイ学会(編)『講座ファジイ(14)ファジイ理論と人文・社会科学』日刊工業新聞社: 241-288."},{"sequence":"7","original_text":"水本雅晴, 1988.『ファジイ理論とその応用』サイエンス社."},{"sequence":"8","original_text":"宮台真司, 1989.『権力の予期理論―了解を媒介にした作動形式』勁草書房."},{"sequence":"9","original_text":"Montgomery, James D. 1998. &ldquo;Toward a Role-Theoretic Conception of Embeddedness.&rdquo;, <I>American Journal of Sociology</I>, Vol.104, No.1:.92-125."},{"sequence":"10","original_text":"中村和男・富山慶典. 1998.『選択の数理－個人的選択と社会的選択』朝倉書店."},{"sequence":"11","original_text":"行方常幸・行方洋子. 1999.「プレイヤーの合理性と囚人のジレンマゲーム」『理論と方法』Vol.14 No.2 通巻26:127-133."},{"sequence":"12","original_text":"西原和久. 1997.「『意味の社会学』の視圏―「忘れられた意味」から「語られない意味」へ―」井上俊ほか（編）『岩波講座 現代社会学・別巻 現代社会学の理論と方法』岩波書店:111-136."},{"sequence":"13","original_text":"西原和久. 1998.『意味の社会学―現象学的社会学の冒険―』弘文堂."},{"sequence":"14","original_text":"佐藤俊樹. 1988.「理解社会学の理論モデルについて」『理論と方法』Vol.3 No.2 通巻4:151-170."},{"sequence":"15","original_text":"佐藤俊樹. 1993.『近代・組織・資本主義―日本と西欧における近代の地平―』ミネルヴァ書房."},{"sequence":"16","original_text":"Sch&uuml;tz, Alfred. 1932. <I>Der sinnhafte Aufbau der sozialen Welt</I>. Wien: Springer Verlag. =1982. 佐藤嘉一（訳）『社会的世界の意味構成』木鐸社."},{"sequence":"17","original_text":"盛山和夫. 1988.「反照性と社会理論」『理論と方法』Vol.3 No.1 通巻3:57-76."},{"sequence":"18","original_text":"盛山和夫. 1995.『制度論の構図』創文社."},{"sequence":"19","original_text":"洲之内治男・山下元. 1995『ファジイ情報分析―人間科学へのアプローチ―』共立出版."},{"sequence":"20","original_text":"鈴木光男(編). 1970.『競争社会のゲーム理論』勁草書房."},{"sequence":"21","original_text":"Taylor, Michael. 1987. <I>The Possibility of Cooperation</I>. Cambridge University Press. =1995. 松原望(訳)『協力の可能性』木鐸社."},{"sequence":"22","original_text":"都築一治. 1999.「連続的な行為描像と行為意味集合―ファジイ集合による行為意味の定式化―」『流通経済大学社会学部論叢』Vol.10 No.1:63-76."},{"sequence":"23","original_text":"Weber, M. 1921-22a. &ldquo;Soziologische Grunbegriffe.&rdquo; in <I>Wirtschaft und Gesellschaft</I>. T&uuml;bingen. J. C. B. Mohr.=1972. 清水幾太郎（訳）『社会学の根本概念』（抄訳）岩波文庫."},{"sequence":"24","original_text":"Weber, M. 1922b. &ldquo;&Uuml;ber einige Kategorien der verstehenden Soziologie.&rdquo; in <I>Gesammelte Aufs&auml;tze zur Wissenschaftslehre</I>. T&uuml;bingen. J. C. B. Mohr. =1968.林道義(訳)『理解社会学のカテゴリー』（抄訳）岩波文庫."},{"sequence":"25","original_text":"与謝野有紀. 1999.「階層構造と社会意識―社会学理論と数理的手法の関係性の視点から」『理論と方法』Vol.14 No.1 通巻25:65-73"}]}}