{"status":"OK","apiType":"doi","apiVersion":"1.0.0","message":{"total":1,"rows":1,"totalPages":1,"page":1},"data":{"siteId":"SI/JST.JSTAGE","content_type":"JA","doi":"10.11218/ojjams.12.69","url":"https://doi.org/10.11218/ojjams.12.69","ra":"JaLC","prefix":"10.11218","site_name":"J-STAGE","publisher_list":[{"publisher_name":"Japanese Association For Mathematical Sociology","lang":"en"},{"publisher_name":"数理社会学会","lang":"ja"}],"title_list":[{"lang":"ja","title":"社会制度としての研究倫理","subtitle":"―アメリカ社会学会の実例と日本の社会学者の課題―"}],"creator_list":[{"sequence":"1","type":"person","names":[{"lang":"ja","last_name":"岩本","first_name":"健良"},{"lang":"en","last_name":"IWAMOTO","first_name":"Takeyoshi"}],"affiliation_list":[{"affiliation_name":"Kanazawa University","sequence":"1","lang":"en"},{"affiliation_name":"金沢大学","sequence":"1","lang":"ja"}]}],"publication_date":{"publication_year":"1997"},"relation_list":[{"content":"https://www.jstage.jst.go.jp/article/ojjams/12/1/12_69/_pdf","type":"URL","relation":"fullTextPdf"}],"content_language":"ja","updated_date":"2016-08-25","article_type":"pub","journal_id_list":[{"journal_id":"0913-1442","type":"ISSN","issn_type":"print"},{"journal_id":"1881-6495","type":"ISSN","issn_type":"online"},{"journal_id":"ojjams","type":"JID"}],"journal_title_name_list":[{"journal_title_name":"Sociological Theory and Methods","type":"full","lang":"en"},{"journal_title_name":"Sociological Theory and Methods","type":"abbreviation","lang":"en"},{"journal_title_name":"理論と方法","type":"full","lang":"ja"},{"journal_title_name":"理論と方法","type":"abbreviation","lang":"ja"}],"journal_classification":"01","recorded_year":"1986-2013","volume":"12","issue":"1","first_page":"69","last_page":"84","date":"2016-08-26","citation_list":[{"sequence":"1","original_text":"American Sociological Association. 1996. <I>ASA Style Guide.</I> First Edition: 48p. Washington. D. C. : American Sociological Association."},{"sequence":"2","original_text":"American Sociological Association. 1997a. <I>Code of Ethics.</I> Revision January 1997. http://www.asanet.org/ecodrev.htm"},{"sequence":"3","original_text":"American Sociological Association. 1997b. <I>Policies and Procedures. Committee of Professional Ethics.</I> Revision January 1997. http://asanet.org/enforce.htm"},{"sequence":"4","original_text":"Beauchamp, Tom L. et al. (eds.).1982. <I>Ethical Issues in Social Science Research.</I> Baltimore: Johns Hopkins University Press."},{"sequence":"5","original_text":"Department of Sociology, Washington State University. 1997. <I>Graduate Student Handbook.</I> http://www.wsu.edu:8080/?soc/gradhand.html"},{"sequence":"6","original_text":"Kennedy.John. 1996. &lsquo;Hot Off the Press: Revised Draft of ASA Code of Ethics.&rsquo; <I>Footnote</I> 24(6): 6, 12."},{"sequence":"7","original_text":"公文俊平. 1986. 「世界システムの変容と日本の役割」. 『国際問題』315: 49-60."},{"sequence":"8","original_text":"日本社会学会・社会学教育委員会. 1997. 「社会学教育の現状と課題に関する調査(大学院生用調査票」.日本社会学会社会学教育委員会."},{"sequence":"9","original_text":"Sindermann. Carl J. 1982 <I>Winning the Games Scientists Play.</I> New York: Plenum Press. 山崎昶　訳. 1987. 『サイエンティストゲーム：成功への道』. 学会出版センター."},{"sequence":"10","original_text":"Sindermann. Carl J. 1985. <I>The Joy of Science: Execellence and Its Rewards.</I> New York: Plenum Press. 山本祐靖・小林俊一　訳. 1988 『成功するサイエンティスト：科学の喜び』. 丸善."},{"sequence":"11","original_text":"Sindermann. Carl J. 1987. <I>Survival Strategies for New Scientists.</I> New York: Plenum Press. 山崎昶　訳. 1987. 『続サイエンティストゲーム：若き科学者のための生き残り戦略』. 学会出版センター."},{"sequence":"12","original_text":"祖父江孝男. 1992. 「日本民族学会研究倫理委員会(第２期)についての報告」.『民俗学研究』57(1): 70-91."},{"sequence":"13","original_text":"東京女子大学女性学研究所. 1993. 『大学院課程修了女性の就業と社会的諸活動に関する調査報告書』(Woman's Studies 研究報告書　XIII). 東京女子大学女性学研究所."}]}}