{"status":"OK","apiType":"doi","apiVersion":"1.0.0","message":{"total":1,"rows":1,"totalPages":1,"page":1},"data":{"siteId":"SI/JST.JSTAGE","content_type":"JA","doi":"10.11218/ojjams.21.357_e1","url":"https://doi.org/10.11218/ojjams.21.357_e1","ra":"JaLC","prefix":"10.11218","site_name":"J-STAGE","publisher_list":[{"publisher_name":"Japanese Association For Mathematical Sociology","lang":"en"},{"publisher_name":"数理社会学会","lang":"ja"}],"title_list":[{"lang":"en","title":"Erratum : After Twenty Years of Quantitative Life Course Research","subtitle":"[<I>Sociological Theory and Methods</I>, 21(1):13-32]"},{"title":"Erratum : ライフコース研究の２０年と計量社会学の課題","subtitle":"[『理論と方法』21(1):13-32]"}],"creator_list":[{"sequence":"1","type":"person","names":[{"lang":"en","last_name":"Iwai","first_name":"Hachiro"},{"lang":"ja","last_name":"岩井","first_name":"八郎"}],"affiliation_list":[{"affiliation_name":"Kyoto University Graduate School of Education","sequence":"1","lang":"en"},{"affiliation_name":"京都大学","sequence":"1","lang":"ja"}]}],"publication_date":{"publication_year":"2006"},"relation_list":[{"content":"http://www.jstage.jst.go.jp/article/ojjams/21/2/21_2_357_e1/_pdf","type":"URL","relation":"fullTextPdf"}],"updated_date":"2014-12-09","article_type":"pub","journal_id_list":[{"journal_id":"0913-1442","type":"ISSN","issn_type":"print"},{"journal_id":"1881-6495","type":"ISSN","issn_type":"online"},{"journal_id":"ojjams","type":"JID"}],"journal_title_name_list":[{"journal_title_name":"Sociological Theory and Methods","type":"full","lang":"en"},{"journal_title_name":"Sociological Theory and Methods","type":"abbreviation","lang":"en"},{"journal_title_name":"理論と方法","type":"full","lang":"ja"},{"journal_title_name":"理論と方法","type":"abbreviation","lang":"ja"}],"journal_classification":"01","recorded_year":"1986-2013","volume":"21","issue":"2","first_page":"e1","last_page":"357_e1","date":"2009-03-27"}}