{"status":"OK","apiType":"doi","apiVersion":"1.0.0","message":{"total":1,"rows":1,"totalPages":1,"page":1},"data":{"siteId":"SI/JST.JSTAGE","content_type":"JA","doi":"10.11218/ojjams.19.135","url":"https://doi.org/10.11218/ojjams.19.135","ra":"JaLC","prefix":"10.11218","site_name":"J-STAGE","publisher_list":[{"publisher_name":"Japanese Association For Mathematical Sociology","lang":"en"},{"publisher_name":"数理社会学会","lang":"ja"}],"title_list":[{"lang":"ja","title":"テキスト型データのマイニング","subtitle":"―定性調査におけるテキスト・マイニングをどう考えるか―"},{"lang":"en","title":"Reviewing Textual Data Mining in Japan"}],"creator_list":[{"sequence":"1","type":"person","names":[{"lang":"ja","last_name":"大隅","first_name":"昇"},{"lang":"en","last_name":"OHSUMI","first_name":"Noboru"}],"affiliation_list":[{"affiliation_name":"The Institute of Statistical Mathematics","sequence":"1","lang":"en"},{"affiliation_name":"統計数理研究所","sequence":"1","lang":"ja"}]},{"sequence":"2","type":"person","names":[{"lang":"ja","last_name":"保田","first_name":"明夫"},{"lang":"en","last_name":"YASUDA","first_name":"Akio"}],"affiliation_list":[{"affiliation_name":"Heiwa Information Center Inc.","sequence":"2","lang":"en"},{"affiliation_name":"平和情報センター","sequence":"2","lang":"ja"}]}],"publication_date":{"publication_year":"2004"},"relation_list":[{"content":"https://www.jstage.jst.go.jp/article/ojjams/19/2/19_2_135/_pdf","type":"URL","relation":"fullTextPdf"}],"content_language":"ja","updated_date":"2017-03-23","article_type":"pub","journal_id_list":[{"journal_id":"0913-1442","type":"ISSN","issn_type":"print"},{"journal_id":"1881-6495","type":"ISSN","issn_type":"online"},{"journal_id":"ojjams","type":"JID"}],"journal_title_name_list":[{"journal_title_name":"Sociological Theory and Methods","type":"full","lang":"en"},{"journal_title_name":"Sociological Theory and Methods","type":"abbreviation","lang":"en"},{"journal_title_name":"理論と方法","type":"full","lang":"ja"},{"journal_title_name":"理論と方法","type":"abbreviation","lang":"ja"}],"journal_classification":"01","recorded_year":"1986-2013","volume":"19","issue":"2","first_page":"135","last_page":"159","date":"2008-12-22","keyword_list":[{"keyword":"自由回答設問","sequence":"7","lang":"ja"},{"keyword":"text mining","sequence":"1","lang":"en"},{"keyword":"テキスト・マイニング","sequence":"1","lang":"ja"},{"keyword":"textual data mining","sequence":"2","lang":"en"},{"keyword":"テキスト型データのマイニング","sequence":"2","lang":"ja"},{"keyword":"data mining","sequence":"3","lang":"en"},{"keyword":"データ・マイニング","sequence":"3","lang":"ja"},{"keyword":"knowledge discovery and data mining (KDD)","sequence":"4","lang":"en"},{"keyword":"知識発見とデータ・マイニング","sequence":"4","lang":"ja"},{"keyword":"qualitative research","sequence":"5","lang":"en"},{"keyword":"定性調査","sequence":"5","lang":"ja"},{"keyword":"data science","sequence":"6","lang":"en"},{"keyword":"データ科学","sequence":"6","lang":"ja"},{"keyword":"open-ended questions","sequence":"7","lang":"en"},{"keyword":"Web-based survey","sequence":"8","lang":"en"},{"keyword":"Web調査","sequence":"8","lang":"ja"},{"keyword":"correspondence analysis of lexical tables","sequence":"9","lang":"en"},{"keyword":"単語頻度クロス表の対応分析","sequence":"9","lang":"ja"}],"citation_list":[{"sequence":"1","original_text":"飽戸弘編著. 1994. 『食文化の国際比較』日本経済新聞社."},{"sequence":"2","original_text":"Baayen, R. H. 2001. <I>Word Frequency Distributions</I>. Kluwer Academic Publishers."},{"sequence":"3","original_text":"Dhillon, I. S. Mallera, S. and R. Kumar. 2002. &ldquo;Enhanced Word Clustering for Hierarchical Text Classification.&rdquo; in <I>KDD-2002: Proceedings of the Eighth ACM SIGKDD International Conference on Knowledge Discovery &amp; Data Mining</I>, SIGKDD.: 191-216."},{"sequence":"4","original_text":"Fayyad, U. and R. Uthurusamy. 1995. &ldquo;Preface.&rdquo; in Fayyad, U., M., and R. Uthurusamy.(eds.) <I>The Proceedings of the First International Conference on Knowledge Discovery and Data Mining</I>. AAAI Press."},{"sequence":"5","original_text":"Fayyad, U., G. Piatetsky-Shapiro,and P. Smyth. 1996. &ldquo;Knowledge Discovery and Data Mining: Towards a Unifying Framework.&rdquo; in Simoudis., E., J. Han, and U. Fayyad (eds.) <I>Proceedings Second International Conference on Knowledge Discovery &amp; Data Mining</I>. AAAI Press.: 82-88."},{"sequence":"6","original_text":"Fayyad, U., G. Piatetsky-Shapiro, and P. Smyth. 1996. &ldquo;The KDD Process for Extracting Useful Knowledge from Volumes of Data.&rdquo; <I>Communications of the ACM</I> 39(11): 27-34."},{"sequence":"7","original_text":"Feldman, R. 2003. &ldquo;Mining Text Data.&rdquo; in Fayyad, U., M., and R. Uthurusamy.(eds.) <I>The Handbook of Data Mining</I>, edited by N. Ye. Lawrence Erlbaum Associates.: 481-518."},{"sequence":"8","original_text":"Feldman, R. and I. Dagan. 1995. &ldquo;Knowledge discovery in textual databases (KDT).&rdquo; in <I>the Proceedings of the First International Conference on Knowledge Discovery and Data Mining</I>. AAAI Press.: 112-17."},{"sequence":"9","original_text":"Fellbaum, C. (ed.) 1998. <I>WordNet: An Electronic Lexical Database</I>. The MIT Press."},{"sequence":"10","original_text":"言語学研究所. 2003. 『類語・シソーラス辞典ソフト「デジタル類語辞典2003」』．"},{"sequence":"11","original_text":"林知己夫. 2001. 『データの科学 シリーズ＜データの科学＞1』朝倉書店．"},{"sequence":"12","original_text":"Hearst, M. A. 1995. &ldquo;TileBars: Visualization of Term Distribution Information in Full Text Information Access.&rdquo; in <I>the Proceedings of the ACM SIGCHI Conference on Human Factors in Computing Systems</I>: 59-66.[http://www.sims.berkeley.edu/~hearst/papers/tilebars-chi95/chi95.html]"},{"sequence":"13","original_text":"Hearst, M. A. 1998. &ldquo;Current Topics in Information Access.&rdquo; in <I>SIAM Academic Course</I> 296a-5-3."},{"sequence":"14","original_text":"Hearst, M. A. 1999. &ldquo;Untangling Text Data Mining.&rdquo; in <I>Proceedings of ACL'99: the 37th Annual Meeting of the Association for Computational Linguistics</I>. (invited paper)."},{"sequence":"15","original_text":"今井浩. 2001. 「データマイニングとは？―情報システムとしての温故知新―」 『ESTRELA』 8月号:2-9．"},{"sequence":"16","original_text":"伊藤雅光. 2002. 『計量言語学入門』大修館書店．"},{"sequence":"17","original_text":"川端亮・樋口耕一. 2003. 「インターネットに対する人々の意識―自由回答の分析から―」 『大阪大学 大学院人間科学研究科紀要』29:163-181．"},{"sequence":"18","original_text":"北原保雄（監修）・斎藤倫明（編）. 2002. 『語彙・意味 朝倉日本語講座4』朝倉書店．"},{"sequence":"19","original_text":"北原保雄（監修）. 2003. 『日本語の使い方，考え方辞典』岩波書店．"},{"sequence":"20","original_text":"小池清治，小林賢次他（編） 1997. 『日本語学キーワード事典』朝倉書店．"},{"sequence":"21","original_text":"国立国語研究所. 1964. 『分類語彙表 国立国語研究所資料集』大日本図書．"},{"sequence":"22","original_text":"国立国語研究所. 2004. 『分類語彙表 増補改訂版（CD-ROM付）』大日本図書．"},{"sequence":"23","original_text":"Krippendorff, K. 2004. <I>Content Analysis: An Introduction to Its Methodology</I>(second edition). Sage Publications."},{"sequence":"24","original_text":"Lagus, K., T. Honkela., S. Kaski, and T. Kohonen. 1996. &ldquo;Self-Organizing Maps of Document Collection: A New Approach to Interactive Exploration.&rdquo; in E. Simoudis., J. Han, and U. Fayyad (eds). <I>Proceedings Second International Conference on Knowledge Discovery &amp; Data Mining</I>. AAAI Press: 238-43."},{"sequence":"25","original_text":"Lebart, L.,A. Salem, and L. Berry. 1998. <I>Exploring Textual Data</I>. Kluwer Academic Publishers."},{"sequence":"26","original_text":"町田健. 2003. 『コトバの謎解きソシュール入門』光文社新書．"},{"sequence":"27","original_text":"松本祐治・今井邦彦他. 1997. 『言語の科学入門 岩波講座言語の科学1』岩波書店．"},{"sequence":"28","original_text":"Miles, M. B. and M. Huberman. 1994. <I>An Expanded Sourcebook: Qualitative Data Analysis</I>(second edition). Sage Publications."},{"sequence":"29","original_text":"Murtagh, F. 1999. &ldquo;Data Mining, Statistics and Data Science.&rdquo; in <I>Proceedings of ISM Symposium: Data Mining and Knowledge Discovery in Data Science</I>.:1-12."},{"sequence":"30","original_text":"NTTコミュニケーションズ科学基礎研究所監修. 1999. 『日本語語彙大系（CD-ROM版）』 岩波書店. [http://www.kecl.ntt.co.jp/icl/mtg/resources/GoiTaikei/]"},{"sequence":"31","original_text":"長尾真・黒橋禎夫他. 1998. 『言語情報処理 岩波講座言語の科学9』岩波書店．"},{"sequence":"32","original_text":"長尾真（編）. 1996. 『自然言語処理 岩波講座ソフトウェア科学第15巻』岩波書店．"},{"sequence":"33","original_text":"Nahm, U. A Roadmap to Text Mining and Web Mining, Department of Computer Sciences, The University of Texas at Austin. [http://www.cs.utexas.edu/users/pebronia/text-mining/]"},{"sequence":"34","original_text":"中村純作. 2003. 「コーパス言語学」 山梨正明・有馬道子（編）『現代言語学の潮流』 勁草書房:233-245．"},{"sequence":"35","original_text":"Neuendorf, K. A. and P. D. Skalski. 2002. <I>The Content Analysis Guidebook</I>. Sage Publications."},{"sequence":"36","original_text":"大隅昇. 2004. 「調査環境の変化に対応した新たな調査法の研究」『インターネット調査産学協同研究報告』CD-ROM."},{"sequence":"37","original_text":"大隅昇. 2002. 「インターネット調査の適用可能性と限界―データ科学の視点からの考察―」『行動計量学』 29(1):20-44."},{"sequence":"38","original_text":"大隅昇. 2002. 「テキスト型データの多次元データ解析―Web調査自由回答データの解析事例―」 柳井晴夫・岡田彬訓・繁桝算男・高木廣文・岩崎学（編）『多変量解析実例ハンドブック』朝倉書店：757-83．"},{"sequence":"39","original_text":"大隅昇. 2000. 「定性情報のマイニング―自由回答データの解析―」『ESTRELA』5月号:14-26."},{"sequence":"40","original_text":"大隅昇・L. Lebart. 2000. 「調査における自由回答データの解析―InfoMinerによる探索的テキスト型データ解析―」『統計数理』 48(2):339-376．"},{"sequence":"41","original_text":"大隅昇・丸岡吉人他. 1997. 「自由回答データの解析法についての提案―実験調査におけるいくつかの試み―」『第25回日本行動計量学会大会報告要旨集』:176-79."},{"sequence":"42","original_text":"奥村学. 2000. 「自然言語処理関連ツールあれこれ―使えるフリーソフト―」『情報処理』41（11）:1203-07．"},{"sequence":"43","original_text":"Popping, R. 2000. <I>Computer-assisted Text Analysis</I>. Sage Publications."},{"sequence":"44","original_text":"Renz, I. and J. Franke. 2003. &ldquo;Text Mining.&rdquo; in Franke, J., G. Nakhaeizadeh, and I. Renz(eds.). <I>Text Mining: Theoretical Aspects and Applications</I>. Physica-Verlag: 1-19."},{"sequence":"45","original_text":"仙台都市総合研究機構. 2003.『「市民の声」の活用法に関する調査研究』2003 SURF研究報告．"},{"sequence":"46","original_text":"柴田武・山田進（編）. 2002. 『類語大辞典』講談社．"},{"sequence":"47","original_text":"Software, E. 1999. Viscovery SOMine version 3.0 Scientific and Enterprise Edition, User's Manual. Stone Analytic, Inc. Evaluating Text Mining Applications. [http://www.secondmoment.org/atats-column/stats-textmining.php]"},{"sequence":"48","original_text":"Sullivan, D. 2001. <I>Document Warehousing and Text Mining</I>. John Wiley."},{"sequence":"49","original_text":"Tan, A.H. 1999. &ldquo;Text Mining: The state of the art and the challenges.&rdquo; in <I>Proceedings: PAKDD'99 Workshop on Knowledge discovery from Advanced Databases</I> (KDAD'99). Beijing. [http://www.ntu.edu.sg/home/asahtan/publications.htm]"},{"sequence":"50","original_text":"Thuraisingham, B. 1999. <I>Data Mining Technologies, Techniques, Tools, and Trends</I>. CRC Press."},{"sequence":"51","original_text":"Weber, R. P. 1990. <I>Basic Content Analysis</I> (second edition) Series: Quantitative Applications in the Social Sciences 49. Sage Publications."},{"sequence":"52","original_text":"山口翼（編）. 2003. 『日本語大シソーラス―類語検索大辞典―』大修館書店．"},{"sequence":"53","original_text":"山梨正明・有馬道子（編）. 2003. 『現代言語学の潮流』勁草書房．"},{"sequence":"54","original_text":"Ye, N. (ed.). 2003. <I>The Handbook of Data Mining</I>. Lawrence Erlbaum Associates, Publishers."}]}}