{"status":"OK","apiType":"doi","apiVersion":"1.0.0","message":{"total":1,"rows":1,"totalPages":1,"page":1},"data":{"siteId":"SI/JST.JSTAGE","content_type":"JA","doi":"10.11218/ojjams.26.179","url":"https://doi.org/10.11218/ojjams.26.179","ra":"JaLC","prefix":"10.11218","site_name":"J-STAGE","publisher_list":[{"publisher_name":"Japanese Association For Mathematical Sociology","lang":"en"},{"publisher_name":"数理社会学会","lang":"ja"}],"title_list":[{"lang":"en","title":"Educational Expansion and Inequality of Educational Opportunity:","subtitle":"Taiwan and Japan"}],"creator_list":[{"sequence":"1","type":"person","names":[{"lang":"en","last_name":"TSAI","first_name":"Shu-Ling"}],"affiliation_list":[{"affiliation_name":"Academia Sinica","sequence":"1","lang":"en"}]},{"sequence":"2","type":"person","names":[{"lang":"en","last_name":"KANOMATA","first_name":"Nobuo"}],"affiliation_list":[{"affiliation_name":"Keio University","sequence":"2","lang":"en"}]}],"publication_date":{"publication_year":"2011"},"relation_list":[{"content":"https://www.jstage.jst.go.jp/article/ojjams/26/1/26_1_179/_pdf","type":"URL","relation":"fullTextPdf"}],"content_language":"en","updated_date":"2017-03-23","article_type":"pub","journal_id_list":[{"journal_id":"0913-1442","type":"ISSN","issn_type":"print"},{"journal_id":"1881-6495","type":"ISSN","issn_type":"online"},{"journal_id":"ojjams","type":"JID"}],"journal_title_name_list":[{"journal_title_name":"Sociological Theory and Methods","type":"full","lang":"en"},{"journal_title_name":"Sociological Theory and Methods","type":"abbreviation","lang":"en"},{"journal_title_name":"理論と方法","type":"full","lang":"ja"},{"journal_title_name":"理論と方法","type":"abbreviation","lang":"ja"}],"journal_classification":"01","recorded_year":"1986-2013","volume":"26","issue":"1","first_page":"179","last_page":"195","date":"2012-01-31","keyword_list":[{"keyword":"Educational Expansion","sequence":"1","lang":"en"},{"keyword":"Class Inequality","sequence":"2","lang":"en"},{"keyword":"MMI and EMI hypotheses","sequence":"3","lang":"en"}],"citation_list":[{"sequence":"1","original_text":"Arum, Richard, Adam Gamoran, and Yossi Shavit. 2007. &ldquo;More Inclusion than Diversion: Expansion, Differentiation, and Market Structure in Higher Education.&rdquo; Pp. 1-35 in <I>Stratification in Higher Education: A Comparative Study</I>, edited by Yossi Shavit, Richard Arum, and Adam Gamoran. Stanford: Stanford University Press."},{"sequence":"2","original_text":"Breen, Richard and John H. Goldthorpe. 1997. &ldquo;Explaining Educational Differentials: Towards a Formal Rational Action Theory.&rdquo; <I>Rationality and Society</I> 9: 275-305."},{"sequence":"3","original_text":"Breen, R., R. Luijkx, W. Muller and R. Pollak. 2009. &ldquo;Non-Persistent Inequality in Educational Attainment: Evidence from European Countries.&rdquo; <I>American Journal of Sociology</I> 114 (5):1475-521."},{"sequence":"4","original_text":"Charles, Maria and David B. Grusky. 2004. <I>Occupational Ghettos: The Worldwide Segregation of Women and Men</I>. Stanford, California: Stanford University Press."},{"sequence":"5","original_text":"Ganzeboom, Harry B.G. and Donald J. Treiman. 2003. &ldquo;Three Internationally Standardized Measures for Comparative Research on Occupational Status.&rdquo; Pp. 159-193 in <I>Advances in Cross-National Comparison: A European Working Book for Demographic and Socio-Economic Variables</I>, edited by Jurgen H.P. Hoffmeyer-Zlotnik and Christof Wolf. New York: Kluwer Academic/Plenum Publishers."},{"sequence":"6","original_text":"Ishida, Hiroshi. 2007. &ldquo;Japan: Educational Expansion and Inequality in Access to Higher Education.&rdquo; Pp. 63-86 in <I>Stratification in Higher Education: A Comparative Study</I>, edited by Yossi Shavit, Richard Arum, and Adam Gamoran. Stanford: Stanford University Press."},{"sequence":"7","original_text":"Jonsson, Jan O., Colin Mills and Walter Muller. 1996. &ldquo;Half a Century of Increasing Educational Openness? Social Class, Gender and Educational Attainment in Sweden, Germany and Britain.&rdquo; 183-206 in <I>Can Education be Equalized</I>, edited by Robert Erikson and Jan O. Jonsson. Boulder, Colorado: Westview Press."},{"sequence":"8","original_text":"Lucas, Samuel R. 2001. &ldquo;Effectively Maintained Inequality: Education Transitions, Track Mobility, and Social Background Effects.&rdquo; <I>American Journal of Sociology</I> 106(6): 1642-1690."},{"sequence":"9","original_text":"Lucas, Samuel R. 2009. &ldquo;Stratification Theory, Socioeconomic Background, and Educational Attainment.&rdquo; <I>Rationality and Society</I> 21(4):459-511."},{"sequence":"10","original_text":"Mare, Robert D. 1981. &ldquo;Change and Stability in Educational Stratification.&rdquo; <I>American Sociological Review</I> 46(1): 72-87."},{"sequence":"11","original_text":"Ministry of Education, Culture, Sports, Science, and Technology, Japan. 2008. <I>School Basic Survey</I>. (http://www.mext.go.jp/)"},{"sequence":"12","original_text":"Ministry of Education, ROC. 2008. <I>Educational Statistics of the Republic of China</I>. (http://www.edu.tw/)"},{"sequence":"13","original_text":"Raftery, Adrian E., Michael Hout. 1993. &ldquo;Maximally Maintained Inequality: Expansion, Reform, and Opportunity in Irish Education, 1921-75.&rdquo; <I>Sociology of Education</I> 66(1): 41-62."},{"sequence":"14","original_text":"Shavit, Yossi, Richard Arum, and Adam Gamoran. (Eds.) 2007. <I>Stratification in Higher Education: A Comparative Study</I>. Stanford: Stanford University Press."},{"sequence":"15","original_text":"Shavit, Yossi and Hans-Peter Blossfeld. (Eds.) 1993. <I>Persistent Inequality: Changing Educational Attainment in Thirteen Countries</I>. Boulder: Westview Press."},{"sequence":"16","original_text":"Shavit, Yossi and Karin Westerbeek. 1998. &ldquo;Educational Stratification in Italy: Reforms, Expansion, and Equality of Opprtunity. &rdquo; <I>European Sociological Review</I> 14:33-47."},{"sequence":"17","original_text":"Treiman, Donald J., and KazuoYamaguchi. 1993. &ldquo;Trends in Educational Attainment in Japan.&rdquo; Pp.229-49 in <I>Persistent Inequality: Changing Educational Attainment in Thirteen Countries</I>, edited by Yossi Shavit and Hans-Peter Blossfeld. Boulder, Colorado: Westview Press."},{"sequence":"18","original_text":"Tsai, Shu-Ling, and Hei-Yuan Chiu. 1993. &ldquo;Changes in Educational Stratification in Taiwan.&rdquo; Pp.193-227 in <I>Persistent Inequality: Changing Educational Attainment in Thirteen Countries</I>, edited by Yossi Shavit and Hans-Peter Blossfeld. Boulder, Colorado: Westview Press."},{"sequence":"19","original_text":"Tsai, Shu-Ling and Yossi Shavit. 2007. &ldquo;Taiwan: Higher Education-Expansion and Equality of Educational Opportunity.&rdquo; Pp. 140-164 in <I>Stratification in Higher Education: A Comparative Study</I>, edited by Yossi Shavit, Richard Arum, and Adam Gamoran. Stanford: Stanford University Press."}]}}