{"status":"OK","apiType":"doi","apiVersion":"1.0.0","message":{"total":1,"rows":1,"totalPages":1,"page":1},"data":{"siteId":"SI/JST.JSTAGE","content_type":"JA","doi":"10.11218/ojjams.15.17","url":"https://doi.org/10.11218/ojjams.15.17","ra":"JaLC","prefix":"10.11218","site_name":"J-STAGE","publisher_list":[{"publisher_name":"Japanese Association For Mathematical Sociology","lang":"en"},{"publisher_name":"数理社会学会","lang":"ja"}],"title_list":[{"lang":"ja","title":"＜社会＞への新たな知"}],"creator_list":[{"sequence":"1","type":"person","names":[{"lang":"ja","last_name":"土場","first_name":"学"},{"lang":"en","last_name":"DOBA","first_name":"Gaku"}],"affiliation_list":[{"affiliation_name":"Editor of Special Section","sequence":"1","lang":"en"},{"affiliation_name":"特集編集担当","sequence":"1","lang":"ja"}]}],"publication_date":{"publication_year":"2000"},"relation_list":[{"content":"https://www.jstage.jst.go.jp/article/ojjams/15/1/15_17/_pdf","type":"URL","relation":"fullTextPdf"}],"content_language":"ja","updated_date":"2016-09-29","article_type":"pub","journal_id_list":[{"journal_id":"0913-1442","type":"ISSN","issn_type":"print"},{"journal_id":"1881-6495","type":"ISSN","issn_type":"online"},{"journal_id":"ojjams","type":"JID"}],"journal_title_name_list":[{"journal_title_name":"Sociological Theory and Methods","type":"full","lang":"en"},{"journal_title_name":"Sociological Theory and Methods","type":"abbreviation","lang":"en"},{"journal_title_name":"理論と方法","type":"full","lang":"ja"},{"journal_title_name":"理論と方法","type":"abbreviation","lang":"ja"}],"journal_classification":"01","recorded_year":"1986-2013","volume":"15","issue":"1","first_page":"17","last_page":"20","date":"2016-09-30"}}