{"status":"OK","apiType":"doi","apiVersion":"1.0.0","message":{"total":1,"rows":1,"totalPages":1,"page":1},"data":{"siteId":"SI/JST.JSTAGE","content_type":"JA","doi":"10.11218/ojjams.26.31","url":"https://doi.org/10.11218/ojjams.26.31","ra":"JaLC","prefix":"10.11218","site_name":"J-STAGE","publisher_list":[{"publisher_name":"Japanese Association For Mathematical Sociology","lang":"en"},{"publisher_name":"数理社会学会","lang":"ja"}],"title_list":[{"lang":"ja","title":"評判生成規範の寛容性が社会的交換の協力率に及ぼす効果","subtitle":"―社会的ネットワーク上での進化シミュレーション―"},{"lang":"en","title":"Effect of tolerance of reputation-making norms on corporation in social exchanges:","subtitle":"An evolutionary simulation on social networks"}],"creator_list":[{"sequence":"1","type":"person","names":[{"lang":"ja","last_name":"鈴木","first_name":"貴久"},{"lang":"en","last_name":"SUZUKI","first_name":"Takahisa"}],"affiliation_list":[{"affiliation_name":"The Graduate University for Advanced Studies","sequence":"1","lang":"en"},{"affiliation_name":"総合研究大学院大学","sequence":"1","lang":"ja"}]},{"sequence":"2","type":"person","names":[{"lang":"ja","last_name":"小林","first_name":"哲郎"},{"lang":"en","last_name":"KOBAYASHI","first_name":"Tetsuro"}],"affiliation_list":[{"affiliation_name":"National Institute of Informatics","sequence":"2","lang":"en"},{"affiliation_name":"国立情報学研究所","sequence":"2","lang":"ja"}]}],"publication_date":{"publication_year":"2011"},"relation_list":[{"content":"https://www.jstage.jst.go.jp/article/ojjams/26/1/26_1_31/_pdf","type":"URL","relation":"fullTextPdf"}],"content_language":"ja","updated_date":"2017-03-23","article_type":"pub","journal_id_list":[{"journal_id":"0913-1442","type":"ISSN","issn_type":"print"},{"journal_id":"1881-6495","type":"ISSN","issn_type":"online"},{"journal_id":"ojjams","type":"JID"}],"journal_title_name_list":[{"journal_title_name":"Sociological Theory and Methods","type":"full","lang":"en"},{"journal_title_name":"Sociological Theory and Methods","type":"abbreviation","lang":"en"},{"journal_title_name":"理論と方法","type":"full","lang":"ja"},{"journal_title_name":"理論と方法","type":"abbreviation","lang":"ja"}],"journal_classification":"01","recorded_year":"1986-2013","volume":"26","issue":"1","first_page":"31","last_page":"50","date":"2012-01-31","keyword_list":[{"keyword":"simulation","sequence":"1","lang":"en"},{"keyword":"シミュレーション","sequence":"1","lang":"ja"},{"keyword":"reputation","sequence":"2","lang":"en"},{"keyword":"評判","sequence":"2","lang":"ja"},{"keyword":"evolution of cooperation","sequence":"3","lang":"en"},{"keyword":"協力の進化","sequence":"3","lang":"ja"}],"citation_list":[{"sequence":"1","original_text":"Alexander, R. D. 1987. <I>The Biology of Moral Systems</I>. New York: Aldine de Guyter."},{"sequence":"2","original_text":"Axelrod.R. 1984. <I>The Evolution of Cooperation</I>. Basic Books. (=1998. 松田裕之（訳） 『つきあい方の科学－バクテリアから国際関係まで』ミネルヴァ書房. )"},{"sequence":"3","original_text":"Craik, K. H. 2008. <I>Reputation: a network interpretation</I>. Oxford University Press, USA."},{"sequence":"4","original_text":"Coleman, J. S. 1990. <I>Foundations of Social Theory</I>. Cambridge: Belknap Press of Harvard University Press."},{"sequence":"5","original_text":"Fu, F., Hauert, C.,Nowak, M. A., and Wang, L. 2008. &ldquo;Reputation-based partner choice promotes cooperation in social networks.&rdquo; <I>Physical Review E</I> 78:026117."},{"sequence":"6","original_text":"Leimar, O. and Hammerstein, P. 2001. &ldquo;Evolution of cooperation through indirect reciprocity.&rdquo; <I>Proceedings of the Royal Society of London, Series B:Biological Sciences</I> 268:745-753"},{"sequence":"7","original_text":"真島理恵・高橋伸幸. 2005a. 「敵の味方は敵？：間接互恵性における二次情報の効果に対する理論的・実証的検討」『理論と方法』 20:177-195."},{"sequence":"8","original_text":"真島理恵・高橋伸幸. 2005b. 「間接互恵性の成立：非寛容な選別主義に基づく利他行動の適応的基盤」『心理学研究』 76(5):436-444."},{"sequence":"9","original_text":"Moscovici, S. 1984. &ldquo;The phenomenon of social representations.&rdquo; In R.M.Farr &amp; S.Moscovici. (Eds.), <I>Social Representations</I>, Cambridge University Press."},{"sequence":"10","original_text":"Nakai, Y. and Muto, M. 2008. &ldquo;Emergence and collapse of peace with friend selection strategies.&rdquo; <I>Journal of Artificial Societies and Social Simulation</I> 11(3), 6."},{"sequence":"11","original_text":"Nowak, M. and Sigmund, K. 1998a. &ldquo;Evolution of indirect reciprocity by image scoring.&rdquo; <I>Nature</I> 393:573-577."},{"sequence":"12","original_text":"Nowak, M. and Sigmund, K. 1998b. &ldquo;The dynamics of indirect reciprocity.&rdquo; <I>Journal of Theoretical Biology</I> 194:561-574."},{"sequence":"13","original_text":"Ohtsuki, H. and Iwasa, Y. 2004. &ldquo;How should we define goodness?: Reputation dynamics in indirect reciprocity&rdquo; <I>Journal of Theoretical Biology</I> 231:107-120."},{"sequence":"14","original_text":"Ohtsuki, H. and Iwasa, Y. 2007. &ldquo;Global analyses of evolutionary dynamics and exhaustive search for social norms that maintain cooperation by reputation.&rdquo; <I>Journal of theoretical biology</I> 244:518-531."},{"sequence":"15","original_text":"Ostrom, E. 2003. &ldquo;Toward a behavioral theory.&rdquo; 19-79 in <I>Trust &amp; reciprocity</I>, edited by E. Ostrom and J. Walker. New York: Russell Sage Foundation."},{"sequence":"16","original_text":"Panchanathan, K. and Boyd, R. 2003. &ldquo;A tale of two defectors: The Importance of Standing in the Evolution of Indirect Reciprocity.&rdquo; <I>Journal of Theoretical Biology</I> 224: 115-126."},{"sequence":"17","original_text":"Portes, A. and Landolt, P. 1996. &ldquo;The downside of social capital.&rdquo; <I>The American Prospect</I> 94: 18-21."},{"sequence":"18","original_text":"Putnam, R. D. 1993. <I>Making democracy work: Civic traditions in modern Italy</I>. Princeton: Princeton University Press. (=2001. 河田潤一（訳） 『哲学する民主主義－伝統と改革の市民的構造』 NTT 出版.)"},{"sequence":"19","original_text":"Putnam, R. D. 2000. <I>Bowling alone: the collapse and revival of American community</I>. NY: Simon and Schuster. (=2006. 柴内康文（訳） 『孤独なボウリング－米国コミュニティの崩壊と再生』 柏書房.)"},{"sequence":"20","original_text":"Standifird, S. S. 2001. &ldquo;Reputation and e-commerce:Bay auctions and the asymmetrical impact of positive and negative ratings.&rdquo; <I>Journal of Management</I> 27(3): 279-295."},{"sequence":"21","original_text":"高橋克徳・河合太介・永田稔・渡部幹. 2008. 『不機嫌な職場：なぜ社員同士で協力できないのか』 講談社現代新書."},{"sequence":"22","original_text":"高木英至. 1994. 「社会的交換のシミュレーション・パラダイム」 『埼玉大学紀要』 30:23-55."},{"sequence":"23","original_text":"Takahashi, N. and Mashima, R. 2006. &ldquo;The importance of subjectivity in perceptual errors on the emergence of indirect reciprocity.&rdquo; <I>Journal of Theoretical Biology</I> 243: 418-436."},{"sequence":"24","original_text":"山岸俊男. 1998. 『信頼の構造：こころと社会の進化ゲーム』 東京大学出版会."},{"sequence":"25","original_text":"山岸俊男・吉開範章. 2005. 「信頼できる情報社会へ：安心，信頼，そして評判」 『電子情報通信学会誌』 88: 54-56."}]}}