{"status":"OK","apiType":"doi","apiVersion":"1.0.0","message":{"total":1,"rows":1,"totalPages":1,"page":1},"data":{"siteId":"SI/JST.JSTAGE","content_type":"JA","doi":"10.11218/ojjams.25.49","url":"https://doi.org/10.11218/ojjams.25.49","ra":"JaLC","prefix":"10.11218","site_name":"J-STAGE","publisher_list":[{"publisher_name":"Japanese Association For Mathematical Sociology","lang":"en"},{"publisher_name":"数理社会学会","lang":"ja"}],"title_list":[{"lang":"ja","title":"個別的社会関係資本と集合的社会関係資本の相互関係","subtitle":"―観光まちづくりを事例として―"},{"lang":"en","title":"From Macro to Micro or Micro to Macro?:","subtitle":"Individual and Collective Social Capital in Tourist Destination Development"}],"creator_list":[{"sequence":"1","type":"person","names":[{"lang":"ja","last_name":"金井","first_name":"雅之"},{"lang":"en","last_name":"KANAI","first_name":"Masayuki"}],"affiliation_list":[{"affiliation_name":"School of Human Sciences<BR>Senshu University","sequence":"1","lang":"en"},{"affiliation_name":"専修大学","sequence":"1","lang":"ja"}]}],"publication_date":{"publication_year":"2010"},"relation_list":[{"content":"https://www.jstage.jst.go.jp/article/ojjams/25/1/25_1_49/_pdf","type":"URL","relation":"fullTextPdf"}],"content_language":"ja","updated_date":"2017-03-23","article_type":"pub","journal_id_list":[{"journal_id":"0913-1442","type":"ISSN","issn_type":"print"},{"journal_id":"1881-6495","type":"ISSN","issn_type":"online"},{"journal_id":"ojjams","type":"JID"}],"journal_title_name_list":[{"journal_title_name":"Sociological Theory and Methods","type":"full","lang":"en"},{"journal_title_name":"Sociological Theory and Methods","type":"abbreviation","lang":"en"},{"journal_title_name":"理論と方法","type":"full","lang":"ja"},{"journal_title_name":"理論と方法","type":"abbreviation","lang":"ja"}],"journal_classification":"01","recorded_year":"1986-2013","volume":"25","issue":"1","first_page":"49","last_page":"64","date":"2010-10-03","keyword_list":[{"keyword":"social capital","sequence":"1","lang":"en"},{"keyword":"社会関係資本","sequence":"1","lang":"ja"},{"keyword":"micro-macro linkage","sequence":"2","lang":"en"},{"keyword":"マイクロ－マクロ連関","sequence":"2","lang":"ja"},{"keyword":"tourist destination development","sequence":"3","lang":"en"},{"keyword":"観光まちづくり","sequence":"3","lang":"ja"},{"keyword":"hot-springs resort","sequence":"4","lang":"en"},{"keyword":"温泉地","sequence":"4","lang":"ja"}],"citation_list":[{"sequence":"1","original_text":"Akiyoshi, M. 2008. &ldquo;Hot Springs Communities United: Inter-organizational Social Capital and Organizational Performance.&rdquo; pp.99-113 in <I>Study on the Empowerment of Civil Activities: Order Problem Approach.</I> edited by K. Kagoya. Report on the Grant-in-Aid for Scientific Research No.17330122."},{"sequence":"2","original_text":"Bourdieu, P. 1986. &ldquo;The Forms of Capital..&rdquo; pp.241-58 in <I>Handbook of Theory and Research for the Sociology of Education.</I> edited by J. G. Richardson. New York: Greenwood Press."},{"sequence":"3","original_text":"Burt, R. S. 1992. <i>Structural Holes: The Social Structure of Competition.</I> Cambridge, Mass.: Harvard University Press."},{"sequence":"4","original_text":"Coleman, J. S. 1988. &ldquo;Social Capital in the Creation of Human Capital.&rdquo; <I>American Journal of Sociology</I> 94: S95-S120."},{"sequence":"5","original_text":"Coleman, J. S. 1990. <I>Foundations of Social Theory.</I> Cambridge, Mass.: Belknap Press of Harvard University Press."},{"sequence":"6","original_text":"電通abic project（編）. 2009. 『地域ブランド・マネジメント』有斐閣."},{"sequence":"7","original_text":"Granovetter, M. S. 1973. &ldquo;The Strength of Weak Ties.&rdquo; <I>American Journal of Sociology </I>78: 1360-80."},{"sequence":"8","original_text":"金井雅之. 2007. 「宿泊施設の経営努力が経営状況の改善に与える効果」『温泉地域研究』9: 1-10."},{"sequence":"9","original_text":"金井雅之. 2008a. 「温泉地の旅館経営における二つの方向性―＜資本力＞と＜おもてなし＞の複合因果に関する計量分析―」『山形大学紀要（社会科学）』38(2): 107-28."},{"sequence":"10","original_text":"金井雅之. 2008b. 「旅館経営における社会関係資本の効果―仲介性と閉鎖性の比較―」籠谷和弘（編）『市民活動の活性化支援の調査研究―秩序問題的アプローチ―』平成17～19年度科学研究費補助金　基盤研究(B)　研究成果報告書: 37-53."},{"sequence":"11","original_text":"金井雅之. 2008c. 「温泉地のまちづくりを支える社会構造」『社会学年報』37: 83-91."},{"sequence":"12","original_text":"北川宗忠（編）. 2009. 『現代の観光事業』ミネルヴァ書房."},{"sequence":"13","original_text":"石見利勝・田中美子. 1992. 『地域イメージとまちづくり』技報堂出版."},{"sequence":"14","original_text":"Lin, N. 2001. <I>Social Capital: A Theory of Social Structure and Action.</I> Cambridge: Cambridge University Press."},{"sequence":"15","original_text":"日本交通公社（編）. 2004. 『観光読本（第2版）』東洋経済新報社."},{"sequence":"16","original_text":"額賀信. 2008. 『観光統計からみえてきた地域観光戦略』日刊工業新聞社."},{"sequence":"17","original_text":"温泉地域活性化研究プロジェクト. 2008. 『温泉地域の現状と取組みについての学術調査　基礎集計表・コードブック』."},{"sequence":"18","original_text":"Putnam, R. D. 1993. <I>Making Democracy Work: Civic Traditions in Modern Italy.</I> Princeton, N.J.: Princeton University Press."},{"sequence":"19","original_text":"Putnam, R. D. 2000. <I>Bowling Alone: The Collapse and Revival of American Community.</I> New York: Simon &amp; Schuster."},{"sequence":"20","original_text":"数土直紀. 2008. 「温泉経営は旅館の努力だけか？―社会関係資本と旅館経営―」籠谷和弘（編）『市民活動の活性化支援の調査研究―秩序問題的アプローチ―』平成17～19年度科学研究費補助金　基盤研究(B)　研究成果報告書: 83-98."},{"sequence":"21","original_text":"多方一成. 2008. 「アーバンツーリズム」北川宗忠（編）『観光・旅行用語辞典』ミネルヴァ書房: 1."}]}}