{"status":"OK","apiType":"doi","apiVersion":"1.0.0","message":{"total":1,"rows":1,"totalPages":1,"page":1},"data":{"siteId":"SI/JST.JSTAGE","content_type":"JA","doi":"10.11218/ojjams.1.147","url":"https://doi.org/10.11218/ojjams.1.147","ra":"JaLC","prefix":"10.11218","site_name":"J-STAGE","publisher_list":[{"publisher_name":"Japanese Association For Mathematical Sociology","lang":"en"},{"publisher_name":"数理社会学会","lang":"ja"}],"title_list":[{"lang":"en","title":"Patterns of Sexual Division of Labor in the Household :","subtitle":"An Application of Multiple Indicator Model"}],"creator_list":[{"sequence":"1","type":"person","names":[{"lang":"en","last_name":"KAMO","first_name":"Yoshinori"}],"affiliation_list":[{"affiliation_name":"University of Washington","sequence":"1","lang":"en"}]}],"publication_date":{"publication_year":"1986"},"relation_list":[{"content":"https://www.jstage.jst.go.jp/article/ojjams/1/1/1_1_147/_pdf","type":"URL","relation":"fullTextPdf"}],"content_language":"en","updated_date":"2017-03-23","article_type":"pub","journal_id_list":[{"journal_id":"0913-1442","type":"ISSN","issn_type":"print"},{"journal_id":"1881-6495","type":"ISSN","issn_type":"online"},{"journal_id":"ojjams","type":"JID"}],"journal_title_name_list":[{"journal_title_name":"Sociological Theory and Methods","type":"full","lang":"en"},{"journal_title_name":"Sociological Theory and Methods","type":"abbreviation","lang":"en"},{"journal_title_name":"理論と方法","type":"full","lang":"ja"},{"journal_title_name":"理論と方法","type":"abbreviation","lang":"ja"}],"journal_classification":"01","recorded_year":"1986-2013","volume":"1","issue":"1","first_page":"147","last_page":"161","date":"2009-03-01","citation_list":[{"sequence":"1","original_text":"Atkinson, Jean and Ted L. Huston. 1984. &ldquo;Sex role orientation and division of labor in early marriage.&rdquo; <I>Journal of Personality and Social Psychology</I> 46:330-345."},{"sequence":"2","original_text":"Bagozzi, Richard P. 1981. &ldquo;An examination of the validity of two models of attitude.&rdquo; <I>Multivariate Behavioral Research</I> 16:323-359."},{"sequence":"3","original_text":"Berk, Sarah F. 1985. <I>The Gender Factory: The Appointment of Work in American Households.</I> New York: Plenum Press."},{"sequence":"4","original_text":"Bird, Groria W., Gerald A. Bird and Marguerite Scruggs. 1984. &ldquo;Determinants of family task sharing: A study of husbands and wives.&rdquo; <I>Journal of Marriage and the Family</I> 46(2):345-355."},{"sequence":"5","original_text":"Blood, Robert O. and Donald M. Wolfe. 1960. <I>Husbands and Wives: The Dynamics of Married Living.</I> New York: The Free Press."},{"sequence":"6","original_text":"Blumstein, Philip and Pepper W. Schwartz. 1983. <I>American Couples.</I> New York: William Morrow and Company."},{"sequence":"7","original_text":"Burt, Ronald S. 1976. &ldquo;Interpretational confounding of unobserved variables in structural equation models.&rdquo; <I>Sociological Methods and Research</I> 5 (August):3-52."},{"sequence":"8","original_text":"Clark, Robert A., F. I. Nye and Viktor Gecas. 1978. &ldquo;Husband work involvement and marital role performance.&rdquo; <I>Journal of Marriage and the Family</I> 40:9-21."},{"sequence":"9","original_text":"Condran, John G. and Jerry G. Bode. 1982. &ldquo;Rashomon, working wives, and family division of labor: Middletown, 1980.&rdquo; <I>Journal of Marriage and the Family</I> 44(2):421-426."},{"sequence":"10","original_text":"Coverman, Shelley. 1985. &ldquo;Explaining husband's participation in domestic labor.&rdquo; <I>The Sociological Quarterly</I> 26(1):81-97."},{"sequence":"11","original_text":"Ekeh, Peter P. 1974. <I>Social Exchange Theory: The Two Traditions.</I> Cambridge, MA: Harvard University Press."},{"sequence":"12","original_text":"Emerson, Richard M. 1962. &ldquo;Power-dependence relations.&rdquo; <I>American Sociological Review</I> 27:31-41."},{"sequence":"13","original_text":"Ericksen, Julia A., William L. Yancey, and Eugene P. Ericksen. 1979. &ldquo;The division of family roles.&rdquo; <I>Journal of Marriage and the Family</I> 41(2):301-3113."},{"sequence":"14","original_text":"Hartmann, Heidi I. 1981. &ldquo;The family as the locus of gender, class, and political struggle: The example of housework.&rdquo; <I>Signs</I> 6(3):366-394."},{"sequence":"15","original_text":"Herting, Jerald R. 1985. &ldquo;Multiple indicator models using LISREL.&rdquo; Pp.263-319 in <I>Causal Models in the Social Sciences: Vol.1 </I>edited by H. M. Blalock, Jr. Chicago: Aldine."},{"sequence":"16","original_text":"Homans, George C. 1974. <I>Social Behavior: Its Elementary Forms (2nd Edition).</I> New York: Harcourt Brace Jovanovich."},{"sequence":"17","original_text":"J&ouml;reskog, K. G. and D. S&ouml;rbom. 1981. <I>LISREL V. User's Guide.</I> Chicago: National Educational Resources."},{"sequence":"18","original_text":"Kamo, Yoshinori. 1986. &ldquo;Determinants of household division of labor: Resources, power, and ideology.&rdquo; <I>Unpublished Manuscript.</I> University of Washington, Seattle, Washington."},{"sequence":"19","original_text":"Kim, Jae-On. 1984. &ldquo;An approach to sensitivity analysis in sociological research.&rdquo; <I>American Sociological Review</I> 49(April):272-282."},{"sequence":"20","original_text":"Long, J. Scott. 1983a. <I>Confirmatory Factor Analysis: A Preface to LISREL.</I> Beverly Hills: Sage Publications."},{"sequence":"21","original_text":"Maret, Elizabeth and Barbara Finlay. 1984. &ldquo;The distribution of household labor among women in dual-earner families.&rdquo; <I>Journal of Marriage and the Family</I> 46(2):357-364."},{"sequence":"22","original_text":"Model, Suzanne. 1981. &ldquo;Housework by husbands: Determinants and implications.&rdquo; <I>Journal of Family Issues</I> 2:225-237."},{"sequence":"23","original_text":"Nickols, Sharon Y. and Edward J. Metzen. 1978. &ldquo;Housework time of husband and wife.&rdquo; <I>Home Economic Research Journal</I> 7-2:85-97."},{"sequence":"24","original_text":"Pleck, Joseph H. 1985. <I>Working Wives/Working Husbands.</I> Beverly Hills, California: Sage."},{"sequence":"25","original_text":"Scanzoni John. 1979. &ldquo;Social processes and power in families.&rdquo; Pp. 295-316 in <I>Contemporary Theories about the Family: Volume 1</I>, edited by Wesley R. Burr, et al. New York: The Free Press."},{"sequence":"26","original_text":"Stafford Rebecca, Elaine Backman, and Pamela Dibona. 1977. &ldquo;The division of labor among cohabiting and married couples.&rdquo; <I>Journal of Marriage and the Family</I> 39(1):43-57."},{"sequence":"27","original_text":"Walker, Kathryn E. and Margaret E. Woods. 1976. <I>Time Use: A Measure of Household Production of Family Goods and Services.</I> Washington, D.C.: Center for the Family of the American Home Economic Association."}]}}