{"status":"OK","apiType":"doi","apiVersion":"1.0.0","message":{"total":1,"rows":1,"totalPages":1,"page":1},"data":{"siteId":"SI/JST.JSTAGE","content_type":"JA","doi":"10.11218/ojjams.22.139","url":"https://doi.org/10.11218/ojjams.22.139","ra":"JaLC","prefix":"10.11218","site_name":"J-STAGE","publisher_list":[{"publisher_name":"Japanese Association For Mathematical Sociology","lang":"en"},{"publisher_name":"数理社会学会","lang":"ja"}],"title_list":[{"lang":"ja","title":"フリーター選択と社会的ネットワーク","subtitle":"―高校3年生に対する進路意識調査から―"},{"lang":"en","title":"&ldquo;Freeter&rdquo; Selection and a Social Network :","subtitle":"From the Course Consideration Investigation of the Third Grade of High-School"}],"creator_list":[{"sequence":"1","type":"person","names":[{"lang":"ja","last_name":"内田","first_name":"龍史"},{"lang":"en","last_name":"UCHIDA","first_name":"Ryushi"}],"affiliation_list":[{"affiliation_name":"Division of Research<BR>Buraku Liberation and Human Rights Research Institute","sequence":"1","lang":"en"},{"affiliation_name":"(社)部落解放・人権研究所","sequence":"1","lang":"ja"}]}],"publication_date":{"publication_year":"2007"},"relation_list":[{"content":"https://www.jstage.jst.go.jp/article/ojjams/22/2/22_2_139/_pdf","type":"URL","relation":"fullTextPdf"}],"content_language":"ja","updated_date":"2017-03-23","article_type":"pub","journal_id_list":[{"journal_id":"0913-1442","type":"ISSN","issn_type":"print"},{"journal_id":"1881-6495","type":"ISSN","issn_type":"online"},{"journal_id":"ojjams","type":"JID"}],"journal_title_name_list":[{"journal_title_name":"Sociological Theory and Methods","type":"full","lang":"en"},{"journal_title_name":"Sociological Theory and Methods","type":"abbreviation","lang":"en"},{"journal_title_name":"理論と方法","type":"full","lang":"ja"},{"journal_title_name":"理論と方法","type":"abbreviation","lang":"ja"}],"journal_classification":"01","recorded_year":"1986-2013","volume":"22","issue":"2","first_page":"139","last_page":"153","date":"2008-01-08","keyword_list":[{"keyword":"Freeter","sequence":"1","lang":"en"},{"keyword":"フリーター","sequence":"1","lang":"ja"},{"keyword":"Transition","sequence":"2","lang":"en"},{"keyword":"「移行」","sequence":"2","lang":"ja"},{"keyword":"Social network","sequence":"3","lang":"en"},{"keyword":"社会的ネットワーク","sequence":"3","lang":"ja"},{"keyword":"High school students","sequence":"4","lang":"en"},{"keyword":"高校生","sequence":"4","lang":"ja"}],"citation_list":[{"sequence":"1","original_text":"新谷周平. 2002. 「ストリート・ダンスからフリーターへ」『教育社会学研究』第71集: 151-170."},{"sequence":"2","original_text":"部落解放・人権研究所編. 2005. 『排除される若者たち―フリーターと不平等の再生産―』解放出版社."},{"sequence":"3","original_text":"後藤道夫. 2005. 「現代のワーキング・プア―労働市場の構造転換と最低限生活保障―」『ポリティーク』第10号: 8-44."},{"sequence":"4","original_text":"堀有喜衣. 2003. 「学校・校外生活と無業者「パートタイム生徒」の出現」『高卒無業者の教育社会学的研究(2)』平成13年度～平成14年度科学研究費補助金基盤研究　(C)(2)　課題番号13610285（研究代表者　耳塚寛明）: 33-44."},{"sequence":"5","original_text":"堀有喜衣. 2004. 「無業の若者のソーシャル・ネットワークの実態と支援の課題」『日本労働研究雑誌』第533号: 38-48."},{"sequence":"6","original_text":"堀有喜衣. 2006. 「若者のソーシャル・ネットワークの構造と機能―高校生の教育から職業への移行を事例として―」『自治体学研究』（神奈川県自治総合研究センター）第92号: 22-27."},{"sequence":"7","original_text":"本田由紀. 2002. 「ジェンダーという観点から見たフリーター」小杉礼子編『自由の代償／フリーター―現代若者の就業意識と行動―』日本労働研究機構: 149-174."},{"sequence":"8","original_text":"菅野正之. 2006. 「進路分化と学校生活」若者と社会的排除研究会編『フリーター選択の構造と過程―「高校生の生活と進路意識調査」報告書―』: 100-116."},{"sequence":"9","original_text":"苅谷剛彦. 2004. 「『学力』の階層差は拡大したか」苅谷剛彦・志水宏吉編『学力の社会学―調査が示す学力の変化と学習の課題―』岩波書店: 127-151."},{"sequence":"10","original_text":"小杉礼子編. 2005. 『フリーターとニート』勁草書房."},{"sequence":"11","original_text":"Lin, Nan.  2001.<I>Social Capital; A Theory of Social Structure and Action</I>. Cambridge."},{"sequence":"12","original_text":"耳塚寛明. 2001. 「高卒無業者層の漸増」矢島正見・耳塚寛明編著『変わる若者と職業生活―トランジッションの社会学―』学文社: 89-104."},{"sequence":"13","original_text":"耳塚寛明. 2002. 「誰がフリーターになるのか―社会階層的背景の検討―」小杉礼子編『自由の代償／フリーター―現代若者の就業意識と行動―』日本労働研究機構: 133-148."},{"sequence":"14","original_text":"内閣府編. 2003. 『平成15年度版　国民生活白書―「暮らしと社会」シリーズ―』."},{"sequence":"15","original_text":"西田芳正. 2005. 「遊びと不平等の再生産―限定されたライフチャンスとトランジッション―」部落解放・人権研究所編『排除される若者たち―フリーターと不平等の再生産―』解放出版社: 86-115."},{"sequence":"16","original_text":"西田芳正. 2006. 「フリーター調査から「子ども・若者と社会的排除」研究へ―若年未就労者問題調査プロジェクトの展開―」部落解放・人権研究所編『部落解放研究』第172号: 27-36."},{"sequence":"17","original_text":"Putnam, Robert. 2000. <I>Bowling Alone: the Collapse and Revival of American Community</I>.  New York: Simon &amp; Schuster=2006. 柴田康文（訳）. 『孤独なボウリング』柏書房."},{"sequence":"18","original_text":"杉田真衣・西村貴之・宮島基・渡辺大輔．2003．「進路多様校における高校生の進路選択の背景にあるもの―都立B高校でのアンケート・インタビューの分析より―」『教育科学研究』第20号: 71-92."},{"sequence":"19","original_text":"竹石聖子. 2006. 「「地元」で生きる若者たち」乾彰夫編『18歳の今を生きぬく―高卒1年目の選択―』青木書店: 227-254."},{"sequence":"20","original_text":"妻木進吾. 2006. 「進路分化と生育家族の階層的背景」若者と社会的排除研究会編『フリーター選択の構造と過程―「高校生の生活と進路意識調査」報告書―』: 80-99."},{"sequence":"21","original_text":"内田龍史. 2005a. 「強い紐帯の弱さと強さ―フリーターと部落のネットワーク―」部落解放・人権研究所編『排除される若者たち―フリーターと不平等の再生産―』解放出版社: 178-199."},{"sequence":"22","original_text":"内田龍史. 2005b. 「進路意識・進路展望の現状と課題」『大阪の子どもたち　子どもの生活白書　2005年度版』大阪府人権教育研究協議会: 21-33."},{"sequence":"23","original_text":"久木元真吾. 2007. 「広がらない世界―若者の相談ネットワーク・就業・意識―」堀有喜衣『フリーターに滞留する若者たち』勁草書房: 129-171."},{"sequence":"24","original_text":"樋口明彦. 2006. 「社会的ネットワークとフリーター・ニート―若者は社会的に排除されているのか―」太郎丸博編『フリーターとニートの社会学』世界思想社: 49-74."},{"sequence":"25","original_text":"太郎丸博. 2006. 「社会移動とフリーター」『フリーターとニートの社会学』世界思想社: 30-48."}]}}