{"status":"OK","apiType":"doi","apiVersion":"1.0.0","message":{"total":1,"rows":1,"totalPages":1,"page":1},"data":{"siteId":"SI/JST.JSTAGE","content_type":"JA","doi":"10.11218/ojjams.15.101","url":"https://doi.org/10.11218/ojjams.15.101","ra":"JaLC","prefix":"10.11218","site_name":"J-STAGE","publisher_list":[{"publisher_name":"Japanese Association For Mathematical Sociology","lang":"en"},{"publisher_name":"数理社会学会","lang":"ja"}],"title_list":[{"lang":"ja","title":"こうもあれることのりくつをいう","subtitle":"―という社会学の計画―"},{"lang":"en","title":"Towards Sociology towards Normative Questions"}],"creator_list":[{"sequence":"1","type":"person","names":[{"lang":"ja","last_name":"立岩","first_name":"真也"},{"lang":"en","last_name":"TATEIWA","first_name":"Shin'ya"}],"affiliation_list":[{"affiliation_name":"School of Allied Medical Sciences<BR>Shinshu University","sequence":"1","lang":"en"},{"affiliation_name":"信州大学医療技術短期大学部","sequence":"1","lang":"ja"}]}],"publication_date":{"publication_year":"2000"},"relation_list":[{"content":"https://www.jstage.jst.go.jp/article/ojjams/15/1/15_101/_pdf","type":"URL","relation":"fullTextPdf"}],"content_language":"ja","updated_date":"2016-09-29","article_type":"pub","journal_id_list":[{"journal_id":"0913-1442","type":"ISSN","issn_type":"print"},{"journal_id":"1881-6495","type":"ISSN","issn_type":"online"},{"journal_id":"ojjams","type":"JID"}],"journal_title_name_list":[{"journal_title_name":"Sociological Theory and Methods","type":"full","lang":"en"},{"journal_title_name":"Sociological Theory and Methods","type":"abbreviation","lang":"en"},{"journal_title_name":"理論と方法","type":"full","lang":"ja"},{"journal_title_name":"理論と方法","type":"abbreviation","lang":"ja"}],"journal_classification":"01","recorded_year":"1986-2013","volume":"15","issue":"1","first_page":"101","last_page":"116","date":"2016-09-30","keyword_list":[{"keyword":"normative theory","sequence":"1","lang":"en"},{"keyword":"規範的な問題","sequence":"1","lang":"ja"},{"keyword":"property","sequence":"2","lang":"en"},{"keyword":"所有","sequence":"2","lang":"ja"},{"keyword":"right and duty","sequence":"3","lang":"en"},{"keyword":"権利と義務","sequence":"3","lang":"ja"},{"keyword":"freedom and compulsion","sequence":"4","lang":"en"},{"keyword":"自由と強制","sequence":"4","lang":"ja"}],"citation_list":[{"sequence":"1","original_text":"安積純子・尾中文哉・岡原正幸・立岩真也. 1990.『生の技法──家と施設を出て暮らす障害者の社会学』藤原書店 (&rarr;1995. 増補改訂版)."},{"sequence":"2","original_text":"千葉大学文学部社会学研究室. 1996.『ＮＰＯが変える！？──非営利組織の社会学』＊ 千葉大学文学部社会学研究室&amp;日本フィランソロピー協会."},{"sequence":"3","original_text":"稲葉振一郎. 1999.『リベラリズムの存在証明』紀伊國屋書店."},{"sequence":"4","original_text":"姜尚中・井上泰夫・立岩真也・中村陽一・川崎賢子. 2000.「アンペイドワーク──現状と展望」（座談会）中村陽一・川崎賢子(編)『アンペイドワークとは何か』藤原書店. Pp.138-74."},{"sequence":"5","original_text":"立岩真也. 1991.「愛について――近代家族論・１」＊『ソシオロゴス』15:35-52."},{"sequence":"6","original_text":"立岩真也. 1992.「近代家族の境界──合意は私達の知っている家族を導かない」＊『社会学評論』42(2):30-44."},{"sequence":"7","original_text":"立岩真也. 1994a.「夫は妻の家事労働にいくら払うか──家族／市場／国家の境界を考察するための準備」＊『千葉大学文学部人文研究』23:63-121."},{"sequence":"8","original_text":"立岩真也. 1994b.「労働の購入者は性差別から利益を得ていない」＊『Sociology Today』5:46-56."},{"sequence":"9","original_text":"立岩真也. 1995a.「私が決め，社会が支える，のを当事者が支える──介助システム論」安積他[1995:227-265]."},{"sequence":"10","original_text":"立岩真也. 1995b.「自立生活センターの挑戦」安積他[1995:267-321]."},{"sequence":"11","original_text":"立岩真也. 1995c.「何が性の商品化に抵抗するのか」江原由美子(編)『性の商品化』勁草書房. Pp.203-31."},{"sequence":"12","original_text":"立岩真也. 1996a.「組織にお金を出す前に個人に出すという選択肢がある」＊千葉大学文学部社会学研究室[1996:89-90]"},{"sequence":"13","original_text":"立岩真也. 1996b.「『愛の神話』について──フェミニズムの主張を移調する」＊『信州大学医療技術短期大学部紀要』21:115-126."},{"sequence":"14","original_text":"立岩真也. 1997a.「「ケア」をどこに位置させるか」『家族問題研究』22:2-14."},{"sequence":"15","original_text":"立岩真也. 1997b.『私的所有論』勁草書房."},{"sequence":"16","original_text":"立岩真也. 1998a.「都合のよい死・屈辱による死──「安楽死」について」『仏教』42（特集：生老病死の哲学）"},{"sequence":"17","original_text":"立岩真也. 1998b.「一九七〇年」『現代思想』26(2)(1998.2):216-233（特集：身体障害者）."},{"sequence":"18","original_text":"立岩真也. 1998c.「空虚な～堅い～緩い・自己決定」『現代思想』26(7)(1998.7):57-75（特集：自己決定権）."},{"sequence":"19","original_text":"立岩真也. 1998d.「未知による連帯の限界──遺伝子検査と保険」『現代思想』26(9)(1998.9):184-97（特集：遺伝子操作）."},{"sequence":"20","original_text":"立岩真也. 1998e.「分配する最小国家の可能性について」 『社会学評論』49(3)(1998.5):426-45（特集：福祉国家と福祉社会）"},{"sequence":"21","original_text":"立岩真也. 1999a.「自己決定する自立──なにより，でないが，とても，大切なもの」石川准・長瀬修(編)『障害学への招待』明石書店."},{"sequence":"22","original_text":"立岩真也. 1999b.「大切で危ないＱＯＬ」＊ 21 世紀医学フォーラム編集委員会(編)『21世紀医学フォーラム──ＱＯＬを考える』. Pp.142-47."},{"sequence":"23","original_text":"立岩真也. 1999c.「子どもと自己決定・自律──パターナリズムも自己決定と同郷でありうる，けれども」後藤弘子(編)『少年非行と子どもたち』明石書店. Pp.21-44."},{"sequence":"24","original_text":"立岩真也. 1999d.「資格職と専門性」進藤雄三・黒田浩一郎(編)『医療社会学を学ぶ人のために』世界思想社."},{"sequence":"25","original_text":"立岩真也. 2000a.「選好・生産・国境──分配の制約について 上・下」『思想』908(1999.2):65-88, 909(1999.3):122-149."},{"sequence":"26","original_text":"立岩真也. 2000b.「遠離・遭遇──介助について １・２・３・４」『現代思想』28(4)(2000.3):155-79（特集：介護）, 28(5)(2000.4), 28(6)(2000.5) ,28(7)(2000.6)."},{"sequence":"27","original_text":"立岩真也. 2000c.「過剰と空白──世話することを巡る言説について」副田義也・樽川典子(編)『現代社会と家族政策』ミネルヴァ書房."},{"sequence":"28","original_text":"立岩真也. 2000d.「正しい制度とは，どのような制度か？」大澤真幸(編)『社会学の知33』新書館."},{"sequence":"29","original_text":"立岩真也. 2000e.「停滞する資本主義のために──の準備」栗原彬・佐藤学・小森陽一・吉見達哉(編)『越境する知６ 知の市場』東京大学出版会（近刊、執筆: 1999.2）."},{"sequence":"30","original_text":"立岩真也. 2000f.「死の決定について」大庭健・鷲田清一(編)『所有のエチカ』ナカニシヤ出版（近刊、執筆：1998.7）."},{"sequence":"31","original_text":"立岩真也. 2000g.「自由と平等」（仮題）『思想』"},{"sequence":"32","original_text":"立岩真也. 2000h.「（未定）」（依頼は「自立と所有の臨床社会学」，野口裕二・大村英昭(編)『臨床社会学の実践』（仮題）有斐閣."},{"sequence":"33","original_text":"立岩真也・成井正之. 1996.「（非政府＋非営利）組織＝ＮＰＯ，は何をするか」＊ 千葉大学文学部社会学研究室[1996:48-60]"}]}}