{"status":"OK","apiType":"doi","apiVersion":"1.0.0","message":{"total":1,"rows":1,"totalPages":1,"page":1},"data":{"siteId":"SI/JST.JSTAGE","content_type":"JA","doi":"10.11218/ojjams.16.199","url":"https://doi.org/10.11218/ojjams.16.199","ra":"JaLC","prefix":"10.11218","site_name":"J-STAGE","publisher_list":[{"publisher_name":"Japanese Association For Mathematical Sociology","lang":"en"},{"publisher_name":"数理社会学会","lang":"ja"}],"title_list":[{"lang":"ja","title":"日本の少子化と女子労働","subtitle":"―新家政学的接近の限界に関する考察―"},{"lang":"en","title":"Fertility and Female Labor-Force Participation in Japan :","subtitle":"Is the New Home-Economics Approach Applicable?"}],"creator_list":[{"sequence":"1","type":"person","names":[{"lang":"ja","last_name":"今井","first_name":"博之"},{"lang":"en","last_name":"IMAI","first_name":"Hiroyuki"}],"affiliation_list":[{"affiliation_name":"National Institute of Population and Social Security Research","sequence":"1","lang":"en"},{"affiliation_name":"国立社会保障・人口問題研究所","sequence":"1","lang":"ja"}]}],"publication_date":{"publication_year":"2001"},"relation_list":[{"content":"https://www.jstage.jst.go.jp/article/ojjams/16/2/16_199/_pdf","type":"URL","relation":"fullTextPdf"}],"content_language":"ja","updated_date":"2016-09-29","article_type":"pub","journal_id_list":[{"journal_id":"0913-1442","type":"ISSN","issn_type":"print"},{"journal_id":"1881-6495","type":"ISSN","issn_type":"online"},{"journal_id":"ojjams","type":"JID"}],"journal_title_name_list":[{"journal_title_name":"Sociological Theory and Methods","type":"full","lang":"en"},{"journal_title_name":"Sociological Theory and Methods","type":"abbreviation","lang":"en"},{"journal_title_name":"理論と方法","type":"full","lang":"ja"},{"journal_title_name":"理論と方法","type":"abbreviation","lang":"ja"}],"journal_classification":"01","recorded_year":"1986-2013","volume":"16","issue":"2","first_page":"199","last_page":"210","date":"2016-09-30","keyword_list":[{"keyword":"fertility decline","sequence":"1","lang":"en"},{"keyword":"少子化","sequence":"1","lang":"ja"},{"keyword":"female labor-force participation","sequence":"2","lang":"en"},{"keyword":"女子労働","sequence":"2","lang":"ja"},{"keyword":"new home-economics approach","sequence":"3","lang":"en"},{"keyword":"新家政学的接近","sequence":"3","lang":"ja"},{"keyword":"Butz-Ward type model","sequence":"4","lang":"en"},{"keyword":"バッツ＝ウォード型モデル","sequence":"4","lang":"ja"},{"keyword":"prefectural data","sequence":"5","lang":"en"},{"keyword":"都道府県別データ","sequence":"5","lang":"ja"}],"citation_list":[{"sequence":"1","original_text":"Becker, Gary S. 1960. &ldquo;An Economic Analysis of Fertility.&rdquo; Pp.209-231 in <I>Demographic and Economic Change in Developed Countries: A Conference of the Universities-National Bureau Committee for Economic Research</I> by National Bureau of Economic Research. Princeton: Princeton University Press."},{"sequence":"2","original_text":"Becker, Gary S. 1965. &ldquo;A Theory of the Allocation of Time.&rdquo; Economic Journal 75(299): 493-517."},{"sequence":"3","original_text":"Bowen, William G., and T. Aldrich Finegan. 1969. <I>The Economics of Labor Force Participation</I>. Princeton: Princeton University Press."},{"sequence":"4","original_text":"Butz, William P., and Michael P. Ward. 1979. &ldquo;The Emergence of Countercyclical U.S. Fertility.&rdquo; <I>American Economic Review</I> 69(3): 318-328."},{"sequence":"5","original_text":"Cain, Glen G., and Martin D. Dooley. 1976. &ldquo;Estimation of a Model of Labor Supply, Fertility, and Wages of Married Women.&rdquo; <I>Journal of Political Economy</I> 84(4): S179-S199."},{"sequence":"6","original_text":"Easterlin, Richard A. 1966. &ldquo;On the Relation of Economic Factors to Recent and Projected Fertility Changes.&rdquo; <I>Demography</I> 3(1): 131-153."},{"sequence":"7","original_text":"古郡鞆子. 1992.「若年の勤労観、就業行動と出生率の変化」『人口学研究』15: 45-55."},{"sequence":"8","original_text":"原田理恵. 1999.「日本の出生率決定要因の分析－イースタリンによる相対所得仮説の懸賞－」『大学院研究年報』（中央大学）28: 111-124."},{"sequence":"9","original_text":"原田康・高田聖治. 1993.「人口の理論と将来推計」高山憲之・原田康編『高齢化の中の金融と貯蓄』日本評論社: 1-16."},{"sequence":"10","original_text":"平石祐二・岡田豊. 1997.『都道府県別出生率の相違の背景』富士総合研究所."},{"sequence":"11","original_text":"廣嶋清志・三田房美 1995.「近年における都道府県別出生率較差の分析」『人口問題研究所』50(4): 1-30."},{"sequence":"12","original_text":"今井博之. 1996.「バッツ＝ウォード型モデルによる日本の出生力分析」『人口問題研究所』52(2): 30-35."},{"sequence":"13","original_text":"Imai, Hiroyuki. 1999. &ldquo;An Economic Model of Marital Fertility: Tests Using Japanese Prefectural Data.&rdquo;『都市計画』48(1): 57-66."},{"sequence":"14","original_text":"人口問題審議会編. 1998.『人口減少社会、未来への責任と選択―少子化をめぐる議論と人口問題審議会報告会―』ぎょうせい."},{"sequence":"15","original_text":"加藤久和. 2000.「出生、結婚および労働市場の計量分析」『人口問題研究所』56(1): 38-60."},{"sequence":"16","original_text":"加藤久和. 2001.「出生・結婚と労働供給」『人口経済学入門』日本評論社: 199-235."}]}}