{"status":"OK","apiType":"doi","apiVersion":"1.0.0","message":{"total":1,"rows":1,"totalPages":1,"page":1},"data":{"siteId":"SI/JST.JSTAGE","content_type":"JA","doi":"10.11218/ojjams.14.2_3","url":"https://doi.org/10.11218/ojjams.14.2_3","ra":"JaLC","prefix":"10.11218","site_name":"J-STAGE","publisher_list":[{"publisher_name":"Japanese Association For Mathematical Sociology","lang":"en"},{"publisher_name":"数理社会学会","lang":"ja"}],"title_list":[{"lang":"ja","title":"所得分布の生成モデル","subtitle":"―反復投資ゲームによる定式化―"},{"lang":"en","title":"A Generative Model of Income Distribution :","subtitle":"Formalization with Iterative Investment Game"}],"creator_list":[{"sequence":"1","type":"person","names":[{"lang":"ja","last_name":"浜田","first_name":"宏"},{"lang":"en","last_name":"HAMADA","first_name":"Hiroshi"}],"affiliation_list":[{"affiliation_name":"Graduate School of Sociology<BR>Kwansei Gakuin University","sequence":"1","lang":"en"},{"affiliation_name":"関西学院大学","sequence":"1","lang":"ja"}]}],"publication_date":{"publication_year":"1999"},"relation_list":[{"content":"https://www.jstage.jst.go.jp/article/ojjams/14/2/14_2_3/_pdf","type":"URL","relation":"fullTextPdf"}],"content_language":"ja","updated_date":"2016-09-29","article_type":"pub","journal_id_list":[{"journal_id":"0913-1442","type":"ISSN","issn_type":"print"},{"journal_id":"1881-6495","type":"ISSN","issn_type":"online"},{"journal_id":"ojjams","type":"JID"}],"journal_title_name_list":[{"journal_title_name":"Sociological Theory and Methods","type":"full","lang":"en"},{"journal_title_name":"Sociological Theory and Methods","type":"abbreviation","lang":"en"},{"journal_title_name":"理論と方法","type":"full","lang":"ja"},{"journal_title_name":"理論と方法","type":"abbreviation","lang":"ja"}],"journal_classification":"01","recorded_year":"1986-2013","volume":"14","issue":"2","first_page":"2_3","last_page":"2_17","date":"2016-09-30","keyword_list":[{"keyword":"Income distribution","sequence":"1","lang":"en"},{"keyword":"所得分布","sequence":"1","lang":"ja"},{"keyword":"inequality","sequence":"2","lang":"en"},{"keyword":"不平等","sequence":"2","lang":"ja"},{"keyword":"Gini coefficient","sequence":"3","lang":"en"},{"keyword":"ジニ係数","sequence":"3","lang":"ja"},{"keyword":"relative deprivation","sequence":"4","lang":"en"},{"keyword":"相対的剥奪","sequence":"4","lang":"ja"}],"citation_list":[{"sequence":"1","original_text":"Aitchison, J. and Brown, J.A.C. 1954 &ldquo;On Criteria for Descriptions of Income Distribution.&rdquo; <I>Metroeconomica</I>.6:88-107."},{"sequence":"2","original_text":"Aitchison, J. and Brown, J.A.C. 1957 <I>The Lognormal Distribution with Special Reference to It's Uses in Economics</I>. Cambridge University Press."},{"sequence":"3","original_text":"青木昌彦 1979『分配理論 第二版経済学全集13』筑摩書房."},{"sequence":"4","original_text":"Atkinson, A.B. 1975 <I>The Economics of Inequality</I>, Oxford University Press. =1981 佐藤隆三・高川清明（訳）『不平等の経済学』時潮社."},{"sequence":"5","original_text":"Boudon, R. 1974 <I>Education, Opportunity &amp; Social Inequality</I>. John-Wily &amp; Sons. =1983 杉本一郎・山本剛郎・草壁八郎（訳）『機会の不平等』新曜社."},{"sequence":"6","original_text":"Gibrat, R. 1931 <I>Les In&eacute;galit&eacute;s &Eacute;conomiques</I>. Paris Libraire du Recueil Sirey."},{"sequence":"7","original_text":"浜田 宏 1999「相対的剥奪と準拠集団の数理モデル」『理論と方法』25:91-104."},{"sequence":"8","original_text":"依田高典 1997『不確実性と意志決定の経済学』日本評論社."},{"sequence":"9","original_text":"経済企画庁経済研究所 1998『日本の所得格差―国際比較の視点から―』."},{"sequence":"10","original_text":"Kimura, K. 1994 &ldquo;A Micro-macro Linkage in the Measurement of Inequality: Another Look at the Gini Coefficient.&rdquo; <I>Quality &amp; Quantity</I>. 28:83-97."},{"sequence":"11","original_text":"Kosaka, K. 1986 &ldquo;A Model of Relative Deprivation.&rdquo; <I>Journal of Mathematical Sociology</I>. 12:35-48."},{"sequence":"12","original_text":"Kuznets, S. 1955 &ldquo;Economic Growth and Income Inequality&rdquo; <I>American Economic Review</I>. 45:1-28"},{"sequence":"13","original_text":"Kuznets, S. 1959 <I>Six Lectures on Economic Growth</I>. The Free Press.=1961 長谷部亮一（訳）『経済成長―六つの講義―』巌松堂出版."},{"sequence":"14","original_text":"佐伯 胖 1980『「きめ方」の論理 社会的決定理論への招待』東京大学出版社."},{"sequence":"15","original_text":"橘木俊詔 1998『日本の経済格差―所得と資産から考える―』岩波新書."},{"sequence":"16","original_text":"高山憲之 1980『不平等の経済分析』東洋経済新報社."}]}}