{"status":"OK","apiType":"doi","apiVersion":"1.0.0","message":{"total":1,"rows":1,"totalPages":1,"page":1},"data":{"siteId":"SI/JST.JSTAGE","content_type":"JA","doi":"10.11218/ojjams.27.117","url":"https://doi.org/10.11218/ojjams.27.117","ra":"JaLC","prefix":"10.11218","site_name":"J-STAGE","publisher_list":[{"publisher_name":"Japanese Association For Mathematical Sociology","lang":"en"},{"publisher_name":"数理社会学会","lang":"ja"}],"title_list":[{"lang":"en","title":"Evaluation of the Gini coefficients extended to the case which the sum of samples is negative"},{"title":"標本合計が負の場合へ拡張されたジニ係数の評価"}],"creator_list":[{"sequence":"1","type":"person","names":[{"lang":"en","last_name":"ITO","first_name":"Nao"},{"lang":"ja","last_name":"伊藤","first_name":"尚"}],"affiliation_list":[{"affiliation_name":"Niigata University","sequence":"1","lang":"en"},{"affiliation_name":"新潟大学","sequence":"1","lang":"ja"}]},{"sequence":"2","type":"person","names":[{"lang":"en","last_name":"MAEDA","first_name":"Yoshinobu"},{"lang":"ja","last_name":"前田","first_name":"義信"}],"affiliation_list":[{"affiliation_name":"Niigata University","sequence":"1","lang":"en"},{"affiliation_name":"新潟大学","sequence":"1","lang":"ja"}]},{"sequence":"3","type":"person","names":[{"lang":"en","last_name":"TANI","first_name":"Kentaro"},{"lang":"ja","last_name":"谷","first_name":"賢太朗"}],"affiliation_list":[{"affiliation_name":"Niigata University","sequence":"1","lang":"en"},{"affiliation_name":"新潟大学","sequence":"1","lang":"ja"}]},{"sequence":"4","type":"person","names":[{"lang":"en","last_name":"HAYASHI","first_name":"Toyohiko"},{"lang":"ja","last_name":"林","first_name":"豊彦"}],"affiliation_list":[{"affiliation_name":"Niigata University","sequence":"1","lang":"en"},{"affiliation_name":"新潟大学","sequence":"1","lang":"ja"}]},{"sequence":"5","type":"person","names":[{"lang":"en","last_name":"MIYAKAWA","first_name":"Michio"},{"lang":"ja","last_name":"宮川","first_name":"道夫"}],"affiliation_list":[{"affiliation_name":"Niigata University","sequence":"1","lang":"en"},{"affiliation_name":"新潟大学","sequence":"1","lang":"ja"}]}],"publication_date":{"publication_year":"2012"},"relation_list":[{"content":"https://www.jstage.jst.go.jp/article/ojjams/27/1/27_117/_pdf","type":"URL","relation":"fullTextPdf"}],"content_language":"ja","updated_date":"2014-12-09","article_type":"pub","journal_id_list":[{"journal_id":"0913-1442","type":"ISSN","issn_type":"print"},{"journal_id":"1881-6495","type":"ISSN","issn_type":"online"},{"journal_id":"ojjams","type":"JID"}],"journal_title_name_list":[{"journal_title_name":"Sociological Theory and Methods","type":"full","lang":"en"},{"journal_title_name":"Sociological Theory and Methods","type":"abbreviation","lang":"en"},{"journal_title_name":"理論と方法","type":"full","lang":"ja"},{"journal_title_name":"理論と方法","type":"abbreviation","lang":"ja"}],"journal_classification":"01","recorded_year":"1986-2013","volume":"27","issue":"1","first_page":"117","last_page":"130","date":"2013-03-18","keyword_list":[{"keyword":"ジニ係数","sequence":"1","lang":"ja"},{"keyword":"Gini coefficient","sequence":"1","lang":"en"},{"keyword":"所得格差","sequence":"2","lang":"ja"},{"keyword":"income inequality","sequence":"2","lang":"en"},{"keyword":"母集団原理","sequence":"3","lang":"ja"},{"keyword":"population principle","sequence":"3","lang":"en"},{"keyword":"移転原理","sequence":"4","lang":"ja"},{"keyword":"transfer principle","sequence":"4","lang":"en"}],"citation_list":[{"sequence":"1","original_text":"木村和範. 2008. 『ジニ係数の形成』 北海道大学出版会."},{"sequence":"2","original_text":"浜田宏. 2007. 『格差のメカニズム－数理社会学的アプローチ－』 勁草書房."},{"sequence":"3","original_text":"数土直紀. 2009. 『階層意識のダイナミクス－なぜ、それは現実からずれるのか－』 勁草書房."},{"sequence":"4","original_text":"数土直紀. 2010. 『日本人の階層意識』 講談社."},{"sequence":"5","original_text":"高山憲之. 1980. 『不平等の経済分析』 東洋経済新報社."},{"sequence":"6","original_text":"Chen, Chau-Nan., Tien-Wang Tsaur., and Tong-Shieng Rhai, 1982. &ldquo;The Gini coefficient and negative income.&rdquo;, <I>Oxford Economic Papers,</I> 34(3): 473-478."},{"sequence":"7","original_text":"新藤茂. 2008. 「ジニ係数（Gini's Coefficient）による得点格差の計量」『東京学芸大学紀要　総合教育科学系』 59: 527-533."},{"sequence":"8","original_text":"Berrebi, Z. M., and Jacques Silber. 1985. &ldquo;The Gini coefficient and negative income: A comment.&rdquo;, <I>Oxford Economic Papers,</I> 37: 525-526."},{"sequence":"9","original_text":"Chen, Chau-Nan., Tien-Wang Tsaur., and Tong-Shieng Rhai, 1985. &ldquo;The Gini coefficient and negative income: Reply.&rdquo;, <I>Oxford Economic Papers,</I> 37: 527-528."},{"sequence":"10","original_text":"豊田敬. 1982. 「ジニ係数の一般化：母集団原理について」『福島大学経済学会商学論集』 50(4): 127-150."},{"sequence":"11","original_text":"Dasgupta, Partha., Amartya Sen., and David Starrett. 1973. &ldquo;Notes on the measurement of inequality.&rdquo; <I>Journal of Economic Theory,</I> 6(2): 180-187."},{"sequence":"12","original_text":"Kimura, Kunihiro. 1994. &ldquo;A micro-macro linkage in the measurement of inequality: Another look at the Gini coefficient.&rdquo; <I>Quality and Quantity,</I> 28: 83-97."}]}}