{"status":"OK","apiType":"doi","apiVersion":"1.0.0","message":{"total":1,"rows":1,"totalPages":1,"page":1},"data":{"siteId":"SI/JST.JSTAGE","content_type":"JA","doi":"10.11218/ojjams.21.164_e2","url":"https://doi.org/10.11218/ojjams.21.164_e2","ra":"JaLC","prefix":"10.11218","site_name":"J-STAGE","publisher_list":[{"publisher_name":"Japanese Association For Mathematical Sociology","lang":"en"},{"publisher_name":"数理社会学会","lang":"ja"}],"title_list":[{"lang":"en","title":"Erratum : Parametric Decomposition of the Gini Coefficient: How Change of Subgroup Affect an Overall Inequality","subtitle":"[<I>Sociological Theory and Methods</I>, 20(2):241-256]"}],"creator_list":[{"sequence":"1","type":"person","names":[{"lang":"en","last_name":"HAMADA","first_name":"Hiroshi"}],"affiliation_list":[{"affiliation_name":"School of Sociology Kwansei Gakuin University","sequence":"1","lang":"en"}]}],"publication_date":{"publication_year":"2006"},"relation_list":[{"content":"http://www.jstage.jst.go.jp/article/ojjams/21/1/21_1_164_e2/_pdf","type":"URL","relation":"fullTextPdf"}],"content_language":"en","updated_date":"2014-12-09","article_type":"pub","journal_id_list":[{"journal_id":"0913-1442","type":"ISSN","issn_type":"print"},{"journal_id":"1881-6495","type":"ISSN","issn_type":"online"},{"journal_id":"ojjams","type":"JID"}],"journal_title_name_list":[{"journal_title_name":"Sociological Theory and Methods","type":"full","lang":"en"},{"journal_title_name":"Sociological Theory and Methods","type":"abbreviation","lang":"en"},{"journal_title_name":"理論と方法","type":"full","lang":"ja"},{"journal_title_name":"理論と方法","type":"abbreviation","lang":"ja"}],"journal_classification":"01","recorded_year":"1986-2013","volume":"21","issue":"1","first_page":"e2","last_page":"164_e2","date":"2009-03-27"}}