{"status":"OK","apiType":"doi","apiVersion":"1.0.0","message":{"total":1,"rows":1,"totalPages":1,"page":1},"data":{"siteId":"SI/JST.JSTAGE","content_type":"JA","doi":"10.11218/ojjams.13.193","url":"https://doi.org/10.11218/ojjams.13.193","ra":"JaLC","prefix":"10.11218","site_name":"J-STAGE","publisher_list":[{"publisher_name":"Japanese Association For Mathematical Sociology","lang":"en"},{"publisher_name":"数理社会学会","lang":"ja"}],"title_list":[{"lang":"ja","title":"望ましくない権力の条件","subtitle":"─予期理論的権力の規範的考察─"},{"lang":"en","title":"The Condition of Undesirable Power :","subtitle":"The Normative Study of Expectation Theory of Social Power"}],"creator_list":[{"sequence":"1","type":"person","names":[{"lang":"ja","last_name":"河村","first_name":"倫哉"},{"lang":"en","last_name":"KAWAMURA","first_name":"Michiya"}],"affiliation_list":[{"affiliation_name":"Graduate School of Humanities and Sociology<BR>The University of Tokyo","sequence":"1","lang":"en"},{"affiliation_name":"東京大学","sequence":"1","lang":"ja"}]}],"publication_date":{"publication_year":"1999"},"relation_list":[{"content":"https://www.jstage.jst.go.jp/article/ojjams/13/2/13_193/_pdf","type":"URL","relation":"fullTextPdf"}],"content_language":"ja","updated_date":"2016-09-29","article_type":"pub","journal_id_list":[{"journal_id":"0913-1442","type":"ISSN","issn_type":"print"},{"journal_id":"1881-6495","type":"ISSN","issn_type":"online"},{"journal_id":"ojjams","type":"JID"}],"journal_title_name_list":[{"journal_title_name":"Sociological Theory and Methods","type":"full","lang":"en"},{"journal_title_name":"Sociological Theory and Methods","type":"abbreviation","lang":"en"},{"journal_title_name":"理論と方法","type":"full","lang":"ja"},{"journal_title_name":"理論と方法","type":"abbreviation","lang":"ja"}],"journal_classification":"01","recorded_year":"1986-2013","volume":"13","issue":"2","first_page":"193","last_page":"207","date":"2016-09-30","keyword_list":[{"keyword":"power","sequence":"1","lang":"en"},{"keyword":"権力","sequence":"1","lang":"ja"},{"keyword":"expectation theory","sequence":"2","lang":"en"},{"keyword":"予期理論","sequence":"2","lang":"ja"},{"keyword":"social choice theory","sequence":"3","lang":"en"},{"keyword":"社会的選択理論","sequence":"3","lang":"ja"},{"keyword":"公正","sequence":"4","lang":"ja"},{"keyword":"compensation principle","sequence":"5","lang":"en"},{"keyword":"補償原理","sequence":"5","lang":"ja"}],"citation_list":[{"sequence":"1","original_text":"Arrow, K. J. 1951=1963. <I>Social Choice and Individual Values</I>, John Wiley &amp; Sons. =1977. 長名寛明訳『社会的選択と個人的評価』日本経済新聞社。"},{"sequence":"2","original_text":"Blau, J. H. 1975. &ldquo;Liberal Value and Independence&rdquo;, <I>Journal of Economic Studies</I> 42, pp.395-401."},{"sequence":"3","original_text":"Dworkin, R. 1977. <I>Taking Rights Seriously</I>, Harvard University Press."},{"sequence":"4","original_text":"Gibbard, A. 1974. &ldquo;A Pareto-Consistent Libertarian Claim&rdquo;, <I>Journal of Economic Theory</I> 7, pp.388-410."},{"sequence":"5","original_text":"Hargreaves Heap, S. et. al. 1992. <I>The Theory of Choice: A Critical Guide</I>, Blackwell."},{"sequence":"6","original_text":"Harel, A. and S. Nitzan 1987. &ldquo;The Libertarian Resolution of the Paretian Liberal Paradox&rdquo;, <I>Zeitschrift f&uuml;r National&ouml;conomie</I> 47, pp.337-352."},{"sequence":"7","original_text":"Kaldor, N. 1939. &ldquo;Welfare Propositions in Economics and Interpersonal Comparison of Utility&rdquo;, <I>Economic Journal</I> 49, pp.549-552."},{"sequence":"8","original_text":"Nozick, R. 1973. &ldquo;Distributive Justice&rdquo;, <I>Philosophy and Public Affairs 3</I>, pp.45-126."},{"sequence":"9","original_text":"奥野正寛／鈴村興太郎 1988.『ミクロ経済学 II』岩波書店."},{"sequence":"10","original_text":"Robbins, L. 1932. <I>An Essay on the Nature and Significance of Economic Science</I>, Macmillan. = 1957. 中村伊知郎監訳『経済学の本質と意義』東洋経済新報社。"},{"sequence":"11","original_text":"佐伯胖 1980.『「きめ方」の論理─社会的決定理論への招待』東京大学出版会。"},{"sequence":"12","original_text":"Sen, A. K. 1970. &ldquo;The Impossibility of a Paretian Liberal&rdquo;, <I>Journal of Political Economy 78</I>, pp.152-157."},{"sequence":"13","original_text":"Sen, A. K. 1976. &ldquo;Liberty Unanimity and Rights&rdquo;, <I>Economica</I> 43, pp.217-245."},{"sequence":"14","original_text":"杉田敦 1980.「ミシェル・フーコーと政治理論」『思想』676 岩波書店。"},{"sequence":"15","original_text":"鈴村興太郎 1982.『経済計画理論』第二版経済学全集14、筑摩書房。"},{"sequence":"16","original_text":"宮台真司 1989『権力の予期理論─了解を媒介にした作動形式』勁草書房。"},{"sequence":"17","original_text":"Wriglesworth, J. L. 1985. <I>Libertarian Conflicts in Social Choice</I>, Cambridge University Press."}]}}