{"status":"OK","apiType":"doi","apiVersion":"1.0.0","message":{"total":1,"rows":1,"totalPages":1,"page":1},"data":{"siteId":"SI/JST.JSTAGE","content_type":"JA","doi":"10.11218/ojjams.2.83","url":"https://doi.org/10.11218/ojjams.2.83","ra":"JaLC","prefix":"10.11218","site_name":"J-STAGE","publisher_list":[{"publisher_name":"Japanese Association For Mathematical Sociology","lang":"en"},{"publisher_name":"数理社会学会","lang":"ja"}],"title_list":[{"lang":"ja","title":"社会的距離の存在について"},{"lang":"en","title":"On the Existence of Social Distance"}],"creator_list":[{"sequence":"1","type":"person","names":[{"lang":"ja","last_name":"池","first_name":"周一郎"},{"lang":"en","last_name":"IKE","first_name":"Shuichirou"}],"affiliation_list":[{"affiliation_name":"The University of Waseda","sequence":"1","lang":"en"},{"affiliation_name":"早稲田大学","sequence":"1","lang":"ja"}]}],"publication_date":{"publication_year":"1987"},"relation_list":[{"content":"https://www.jstage.jst.go.jp/article/ojjams/2/1/2_1_83/_pdf","type":"URL","relation":"fullTextPdf"}],"content_language":"ja","updated_date":"2017-03-23","article_type":"pub","journal_id_list":[{"journal_id":"0913-1442","type":"ISSN","issn_type":"print"},{"journal_id":"1881-6495","type":"ISSN","issn_type":"online"},{"journal_id":"ojjams","type":"JID"}],"journal_title_name_list":[{"journal_title_name":"Sociological Theory and Methods","type":"full","lang":"en"},{"journal_title_name":"Sociological Theory and Methods","type":"abbreviation","lang":"en"},{"journal_title_name":"理論と方法","type":"full","lang":"ja"},{"journal_title_name":"理論と方法","type":"abbreviation","lang":"ja"}],"journal_classification":"01","recorded_year":"1986-2013","volume":"2","issue":"1","first_page":"83","last_page":"90","date":"2009-03-01","keyword_list":[{"keyword":"The Existence of Social Distance","sequence":"1","lang":"en"},{"keyword":"Theory","sequence":"2","lang":"en"}],"citation_list":[{"sequence":"1","original_text":"Blau. P. M. 1977. <I>Inequality and Heterogeneity.</I> Free Press."},{"sequence":"2","original_text":"鹿又・小林. 1986.「差別的交際のログリニア・モデル分析：P. V. Marsdenの分析手法をめぐって」『理論と方法』創刊号: 115～130."},{"sequence":"3","original_text":"日本数学会編集. 1968.『数学辞典』第ニ版. 岩波書店. : 453"},{"sequence":"4","original_text":"Langbein. L. I. and Lichtman. A. J. 1978. <I>Ecological Inference</I>. The American University. （L.I.ラングバイン &amp; A.J.リヒトマン. 長谷川政美訳. 1980.『生態学的推論. 人間科学の統計学3』. 朝倉書店.）"},{"sequence":"5","original_text":"Keesing. R. M. 1975. <I>Kin Groups and Social Structure.</I> New York: Holt, Rienehart and Winston. （小川.笠原.河合訳. 1981.『親族集団と社会構造』未来舎）"}]}}