{"status":"OK","apiType":"doi","apiVersion":"1.0.0","message":{"total":1,"rows":1,"totalPages":1,"page":1},"data":{"siteId":"SI/JST.JSTAGE","content_type":"JA","doi":"10.11218/ojjams.27.99","url":"https://doi.org/10.11218/ojjams.27.99","ra":"JaLC","prefix":"10.11218","site_name":"J-STAGE","publisher_list":[{"publisher_name":"Japanese Association For Mathematical Sociology","lang":"en"},{"publisher_name":"数理社会学会","lang":"ja"}],"title_list":[{"lang":"en","title":"Do Occupational Attitudes Affect Intra-Generational Mobility Later?"},{"title":"職業意識は，その後の世代内移動に影響するか？"}],"creator_list":[{"sequence":"1","type":"person","names":[{"lang":"en","last_name":"YOSHIOKA","first_name":"Yosuke"},{"lang":"ja","last_name":"吉岡","first_name":"洋介"}],"affiliation_list":[{"affiliation_name":"Osaka University","sequence":"1","lang":"en"},{"affiliation_name":"大阪大学","sequence":"1","lang":"ja"}]}],"publication_date":{"publication_year":"2012"},"relation_list":[{"content":"https://www.jstage.jst.go.jp/article/ojjams/27/1/27_99/_pdf","type":"URL","relation":"fullTextPdf"}],"content_language":"ja","updated_date":"2014-12-09","article_type":"pub","journal_id_list":[{"journal_id":"0913-1442","type":"ISSN","issn_type":"print"},{"journal_id":"1881-6495","type":"ISSN","issn_type":"online"},{"journal_id":"ojjams","type":"JID"}],"journal_title_name_list":[{"journal_title_name":"Sociological Theory and Methods","type":"full","lang":"en"},{"journal_title_name":"Sociological Theory and Methods","type":"abbreviation","lang":"en"},{"journal_title_name":"理論と方法","type":"full","lang":"ja"},{"journal_title_name":"理論と方法","type":"abbreviation","lang":"ja"}],"journal_classification":"01","recorded_year":"1986-2013","volume":"27","issue":"1","first_page":"99","last_page":"116","date":"2013-03-18","keyword_list":[{"keyword":"職業意識","sequence":"1","lang":"ja"},{"keyword":"occupational attitude","sequence":"1","lang":"en"},{"keyword":"世代内移動","sequence":"2","lang":"ja"},{"keyword":"intra-generational mobility","sequence":"2","lang":"en"},{"keyword":"長期追跡パネルデータ","sequence":"3","lang":"ja"},{"keyword":"long-traced panel data","sequence":"3","lang":"en"}],"citation_list":[{"sequence":"1","doi":"10.1016/j.ssresearch.2005.06.005","volume":"35","first_page":"702","publication_date":{"publication_year":"2006"},"original_text":"Gelissen, J. and P. M. de Graaf. 2006. &ldquo;Personality, Social Background, and Occupational Career Success.&rdquo; <I>Social Science Research,</I> 35(3): 702-26."},{"sequence":"2","original_text":"Guo, G. 1993. &ldquo;Event-History Analysis for Left-Truncated Data.&rdquo; <I>Sociological Methodology,</I> 23: 217-43."},{"sequence":"3","original_text":"原純輔. 1979. 「職業経歴の分析」富永健一（編）『日本の階層構造』東京大学出版会: 198-231."},{"sequence":"4","original_text":"原純輔・盛山和夫. 1999. 『社会階層―豊かさの中の不平等』東京大学出版会."},{"sequence":"5","original_text":"Inglehart. R. 1977. <I>The Silent Revolution: Changing Values and Political Styles among Western Publics.</I> Princeton. N.J.: Princeton University Press.＝1978. 三宅一郎・金丸輝夫・富沢克訳. 『静かなる革命―政治意識と行動様式の変化』東洋経済新聞社."},{"sequence":"6","original_text":"石田浩. 2008. 「世代間移動への生存分析アプローチ」渡邊勉（編）『2005年SSM調査シリーズ3―世代間移動と世代内移動』2005年SSM調査研究会: 55-74."},{"sequence":"7","original_text":"鹿又伸夫. 2001. 『機会と結果の不平等―世代間移動と所得・資産格差』ミネルヴァ書房."},{"sequence":"8","original_text":"苅谷剛彦. 2001. 『階層化日本と教育危機―不平等再生産から意欲格差社会へ』有信堂."},{"sequence":"9","original_text":"吉川徹（編）. 2009. 『職業と家族とパーソナリティについての同一パネル長期追跡調査』科学研究費補助金研究成果報告書."},{"sequence":"10","original_text":"清川雪彦・山根弘子. 2004. 「日本人の労働観―意識調査に見るその変遷」『大原社会問題研究雑誌』542: 14-33."},{"sequence":"11","original_text":"Kohn, M. L. 1977. <I>Class and Conformity: A Study in Values, With a Reassessment, 2nd ed.</I> Chicago: University of Chicago Press."},{"sequence":"12","original_text":"Kohn, M. L. and C. Schooler. 1973. &ldquo;Occupational Experience and Psychological Functioning: An Assessment of Reciprocal Effects.&rdquo; <I>American Sociological Review,</I> 38(1): 97-118."},{"sequence":"13","original_text":"キャリア教育の推進に関する総合的調査研究協力者会議. 2004. 「キャリア教育の推進に関する総合的調査研究協力者会議報告書―児童生徒一人一人の勤労観，職業観を育てるために」（入手方法は，http://www.mext.go.jp/b_menu/shingi/chousa/shotou/023/toushin/04012801.htm を参照）."},{"sequence":"14","volume":"3","issue":"1","first_page":"14","publication_date":{"publication_year":"1987"},"original_text":"Mayer, K. U. and G. R. Carroll. 1987. &ldquo;Jobs and Classes: Structural Constraints on Career Mobility.&rdquo; <I>European Sociological Review,</I> 3(1):14-38."},{"sequence":"15","original_text":"Mortimer, J.T. 1996. &ldquo;Social Psychological Aspects of Achievement.&rdquo; Pp.17-36 in <I>Generating Social Stratification: Toward a New Research Agenda,</I> edited by Kerckhoff, A. C. Boulder: Westview Press."},{"sequence":"16","original_text":"Muth&eacute;n, L. K. and B.O. Muth&eacute;n. 2007. <I>Mplus User's Guide, 4th ed.</I> Los Angeles, California: Statsoft."},{"sequence":"17","original_text":"直井優. 1987. 「仕事と人間の相互作用」三隅二不二（編）『働くことの意味―Meaning of Working Life: MOWの国際比較研究』有斐閣: 101-44."},{"sequence":"18","original_text":"労働大臣官房統計情報部. 1974. 『日本人の勤労観』至誠堂."},{"sequence":"19","original_text":"盛山和夫・都築一治・佐藤嘉倫・中村隆. 1990. 「職歴移動の構造―労働市場の構造とキャリア・パターン」直井優・盛山和夫（編）『現代日本の階層構造１―社会階層の構造と過程』東京大学出版会: 83-108."},{"sequence":"20","original_text":"S&oslash;rensen, A. B. 1983. &ldquo;Processes of Allocation to Open and Closed Positions in Social Structure.&rdquo; <I>Zeitschrift f&uuml;r Soziologie,</I> 12(3): 203-24."},{"sequence":"21","original_text":"S&oslash;rensen, A. B. 1986. &ldquo;Social Structure and Mechanism of Life-Course Processes.&rdquo; Pp.177-97 in <I>Human Development and the Life Course: Multidisciplinary Perspectives,</I> edited by S&oslash;rensen, A. B., Weinert, F. E. and L. R. Sherrod. London: Lawrence Erlbaum Associates."},{"sequence":"22","original_text":"Takenoshita, H. 2008. &ldquo;Labor Market and Job Shift Patterns in Japan: Voluntary and Involuntary Job Mobility.&rdquo; 渡邊勉（編）『2005年SSM調査シリーズ3―世代間移動と世代内移動』2005年SSM調査研究会:161-186."},{"sequence":"23","original_text":"富永健一. 1998. 「職歴パターンと労働移動」富永健一・宮本光晴（編）『モビリティ社会への展望―変動する日本型雇用システム』慶應義塾大学出版会: 59-100."},{"sequence":"24","original_text":"山口一男. 2001a. 「イベントヒストリー分析（2）」『統計』2001年10月号:74-9."},{"sequence":"25","original_text":"山口一男. 2001b. 「イベントヒストリー分析（3）」『統計』2001年11月号:70-5."},{"sequence":"26","original_text":"山口一男. 2001c. 「イベントヒストリー分析（4）」『統計』2001年12月号:73-9."}]}}