{"status":"OK","apiType":"doi","apiVersion":"1.0.0","message":{"total":1,"rows":1,"totalPages":1,"page":1},"data":{"siteId":"SI/JST.JSTAGE","content_type":"JA","doi":"10.11218/ojjams.24.57","url":"https://doi.org/10.11218/ojjams.24.57","ra":"JaLC","prefix":"10.11218","site_name":"J-STAGE","publisher_list":[{"publisher_name":"Japanese Association For Mathematical Sociology","lang":"en"},{"publisher_name":"数理社会学会","lang":"ja"}],"title_list":[{"lang":"ja","title":"相対リスク回避モデルの再検討","subtitle":"―Breen and Goldthorpeモデルの一般化―"},{"lang":"en","title":"Reconsideration of a Model of Relative Risk Aversion:","subtitle":"Generalization of the Breen and Goldthorpe Model"}],"creator_list":[{"sequence":"1","type":"person","names":[{"lang":"ja","last_name":"浜田","first_name":"宏"},{"lang":"en","last_name":"HAMADA","first_name":"Hiroshi"}],"affiliation_list":[{"affiliation_name":"Graduate School of Arts and Letters<BR>Tohoku University","sequence":"1","lang":"en"},{"affiliation_name":"東北大学","sequence":"1","lang":"ja"}]}],"publication_date":{"publication_year":"2009"},"relation_list":[{"content":"https://www.jstage.jst.go.jp/article/ojjams/24/1/24_1_57/_pdf","type":"URL","relation":"fullTextPdf"}],"content_language":"ja","updated_date":"2017-03-23","article_type":"pub","journal_id_list":[{"journal_id":"0913-1442","type":"ISSN","issn_type":"print"},{"journal_id":"1881-6495","type":"ISSN","issn_type":"online"},{"journal_id":"ojjams","type":"JID"}],"journal_title_name_list":[{"journal_title_name":"Sociological Theory and Methods","type":"full","lang":"en"},{"journal_title_name":"Sociological Theory and Methods","type":"abbreviation","lang":"en"},{"journal_title_name":"理論と方法","type":"full","lang":"ja"},{"journal_title_name":"理論と方法","type":"abbreviation","lang":"ja"}],"journal_classification":"01","recorded_year":"1986-2013","volume":"24","issue":"1","first_page":"57","last_page":"75","date":"2010-01-08","keyword_list":[{"keyword":"relative risk aversion","sequence":"1","lang":"en"},{"keyword":"相対リスク回避","sequence":"1","lang":"ja"},{"keyword":"inequality of educational attainment","sequence":"2","lang":"en"},{"keyword":"教育達成の不平等","sequence":"2","lang":"ja"},{"keyword":"decline of class origin effect across educational transition","sequence":"3","lang":"en"},{"keyword":"階層効果逓減現象","sequence":"3","lang":"ja"}],"citation_list":[{"sequence":"1","original_text":"荒巻草平. 2007.「Transition Approachによる教育達成過程の趨勢分析」『理論と方法』22(2): 189-203．"},{"sequence":"2","original_text":"荒巻草平. 2008.「教育達成過程における階層間格差の様態――MTモデルによる階層効果と選抜制度効果の検討」米澤彰純（編）『教育達成の構造分析』（2005年SSM調査シリーズ5）．2005年社会階層と社会移動調査研究会：57-79．"},{"sequence":"3","original_text":"Boudon, Raymond. 1973. <I>L'In&eacute;galit&eacute; des Chances, La mobilit&eacute; sociale dans les soci&eacute;t&acute;es industrielles</I>. Paris: Librarie Armand Colin．= 1983. 杉本一郎・山本剛郎・草壁八郎（訳）『機会の不平等』新曜社."},{"sequence":"4","original_text":"Breen, Richard and John H Goldthorpe. 1997. &ldquo;Explaining Educational Differentials: Toward a Formal Rational Action Theory.&rdquo; <I>Rationality and Society</I> 9(3):275-305."},{"sequence":"5","original_text":"Breen, Richard and Meir Yaish. 2006. &ldquo;Testing the Breen-Goldthorpe Model of Educational Decision Making.&rdquo; <I>Mobility and Inequality: Frontiers of Research in Sociology and Economics</I>. Stephen L. Morgan and David B. Grusky and Gary S. Fields (eds) Stanford University Press: 232-258."},{"sequence":"6","original_text":"浜田宏. 2008a.「進学と世代間移動の合理的選択モデル――MMI仮説の定式化」渡邊勉（編）『世代間移動と世代内移動』（2005年SSM調査シリーズ3）. 2005年社会階層と社会移動調査研究会：111-128."},{"sequence":"7","original_text":"浜田宏. 2008b.「進学率と世代間移動の数理モデル」『社会学評論』232（58巻4号）:608-624."},{"sequence":"8","original_text":"Hout, Michael. 2006. &ldquo;Maximally Maintained Inequality and Essentially Maintained Inequality: Cross-national Comparisons.&rdquo; <I>Sociological theory and methods</I> Vol.21, No.2: 237-252"},{"sequence":"9","original_text":"岩本健良. 1990.「機会の不平等と教育――ブードンモデルの再構成」『現代社会学研究』第三巻：47-66."},{"sequence":"10","original_text":"吉川徹. 2006.『学歴と格差・不平等――成熟する日本型学歴社会』東京大学出版会."},{"sequence":"11","original_text":"Mare, Robert D. 1980. &ldquo;Social Background and School Continuation Decisions.&rdquo; <I>Journal of the American Statistical Association</I> 75(370):295-305."},{"sequence":"12","original_text":"Mare, Robert D. 1981. &ldquo;Change and Stability in Educational Stratification.&rdquo; <I>American Sociological Review</I> 46(1):72-87."},{"sequence":"13","original_text":"Need, A and Uulkje de Jong. 2000. &ldquo;Educational Diffrentials in the Netherlands: Testing Rational Action Theory.&rdquo; <I>Rationality and Society</I> 13(1):71-98."},{"sequence":"14","original_text":"Raftery, Adrian E. and Michael Hout. 1993. &ldquo;Maximally Maintained Inequality: Expansion, Reform, and Opportunity in Irish Education, 1921-75.&rdquo; <I>Sociology of Education</I> Vol. 66, No. 1. (Jan., 1993):41-62."},{"sequence":"15","original_text":"太郎丸博. 2007.「大学進学率の階級間格差に関する合理的選択理論の検討――相対的リスク回避仮説の1995年SSM調査データによる分析」『大阪大学大学院人間科学研究科紀要』33: 201-212."}]}}