{"status":"OK","apiType":"doi","apiVersion":"1.0.0","message":{"total":1,"rows":1,"totalPages":1,"page":1},"data":{"siteId":"SI/JST.JSTAGE","content_type":"JA","doi":"10.11218/ojjams.23.15","url":"https://doi.org/10.11218/ojjams.23.15","ra":"JaLC","prefix":"10.11218","site_name":"J-STAGE","publisher_list":[{"publisher_name":"Japanese Association For Mathematical Sociology","lang":"en"},{"publisher_name":"数理社会学会","lang":"ja"}],"title_list":[{"lang":"en","title":"Special Section"},{"title":"特集　計量社会学分析の新標準","subtitle":"―相関のあるデータを分析する―"}],"creator_list":[{"sequence":"1","type":"person","names":[{"lang":"en","last_name":"NAKATA","first_name":"Tomoo"},{"lang":"ja","last_name":"中田","first_name":"知生"}],"affiliation_list":[{"affiliation_name":"Hokusei Gakuen University","sequence":"1","lang":"en"},{"affiliation_name":"北星学園大学","sequence":"1","lang":"ja"}]},{"sequence":"2","type":"person","names":[{"lang":"en","last_name":"TAKADA","first_name":"Hiroshi"},{"lang":"ja","last_name":"高田","first_name":"洋"}],"affiliation_list":[{"affiliation_name":"Sapporo Gakuin University","sequence":"1","lang":"en"},{"affiliation_name":"札幌学院大学","sequence":"1","lang":"ja"}]}],"publication_date":{"publication_year":"2008"},"relation_list":[{"content":"http://www.jstage.jst.go.jp/article/ojjams/23/1/23_1_15/_pdf","type":"URL","relation":"fullTextPdf"}],"updated_date":"2014-12-09","article_type":"pub","journal_id_list":[{"journal_id":"0913-1442","type":"ISSN","issn_type":"print"},{"journal_id":"1881-6495","type":"ISSN","issn_type":"online"},{"journal_id":"ojjams","type":"JID"}],"journal_title_name_list":[{"journal_title_name":"Sociological Theory and Methods","type":"full","lang":"en"},{"journal_title_name":"Sociological Theory and Methods","type":"abbreviation","lang":"en"},{"journal_title_name":"理論と方法","type":"full","lang":"ja"},{"journal_title_name":"理論と方法","type":"abbreviation","lang":"ja"}],"journal_classification":"01","recorded_year":"1986-2013","volume":"23","issue":"1","first_page":"15","last_page":"17","date":"2008-08-11"}}