{"status":"OK","apiType":"doi","apiVersion":"1.0.0","message":{"total":1,"rows":1,"totalPages":1,"page":1},"data":{"siteId":"SI/JST.JSTAGE","content_type":"JA","doi":"10.11218/ojjams.10.111","url":"https://doi.org/10.11218/ojjams.10.111","ra":"JaLC","prefix":"10.11218","site_name":"J-STAGE","publisher_list":[{"publisher_name":"Japanese Association For Mathematical Sociology","lang":"en"},{"publisher_name":"数理社会学会","lang":"ja"}],"title_list":[{"lang":"ja","title":"ゲーム理論の新たな応用を目指して"}],"creator_list":[{"sequence":"1","type":"person","names":[{"lang":"ja","last_name":"佐藤","first_name":"嘉倫"},{"lang":"en","last_name":"SATO","first_name":"Yoshimichi"}],"affiliation_list":[{"affiliation_name":"Tohoku University","sequence":"1","lang":"en"},{"affiliation_name":"東北大学","sequence":"1","lang":"ja"}]}],"publication_date":{"publication_year":"1995"},"relation_list":[{"content":"https://www.jstage.jst.go.jp/article/ojjams/10/2/10_111/_pdf","type":"URL","relation":"fullTextPdf"}],"content_language":"ja","updated_date":"2016-08-25","article_type":"pub","journal_id_list":[{"journal_id":"0913-1442","type":"ISSN","issn_type":"print"},{"journal_id":"1881-6495","type":"ISSN","issn_type":"online"},{"journal_id":"ojjams","type":"JID"}],"journal_title_name_list":[{"journal_title_name":"Sociological Theory and Methods","type":"full","lang":"en"},{"journal_title_name":"Sociological Theory and Methods","type":"abbreviation","lang":"en"},{"journal_title_name":"理論と方法","type":"full","lang":"ja"},{"journal_title_name":"理論と方法","type":"abbreviation","lang":"ja"}],"journal_classification":"01","recorded_year":"1986-2013","volume":"10","issue":"2","first_page":"111","last_page":"114","date":"2016-08-26","citation_list":[{"sequence":"1","original_text":"Axelrod, Robert. 1984. <I>The Evolution of Cooperation.</I> New York: Basic Books.（松田裕之（訳）1987. 『つきあい方の科学―バクテリアから国際関係まで―』HBJ出版局）"},{"sequence":"2","original_text":"Dawes, Robin M. 1975 &ldquo;Formal Models of Dilemma in Social Decision-Making.&rdquo; M. Kaplan and S. Schwartz(eds.). <I>Human Judgement and Social Processes.</I> New York: Academic Press."},{"sequence":"3","original_text":"神取道宏 1994. 「ゲーム理論による経済学の静かな革命」岩井克人・伊藤元重（編）『現代の経済理論』東京大学出版会."},{"sequence":"4","original_text":"Persons, Talcott. 1951. <I>The Social System.</I> New York: Free Press（佐藤勉（訳）1974. 『社会体系論』青木書店.)"},{"sequence":"5","original_text":"海野道郎 1985. 「社会的蟻地獄の論理構造（1）：Dawesによる定式化の検討と再定式化」原純輔・海野道郎（編）『数理社会学の現在』数理社会学研究会."},{"sequence":"6","original_text":"海野道郎 1989. 「社会学におけるゲーム論的アプローチ」『心理学評論』32(3): 296-311."}]}}