{"status":"OK","apiType":"doi","apiVersion":"1.0.0","message":{"total":1,"rows":1,"totalPages":1,"page":1},"data":{"siteId":"SI/JST.JSTAGE","content_type":"JA","doi":"10.11218/ojjams.29.293","url":"https://doi.org/10.11218/ojjams.29.293","ra":"JaLC","prefix":"10.11218","site_name":"J-STAGE","publisher_list":[{"publisher_name":"Japanese Association For Mathematical Sociology","lang":"en"},{"publisher_name":"数理社会学会","lang":"ja"}],"title_list":[{"lang":"ja","title":"地域再生事業にみるコモンズ問題の解決"},{"lang":"en","title":"Evolutionary Game Analysis of Rural Rebuilding:","subtitle":"The Synergy of Social Innovators and Cooperators"}],"creator_list":[{"sequence":"1","type":"person","names":[{"lang":"ja","last_name":"小池","first_name":"心平"},{"lang":"en","last_name":"KOIKE","first_name":"Shinpei"}],"affiliation_list":[{"affiliation_name":"Tokyo Institute of Technology","sequence":"1","lang":"en"},{"affiliation_name":"東京工業大学","sequence":"1","lang":"ja"}]},{"sequence":"2","type":"person","names":[{"lang":"ja","last_name":"中井","first_name":"豊"},{"lang":"en","last_name":"NAKAI","first_name":"Yutaka"}],"affiliation_list":[{"affiliation_name":"Shibaura Institute of Technology","sequence":"2","lang":"en"},{"affiliation_name":"芝浦工業大学","sequence":"2","lang":"ja"}]}],"publication_date":{"publication_year":"2014"},"relation_list":[{"content":"https://www.jstage.jst.go.jp/article/ojjams/29/2/29_293/_pdf","type":"URL","relation":"fullTextPdf"}],"content_language":"ja","updated_date":"2016-07-09","article_type":"pub","journal_id_list":[{"journal_id":"0913-1442","type":"ISSN","issn_type":"print"},{"journal_id":"1881-6495","type":"ISSN","issn_type":"online"},{"journal_id":"ojjams","type":"JID"}],"journal_title_name_list":[{"journal_title_name":"Sociological Theory and Methods","type":"full","lang":"en"},{"journal_title_name":"Sociological Theory and Methods","type":"abbreviation","lang":"en"},{"journal_title_name":"理論と方法","type":"full","lang":"ja"},{"journal_title_name":"理論と方法","type":"abbreviation","lang":"ja"}],"journal_classification":"01","recorded_year":"1986-2013","volume":"29","issue":"2","first_page":"293","last_page":"307","date":"2016-07-10","keyword_list":[{"keyword":"Rural Rebuilding","sequence":"1","lang":"en"},{"keyword":"地域再生","sequence":"1","lang":"ja"},{"keyword":"Tragedy of Commons","sequence":"2","lang":"en"},{"keyword":"共有地の悲劇","sequence":"2","lang":"ja"},{"keyword":"Social Dilemmas","sequence":"3","lang":"en"},{"keyword":"社会的ジレンマ","sequence":"3","lang":"ja"},{"keyword":"Evolutionary Game","sequence":"4","lang":"en"},{"keyword":"進化ゲーム理論","sequence":"4","lang":"ja"}],"citation_list":[{"sequence":"1","original_text":"Boyd, R., and P. J. Richerson. 1988. &ldquo;The Evolution of Reciprocity in Sizable Groups.&rdquo; <I>Journal of Theoretical Biology</I> 132: 337-56."},{"sequence":"2","original_text":"Boyd, R. 1992. &ldquo;Punishment Allows the Evolution of Cooperation (or Anything Else) in Sizable Groups.&rdquo; <I>Ethology and Sociobiology</I> 13: 171-195."},{"sequence":"3","original_text":"Boyd, R., H. Gintis, S. Bowles, and P. J. Richerson. 2003. &ldquo;The Evolution of Altruistic Punishment.&rdquo; <I>Proceedings of the National Academy of Sciences</I> 100: 3531-35."},{"sequence":"4","original_text":"Brandt, H., C. Hauert, and K. Sigmund. 2006. &ldquo;Punishing and Abstaining for Public Goods.&rdquo; <I>Proceedings of the National Academy of Sciences</I> 103: 495-497."},{"sequence":"5","original_text":"Dawes, R. M. 1980. &ldquo;Social Dilemmas.&rdquo; <I>Annual Review of Psychology</I> 31: 169-93."},{"sequence":"6","original_text":"Fehr, E., and S. G&auml;chter. 2002. &ldquo;Altruistic Punishment in Humans.&rdquo; <I>Nature</I> 415: 137-40."},{"sequence":"7","original_text":"Fowler, J. H. 2005. &ldquo;Altruistic Punishment and the Origin of Cooperation.&rdquo; <I>Proceedings of the National Academy of Sciences</I> 102: 7047-49."},{"sequence":"8","original_text":"Hardin, G. 1968. &ldquo;The Tragedy of the Commons.&rdquo; <I>Science</I> 162: 1243-48."},{"sequence":"9","original_text":"Hardin, R. 1971. &ldquo;Collective Action as an Agreeable n-Prisoners' Dilemma.&rdquo; <I>Behavioral Science</I> 16:472-81."},{"sequence":"10","original_text":"Hauert, C. 2006. &ldquo;Spatial Effects in Social Dilemmas.&rdquo; <I>Journal of Theoretical Biology</I> 240: 627-36."},{"sequence":"11","original_text":"Hauert, C., S. de Monte, J. Hofbauer, and K. Sigmund. 2002a. &ldquo;Volunteering as Red Queen Mechanism for Cooperationin Public Goods Games.&rdquo; <I>Science</I> 296: 1129-32."},{"sequence":"12","original_text":"Hauert, C., S. de Monte, J. Hofbauer, and K. Sigmund. 2002b. &ldquo;Replicator Dynamics for Optimal Public Good Games.&rdquo; <I>Journal of Theoretical Biology</I> 218: 187-94."},{"sequence":"13","original_text":"Joshi, N. V. 1987. &ldquo;Evolution of Cooperation by Reciprocation within Structured Demes.&rdquo; <I>Journal of Genetics</I> 49:725-38."},{"sequence":"14","original_text":"金井雅之・小林盾・大浦宏邦. 2007. 「近代組織におけるフリーライダーの抑制―対戦相手変更コストが協力行動の促進に果たす役割―」『理論と方法』22(2):205-25."},{"sequence":"15","original_text":"金井雅之. 2013. 「多様な主体の交流による地域づくりの可能性―成果の個別性と仕組みの共通性―」『専修大学社会科学研究所月報』601・602:34-45."},{"sequence":"16","original_text":"木村邦博. 2002. 『大集団のジレンマ―集合行為と集団規模の数理―』ミネルヴァ書房."},{"sequence":"17","original_text":"国土交通省. 2003. 「総合保養地域の整備―リゾート法の今日的考察―」(2014年5月30日取得, https://www.mlit.go.jp/hyouka/pdf/review/14/resort/honpen.pdf)."},{"sequence":"18","original_text":"中井豊. 2014. 「コモンズの悲劇からの脱出―地域と社会的企業家のシナジー」今田高俊・舘岡康雄 ( 編 )『シナジー社会論―他者とともに生きる―』東京大学出版会 :57-72."},{"sequence":"19","original_text":"難波孝志.2014. 「林業過疎地域における入会地の存続と地域の壁―岡山県西粟倉村と鳥取県智頭町を事例として―」『大阪経大論集』64(5):15-28."},{"sequence":"20","original_text":"農林水産省(編). 2012. 『平成24年版　食料・農業・農村白書』佐伯印刷."},{"sequence":"21","original_text":"農林水産省. 2014a. 『都市農村共生・対流総合対策交付金実施要綱』平成26年4月1日付け農振第 2339号."},{"sequence":"22","original_text":"農林水産省. 2014b. 『中山間地域等直接支払交付金実施要領』平成26年4月1日付け農振第2437号."},{"sequence":"23","original_text":"Olson, M. [1965] 1971. <I>The Logic of Collective Action: Public Goods and the Theory of Groups</I>. Cambridge: Harvard University Press. =1983. 衣田博・森脇俊雅(訳)『集合行為論―公共財と集団理論―』ミネルヴァ書房."},{"sequence":"24","original_text":"Ostrom, E. 1990. <I>Governing the Commons: The Evolution of Institutions for Collective Action</I>. Cambridge University Press."},{"sequence":"25","original_text":"Semmann, D., H-J. Krambeck, and M. Milinski. 2003. &ldquo;Volunteering Leads to Rock-Paper-Scissors Dynamics in a Public Goods Game.&rdquo; <I>Nature</I> 425: 390-93."},{"sequence":"26","original_text":"総務省. 2009. 『地域おこし協力隊推進要綱』平成21年3月31日付け総行応第38号."},{"sequence":"27","original_text":"総務省. 2013. 『地域おこし協力隊推進要綱の一部改正について』平成25年3月29日付け総行応第56号・総行人第 7 号."},{"sequence":"28","original_text":"総務省自治行政局過疎対策室. 2014. 『平成24年度版「過疎対策の現況」について（概要版）』(2014年5月30日取得, http://www.soumu.go.jp/main_sosiki/jichi_gyousei/c-gyousei/2001/kaso/kasomain8.htm)."},{"sequence":"29","original_text":"水産庁. 2013. 『水産関係地方公共団体交付金等実施要領』平成25年5月16日付け水港第3405号."},{"sequence":"30","original_text":"Sugden, R. [1986] 2004. <I>The Economics of Rights, Cooperation and Welfare (2nd edition)</I>. Palgrave Macmillan. =2008. 友野典男訳『慣習と秩序の経済学―進化ゲーム理論アプローチ』日本評論社."},{"sequence":"31","original_text":"Suzuki, S., and E. Akiyama. 2005. &ldquo;Reputation and the Evolution of Cooperation in Sizable Groups.&rdquo; <I>Proceedings of the Royal Society</I> B 272: 1373-77."},{"sequence":"32","original_text":"Taylor, M. 1987. <I>The Possibility of Cooperation</I>. Cambridge: Cambridge University Press. =1995. 松原望(訳)『協力の可能性―協力，国家，アナーキー』木鐸社."},{"sequence":"33","original_text":"Wilson, D. S., and L. A. Dugatkin. 1997. &ldquo;Group Selection and Assortative Interactions&rdquo; <I>The American Naturalist</I> 149; 336-51."}]}}