{"status":"OK","apiType":"doi","apiVersion":"1.0.0","message":{"total":1,"rows":1,"totalPages":1,"page":1},"data":{"siteId":"SI/JST.JSTAGE","content_type":"JA","doi":"10.11218/ojjams.23.91","url":"https://doi.org/10.11218/ojjams.23.91","ra":"JaLC","prefix":"10.11218","site_name":"J-STAGE","publisher_list":[{"publisher_name":"Japanese Association For Mathematical Sociology","lang":"en"},{"publisher_name":"数理社会学会","lang":"ja"}],"title_list":[{"lang":"en","title":"Effects of Externalities on Patterns of Exchange"}],"creator_list":[{"sequence":"1","type":"person","names":[{"lang":"en","last_name":"DIJKSTRA","first_name":"Jacob"}],"affiliation_list":[{"affiliation_name":"University of Groningen","sequence":"1","lang":"en"}]},{"sequence":"2","type":"person","names":[{"lang":"en","last_name":"Van ASSEN","first_name":"Marcel A.L.M."}],"affiliation_list":[{"affiliation_name":"Tilburg University","sequence":"2","lang":"en"}]}],"publication_date":{"publication_year":"2008"},"relation_list":[{"content":"https://www.jstage.jst.go.jp/article/ojjams/23/1/23_1_91/_pdf","type":"URL","relation":"fullTextPdf"}],"content_language":"en","updated_date":"2017-03-23","article_type":"pub","journal_id_list":[{"journal_id":"0913-1442","type":"ISSN","issn_type":"print"},{"journal_id":"1881-6495","type":"ISSN","issn_type":"online"},{"journal_id":"ojjams","type":"JID"}],"journal_title_name_list":[{"journal_title_name":"Sociological Theory and Methods","type":"full","lang":"en"},{"journal_title_name":"Sociological Theory and Methods","type":"abbreviation","lang":"en"},{"journal_title_name":"理論と方法","type":"full","lang":"ja"},{"journal_title_name":"理論と方法","type":"abbreviation","lang":"ja"}],"journal_classification":"01","recorded_year":"1986-2013","volume":"23","issue":"1","first_page":"91","last_page":"110","date":"2008-08-11","keyword_list":[{"keyword":"Exchange Networks","sequence":"1","lang":"en"},{"keyword":"Externalities","sequence":"2","lang":"en"},{"keyword":"Core Solution","sequence":"3","lang":"en"}],"citation_list":[{"sequence":"1","original_text":"Bienenstock, Elisa J, and Phillip Bonacich. 1992. &ldquo;The core as a solution to exclusionary networks.&ldquo; <I>Social Networks</I> 14: 231-243."},{"sequence":"2","original_text":"Blau, Peter. 1964. <I>Exchange and Power in Social Life</I>. New York: Wiley."},{"sequence":"3","original_text":"Bonacich, Phillip. 1995. &ldquo;Four kinds of social dilemmas within exchange networks.&rdquo; <I>Current Research in Social Psychology</I> 1: 1-6."},{"sequence":"4","original_text":"Bonacich, Phillip. 1998. &ldquo;A behavioral foundation for a structural theory of power in exchange networks.&rdquo; <I>Social Psychology Quarterly</I>  61(3): 185-198."},{"sequence":"5","original_text":"Bonacich, Phillip and Elisa J. Bienenstock. 1995. &ldquo;When rationality fails: unstable exchange networks with empty cores.&rdquo; <I>Rationality and Society</I> 7(3): 293-320."},{"sequence":"6","original_text":"Borgatti, Stephen P., and Martin G. Everett. 1992. &ldquo;Graph colorings and power in experimental exchange networks.&rdquo; <I>Social Networks</I>, 14, 287-308."},{"sequence":"7","original_text":"Braun, Norman and Thomas Gautschi. 2006. &ldquo;A Nash Bargaining Model for Simple Exchange Networks.&rdquo; <I>Social Networks</I> 28(1): 1-23."},{"sequence":"8","original_text":"Burke, Peter. 1997. &ldquo;An Identity Model for Network Exchange.&rdquo; <I>American Sociological Review</I> 62:134-50."},{"sequence":"9","original_text":"Cook, Karen S., and Richard M. Emerson. 1978. &ldquo;Power, equity and commitment in exchange networks.&rdquo; <I>American Sociological Review</I> 43: 721-739."},{"sequence":"10","original_text":"Cook, Karen S., Richard M. Emerson, Mary R. Gillmore, and Toshio Yamagishi. 1983. &ldquo;The distribution of power in exchange networks: theory and experimental results.&rdquo; <I>American Journal of Sociology</I> 89(2): 275-305."},{"sequence":"11","original_text":"Cook, Karen S., and Toshio Yamagishi. 1992. &ldquo;Power in exchange networks: a power-dependence formulation.&rdquo; <I>Social Networks</I> 14: 245-265."},{"sequence":"12","original_text":"Dijkstra, Jacob. 2007. &ldquo;Externalities in Exchange Networks: An Adaptation of existing Theories of Exchange Networks.&rdquo; Submitted."},{"sequence":"13","original_text":"Dijkstra, Jacob and Marcel A.L.M. van Assen. 2006. &ldquo;Effects of Externalities on Exchange in Networks: An Exploration.&rdquo; <I>Sociological Theory and Methods</I> 21(2): 279-294."},{"sequence":"14","original_text":"Dijkstra, Jacob and Marcel A.L.M. van Assen. 2008. &ldquo;The Comparison of Four Types of Everyday Interdependencies: Externalities in Exchange Networks.&rdquo; <I>Rationality and Society</I>, 20(1): 115-143."},{"sequence":"15","original_text":"Freedman, David A. 2006. &ldquo;On the so-called Huber sandwich estimator and robust standard errors.&rdquo; http://www.stat.berkeley.edu/~census/mlesan.pdf, retrieved May 23, 2007."},{"sequence":"16","original_text":"Friedkin, Noah. 1992. &ldquo;An Expected Value Model of Social Power: Predictions for Selected Exchange Networks.&rdquo; <I>Social Networks</I> 14: 213-30."},{"sequence":"17","original_text":"Friedkin, Noah. 1995. &ldquo;The Incidence of Exchange Networks.&rdquo; <I>Social Psychology Quarterly</I> 58: 213-22."},{"sequence":"18","original_text":"Girard, Charles D., &amp; Borch, Casey. 2004. &ldquo;Predicting pattern of exchange in economic exchange networks.&rdquo; Unpublished manuscript."},{"sequence":"19","original_text":"Hardin, Garrett. 1968. &ldquo;The Tragedy of the Commons.&rdquo; <I>Science</I>, 162: 1243-1248."},{"sequence":"20","original_text":"Heckathorn, Douglas D. 1983. &ldquo;Extensions of power-dependence theory: the concept of resistance.&rdquo; <I>Social Forces</I> 61: 1206-1231."},{"sequence":"21","original_text":"Homans, George C. 1958. &ldquo;Social Behavior as Exchange.&rdquo; <I>American Journal of Sociology</I> 62: 597-606."},{"sequence":"22","original_text":"Huber, P.J. 1967. &ldquo;The behavior of maximum-likelihood estimates under non-standard conditions.&rdquo; <I>Proceedings of the Fifth Berkely Symposium on Mathematical Statistics and Probability</I>, 1: 221-233."},{"sequence":"23","original_text":"Karr, Linda B. 2000. &ldquo;New horizons in cross-national experimentation.&rdquo; <I>Current Research in Social Psychology</I> 5: 191-205."},{"sequence":"24","original_text":"Lakatos, Imre, and Alan Musgrave (Eds). 1970. <I>Criticism and the growth of knowledge</I>. Proceedings of the international colloquium in the philosophy of science. London, 4."},{"sequence":"25","original_text":"Ledyard, J.-O. 1995. &ldquo;Public goods: A survey of experimental research&rdquo;. Pp.111-194 in <I>The Handbook of Experimental Economics</I>. edited by Kagel, J.H., &amp; Roth, A.E., Princeton, NJ: Princeton University Press."},{"sequence":"26","original_text":"Lovaglia, Micheal L., John Skvoretz, David Willer, and Barry Markovsky. 1995. &ldquo;Negotiated exchange in social networks.&rdquo; <I>Social Forces</I> 74,(1): 123-155."},{"sequence":"27","original_text":"Luce, R. Duncan, and Howard Raiffa. 1957. <I>Games and Decisions: Introduction and Critical Survey</I>. New York: Dover Publications."},{"sequence":"28","original_text":"Markovsky, Barry , John Skvoretz, David Willer, Micheal J. Lovaglia, and Jeffrey Erger. 1993. &ldquo;The seeds of weak power: an extension of network exchange theory.&rdquo; <I>American Sociological Review</I> 58: 197-209."},{"sequence":"29","original_text":"Molm, Linda D. 1997. <I>Coercive Power in Social Exchange</I>. Cambridge: Cambridge University Press."},{"sequence":"30","original_text":"Olson, Mancur. 1971. <I>The Logic of Collective Action: Public Goods and the Theory of Groups</I>. Cambridge, MA: Harvard University Press."},{"sequence":"31","original_text":"Simpson, Brent and David Willer. 1999. &ldquo;A New Method for Finding Power Structures.&rdquo; In: Network Exchange Theory. Westport, CT: Praeger Press, Ed: David Willer."},{"sequence":"32","original_text":"Skvoretz, John., and Tracy Burkett. 1994. &ldquo;Information and the distribution of power in exchange networks.&rdquo; <I>Journal of Mathematical Sociology</I> 19(4): 263-278."},{"sequence":"33","original_text":"Skvoretz, John and Thomas J. Fararo. 1992. &ldquo;Power Networks and Exchange: An Essay Toward Theoretical Unification.&rdquo; <I>Social Networks</I> 14:325-44."},{"sequence":"34","original_text":"Skvoretz, John, and David Willer. 1993. &ldquo;Exclusion and power: a test of four theories of power in exchange networks.&rdquo; <I>American Sociological Review</I>, 58: 801-818."},{"sequence":"35","original_text":"Stokman, Frans N., Marcel A.L.M. van Assen, Jelle van der Knoop, and Reinier C.H. van Oosten. 2001. &ldquo;Strategic Decision Making.&rdquo; <I>Advances in Group Processes</I> 17: 131-153."},{"sequence":"36","original_text":"Thye, Shane, Micheal Lovaglia, and Barry Markovsky. 1997. &ldquo;Responses to social exchange and social exclusion in networks.&rdquo; <I>Social Forces</I> 75: 1031-1047."},{"sequence":"37","original_text":"Van Assen, Marcel A.L.M., Frans N. Stokman, and Reinier C.H. van Oosten. 2003. &ldquo;Conflict Measures in Cooperative Exchange Models of Collective Decision Making.&rdquo; <I>Rationality and Society</I> 15: 87-115."},{"sequence":"38","original_text":"Wasserman, Stanley, and Katherine Faust. 1994. <I>Social network analysis: methods and applications</I>. Cambridge: Cambridge University Press."},{"sequence":"39","original_text":"Willer, David. (Ed.) 1999. <I>Network Exchange Theory</I>. Westport, CT: Praeger Press."},{"sequence":"40","original_text":"Willer, David, and John Skvoretz. 1997. &ldquo;Games and structures.&rdquo; <I>Rationality and Society</I> 9(1): 5-35."},{"sequence":"41","original_text":"Yamaguchi, Kazuo. 1996. &ldquo;Power in Networks of Substitutable and Complementary Exchange.&rdquo; <I>American Sociological Review</I> 61:308-32."}]}}