{"status":"OK","apiType":"doi","apiVersion":"1.0.0","message":{"total":1,"rows":1,"totalPages":1,"page":1},"data":{"siteId":"SI/JST.JSTAGE","content_type":"JA","doi":"10.11218/ojjams.24.267","url":"https://doi.org/10.11218/ojjams.24.267","ra":"JaLC","prefix":"10.11218","site_name":"J-STAGE","publisher_list":[{"publisher_name":"Japanese Association For Mathematical Sociology","lang":"en"},{"publisher_name":"数理社会学会","lang":"ja"}],"title_list":[{"lang":"ja","title":"トライアド・コンフリクト","subtitle":"―ジンメル三者関係論の非協力ゲームによるフォーマライゼーション―"},{"lang":"en","title":"The Triadic Conflict:","subtitle":"Non-cooperative Game Model of George Simmel's Formal Sociology"}],"creator_list":[{"sequence":"1","type":"person","names":[{"lang":"ja","last_name":"鈴木","first_name":"鉄忠"},{"lang":"en","last_name":"SUZUKI","first_name":"Tetsutada"}],"affiliation_list":[{"affiliation_name":"Graduate School of Decision Science and Technology<BR>Tokyo Institute of Technology","sequence":"1","lang":"en"},{"affiliation_name":"東京工業大学","sequence":"1","lang":"ja"}]}],"publication_date":{"publication_year":"2009"},"relation_list":[{"content":"https://www.jstage.jst.go.jp/article/ojjams/24/2/24_2_267/_pdf","type":"URL","relation":"fullTextPdf"}],"content_language":"ja","updated_date":"2017-03-23","article_type":"pub","journal_id_list":[{"journal_id":"0913-1442","type":"ISSN","issn_type":"print"},{"journal_id":"1881-6495","type":"ISSN","issn_type":"online"},{"journal_id":"ojjams","type":"JID"}],"journal_title_name_list":[{"journal_title_name":"Sociological Theory and Methods","type":"full","lang":"en"},{"journal_title_name":"Sociological Theory and Methods","type":"abbreviation","lang":"en"},{"journal_title_name":"理論と方法","type":"full","lang":"ja"},{"journal_title_name":"理論と方法","type":"abbreviation","lang":"ja"}],"journal_classification":"01","recorded_year":"1986-2013","volume":"24","issue":"2","first_page":"267","last_page":"281","date":"2010-03-30","keyword_list":[{"keyword":"the Simmel's formal sociology","sequence":"1","lang":"en"},{"keyword":"ジンメル形式社会学","sequence":"1","lang":"ja"},{"keyword":"the typical three forms of interaction between the two persons and the third","sequence":"2","lang":"en"},{"keyword":"典型的な三様の三者関係","sequence":"2","lang":"ja"},{"keyword":"the triadic conflict in the non-cooperative game model","sequence":"3","lang":"en"},{"keyword":"非協力ゲームのトライアド・コンフリクト","sequence":"3","lang":"ja"},{"keyword":"the superiority of the third player","sequence":"4","lang":"en"},{"keyword":"第三者の優位性","sequence":"4","lang":"ja"}],"citation_list":[{"sequence":"1","original_text":"阿閉吉男. 1979. 『ジンメル社会学の方法』御茶の水書房."},{"sequence":"2","original_text":"青木昌彦・奥野正寛編著. 1996. 『経済システムの比較制度分析』東京大学出版会."},{"sequence":"3","original_text":"Caplow, Th. 1956. &ldquo;A Theory of Coalitions in the Triad&rdquo;, <I>American Sociological Review</I> 21: 489-93."},{"sequence":"4","original_text":"福田襄之介・森熊男. 1988. 『戦国策』明治書院."},{"sequence":"5","original_text":"Gamson, W. A. 1962. &ldquo;Theory of Coalition Formation&rdquo;, <I>American Sociological Review</I> 26(3): 373-82."},{"sequence":"6","original_text":"ゲーテ, J.W. 浜川祥枝訳. 2003. 「親和力」『ゲーテ全集　6』潮出版社: 103-333."},{"sequence":"7","original_text":"橋爪大三郎. 1995. 「数理社会学者の解くべき問題」『理論と方法』10(1): 65-71."},{"sequence":"8","original_text":"Hechter, M. and Kanazawa S. 1997. &ldquo;Sociological Rational Choice Theory&rdquo;, <I>Annual Review of Sociology</I> 23: 191-214."},{"sequence":"9","original_text":"居安正. 2000. 『ジンメルの社会学』いなほ書房."},{"sequence":"10","original_text":"居安正・副田義也・岩崎信彦(編). 『ゲオルグ・ジンメルと社会学』世界思想社."},{"sequence":"11","original_text":"丸山真男. 1954. 「ファシズム」『政治学事典』平凡社: 1162-7."},{"sequence":"12","original_text":"Mills, Th. M. 1953. &ldquo;Power Relations in Three-person Groups&rdquo;, <I>American Sociological Review</I> 18(4): 351-7."},{"sequence":"13","original_text":"三隅一人(編). 2004. 『社会学の古典理論―数理で蘇る巨匠たち―』勁草書房."},{"sequence":"14","original_text":"武藤正義. 2005. 「社会的ジレンマと協力概念―フリーライドの視点によるN人ゲームの構造分析I―」大浦宏邦研究代表者『秩序問題への進化ゲーム理論的アプローチ』平成14-16年度科学研究費補助金・基盤研究（B）（1）研究成果報告書: 75-97."},{"sequence":"15","original_text":"武藤滋夫. 2001. 『ゲーム理論入門』日本経済新聞社."},{"sequence":"16","original_text":"中野康人. 2004. 「三人集団の形式―ジンメル小集団論と提携形ゲーム―」三隅一人(編)『社会学の古典理論―数理で蘇る巨匠たち―』勁草書房: 107-125."},{"sequence":"17","original_text":"Neumann, F. 1942. <I>Behemoth: The Structure and Practice of National Socialism 1933-1944</I>, Oxford University Press: New York＝岡本友孝・小野英祐・加藤栄一共訳. 1963. 『ビヒモス―ナチズムの構造と実践1933-1944―』みすず書房."},{"sequence":"18","original_text":"Putnam, R. D. 1993. <I>Making Democracy Work: Civic Traditions in Modern Italy</I>, Princeton University Press: Princeton, N.J＝河田潤一(訳). 2001. 『哲学する民主主義―伝統と改革の市民的構造―』NTT出版."},{"sequence":"19","original_text":"Simmel, G. 1923[1908], <I>Soziologie: Untersuchungen uber die Formen der Vergesellschaftung</I>, Duncker &amp; Humblot＝1994. 居安正(訳). 『社会学』白水社."},{"sequence":"20","original_text":"太郎丸博. 2005. 「合理的選択理論―行為と合理性―」盛山和夫・土場学・野宮大志郎・織田輝哉(編)『&lt;社会&gt;への知・現代社会学の理論と方法（上）―理論知の現在―』勁草書房: 121-38."},{"sequence":"21","original_text":"Von Neumann, J. and Morgenstern O. 1944. <I>Theory of Games and Economic Behavior</I>. Princeton University Press: New York.=1972-1973. 銀林浩ほか(訳)『ゲームの理論と経済行動』東京書籍."}]}}