{"status":"OK","apiType":"doi","apiVersion":"1.0.0","message":{"total":1,"rows":1,"totalPages":1,"page":1},"data":{"siteId":"SI/JST.JSTAGE","content_type":"JA","doi":"10.11218/ojjams.10.15","url":"https://doi.org/10.11218/ojjams.10.15","ra":"JaLC","prefix":"10.11218","site_name":"J-STAGE","publisher_list":[{"publisher_name":"Japanese Association For Mathematical Sociology","lang":"en"},{"publisher_name":"数理社会学会","lang":"ja"}],"title_list":[{"lang":"ja","title":"『権利能力論』の再構成","subtitle":"―ブール代数を用いたフォーマライゼーション―"},{"lang":"en","title":"Reconstruction of Ehrlich's <I>Die Rechtsf&auml;igkeit :</I>","subtitle":"Formalization with Boolean Algebra"}],"creator_list":[{"sequence":"1","type":"person","names":[{"lang":"ja","last_name":"太郎丸","first_name":"博"},{"lang":"en","last_name":"TAROHMARU","first_name":"Hiroshi"}],"affiliation_list":[{"affiliation_name":"Faculty of Human Sciences<BR>Osaka University","sequence":"1","lang":"en"},{"affiliation_name":"大阪大学","sequence":"1","lang":"ja"}]}],"publication_date":{"publication_year":"1995"},"relation_list":[{"content":"https://www.jstage.jst.go.jp/article/ojjams/10/1/10_15/_pdf","type":"URL","relation":"fullTextPdf"}],"content_language":"ja","updated_date":"2016-08-25","article_type":"pub","journal_id_list":[{"journal_id":"0913-1442","type":"ISSN","issn_type":"print"},{"journal_id":"1881-6495","type":"ISSN","issn_type":"online"},{"journal_id":"ojjams","type":"JID"}],"journal_title_name_list":[{"journal_title_name":"Sociological Theory and Methods","type":"full","lang":"en"},{"journal_title_name":"Sociological Theory and Methods","type":"abbreviation","lang":"en"},{"journal_title_name":"理論と方法","type":"full","lang":"ja"},{"journal_title_name":"理論と方法","type":"abbreviation","lang":"ja"}],"journal_classification":"01","recorded_year":"1986-2013","volume":"10","issue":"1","first_page":"15","last_page":"30","date":"2016-08-26","keyword_list":[{"keyword":"Rechtsf&auml;igkeit","sequence":"1","lang":"en"},{"keyword":"権利能力","sequence":"1","lang":"ja"},{"keyword":"independence of household and economy","sequence":"2","lang":"en"},{"keyword":"家計の独立","sequence":"2","lang":"ja"},{"keyword":"individualism","sequence":"3","lang":"en"},{"keyword":"個人主義","sequence":"3","lang":"ja"},{"keyword":"patriarchy","sequence":"4","lang":"en"},{"keyword":"家父長制","sequence":"4","lang":"ja"},{"keyword":"Boolean analysis","sequence":"5","lang":"en"},{"keyword":"ブール代数分析","sequence":"5","lang":"ja"}],"citation_list":[{"sequence":"1","original_text":"Dabin, Jean. 1954. <I>Droit subjectif</I>. Paris, Daroz. 水波朗（訳）. 1967.『権利論』創文社."},{"sequence":"2","original_text":"Ehrlich, Eugen. 1999. <I>Die Rechtsf&auml;igkeit</I>, Berlin (2 Aufl. 1973). 川島武宜・三藤正（訳）1975.『権利能力論』岩波書店."},{"sequence":"3","original_text":"Hart, H. L. A. 1982. <I>Essays on Bentham</I>. Oxford. 小林公・森村進（訳）1987.『権利・功利・自由』木鐸社."},{"sequence":"4","original_text":"Hart, H. L. A. 1983. <I>Essays on Jurisprudence and Philosophy</I>. Oxford University Press. 矢崎光圀他（訳）1990.『法学・哲学論集』みすず書房."},{"sequence":"5","original_text":"石川真人. 1993.「事実問題と法律問題」『法社会学』44: 229-233."},{"sequence":"6","original_text":"鹿又伸夫. 1993a.「訳者前書き」鹿又（監訳）1993. i-vii."},{"sequence":"7","original_text":"鹿又伸夫. 1993b.「質的比較分析プログラムQCAについて」『立命館産業社会論集』29-2: 85-132."},{"sequence":"8","original_text":"河上倫逸. 1982.「エールリッヒにおける法の歴史社会学の成立（一）」『法学論叢』114-4 pp.1-46."},{"sequence":"9","original_text":"川島武宜. 1967.『日本人の法意識』岩波書店."},{"sequence":"10","original_text":"川島武宜. 1982.「『権利』の社会学的分析」『川島武宜著作集 第二巻』岩波書店."},{"sequence":"11","original_text":"川島武宜. 1987.『新版　所有権法の理論』岩波書店."},{"sequence":"12","original_text":"高坂健次. 1988.「フォーマルセオリー」三沢謙一・新陸人編『現代アメリカの社会学理論』恒星社厚生閣. pp.303-333."},{"sequence":"13","original_text":"高坂健次. 1991.「比較分析法のフォーマライゼーション」小林淳一編『社会学における理論と概念のフォーマライゼーション』. 99-115."},{"sequence":"14","original_text":"厚東洋輔. 1987.「1860年代と古典古代像の転換」『年報人間科学』8:"},{"sequence":"15","original_text":"厚東洋輔. 1991.『社会認識と創造力』ハーベスト社."},{"sequence":"16","original_text":"Mitteis, Heinrich &amp; Heinz Lieberich. 1969. <I>Deutche Rechtsgeshichte</I>. M&uuml;nchen（世良晃志郎訳. 1971.『ドイツ法制史 改訂版』創文社）."},{"sequence":"17","original_text":"Maitland, Frederic Wiliam. 1936. <I>Trust and Corporation, Selected Essays</I>. 森泉章（監訳）1988.『信託と法人』日本評論社."},{"sequence":"18","original_text":"永田えり子. 1993.「社会的なジレンマと権利の設計」海野道郎（研究代表）『社会的ジレンマに関する数理社会学的研究』. 34-49."},{"sequence":"19","original_text":"Ragin, Charles C. 1987. <I>The Comparative Method</I>. University of California Press. 鹿又伸夫（監訳）1993.『社会科学における比較研究』ミネルヴァ書房."},{"sequence":"20","original_text":"Ragin, Charles C., Susan E. Mayer &amp; Kriss A. Drass. 1984. &ldquo;Assessing Discrimination: A Boolean Approach.&rdquo; <I>American Sociological Review</I> 49, pp.221-234."},{"sequence":"21","original_text":"Sen, Amartya K. 1982. <I>Choice, Welfare and Measurement</I>. Basil Blackwell. 大庭建・川本隆史（訳）1989.『合理的な愚か者』勁草書房."},{"sequence":"22","original_text":"志田基与師・永田えり子. 1991.「制度の社会契約論」森山和夫・海野道郎編『秩序問題と社会的ジレンマ』ハーベスト社. 61-101."},{"sequence":"23","original_text":"太郎丸博・田中重人. 1995.「多値変数を含むブール代数分析」（未発表稿）."},{"sequence":"24","original_text":"Weber, Max. 1992. <I>Wirtshaft und Gesellschaft</I>. J. C. B. Mohr (5. Aufl.). （世良晃志郎部分訳. 1974.『法社会学』創文社）."}]}}