{"status":"OK","apiType":"doi","apiVersion":"1.0.0","message":{"total":1,"rows":1,"totalPages":1,"page":1},"data":{"siteId":"SI/JST.JSTAGE","content_type":"JA","doi":"10.11218/ojjams.27.1","url":"https://doi.org/10.11218/ojjams.27.1","ra":"JaLC","prefix":"10.11218","site_name":"J-STAGE","publisher_list":[{"publisher_name":"Japanese Association For Mathematical Sociology","lang":"en"},{"publisher_name":"数理社会学会","lang":"ja"}],"title_list":[{"lang":"en","title":"The Possibility of Causal Inference in Social Sciences"},{"title":"社会科学における因果推論の可能性"}],"creator_list":[{"sequence":"1","type":"person","names":[{"lang":"en","last_name":"ISHIDA","first_name":"Hiroshi"},{"lang":"ja","last_name":"石田","first_name":"浩"}],"affiliation_list":[{"affiliation_name":"University of Tokyo","sequence":"1","lang":"en"},{"affiliation_name":"東京大学","sequence":"1","lang":"ja"}]}],"publication_date":{"publication_year":"2012"},"relation_list":[{"content":"https://www.jstage.jst.go.jp/article/ojjams/27/1/27_1/_pdf","type":"URL","relation":"fullTextPdf"}],"content_language":"ja","updated_date":"2014-12-09","article_type":"pub","journal_id_list":[{"journal_id":"0913-1442","type":"ISSN","issn_type":"print"},{"journal_id":"1881-6495","type":"ISSN","issn_type":"online"},{"journal_id":"ojjams","type":"JID"}],"journal_title_name_list":[{"journal_title_name":"Sociological Theory and Methods","type":"full","lang":"en"},{"journal_title_name":"Sociological Theory and Methods","type":"abbreviation","lang":"en"},{"journal_title_name":"理論と方法","type":"full","lang":"ja"},{"journal_title_name":"理論と方法","type":"abbreviation","lang":"ja"}],"journal_classification":"01","recorded_year":"1986-2013","volume":"27","issue":"1","first_page":"1","last_page":"18","date":"2013-03-18","keyword_list":[{"keyword":"因果推論","sequence":"1","lang":"ja"},{"keyword":"causal inference","sequence":"1","lang":"en"},{"keyword":"反実仮想の枠組み","sequence":"2","lang":"ja"},{"keyword":"counter-factual model","sequence":"2","lang":"en"},{"keyword":"因果効果の異質性","sequence":"3","lang":"ja"},{"keyword":"heterogeneous causal effects","sequence":"3","lang":"en"},{"keyword":"生成過程としての因果関係","sequence":"4","lang":"ja"},{"keyword":"generative mechanism","sequence":"4","lang":"en"}],"citation_list":[{"sequence":"1","original_text":"Angrist, Joshua D. and Jorn-Steffen Pischeke. 2009. <I>Mostly Harmless Econometrics: An Empiricist's Companion.</I> Princeton: Princeton University Press."},{"sequence":"2","original_text":"有田伸．2010．「変化の方向とパターンを区別したパネルデータ分析の可能性：従業上の地位の変化がもたらす所得変化を事例として」東京大学社会科学研究所 パネル調査プロジェクトディスカッションペーパーシリーズ35：1-24."},{"sequence":"3","original_text":"Blalock, Hubert M. 1964. <I>Causal Inferences in Nonexperimental Research.</I> Chapel Hill: University of North Carolina Press."},{"sequence":"4","original_text":"Blalock, Hubert M. (ed.). 1971. <I>Causal Models in the Social Sciences.</I> Chicago: Aldine Publishing Company"},{"sequence":"5","original_text":"Blau, Peter M. and Otis Dudley Duncan. 1967. <I>The American Occupational Structure.</I> New York: Wiley."},{"sequence":"6","original_text":"Brady, Henry E. and David Collier (eds.). 2004. <I>Rethinking Social Inquiry: Diverse Tools, Shared Standards.</I> Lanham: Rowman and Littlefield. =2008．泉川泰博・宮下明聡（訳）『社会科学の方法論争』勁草書房．"},{"sequence":"7","original_text":"Campbell, Donald T. and Julian C. Stanley. 1963. <I>Experimental and Quasi-Experimental Designs for Research.</I> Chicago: Rand McNally."},{"sequence":"8","original_text":"Cox, David R. 1958. <I>Planning of Experiments.</I> New York: Wiley."},{"sequence":"9","original_text":"Cox, David R. and Nancy Reid. 2000. <I>The Theory of the Design of Experiments.</I> Boca Raton: Chapman and Hall."},{"sequence":"10","original_text":"Duncan, Otis Dudley. 1961. &ldquo;A Socioeconomic Index for All Occupations.&rdquo; Pp.109-138 in <I>Occupations and Social Status,</I> edited by Albert J. Reiss, Jr. Glencoe, Ill.: Free Press."},{"sequence":"11","doi":"10.1086/224256","volume":"72","first_page":"1","publication_date":{"publication_year":"1966"},"original_text":"Duncan, Otis Dudley. 1966. &ldquo;Path Analysis: Sociological Examples.&rdquo; <I>American Journal of Sociology,</I> 72:1-16."},{"sequence":"12","original_text":"Duncan, Otis Dudley. 1975. <I>Introduction to Structural Equation Models.</I> New York: Academic Press."},{"sequence":"13","doi":"10.1086/226861","volume":"84","issue":"4","first_page":"793","publication_date":{"publication_year":"1979"},"original_text":"Duncan, Otis Dudley. 1979. &ldquo;How Destination Depends on Origin in the Occupational Mobility Table.&rdquo; <I>American Journal of Sociology,</I> 84:793-804."},{"sequence":"14","first_page":"181p","publication_date":{"publication_year":"1984"},"original_text":"Duncan, Otis Dudley. 1984. <I>Notes on Social Measurement: Historical and Critical.</I> New York: Russell Sage Foundation."},{"sequence":"15","original_text":"Duncan, Otis Dudley, David L. Featherman, and Beverly Duncan. 1972. <I>Socio-economic Background and Achievement.</I> New York: Seminar Press."},{"sequence":"16","original_text":"Duncan, Otis Dudley, Magnus Stenbeck, and Charles Brody. 1988. &ldquo;Discovering Heterogeneity: Continuous versus Discrete Latent Variables.&rdquo; <I>American Journal of Sociology,</I> 93:1305-1321."},{"sequence":"17","first_page":"335","publication_date":{"publication_year":"1992"},"original_text":"Erikson, Robert and John H. Goldthorpe. 1992. <I>The Constant Flux: A Study of Class Mobility in Industrial Societies.</I> Oxford: Clarendon Press."},{"sequence":"18","original_text":"Freedman, David A. 1983. &ldquo;A Note on Screening Regression Equations.&rdquo; <I>American Statistician,</I> 37:152-153."},{"sequence":"19","doi":"10.1080/00405846309541875","original_text":"Freedman, David A. 2009. <I>Statistical Models: Theory and Practice.</I> Revised ed. Cambridge: Cambridge University Press."},{"sequence":"20","original_text":"Gangl, Markus. 2010. &ldquo;Causal Inference in Sociological Research.&rdquo; <I>Annual Review of Sociology,</I> 36:21-47."},{"sequence":"21","original_text":"Goodman, Leo A. 2007. &ldquo;Otis Dudley Duncan, Quantitative Sociologist Par Excellence: Path Analysis, Loglinear Methods, and Rasch Models.&rdquo; <I>Research in Social Stratification and Mobility,</I> 25:129-139."},{"sequence":"22","original_text":"Goldthorpe, John H. 1982. &ldquo;On Service Class, Its Formation and Future.&rdquo;Pp.162-185 in <I>Social Class and the Division of Labour,</I>edited by Anthony Giddens and Gavin Mackenzie. Cambridge University Press."},{"sequence":"23","original_text":"Goldthorpe, John H (eds). 1984. <I>Order and Conflict in Contemporary Capitalism.</I> Oxford: Clarendon Press. =1987．稲上毅他（訳）『収斂の終焉　現代西欧社会のコーポラティズムとデュアリズム』有信堂．"},{"sequence":"24","original_text":"Goldthorpe, John H (with C. Llwellyn and C. Payne). 1987. <I>Social Mobility and Class Structure in Modern Britain.</I> Second Edition. Oxford: Clarendon Press."},{"sequence":"25","original_text":"Goldthorpe, John H. 1996. &ldquo;The Quantitative Analysis of Large-scale Data-sets and Rational Action Theory: For a Sociological Alliance.&rdquo; <I>European Sociological Review,</I> 12: 109-126."},{"sequence":"26","original_text":"Goldthorpe, John H. 1998. &ldquo;Rational Action Theory for Sociology.&rdquo; <I>British Journal of Sociology,</I> 49:167-192."},{"sequence":"27","original_text":"Goldthorpe, John H. 2000. <I>On Sociology: Numbers, Narratives, and the Integration of Research and Theory.</I> Oxford: Oxford University Press."},{"sequence":"28","original_text":"Goldthorpe, John H. 2001. &ldquo;Causation, Statistics, and Sociology.&rdquo; <I>European Sociological Review,</I> 17:1-20."},{"sequence":"29","original_text":"Goldthorpe, John H. and Keith Hope. 1974. <I>The Social Grading of Occupations.</I> Oxford: Clarendon Press."},{"sequence":"30","original_text":"Goldthorpe, John H. and Gordon Marshall. 1992. &ldquo;The Promising Future of Class Analysis: A Response to Recent Critiques.&rdquo; <I>Sociology,</I> 26:381-400."},{"sequence":"31","doi":"10.2307/1912352","title_list":[{"lang":"en","title":"Sample selection bias as a specification error"}],"volume":"47","first_page":"153","last_page":"161","publication_date":{"publication_year":"1979"},"original_text":"Heckman, James J. 1979. &ldquo;Selection Bias as a Specification Error.&rdquo; <I>Econometrica,</I> 47:153-161."},{"sequence":"32","original_text":"Heckman, James J. 1989. &ldquo;Causal Inference and Nonrandom Samples.&rdquo; <I>Journal of Educational Statistics,</I> 14:159-168."},{"sequence":"33","original_text":"Heckman, James J. 1992. &ldquo;Randomization and Social Policy Evaluation.&rdquo; Pp.201-230 in <I>Evaluating Welfare and Training Programs,</I> edited by Charles F. Manski and Irwin Garfinkel. Cambridge, MA: Harvard University Press."},{"sequence":"34","original_text":"Heckman, James J. 2000. &ldquo;Causal Parameters and Policy Analysis in Economics: A Twentieth Century Retrospective.&rdquo; <I>Quarterly Journal of Economics,</I> 115:45-97."},{"sequence":"35","original_text":"Heckman, James J. 2005. &ldquo;The Scientific Model of Causality.&rdquo; <I>Sociological Methodology,</I> 35:1-97."},{"sequence":"36","original_text":"Hedstrom, Peter. 2005. <I>Dissecting the Social: On the Principals of Analytical Sociology.</I> Cambridge: Cambridge University Press."},{"sequence":"37","original_text":"Hedstrom, Peter and Petri Ylikoski. 2010. &ldquo;Causal Mechanisms in the Social Sciences.&rdquo; <I>Annual Review of Sociology,</I> 36:49-67."},{"sequence":"38","original_text":"星野崇宏． 2009．『調査観察データの統計科学：因果推論・選択バイアス・データ融合』岩波書店．"},{"sequence":"39","doi":"10.2307/2289064","volume":"81","first_page":"945","publication_date":{"publication_year":"1986"},"original_text":"Holland, Paul W. 1986. &ldquo;Statistics and Causal Inference.&rdquo; <I>Journal of the American Statistical Association,</I> 81:945-970."},{"sequence":"40","original_text":"Hout, Michael. 2007. &ldquo;Otis Dudley Duncan&prime;s Major Contributions to the Study of Social Stratification.&rdquo; <I>Research in Social Stratification and Mobility,</I> 25:109-118."},{"sequence":"41","original_text":"Hout, Michael and Thomas A. DiPrete. 2006. &ldquo;What We Have Learned: RC28&prime;s Contributions to Knowledge about Social Stratification.&rdquo; <I>Research in Social Stratification and Mobility,</I> 24:1-20."},{"sequence":"42","original_text":"Imbens, Guido W. and Donald B. Rubin. 2006. <I>Causal Inference in Statistics and the Medical and Social Sciences.</I> Cambridge: Cambridge University Press."},{"sequence":"43","original_text":"Ishida, Hiroshi. 1993. <I>Social Mobility in Contemporary Japan.</I> London: Macmillan and Stanford: Stanford University Press."},{"sequence":"44","original_text":"石田浩．2011「リレー連載・現代の階層社会2　私の階層研究をふりかえる」『UP』470号:49-53."},{"sequence":"45","original_text":"石田浩．2012．「東大教師が新入生にすすめる本　石田浩」『UP』474号:4-5."},{"sequence":"46","doi":"10.1086/229614","volume":"96","first_page":"954","publication_date":{"publication_year":"1991"},"original_text":"Ishida, Hiroshi, John H. Goldthorpe, and Robert Erikson. 1991. &ldquo;Intergenerational Class Mobility in Postwar Japan.&rdquo; <I>American Journal of Sociology,</I> 96: 954-992."},{"sequence":"47","original_text":"Kendall, Patricia L. and Paul F. Lazarsfeld. 1950. &ldquo;Problems of Survey Analysis.&rdquo; Pp. 133-211 in <I>Continuities in Social Research,</I> edited by Robert K. Merton and Paul F. Lazarsfeld. Gllencoe, Ill.: The Free Press"},{"sequence":"48","original_text":"King, Garry, Robert O. Keohane, and Sidney Verba. 1994. <I>Designing Social Inquiry: Scientific Inference in Qualitative Research.</I> Princeton: Princeton University Press. =2004．真渕勝（監訳）『社会科学のリサーチ・デザイン』勁草書房．"},{"sequence":"49","original_text":"北村行伸．2005．『パネルデータ分析』岩波書店．"},{"sequence":"50","original_text":"Lazarsfeld, Paul F. (edited and with an introduction by Raymond Boudon). 1993. <I>On Social Research and Its Language.</I> Chicago: University of Chicago Press."},{"sequence":"51","original_text":"Little, Roderick J.A. and Donald B. Rubin. 2002. <I>Statistical Analysis with Missing Data.</I> Second edition. New York: Wiley."},{"sequence":"52","original_text":"Manski, Charles. F. 1995. <I>Identification Problems in the Social Sciences.</I> Cambridge, MA: Harvard University Press."},{"sequence":"53","original_text":"Manski, Charles F. and Irwin Garfinkel (eds.). 1992. <I>Evaluating Welfare and Training Programs.</I> Cambridge, MA: Harvard University Press."},{"sequence":"54","original_text":"Mare, Robert D. 2011. &ldquo;Introduction to Symposium on Unmeasured Heterogeneity in School Transition Models.&rdquo; <I>Research in Social Stratification and Mobility,</I> 29:239-245."},{"sequence":"55","original_text":"Merton, Robert K. and Paul F. Lazarsfeld (eds.). 1950. <I>Continuities in Social Research.</I> Gllencoe, Ill.: The Free Press."},{"sequence":"56","doi":"10.2307/2673139","title_list":[{"lang":"en","title":"Counterfactuals, Causal Effect Heterogeneity, and the Catholic School Effect on Learning"}],"volume":"74","first_page":"341","last_page":"374","publication_date":{"publication_year":"2001"},"original_text":"Morgan, Stephen L. 2001. &ldquo;Counterfactuals, Causal Effect Heterogeneity, and the Catholic School Effect on Learning.&rdquo; <I>Sociology of Education,</I> 74: 341-374."},{"sequence":"57","original_text":"Morgan, Stephen L. and David J. Harding. 2006. &ldquo;Matching Estimators of Causal Effects: Prospects and Pitfalls in Theory and Practice.&rdquo; <I>Sociological Methods and Research,</I> 35:3-60."},{"sequence":"58","original_text":"Morgan, Stephen L. and Christopher Winship. 2007. <I>Counterfactuals and Causal Inference: Methods and Principles for Social Research.</I> Cambridge: Cambridge University Press."},{"sequence":"59","original_text":"大塚久雄．1966．『社会科学の方法』岩波書店．"},{"sequence":"60","original_text":"Rosenbaum, Paul R. 2002. <I>Observational Studies. Second edition.</I> New York: Springer."},{"sequence":"61","doi":"10.1093/biomet/70.1.41","original_text":"Rosenbaum, Paul R. and Donald B. Rubin. 1983. &ldquo;The Central Role of the Propensity Score in Observational Studies for Causal Effects.&rdquo; <I>Biometrika,</I> 70:41-55."},{"sequence":"62","original_text":"Rosenbaum, Paul R. and Donald B. Rubin. 1984. &ldquo;Reducing Bias in Observational Studies Using Subclassification on the Propensity Score.&rdquo; <I>Journal of the American Statistical Association,</I> 79:516-524."},{"sequence":"63","original_text":"Rubin, Donald B. 1974. &ldquo;Estimating Causal Effects of Treatment in Randomized and Nonrandomized Studies.&rdquo; <I>Journal of Educational Psychology,</I> 66:688-701."},{"sequence":"64","original_text":"Rubin, Donald B. 1977. &ldquo;Assignment to Treatment Group on the Basis of a Covariate.&rdquo; <I>Journal of Educational Statistics,</I> 2:1-26."},{"sequence":"65","original_text":"Rubin, Donald B. 1978. &ldquo;Bayesian Inference for Causal Effects: The Role of Randomization.&rdquo; <I>Annals of Statistics,</I> 6:34-58."},{"sequence":"66","original_text":"Rubin, Donald B. 1986. &ldquo;Which Ifs Have Causal Answers (Comment on &lsquo;Statistics and Causal Inference&rsquo; by Paul W. Holland).&rdquo; <I>Journal of the American Statistical Association,</I> 81:961-962."},{"sequence":"67","original_text":"Rubin, Donald B. 1987. <I>Multiple Imputation for Nonresponse in Surveys.</I> New York: Wiley."},{"sequence":"68","original_text":"Rubin, Donald B. 1990. &ldquo;Formal Models of Statistical Inference for Causal Effects.&rdquo; <I>Journal of Statistical Planning and Inference,</I> 25:279-292."},{"sequence":"69","original_text":"Rubin, Donald B. 2005. &ldquo;Causal Inference Using Potential Outcomes: Design, Modeling, Decisions.&rdquo; <I>Journal of the American Statistical Association,</I> 100:322-331."},{"sequence":"70","original_text":"Rubin, Donald B. 2006. <I>Matched Sampling for Causal Effects.</I> Cambridge: Cambridge University Press."},{"sequence":"71","original_text":"Smith, Herbert L. 1990. &ldquo;Specification Problems in Experimental and Nonexperimental Social Research.&rdquo; <I>Sociological Methodology,</I> 20:59-91."},{"sequence":"72","original_text":"Sobel, Michael E. 1996. &ldquo;An Introduction to Causal Inference.&rdquo; <I>Sociological Methods and Research,</I> 24:353-379."},{"sequence":"73","original_text":"Sobel, Michael E. 2000. &ldquo;Causal Inference in the Social Sciences.&rdquo; <I>Journal of the American Statistical Association,</I> 95:647-651."},{"sequence":"74","original_text":"Stouffer, Samuel A. 1949. <I>The American Soldier.</I> Princeton: Princeton University Press."},{"sequence":"75","original_text":"Stouffer, Samuel A. 1950. &ldquo;Some Observations on Study Design.&rdquo; <I>American Journal of Sociology,</I> 55:355-361."},{"sequence":"76","original_text":"内田義彦．1971．『社会認識の歩み』岩波書店．"},{"sequence":"77","original_text":"Winsborough, Hal and Stanley Lieberson. 2007. &ldquo;Duncan&prime;s Early Years at Chicago: Human Ecology and the Beginnings of Stratification Studies.&rdquo; <I>Research in Social Stratification and Mobility,</I> 25:101-107."},{"sequence":"78","original_text":"Winship, Christophere and Stephen L. Morgan. 1999. &ldquo;The Estimation of Causal Effects from Observational Data.&rdquo; <I>Annual Review of Sociology,</I> 25:659-706."},{"sequence":"79","original_text":"Winship, Christophere and Michael E. Sobel. 2004. &ldquo;Causal Analysis in Sociological Studies.&rdquo; in <I>Handbook of Data Analysis,</I>edited by M.A. Hardy and A. Bryman. Thousand Oaks: Sage Publication."},{"sequence":"80","original_text":"Wooldridge, Jeffrey M. 2002. <I>Econometric Analysis of Cross Section and Panel Data.</I> Cambridge, MA: MIT Press."},{"sequence":"81","original_text":"Xie, Yu. 2000. &ldquo;Demography: Past, Present, and Future.&rdquo; <I>Journal of the American Statistical Association,</I> 95:670-673."},{"sequence":"82","original_text":"Xie, Yu. 2007. &ldquo;Otis Dudley Duncan&prime;s Legacy: The Demographic Approach to Quantitative Reasoning in Social Science.&rdquo; <I>Research in Social Stratification and Mobility,</I> 25:141-156."},{"sequence":"83","original_text":"Xie, Yu. 2011. &ldquo;Population Heterogeneity and Causal Inference.&rdquo; Paper presented at the workshop on Understanding and Influencing the Causality of Change in Complex Socio-technical systems in Gold Coast, Australia (February 1-18, 2011)."}]}}