{"status":"OK","apiType":"doi","apiVersion":"1.0.0","message":{"total":1,"rows":1,"totalPages":1,"page":1},"data":{"siteId":"SI/JST.JSTAGE","content_type":"JA","doi":"10.11218/ojjams.29.237","url":"https://doi.org/10.11218/ojjams.29.237","ra":"JaLC","prefix":"10.11218","site_name":"J-STAGE","publisher_list":[{"publisher_name":"Japanese Association For Mathematical Sociology","lang":"en"},{"publisher_name":"数理社会学会","lang":"ja"}],"title_list":[{"lang":"ja","title":"特集　コモンズ問題の現代的展開","subtitle":"―数理社会学的アプローチ―"},{"lang":"en","title":"Special Section"}],"creator_list":[{"sequence":"1","type":"person","names":[{"lang":"ja","last_name":"金澤","first_name":"悠介"},{"lang":"en","last_name":"KANAZAWA","first_name":"Yusuke"}],"affiliation_list":[{"affiliation_name":"Editor of Special Section","sequence":"1","lang":"en"},{"affiliation_name":"特集編集担当","sequence":"1","lang":"ja"}]},{"sequence":"2","type":"person","names":[{"lang":"ja","last_name":"中井","first_name":"豊"},{"lang":"en","last_name":"NAKAI","first_name":"Yutaka"}],"affiliation_list":[{"affiliation_name":"Editor of Special Section","sequence":"1","lang":"en"},{"affiliation_name":"特集編集担当","sequence":"1","lang":"ja"}]}],"publication_date":{"publication_year":"2014"},"relation_list":[{"content":"https://www.jstage.jst.go.jp/article/ojjams/29/2/29_237/_pdf","type":"URL","relation":"fullTextPdf"}],"content_language":"ja","updated_date":"2016-07-09","article_type":"pub","journal_id_list":[{"journal_id":"0913-1442","type":"ISSN","issn_type":"print"},{"journal_id":"1881-6495","type":"ISSN","issn_type":"online"},{"journal_id":"ojjams","type":"JID"}],"journal_title_name_list":[{"journal_title_name":"Sociological Theory and Methods","type":"full","lang":"en"},{"journal_title_name":"Sociological Theory and Methods","type":"abbreviation","lang":"en"},{"journal_title_name":"理論と方法","type":"full","lang":"ja"},{"journal_title_name":"理論と方法","type":"abbreviation","lang":"ja"}],"journal_classification":"01","recorded_year":"1986-2013","volume":"29","issue":"2","first_page":"237","last_page":"239","date":"2016-07-10","citation_list":[{"sequence":"1","original_text":"Hardin, G. 1968. &ldquo;The Tragedy of Commons.&rdquo; <I>Science</I> 162: 1243-48."},{"sequence":"2","original_text":"Ostrom, E. 1990. <I>Governing the Commons: The Evolution of Institutions for Collective Action</I>. New York: Cambridge University Press."}]}}