{"status":"OK","apiType":"doi","apiVersion":"1.0.0","message":{"total":1,"rows":1,"totalPages":1,"page":1},"data":{"siteId":"SI/JST.JSTAGE","content_type":"JA","doi":"10.11218/ojjams.16.31","url":"https://doi.org/10.11218/ojjams.16.31","ra":"JaLC","prefix":"10.11218","site_name":"J-STAGE","publisher_list":[{"publisher_name":"Japanese Association For Mathematical Sociology","lang":"en"},{"publisher_name":"数理社会学会","lang":"ja"}],"title_list":[{"lang":"ja","title":"方法論のジャングルを越えて","subtitle":"―構築主義的な質的探求の可能性―"},{"lang":"en","title":"Out of the Methodological Jungle :","subtitle":"The Range of the Ethnomethodologically-Oriented Constructionist Approach in Qualitative Inquiry"}],"creator_list":[{"sequence":"1","type":"person","names":[{"lang":"ja","last_name":"中河","first_name":"伸俊"},{"lang":"en","last_name":"NAKAGAWA","first_name":"Nobutoshi"}],"affiliation_list":[{"affiliation_name":"Toyama University","sequence":"1","lang":"en"},{"affiliation_name":"富山大学","sequence":"1","lang":"ja"}]}],"publication_date":{"publication_year":"2001"},"relation_list":[{"content":"https://www.jstage.jst.go.jp/article/ojjams/16/1/16_31/_pdf","type":"URL","relation":"fullTextPdf"}],"content_language":"ja","updated_date":"2016-09-29","article_type":"pub","journal_id_list":[{"journal_id":"0913-1442","type":"ISSN","issn_type":"print"},{"journal_id":"1881-6495","type":"ISSN","issn_type":"online"},{"journal_id":"ojjams","type":"JID"}],"journal_title_name_list":[{"journal_title_name":"Sociological Theory and Methods","type":"full","lang":"en"},{"journal_title_name":"Sociological Theory and Methods","type":"abbreviation","lang":"en"},{"journal_title_name":"理論と方法","type":"full","lang":"ja"},{"journal_title_name":"理論と方法","type":"abbreviation","lang":"ja"}],"journal_classification":"01","recorded_year":"1986-2013","volume":"16","issue":"1","first_page":"31","last_page":"46","date":"2016-09-30","keyword_list":[{"keyword":"qualitative methodology","sequence":"1","lang":"en"},{"keyword":"質的探究の方法論","sequence":"1","lang":"ja"},{"keyword":"constructionism","sequence":"2","lang":"en"},{"keyword":"構築主義","sequence":"2","lang":"ja"},{"keyword":"ethnomethodology","sequence":"3","lang":"en"},{"keyword":"エスノメソドロジ","sequence":"3","lang":"ja"},{"keyword":"causal analysis,","sequence":"4","lang":"en"},{"keyword":"原因論","sequence":"4","lang":"ja"},{"keyword":"categories of everyday language","sequence":"5","lang":"en"},{"keyword":"日常言語のカテゴリー","sequence":"5","lang":"ja"}],"citation_list":[{"sequence":"1","original_text":"赤川学. 1999.『セクシュアリティの歴史社会学』頸草書房."},{"sequence":"2","original_text":"Anderson, Elijah. 1976. <I>Place on the Corner</I>. Chicago: University of Chicago Press."},{"sequence":"3","original_text":"Atkinson, J. Maxwell. 1978. <I>Discovering Suicide: Studies in the Social Organization of Sudden Death</I>. Pittsburgh, PA: University of Pittsburgh Press."},{"sequence":"4","original_text":"Baudrillard, Jean . 1991. <I>La Guerre du Golfe n'a pas eu lieu</I>. Paris: Galil&eacute;e. =1991. 塚原史（訳）『湾岸戦争は起こらなかった』紀伊国屋書店."},{"sequence":"5","original_text":"Burr, Vivian. 1995. <I>An Introduction to Social Constructionism</I>. London: Routledge. =1997. 田中一彦（訳）『社会構築主義への招待』川島書店."},{"sequence":"6","original_text":"Clifford, James, and George E. Marcus, eds. <I>Writing Culture: The Poetics and Politics of Ethnography</I>. Berkley, CA: University of California Press. 1986. =1996. 春日直樹他（訳）『文化を書く』紀伊国屋書店."},{"sequence":"7","original_text":"Denzin, Norman K. 1991. <I>Images of Postmodern Society</I>. London: Sage."},{"sequence":"8","original_text":"Denzin, Norman K., and Yvonna S. Lincoln. 2000. &ldquo;Introduction: The Discipline and Practice of Qualitative Research.&rdquo; Pp. 1-28 in <I>Handbook of Qualitative Research (2<SUP>nd</SUP>.ed.)</I>, edited by Norman K. Denzin and Yvonna S.Lincoln. Thousand Oaks, CA: Sage."},{"sequence":"9","original_text":"Douglas, Jack D. 1977. &ldquo;Existential Sociology.&rdquo; Pp. 3-73 in <I>Existential Sociology</I>, edited by Jack D. Douglas and John M.Johnson. NY: Cambridge University Press."},{"sequence":"10","original_text":"Ellis, Caloryn. and Arther P. Bochner. 1992. &ldquo;Telling and Performing Personal Stories.&rdquo; Pp. 79-101 in <I>Investigating Subjectivity</I>, edited by Carolyn Ellis and Michael G. Flaherty. Newbury Park, CA: Sage."},{"sequence":"11","original_text":"Glaser, Barney G., and Anselm L. Strauss. 1967. <I>Discovery of Grounded Theory: Strategies for Qualitative Research</I>. Chicago: Aldine. =1996. 後藤隆・大出春江・水野節夫（訳）『データ対話型理論の発見』新曜社."},{"sequence":"12","original_text":"Goffman, Erving. 1959. <I>The Presentation of Self in Everyday Life</I>. NY: Doubleday. =1974. 石黒毅（訳）『行為と演技』誠信書房."},{"sequence":"13","original_text":"Gubrium, Jaber F., and James A. Holstein. 1990. <I>What Is FAMILY?</I>. Mountain View, CA: Mayfield. =1997. 中河伸俊・湯川純幸・鮎川潤（訳）『家族とは何か』新曜社."},{"sequence":"14","original_text":"Gubrium, Jaber F., and James A. Holstein. 1997. <I>The New Language of Qualitative Method</I>. New York: Oxford University Press."},{"sequence":"15","original_text":"Holstein, James A., and William G. Staples. 1992. &ldquo;Producing Evaluative Knowledge: The Interactional Bases of Social Science Findings.&rdquo; <I>Sociological Inquiry</I> 62: 11-35."},{"sequence":"16","original_text":"Johnson, John M. 1975. <I>Doing Field Research</I>. NY: Free Press."},{"sequence":"17","original_text":"北澤毅・古賀正義（編著）. 1997.『<社会>を読み解く技法』福村出版."},{"sequence":"18","original_text":"Liebow, Elliot. 1967. <I>Tally's Corner</I>. Boston: Little, Brown."},{"sequence":"19","original_text":"Lofland, John, and Lynn H. Lofland. 1995. <I>Analyzing Social Settings: A Guide to Qualitative Observation and Analysis (3<SUP>rd</SUP> ed.)</I>. Belmont, CA: Wadsworth. =1997. 進藤雄三・宝月誠（訳）『社会的状況の分析――質的観察と分析の方法』恒星社厚生閣."},{"sequence":"20","original_text":"Marcus, George E., and Michael M. J. Fisher. 1986. <I>Anthropology as Cultural Critique</I>. Chicago: The University of Chicago Press. =1989. 永渕康之（訳）『文化批判としての人類学』紀伊国屋書店."},{"sequence":"21","original_text":"松田素二. 1999.「フィールドワークに未来はあるか?」『ソシオロジ』136: 115-7."},{"sequence":"22","original_text":"中河伸俊. 1986.『社会問題の社会学――構築主義アプローチの新展開』世界思想社."},{"sequence":"23","original_text":"中河伸俊・北澤毅・土井隆義（編）. forthcoming.『社会構築主義のスペクトラム』ナカニシヤ出版."},{"sequence":"24","original_text":"岡田光弘. forthcoming.「構築主義とエスノメソドロジー研究のロジック」中河伸俊・北澤毅・土井隆義（編）『社会構築主義のスペクトラム』ナカニシヤ出版."},{"sequence":"25","original_text":"太田好信. 1998.『トランスポジションの思想』世界思想社."},{"sequence":"26","original_text":"佐藤郁哉. 1992.『フィールドワーク』新曜社."},{"sequence":"27","original_text":"Spector, Malcolm, and John I.Kitsuse. 1977. <I>Constructing Social Problems</I>. Menlo Park, CA: Cummings. =1990. 村上直之（訳）『社会問題の構築』マルジュ社."},{"sequence":"28","original_text":"平英美・中河伸俊（編）. 2000.『構築主義の社会学』世界思想社."},{"sequence":"29","original_text":"Van Maanen. John. 1988. <I>Tales from the Field: On Writing Ethnography</I>. Chicago: The University of Chicago Press. =1999. 森川渉（訳）『フィールドワークの物語』現代書館."},{"sequence":"30","original_text":"Wieder, D. Lawrence. 1988. <I>Language and Social Reality: The Case of Telling the Convict Code</I>. Lanham, MD: University Press of America .[Originally published in 1974 by Mouton in Hague, The Netherlands.] =1987. 山田富秋他（訳）「受刑者コード―逸脱行動を説明するもの」[部分訳]山田富秋他（編）『エスノメソドロジー』せりか書房: 155-213."},{"sequence":"31","original_text":"Winch, Peter. 1959. <I>The Idea of Social Science and Its Relation to Philosophy</I>. London: Routledge &amp; Kegan Paul. =1977. 森川真規雄（訳）『社会科学の理念』新曜社."},{"sequence":"32","original_text":"Whyte, William F. 1943. <I>Street Corner Society</I>. Chicago: The University of Chicago Press. =1974. 寺谷弘壬（訳）『ストリート・コーナー・ソサイエティ』垣内出版."},{"sequence":"33","original_text":"Woolgar, Steve, and Dorothy Pawluch. 1985. &ldquo;Ontological Gerrymandering: The Anatomy of Social Problems Explanations.&rdquo; <I>Social Problems</I> 32: 214-27. =2000. 平英美（訳）「オントロジカル・ゲリマンダリング―社会問題をめぐる説明の解剖学」平英美・中河伸俊（編）『構築主義の社会学』世界思想社: 18-45."},{"sequence":"34","original_text":"山田昌弘. 2000.「『問題家族』の臨床社会学」大村英昭・野口裕二（編）『臨床社会学のすすめ』有斐閣: 123-48."},{"sequence":"35","original_text":"好井裕明・桜井厚（編）. 2000.『フィールドワークの経験』せりか書房."}]}}