{"status":"OK","apiType":"doi","apiVersion":"1.0.0","message":{"total":1,"rows":1,"totalPages":1,"page":1},"data":{"siteId":"SI/JST.JSTAGE","content_type":"JA","doi":"10.11218/ojjams.12.181","url":"https://doi.org/10.11218/ojjams.12.181","ra":"JaLC","prefix":"10.11218","site_name":"J-STAGE","publisher_list":[{"publisher_name":"Japanese Association For Mathematical Sociology","lang":"en"},{"publisher_name":"数理社会学会","lang":"ja"}],"title_list":[{"lang":"ja","title":"社会進化のロジック","subtitle":"─自然選択と主体選択─"},{"lang":"en","title":"The logic of Social Evolution :","subtitle":"Natural Selection and Subjective Selection"}],"creator_list":[{"sequence":"1","type":"person","names":[{"lang":"ja","last_name":"土場","first_name":"学"},{"lang":"en","last_name":"DOBA","first_name":"Gaku"}],"affiliation_list":[{"affiliation_name":"Graduate School of Decision Science and Thechnology<BR>Tokyo lnstitute of Technology","sequence":"1","lang":"en"},{"affiliation_name":"東京工業大学","sequence":"1","lang":"ja"}]}],"publication_date":{"publication_year":"1998"},"relation_list":[{"content":"https://www.jstage.jst.go.jp/article/ojjams/12/2/12_181/_pdf","type":"URL","relation":"fullTextPdf"}],"content_language":"ja","updated_date":"2016-08-25","article_type":"pub","journal_id_list":[{"journal_id":"0913-1442","type":"ISSN","issn_type":"print"},{"journal_id":"1881-6495","type":"ISSN","issn_type":"online"},{"journal_id":"ojjams","type":"JID"}],"journal_title_name_list":[{"journal_title_name":"Sociological Theory and Methods","type":"full","lang":"en"},{"journal_title_name":"Sociological Theory and Methods","type":"abbreviation","lang":"en"},{"journal_title_name":"理論と方法","type":"full","lang":"ja"},{"journal_title_name":"理論と方法","type":"abbreviation","lang":"ja"}],"journal_classification":"01","recorded_year":"1986-2013","volume":"12","issue":"2","first_page":"181","last_page":"194","date":"2016-08-26","keyword_list":[{"keyword":"social evolution","sequence":"1","lang":"en"},{"keyword":"社会進化","sequence":"1","lang":"ja"},{"keyword":"natural selection","sequence":"2","lang":"en"},{"keyword":"自然選択","sequence":"2","lang":"ja"},{"keyword":"subjective selection","sequence":"3","lang":"en"},{"keyword":"主体選択","sequence":"3","lang":"ja"}],"citation_list":[{"sequence":"1","original_text":"Bowler, P, J. 1989. <I>The Invention of Progress: The Victorians and the Past</I>. Oxford: Basil Blackwell. 1995. 岡崎修(訳),『進歩の発明─ヴィクトリア時代の歴史意識』. 平凡社."},{"sequence":"2","original_text":"Boyd, R. &amp; P. J. Richerson. 1985. <I>Culture and the Evolutionary Process</I>. Chicago: University of Chicago Press."},{"sequence":"3","original_text":"Cavalli-Sforza, L. L &amp; M. W. Feldman. 1981. <I>Cultural Transmission and Evolution</I>. Princeton: Princeton university Press."},{"sequence":"4","original_text":"Giddens, A. 1990. <I>The Consequences of Modernity</I>. Cambridge: Polity Press. 1993. 松尾精文・小幡正敏(訳).『近代とはいかなる時代か？──モダニティの帰結』. 而立書房."},{"sequence":"5","original_text":"Haines, V, A. 1988. &ldquo;Is Spencer's Theory an Evolutionary Theory.&rdquo; <I>American Journal of Sociology</I> 93 (5): 1200-1223 公文俊平. 1994.『情報文明論』. NTT出版."},{"sequence":"6","original_text":"Langton, J. 1979, &ldquo;Darwinism and the Behavioral Theory of Sociocultural Evolution: An Analysis.&rdquo; <I>American Journal of Sociology</I> 85: 288-309"},{"sequence":"7","original_text":"Lumsden, C. J. &amp; E. O. Wilson. 1981. <I>Genes, Mind, and Culture: The Coevolution Process</I>. Cambridge: Harvard University Press."},{"sequence":"8","original_text":"Lumsden, C. J. &amp; E. O. Wilson. 1983. <I>Promethean Fire: Reflections on the Origin of Mind</I>. Cambridge: Harvard University Press. 1985. 松本亮三（訳）.『精神の起源について』. 思索社."},{"sequence":"9","original_text":"太田邦昌. 1989.「社会性進化の素通性：その階層論的枠組み」. 日本動物学会（編）.『現代動物学の課題７進化学』. 学会出版センター."},{"sequence":"10","original_text":"Parsons, T. 1977. <I>Social Systems and the Evolution of Action Theory</I>. New York: Free Press."},{"sequence":"11","original_text":"盛山和夫. 1995.『制度論の構図』. 創文社."},{"sequence":"12","original_text":"Service, E. R. 1971. <I>Cultural Evolutionism: Theory in Practice</I>. New York: Holt, Rinehart &amp; Winston. 1977. 松園万亀雄（他訳）.『文化進化論一理論と応用』. 社会思想社."},{"sequence":"13","original_text":"杉山あかし. 1989.「ダーウィニズムと社会進化論」.『理論と方法』4(2): 77-92."},{"sequence":"14","original_text":"富永健一. 1986.『社会学原理』. 岩波書店."},{"sequence":"15","original_text":"友枝敏雄. 1981.「社会進化論］. 安田三郎（他編）.『基礎社会学第V巻　社会変動』. 東洋経済新報社."},{"sequence":"16","original_text":"吉田民人. 1990.『情報と自己組織性の理論』. 東京大学出版会."}]}}