{"status":"OK","apiType":"doi","apiVersion":"1.0.0","message":{"total":1,"rows":1,"totalPages":1,"page":1},"data":{"siteId":"SI/JST.JSTAGE","content_type":"JA","doi":"10.11218/ojjams.15.287","url":"https://doi.org/10.11218/ojjams.15.287","ra":"JaLC","prefix":"10.11218","site_name":"J-STAGE","publisher_list":[{"publisher_name":"Japanese Association For Mathematical Sociology","lang":"en"},{"publisher_name":"数理社会学会","lang":"ja"}],"title_list":[{"lang":"ja","title":"社会学における合理的選択理論の伝統とその可能性"},{"lang":"en","title":"The Tradition and Possibility of Rational Choice Theory in Sociology"}],"creator_list":[{"sequence":"1","type":"person","names":[{"lang":"ja","last_name":"太郎丸","first_name":"博"},{"lang":"en","last_name":"TAROHMARU","first_name":"Hiroshi"}],"affiliation_list":[{"affiliation_name":"Department of Human Relations<BR>Kyoto KOKA Women’s University","sequence":"1","lang":"en"},{"affiliation_name":"光華女子大学","sequence":"1","lang":"ja"}]}],"publication_date":{"publication_year":"2000"},"relation_list":[{"content":"https://www.jstage.jst.go.jp/article/ojjams/15/2/15_287/_pdf","type":"URL","relation":"fullTextPdf"}],"content_language":"ja","updated_date":"2016-09-29","article_type":"pub","journal_id_list":[{"journal_id":"0913-1442","type":"ISSN","issn_type":"print"},{"journal_id":"1881-6495","type":"ISSN","issn_type":"online"},{"journal_id":"ojjams","type":"JID"}],"journal_title_name_list":[{"journal_title_name":"Sociological Theory and Methods","type":"full","lang":"en"},{"journal_title_name":"Sociological Theory and Methods","type":"abbreviation","lang":"en"},{"journal_title_name":"理論と方法","type":"full","lang":"ja"},{"journal_title_name":"理論と方法","type":"abbreviation","lang":"ja"}],"journal_classification":"01","recorded_year":"1986-2013","volume":"15","issue":"2","first_page":"287","last_page":"298","date":"2016-09-30","keyword_list":[{"keyword":"micro-macro link","sequence":"1","lang":"en"},{"keyword":"マイクロ－マクロ・リンク","sequence":"1","lang":"ja"},{"keyword":"voluntaristic theory of action","sequence":"2","lang":"en"},{"keyword":"主意主義的行為論","sequence":"2","lang":"ja"},{"keyword":"multiple rationality","sequence":"3","lang":"en"},{"keyword":"多元的合理性","sequence":"3","lang":"ja"},{"keyword":"history of sociology","sequence":"4","lang":"en"},{"keyword":"社会学説史","sequence":"4","lang":"ja"}],"citation_list":[{"sequence":"1","original_text":"Berger, P. L. 1963. <I>Invitation to Sociology: A Humanistic Perspective</I>. Doubleday. =1989 水野節夫・村山研一（訳）『社会学への招待』思索社."},{"sequence":"2","original_text":"Blumer, H. 1969. Symbolic Interactionism; perspective and method. Englewood Cliffs, Prentice-Hall. =1991 後藤将之（訳）『シンボリック相互作用論』勁草書房."},{"sequence":"3","original_text":"Boudon, R. 1996. &ldquo;The Cognitivist Model: a generalized &lsquo;rational-choice model&rsquo;.&rdquo; <I>Rationality and Society</I> 8(2):123-150."},{"sequence":"4","original_text":"Brinton, M. 1990. &ldquo;Intrafamilial Markets for Education in Japan.&rdquo; Pp. 307-330 in <I>Social Institutions; their emergence, maintenance and effects</I>. Edited by M. Hechter K.-D. Opp &amp; R. Wippler . Walter de Gruyster."},{"sequence":"5","original_text":"Coleman, J. S. 1986. &ldquo;Social Theory, Social Research, and a Theory of Action.&rdquo; <I>American Journal of Sociology</I> 91(6):1309-35."},{"sequence":"6","original_text":"Coleman, J. S. 1990. <I>Foundations of Social Theory</I>. The Belknap Press of Harvard University Press."},{"sequence":"7","original_text":"Coleman, J. S. and T. J. Fararo (Eds). 1992. <I>Rational Choice Theory: Advocacy and Critique</I>. Sage Publications."},{"sequence":"8","original_text":"Collins, R. 1994. <I>Four Sociological Traditions</I>. Oxford University Press. =1997. 友枝敏雄 訳者代表（訳）『ランドル・コリンズが語る社会学の歴史』有斐閣."},{"sequence":"9","original_text":"Dahrendorf, R. 1959. <I>Homo Sociologicus</I>. =1973. 橋本和幸（訳）『ホモ・ソシオロジクス』ミネルヴァ書房."},{"sequence":"10","original_text":"土場学. 1992.「合理的選択と共感的創造力」『理論と方法』7(2): 25-43."},{"sequence":"11","original_text":"土場学. 2000a.「新たなる社会学の構想―ポスト・グランドセオリー時代における理論と方法―」『理論と方法』15(1):1-2."},{"sequence":"12","original_text":"土場学. 2000b.「&lsaquo;社会&rsaquo;への新たな知」『理論と方法』15(1): 17-20."},{"sequence":"13","original_text":"Elster, J. 1982. &ldquo;Marxism, Functionalism, and Game Theory; The Case for Methodological Individualism.&rdquo; <I>Theory and Society</I> 11:453-482."},{"sequence":"14","original_text":"Elster, J. 1989. <I>The Nuts and Bolts for the Social Sciences</I>. Cambridge University Press. =1997. 海野道郎（訳）『社会科学の道具箱 ―合理的選択理論入門―』ハーベスト社."},{"sequence":"15","original_text":"Giddens, A. 1997. <I>Sociology</I>. Polity Press. =1998. 松尾精文ほか（訳）『社会学 改訂第三版』而立書房."},{"sequence":"16","original_text":"Gouldner, A. W. 1970. <I>The Coming Crisis of Western Sociology</I>. Basic Books.=1977.岡田直之・田中義久・矢沢修次郎・矢沢澄子・瀬田明子・杉山光信・山口節郎・栗原彬（訳）『社会学の再生を求めて』新曜社."},{"sequence":"17","original_text":"Habermas, J. 1981. <I>Theorie des Komunikativen Handelns</I>. Suhrkamp =1985-7. 河上倫逸・Ｍ・フーブリヒト・平井俊彦・岩倉正博・藤沢賢一郎・徳永恂・平野嘉彦・山口節郎・丸山高司・丸山徳次・厚東洋輔・森田数実・馬場孚瑳江・脇圭平（訳）『コミュニケイション的行為の理論(上)(中)(下)』未来社."},{"sequence":"18","original_text":"Hargreaves Heap, S. P. and Y. Varoufakis. 1995. <I>Game Theory; A Critical Introduction</I>. Routledge. =1998. 荻沼隆（訳）『ゲーム理論［批判的入門］』多賀出版."},{"sequence":"19","original_text":"長谷川計二. 2000a.「リスク社会における合理的選択」木村邦博（編）『合理的選択理論の社会学的再構成 課題番号(09410039) 平成9～11 年度科学研究費補助金 基盤研究(B)(1)研究成果報告書』東北大学文学部行動科学研究室. 353-355."},{"sequence":"20","original_text":"長谷川計二. 2000b.「合理的選択と集合的帰結」碓井崧・丸山哲央・大野道邦・橋本和幸（編）社会学の理論』有斐閣. 28-43."},{"sequence":"21","original_text":"橋爪大三郎. 1985.『言語ゲームと社会理論 ヴィトゲンシュタイン、ハート、ルーマン』勁草書房."},{"sequence":"22","original_text":"Hechter, M. 1993. &ldquo;Values Research in the Social and Behavioral Sciences.&rdquo; Pp. 1-28 in <I>The Origin of Values</I>. Edited by M. Hechter, L. Nadel and R. E. Michod .New York: Aldine De Gruyter."},{"sequence":"23","original_text":"Hechter, M. and S. Kanazawa. 1997. &ldquo;Sociological Rational Choice Theory.&rdquo; <I>Annual Review of Sociology</I> 23: 191-214."},{"sequence":"24","original_text":"Homans, G. C. 1951. <I>The Human Group</I>. Harcourt, Brace. =1959. 馬場明男・早川浩一（訳）『ヒューマン・グループ』誠信書房."},{"sequence":"25","original_text":"井上俊・大村英昭. 1988.『社会学入門』日本放送出版協会."},{"sequence":"26","original_text":"木村邦博. 1997a.「数理でつなぐマイクロとマクロ」 岩本健良（編）『社会構造と社会過程のフォーマライゼーション 課題番号(06301027) 平成6～8 年度科学研究費補助金〔基盤研究(A)(1)〕研究成果報告書』金沢大学文学部人間学科社会学研究室. 23-36."},{"sequence":"27","original_text":"木村邦博. 1997b.「性差別、不平等と未婚率」岩本健良（編）『社会構造と社会過程のフォーマライゼーション 課題番号(06301027) 平成6～8 年度科学研究費補助金〔基盤研究(A)(1)〕研究成果報告書』金沢大学文学部人間学科社会学研究室. 51-58."},{"sequence":"28","original_text":"木村邦博. 2000.「社会学における合理的選択理論の意義」木村邦博（編）『合理的選択理論の社会学的再構成 課題番号(09410039) 平成9～11 年度科学研究費補助金 基盤研究(B)(1)研究成果報告書』東北大学文学部行動科学研究室. 1-15."},{"sequence":"29","original_text":"小林淳一・木村邦博. 1991.『考える社会学』ミネルヴァ書房."},{"sequence":"30","original_text":"近藤博文. 2000.「連立政権の数理解析」木村邦博（編）『合理的選択理論の社会学的再構成 課題番号(09410039) 平成9～11 年度科学研究費補助金 基盤研究(B)(1)研究成果報告書』東北大学文学部行動科学研究室. 115-126."},{"sequence":"31","original_text":"厚東洋輔. 1977.「主意主義的行為理論」. 安田三郎・塩原勉・富永健一・吉田民人（編）『基礎社会学 第I巻 社会的行為』東洋経済新報社. 70-91."},{"sequence":"32","original_text":"厚東洋輔. 2000.「「社会」概念のアイデンティティとキャパシティ」『ソシオロジ』45(1): 45-49."},{"sequence":"33","original_text":"Lave, C. A. and J. G. March. 1975. <I>An Introduction to Models in the Social Sciences</I>. Harper &amp; Row. =1991. 佐藤嘉倫・大澤定順・都築一治（訳）『社会科学のためのモデル入門』ハーベスト社."},{"sequence":"34","original_text":"Lindenberg, S. 1992. &ldquo;The Method of Decreasing Abstraction: Advocacy within a methodology of theory development.&rdquo; Pp. 3-20 in <I>Rational Choice Theory: Advocacy and Critique</I>. Edited by J. S. Coleman and T. J. Fararo . Sage Publications."},{"sequence":"35","original_text":"Marini, M. M. 1992. &ldquo;The Role of Models of Purposive Action in Sociology.&rdquo; Pp. 21-48 in <I>Rational Choice Theory: Advocacy and Critique</I>. Edited by J. S. Coleman and T. J. Fararo. Sage Publications."},{"sequence":"36","original_text":"Marshall, G. 1998. <I>A Dictionary of Sociology</I>. Oxford University Press."},{"sequence":"37","original_text":"Merton, R. K. (1949) 1957. <I>Social Theory and Social Structure</I>. Free Press. =1961. 森東吾・森好夫・金沢実・中島竜太郎（訳）『社会理論と社会構造』みすず書房."},{"sequence":"38","original_text":"Mills, C. W. 1959. <I>The Sociological Imagination</I>. Oxford University Press. =1965. 鈴木広（訳）『社会学的想像力』紀伊国屋書店."},{"sequence":"39","original_text":"Morgenthau, H. J. [1948]1978. <I>Politics among Nations: The Struggle for Power and Peace</I>. Alfred A. Knopf. =1998. 現代平和研究会(代表原彬久)（訳）『国際政治 権力と平和』福村出版."},{"sequence":"40","original_text":"永田えり子. 1993.「社会的なジレンマと権利の設計」 海野道郎（研究代表）（編）『社会的ジレンマに関する数理社会学的研究』平成３～４年度科学研究費補助金（総合Ａ）研究成果報告書. 34-49."},{"sequence":"41","original_text":"永田えり子. 2000.「数理とフェミニズムの不幸な関係雑感」 木村邦博（編）『合理的選択理論の社会学的再構成 課題番号(09410039) 平成9～11 年度科学研究費補助金 基盤研究(B)(1)研究成果報告書』東北大学文学部行動科学研究室. 357-358."},{"sequence":"42","original_text":"Neumann, J. and O. Morgenstern. 1944. <I>Game Theory and Economic Behavior</I>. Princeton University Press. =1972-3. 銀林浩他監訳（訳）『ゲーム理論と経済行動（全５巻）』東京図書株式会社."},{"sequence":"43","original_text":"Olson, M. 1965. <I>The Logic of Collective Action</I>. Harvard University Press.= 1983. 依田博・森脇俊雅（訳）『集合行為論』ミネルヴァ書房."},{"sequence":"44","original_text":"Parsons, T. 1937. <I>Structure of Social Action</I>. Free Press. =1974-89. 稲上毅・厚東洋輔・溝部明男（訳）『社会的行為の構造 (1)-(5)』木鐸社."},{"sequence":"45","original_text":"Parsons, T. 1951. Social System. New York, Free Press. =1974. 佐藤勉（訳）『社会体系論』青木書店."},{"sequence":"46","original_text":"Roemer, J. E. 1982. &ldquo;New Directions in the Marxian Theory of Exploitation and Class.&rdquo; Politics and Society 11(3): 253-287."},{"sequence":"47","original_text":"Samuelson, P. A. and W. D. Nordhaus. 1989. <I>Economics</I>. McGrow-Hill. =1992-3. 都留重人（訳）『サムエルソン経済学(上)(下)』岩波書店."},{"sequence":"48","original_text":"佐藤嘉倫. 1998.『意図的社会変動の理論 合理的選択理論による分析』東京大学出版会."},{"sequence":"49","original_text":"佐藤嘉倫. 1999.「合理的選択理論批判の論理構造とその問題点」『社会学評論』49(2):18-35."},{"sequence":"50","original_text":"盛山和夫. 1997.「合理的選択理論」井上俊・上野千鶴子・大澤真幸・見田宗介・吉見俊哉（編）『岩波講座 現代社会学 別巻：現代社会学の理論と方法』岩波書店. 137-156."},{"sequence":"51","original_text":"盛山和夫. 2000.「基礎づけ主義でも脱構築でもなく―構想としての探求―」『理論と方法』15(1):3-16."},{"sequence":"52","original_text":"盛山和夫・海野道郎. 1991.『秩序問題と社会的ジレンマ』ハーベスト社."},{"sequence":"53","original_text":"社会的ジレンマ数理解析班. 1985.「「社会的ジレンマ」研究のフロント」 原純輔・海野道郎（編）『数理社会学の現在』数理社会学研究会. 3-50."},{"sequence":"54","original_text":"塩原勉（編）. 1989.『資源動員と組織戦略』新曜社."},{"sequence":"55","original_text":"富永健一. 1995.『社会学講義』中公新書."},{"sequence":"56","original_text":"海野道郎. 1991a.「社会的ジレンマ研究の射程」盛山和夫・海野道郎（編）『秩序問題と社会的ジレンマ』ハーベスト社. 138-165."},{"sequence":"57","original_text":"海野道郎. 1991b.「個人的行為と社会的結果――合理的選択理論によるミクロ・マクロ問題への挑戦――」『社会学研究』58:1-23."},{"sequence":"58","original_text":"碓井崧・丸山哲央・大野道邦・橋本和幸（編）. 2000.『社会学の理論』有斐閣."},{"sequence":"59","original_text":"Weber, M. 1922. &ldquo;Soziologische Grundbegriffe&rdquo;.in <I>Wirtschaft und Gesellschaft</I>, J. C. B. Mohr. =1972. 清水幾太郎（訳）『社会学の根本概念』岩波書店."}]}}