{"status":"OK","apiType":"doi","apiVersion":"1.0.0","message":{"total":1,"rows":1,"totalPages":1,"page":1},"data":{"siteId":"SI/JST.JSTAGE","content_type":"JA","doi":"10.11218/ojjams.23.57","url":"https://doi.org/10.11218/ojjams.23.57","ra":"JaLC","prefix":"10.11218","site_name":"J-STAGE","publisher_list":[{"publisher_name":"Japanese Association For Mathematical Sociology","lang":"en"},{"publisher_name":"数理社会学会","lang":"ja"}],"title_list":[{"lang":"ja","title":"高齢期における主観的健康悪化と退職の過程","subtitle":"―潜在成長曲線モデルを用いて―"},{"lang":"en","title":"The Relationship between Worsening Health and Retirement Process among Elderly Japanese People"}],"creator_list":[{"sequence":"1","type":"person","names":[{"lang":"ja","last_name":"中田","first_name":"知生"},{"lang":"en","last_name":"NAKATA","first_name":"Tomoo"}],"affiliation_list":[{"affiliation_name":"Faculty of Social Welfare<BR>Hokusei Gakuen University","sequence":"1","lang":"en"},{"affiliation_name":"北星学園大学","sequence":"1","lang":"ja"}]}],"publication_date":{"publication_year":"2008"},"relation_list":[{"content":"https://www.jstage.jst.go.jp/article/ojjams/23/1/23_1_57/_pdf","type":"URL","relation":"fullTextPdf"}],"content_language":"ja","updated_date":"2017-03-23","article_type":"pub","journal_id_list":[{"journal_id":"0913-1442","type":"ISSN","issn_type":"print"},{"journal_id":"1881-6495","type":"ISSN","issn_type":"online"},{"journal_id":"ojjams","type":"JID"}],"journal_title_name_list":[{"journal_title_name":"Sociological Theory and Methods","type":"full","lang":"en"},{"journal_title_name":"Sociological Theory and Methods","type":"abbreviation","lang":"en"},{"journal_title_name":"理論と方法","type":"full","lang":"ja"},{"journal_title_name":"理論と方法","type":"abbreviation","lang":"ja"}],"journal_classification":"01","recorded_year":"1986-2013","volume":"23","issue":"1","first_page":"57","last_page":"72","date":"2008-08-11","keyword_list":[{"keyword":"Latent Growth Curve Models","sequence":"1","lang":"en"},{"keyword":"成長曲線モデル","sequence":"1","lang":"ja"},{"keyword":"Health","sequence":"2","lang":"en"},{"keyword":"主観的健康","sequence":"2","lang":"ja"},{"keyword":"Retirement","sequence":"3","lang":"en"},{"keyword":"退職","sequence":"3","lang":"ja"},{"keyword":"Elderly Japanese People","sequence":"4","lang":"en"},{"keyword":"高齢者","sequence":"4","lang":"ja"},{"keyword":"Education","sequence":"5","lang":"en"},{"keyword":"教育","sequence":"5","lang":"ja"}],"citation_list":[{"sequence":"1","original_text":"Crystal, S., and D.Shea. 1990. &ldquo;Cumulative Advantage, Cumulative Disadvantage, and Inequality among Elderly People.&rdquo; <I>The Gerontologist</I> 30(4): 437-443."},{"sequence":"2","original_text":"Duncan,T.E., S.C.Duncan, and L.A. Strycker. 2006. <I>An Introduction to Latent Variable Growth Curve Modeling: Concepts, Issues, and Applications</I>, 2nd Edition. Lawrence Erlbaum Associates."},{"sequence":"3","original_text":"Frees, E. W. 2004. <I>Longitudinal and Panel Data: Analysis and Applocations in the Social Sciences</I>. Cambridge: Cambridge University Press."},{"sequence":"4","original_text":"Fries, J.F. 1980. &ldquo;Aging, Natural Death, and the Compression of Morbidity.&rdquo; <I>The New England Journal of Medicine</I> 303: 130-135."},{"sequence":"5","original_text":"Goldstein, H. 1979. <I>The Design and Analysis of Longitudinal Studies: Their Role in the Measurement of Change</I>. London: Academic Press. =1988. 小嶋一敏（訳）『変化と成長の統計学』九州大学出版会."},{"sequence":"6","original_text":"芳賀博・七田恵子・永井晴美・須山靖男・竹野下訓子・松崎俊久・古谷野亘・柴田博. 1984. 「健康度自己評価と社会・心理・身体的要因」『社会老年学』20: 15-23."},{"sequence":"7","original_text":"浜口晴彦・嵯峨座晴夫. 2001. 『定年のライフスタイル』コロナ社."},{"sequence":"8","original_text":"Hayward, M.D. 1986.  &ldquo;The Influence of Occupational Characteristics on Men's Early Retirement.&rdquo; <I>Social Forces</I> 64: 1032-1045."},{"sequence":"9","original_text":"Hollingshead, A. B. and F. C. Redlich. 1958. <I>Social Class and Mental Illness: A Community Study</I>. New York: Wiley and Sons."},{"sequence":"10","original_text":"House, J.S. J.M.Lepkowski, A.M.Kinney, R.P.Mero, R.C.Kessler, and A.R.Herzog. 1994. &ldquo;The Social Stratification of Aging and Health.&rdquo; <I>Journal of Health and Social Behavior</I> 35: 213-234."},{"sequence":"11","original_text":"狩野裕・三浦麻子. 2002. 『Amos, EQS, CALISによるグラフィカル多変量解析　補増版』現代数学社."},{"sequence":"12","original_text":"Kohli, Martin and Martin Rein. 1991. &ldquo;The Changing Balance of Work and Retirement.&rdquo; Pp.1-35 in  <I>Time for Retirement: Comparative Studies of Early Exit from the Labor Force</I>. Edited by Martin Kohli, Martin Rein, Anne-Marie Guillemard and Herman van Gunsteren. Cambridge: Cambridge University Press."},{"sequence":"13","original_text":"Laczko, F. and C. Phillipson. 1991. <I>Changing Work and Retirement</I>. Buckingham: Open University Press."},{"sequence":"14","original_text":"Lahelma, E., A. Arber, P. Martikainen, O. Rahkonen, and K. Silventonen. 2001. &ldquo;The Myth of Gender Differences in Health: Social Structural Determinants across Adult Ages in Britain and Finland.&rdquo; <I>Current Sociology</I> 49: 31-54."},{"sequence":"15","original_text":"松本恭治. 1996. 「住環境と健康」大本圭野・戒能通厚編『講座現代居住1歴史と思想』東京大学出版会: 139-165."},{"sequence":"16","original_text":"May, T. 2001.<I>Social Research: Issues, Method and Process</I>, 3rd Edition. Buckingham : Open University Press. =2005. 中野正大（訳）『社会調査の考え方：論点と方法』世界思想社."},{"sequence":"17","original_text":"Menard, S. 2002. <I>Longitudinal Research</I>. Thousand Oaks, CA: Sage."},{"sequence":"18","original_text":"永井暁子. 2005. 「パネル調査の意義・特徴と動向」『ESTRELA』133: 2-7."},{"sequence":"19","original_text":"中田知生. 1999. 「社会階層・加齢・健康―その理論と実証―」北星学園大学社会福祉学部『北星論集』36: 15-46."},{"sequence":"20","original_text":"中田知生. 2004. 「退職とその不平等に関する社会学的研究」北星学園大学社会福祉学部『北星論集』41: 51-66."},{"sequence":"21","original_text":"Nakata, T., 2006. &ldquo;Longitudinal Analysis of the Relationship between Social Stratification and Process of Worsening Health.&rdquo;　北星学園大学社会福祉学部『北星論集』43: 59-67."},{"sequence":"22","original_text":"直井道子. 2007. 「調査票をどうつくるか」森岡清志編『ガイドブック社会調査第2版』日本評論社: 135-165."},{"sequence":"23","original_text":"折茂肇編. 1992. 『新老年学』東京大学出版会."},{"sequence":"24","original_text":"Phillipson, C. 1998. <I>Reconstructing Old Age: New Agenda in Social Theory and Practice</I>. London: Sage."},{"sequence":"25","original_text":"Ross, C.E. and C.Wu. 1995. &ldquo;The Link between Education and Health.&rdquo; <I>American Sociological Review</I>. 60(5): 719-745."},{"sequence":"26","original_text":"清家清・山田篤裕. 2004. 『高齢者就業の経済学』日本経済新聞社."},{"sequence":"27","original_text":"Singer, J.B., and J.B.Willett. 2003. <I>Applied Longitudinal Data Analysis: Modeling Change and Event Occurrence</I>. New York: Oxford University Press."},{"sequence":"28","original_text":"杉澤あつ子・杉澤秀博. 1995. 「健康の自己評価に関する研究の展開」園田恭一・川田智恵子編『健康感の転換：新しい健康理論の展開』東京大学出版会: 73-83."},{"sequence":"29","original_text":"杉澤あつ子・杉澤秀博・中谷陽明・柴田博. 1997. 「老年期における職業からの引退が精神的健康と社会的健康におよぼす影響」『日本公衆衛生雑誌』44(2): 123-130."},{"sequence":"30","original_text":"杉澤秀博・中村律子・中野いずみ・杉澤あつ子. 1992. 「要介護老人の介護者における主観的健康感および生活満足度の変化とその関連要因に関する研究―老人福祉手当受給者の4年間の追跡調査から―」『日本公衆衛生雑誌』39(1): 23-32."},{"sequence":"31","original_text":"Suchman,E. A., B. S. Phillips and G.F.Streib. 1958. &ldquo;An Analysis of the Validity of Health Questionnaires.&rdquo; <I>Social Forces</I>. 36: 223-232."},{"sequence":"32","original_text":"田尾雅夫・高木浩人・石田正浩・益田圭. 2001. 『高齢者就労の社会心理学』ナカニシヤ出版."},{"sequence":"33","original_text":"東京都老人総合研究所編. 1998. 『サクセスフルエイジング』ワールドプランニング."},{"sequence":"34","original_text":"Townsend, P. and N.Davidson. 1982.&lsquo;Black Report.&rsquo; in <I>Inequalities in Health</I>. Second Edition. London: Penguin Books."},{"sequence":"35","original_text":"豊田秀樹. 1998. 『共分散構造分析［入門編］―構造方程式モデリング―』朝倉書店."},{"sequence":"36","original_text":"豊田秀樹. 2000. 『共分散構造分析［応用編］―構造方程式モデリング―』朝倉書店."},{"sequence":"37","original_text":"Verbeke, G. and G. Molenberghs (Eds.). 1997. <I>Linear Mixed Models in Practice: A SAS-Oriented Approach</I>. New York: Springer."},{"sequence":"38","original_text":"Verbrugge, L.M. 1984. &ldquo;Longer Life but Worsening Health?: Trends in Health and Mortality of Middle-aged Older Persons.&rdquo; <I>Milbank Memorial Fund Quarterly</I> 62:475-519."}]}}