{"status":"OK","apiType":"doi","apiVersion":"1.0.0","message":{"total":1,"rows":1,"totalPages":1,"page":1},"data":{"siteId":"SI/JST.JSTAGE","content_type":"JA","doi":"10.11218/ojjams.20.135","url":"https://doi.org/10.11218/ojjams.20.135","ra":"JaLC","prefix":"10.11218","site_name":"J-STAGE","publisher_list":[{"publisher_name":"Japanese Association For Mathematical Sociology","lang":"en"},{"publisher_name":"数理社会学会","lang":"ja"}],"title_list":[{"lang":"ja","title":"「数理モデルと実証」によせて"},{"lang":"en","title":"Empirical Test of Mathematical Models"}],"creator_list":[{"sequence":"1","type":"person","names":[{"lang":"ja","last_name":"長谷川","first_name":"計二"}],"affiliation_list":[{"affiliation_name":"関西学院大学","sequence":"1","lang":"ja"}]}],"publication_date":{"publication_year":"2005"},"relation_list":[{"content":"https://www.jstage.jst.go.jp/article/ojjams/20/2/20_2_135/_pdf","type":"URL","relation":"fullTextPdf"}],"content_language":"ja","updated_date":"2017-03-23","article_type":"pub","journal_id_list":[{"journal_id":"0913-1442","type":"ISSN","issn_type":"print"},{"journal_id":"1881-6495","type":"ISSN","issn_type":"online"},{"journal_id":"ojjams","type":"JID"}],"journal_title_name_list":[{"journal_title_name":"Sociological Theory and Methods","type":"full","lang":"en"},{"journal_title_name":"Sociological Theory and Methods","type":"abbreviation","lang":"en"},{"journal_title_name":"理論と方法","type":"full","lang":"ja"},{"journal_title_name":"理論と方法","type":"abbreviation","lang":"ja"}],"journal_classification":"01","recorded_year":"1986-2013","volume":"20","issue":"2","first_page":"135","last_page":"136","date":"2007-07-06","citation_list":[{"sequence":"1","original_text":"Morton, Rebecca B. 1999. Methods and Models: A Guide to the Empirical Analysis of Formal Models in Political Science, Cambridge University Press."}]}}