{"status":"OK","apiType":"doi","apiVersion":"1.0.0","message":{"total":1,"rows":1,"totalPages":1,"page":1},"data":{"siteId":"SI/JST.JSTAGE","content_type":"JA","doi":"10.11218/ojjams.11.181","url":"https://doi.org/10.11218/ojjams.11.181","ra":"JaLC","prefix":"10.11218","site_name":"J-STAGE","publisher_list":[{"publisher_name":"Japanese Association For Mathematical Sociology","lang":"en"},{"publisher_name":"数理社会学会","lang":"ja"}],"title_list":[{"lang":"ja","title":"数理社会学会の10年を振り返って"}],"creator_list":[{"sequence":"1","type":"person","names":[{"lang":"ja","last_name":"小林","first_name":"淳一"},{"lang":"en","last_name":"KOBAYASHI","first_name":"Junichi"}],"affiliation_list":[{"affiliation_name":"Fukuoka University","sequence":"1","lang":"en"},{"affiliation_name":"福岡大学","sequence":"1","lang":"ja"}]}],"publication_date":{"publication_year":"1996"},"relation_list":[{"content":"https://www.jstage.jst.go.jp/article/ojjams/11/2/11_181/_pdf","type":"URL","relation":"fullTextPdf"}],"content_language":"ja","updated_date":"2016-08-25","article_type":"pub","journal_id_list":[{"journal_id":"0913-1442","type":"ISSN","issn_type":"print"},{"journal_id":"1881-6495","type":"ISSN","issn_type":"online"},{"journal_id":"ojjams","type":"JID"}],"journal_title_name_list":[{"journal_title_name":"Sociological Theory and Methods","type":"full","lang":"en"},{"journal_title_name":"Sociological Theory and Methods","type":"abbreviation","lang":"en"},{"journal_title_name":"理論と方法","type":"full","lang":"ja"},{"journal_title_name":"理論と方法","type":"abbreviation","lang":"ja"}],"journal_classification":"01","recorded_year":"1986-2013","volume":"11","issue":"2","first_page":"181","last_page":"181","date":"2016-08-26"}}