{"status":"OK","apiType":"doi","apiVersion":"1.0.0","message":{"total":1,"rows":1,"totalPages":1,"page":1},"data":{"siteId":"SI/JST.JSTAGE","content_type":"JA","doi":"10.11218/ojjams.24.121","url":"https://doi.org/10.11218/ojjams.24.121","ra":"JaLC","prefix":"10.11218","site_name":"J-STAGE","publisher_list":[{"publisher_name":"Japanese Association For Mathematical Sociology","lang":"en"},{"publisher_name":"数理社会学会","lang":"ja"}],"title_list":[{"lang":"ja","title":"「社会調査のアーカイブズ学」の必要性","subtitle":"―札幌学院大学SORDが取り組んだ「夕張調査資料集成」作成経験からの提言―"},{"lang":"en","title":"The Necessity of Archival Science in Social Research:","subtitle":"Based on the experience of SORD Data Archive Project"}],"creator_list":[{"sequence":"1","type":"person","names":[{"lang":"ja","last_name":"中澤","first_name":"秀雄"},{"lang":"en","last_name":"NAKAZAWA","first_name":"Hideo"}],"affiliation_list":[{"affiliation_name":"Faculty of Law<BR>Chuo University","sequence":"1","lang":"en"},{"affiliation_name":"中央大学","sequence":"1","lang":"ja"}]},{"sequence":"2","type":"person","names":[{"lang":"ja","last_name":"西城戸","first_name":"誠"},{"lang":"en","last_name":"NISHIKIDO","first_name":"Makoto"}],"affiliation_list":[{"affiliation_name":"Faculty of Humanity and Environment<BR>Hosei University","sequence":"2","lang":"en"},{"affiliation_name":"法政大学","sequence":"2","lang":"ja"}]},{"sequence":"3","type":"person","names":[{"lang":"ja","last_name":"大國","first_name":"充彦"},{"lang":"en","last_name":"OHKUNI","first_name":"Atsuhiko"}],"affiliation_list":[{"affiliation_name":"Faculty of Social Information<BR>Sapporo Gakuin University","sequence":"3","lang":"en"},{"affiliation_name":"札幌学院大学","sequence":"3","lang":"ja"}]},{"sequence":"4","type":"person","names":[{"lang":"ja","last_name":"新國","first_name":"三千代"},{"lang":"en","last_name":"NIKKUNI","first_name":"Michiyo"}],"affiliation_list":[{"affiliation_name":"Faculty of Humanities<BR>Sapporo Gakuin University","sequence":"4","lang":"en"},{"affiliation_name":"札幌学院大学","sequence":"4","lang":"ja"}]},{"sequence":"5","type":"person","names":[{"lang":"ja","last_name":"祐成","first_name":"保志"},{"lang":"en","last_name":"SUKENARI","first_name":"Yasushi"}],"affiliation_list":[{"affiliation_name":"Faculty of Arts<BR>Shinshu University","sequence":"5","lang":"en"},{"affiliation_name":"信州大学","sequence":"5","lang":"ja"}]},{"sequence":"6","type":"person","names":[{"lang":"ja","last_name":"新藤","first_name":"慶"},{"lang":"en","last_name":"SHINDO","first_name":"Kei"}],"affiliation_list":[{"affiliation_name":"Department of Early Childhood Education<BR>Niimi College","sequence":"6","lang":"en"},{"affiliation_name":"新見公立短期大学","sequence":"6","lang":"ja"}]},{"sequence":"7","type":"person","names":[{"lang":"ja","last_name":"小内","first_name":"純子"},{"lang":"en","last_name":"ONAI","first_name":"Junko"}],"affiliation_list":[{"affiliation_name":"Faculty of Social Information<BR>Sapporo Gakuin University","sequence":"3","lang":"en"},{"affiliation_name":"札幌学院大学","sequence":"3","lang":"ja"}]},{"sequence":"8","type":"person","names":[{"lang":"ja","last_name":"高橋","first_name":"徹"},{"lang":"en","last_name":"TAKAHASHI","first_name":"Toru"}],"affiliation_list":[{"affiliation_name":"Faculty of Social Information<BR>Sapporo Gakuin University","sequence":"3","lang":"en"},{"affiliation_name":"札幌学院大学","sequence":"3","lang":"ja"}]}],"publication_date":{"publication_year":"2009"},"relation_list":[{"content":"https://www.jstage.jst.go.jp/article/ojjams/24/1/24_1_121/_pdf","type":"URL","relation":"fullTextPdf"}],"content_language":"ja","updated_date":"2017-03-23","article_type":"pub","journal_id_list":[{"journal_id":"0913-1442","type":"ISSN","issn_type":"print"},{"journal_id":"1881-6495","type":"ISSN","issn_type":"online"},{"journal_id":"ojjams","type":"JID"}],"journal_title_name_list":[{"journal_title_name":"Sociological Theory and Methods","type":"full","lang":"en"},{"journal_title_name":"Sociological Theory and Methods","type":"abbreviation","lang":"en"},{"journal_title_name":"理論と方法","type":"full","lang":"ja"},{"journal_title_name":"理論と方法","type":"abbreviation","lang":"ja"}],"journal_classification":"01","recorded_year":"1986-2013","volume":"24","issue":"1","first_page":"121","last_page":"128","date":"2010-01-08","keyword_list":[{"keyword":"SORD","sequence":"1","lang":"en"},{"keyword":"SORD","sequence":"1","lang":"ja"},{"keyword":"archival science","sequence":"2","lang":"en"},{"keyword":"アーカイブズ学","sequence":"2","lang":"ja"},{"keyword":"social research of Yubari","sequence":"3","lang":"en"},{"keyword":"夕張調査","sequence":"3","lang":"ja"}],"citation_list":[{"sequence":"1","original_text":"舩橋晴俊．2007．「飯島伸子文庫の設置経過と内容」『日本及びアジア・太平洋地域における環境問題と環境問題の理論と調査史の総合的研究』平成15-18年度文部科学省科学研究費補助金研究成果報告書：4-29."},{"sequence":"2","original_text":"布施鉄治編．1982．『地域産業変動と階級・階層―炭都・夕張／労働者の生産・労働―生活史・誌』御茶の水書房."},{"sequence":"3","original_text":"小林甫．2004．「グローカリゼーションとは何か―北海道から考える」『社会情報』14(1):127-154."},{"sequence":"4","original_text":"松崎裕子．2008．「イギリスにおける『アーカイブのコミュニティ・アクセス・プロジェクト（CAAP）』―その歴史的背景と概要について」『コミュニティ政策研究』10:75-90."},{"sequence":"5","original_text":"村上文司．2005．『近代ドイツ社会調査史研究』ミネルヴァ書房."},{"sequence":"6","original_text":"中澤秀雄・西城戸誠・新國三千代・大國充彦・森田誠・新藤慶．2004．「北海道社会調査データベース作成の理念と方針―SORD新プロジェクトへの方針転換と2年間の活動報告―」『社会情報』13(2):191-218."},{"sequence":"7","original_text":"新國三千代．1996．「社会・意識調査データベース（SORD）プロジェクトの成果と課題そして今後の展望」『社会情報』5(2):23-36."},{"sequence":"8","original_text":"西城戸誠・小内純子・中澤秀雄・大國充彦・新國三千代．2005．「社会調査からみる北海道資本主義史」『社会情報』14(2):293-317."},{"sequence":"9","original_text":"似田貝香門．2007．「『構造分析』の調査を振り返って―＜主体を介しての構造分析＞をめざして―」『社会情報』16(2):105-158."},{"sequence":"10","original_text":"齋藤康則．2007．「社会学的質的データのデジタル・アーカイブ方法論・序説」『社会情報』17(1):17-34."},{"sequence":"11","original_text":"佐藤健二．2003．「社会調査のイデオロギーとテクノロジー」『年報社会科学基礎論研究』2: pp.8-25."},{"sequence":"12","original_text":"新藤慶．2005．「産炭都市夕張の社会学的研究」『社会情報』14(2):319-331."},{"sequence":"13","original_text":"庄司知恵子．2007．「布施グループ・夕張調査データのテキスト化における『入力ルール』生成過程の記録」『社会情報』17(1):35-46."}]}}