{"status":"OK","apiType":"doi","apiVersion":"1.0.0","message":{"total":1,"rows":1,"totalPages":1,"page":1},"data":{"siteId":"SI/JST.JSTAGE","content_type":"JA","doi":"10.11218/ojjams.14.2_1","url":"https://doi.org/10.11218/ojjams.14.2_1","ra":"JaLC","prefix":"10.11218","site_name":"J-STAGE","publisher_list":[{"publisher_name":"Japanese Association For Mathematical Sociology","lang":"en"},{"publisher_name":"数理社会学会","lang":"ja"}],"title_list":[{"lang":"ja","title":"特集　数理社会学とシミュレーション"},{"lang":"en","title":"Special Section"}],"creator_list":[{"sequence":"1","type":"person","names":[{"lang":"ja","last_name":"遠藤","first_name":"薫"},{"lang":"en","last_name":"ENDO","first_name":"Kaoru"}],"affiliation_list":[{"affiliation_name":"Editor of Special Section","sequence":"1","lang":"en"},{"affiliation_name":"特集編集担当","sequence":"1","lang":"ja"}]},{"sequence":"2","type":"person","names":[{"lang":"ja","last_name":"七條","first_name":"達弘"},{"lang":"en","last_name":"SHICHIJO","first_name":"Tatsuhiro"}],"affiliation_list":[{"affiliation_name":"Editor of Special Section","sequence":"1","lang":"en"},{"affiliation_name":"特集編集担当","sequence":"1","lang":"ja"}]}],"publication_date":{"publication_year":"1999"},"relation_list":[{"content":"https://www.jstage.jst.go.jp/article/ojjams/14/2/14_2_1/_pdf","type":"URL","relation":"fullTextPdf"}],"content_language":"ja","updated_date":"2016-09-29","article_type":"pub","journal_id_list":[{"journal_id":"0913-1442","type":"ISSN","issn_type":"print"},{"journal_id":"1881-6495","type":"ISSN","issn_type":"online"},{"journal_id":"ojjams","type":"JID"}],"journal_title_name_list":[{"journal_title_name":"Sociological Theory and Methods","type":"full","lang":"en"},{"journal_title_name":"Sociological Theory and Methods","type":"abbreviation","lang":"en"},{"journal_title_name":"理論と方法","type":"full","lang":"ja"},{"journal_title_name":"理論と方法","type":"abbreviation","lang":"ja"}],"journal_classification":"01","recorded_year":"1986-2013","volume":"14","issue":"2","first_page":"2_1","last_page":"2_2","date":"2016-09-30","citation_list":[{"sequence":"1","original_text":"Aburdene, Maurice F. (1998) Computer Simulation of Dynamic Systems, Wm. C. Brown Publishers."},{"sequence":"2","original_text":"Axelrod, Robert M. (1997) The Complexty of Cooperation : Agent-Based Models of Competion and Collaboration, Princeton University Press, New Jersey."},{"sequence":"3","original_text":"Besselaar, Peter van den &amp; Dennis Beckers (1998) Demographics and sociograp hics of the Digital City. in Toru Ishida, Community Computing and Support System. Springer LNCS."},{"sequence":"4","original_text":"Gilbert, Nigel &amp; Jim Doran (eds)(1994) Simulating Societies : The Computer Simulation of Social Phenomena, UCL Press, London."}]}}