{"status":"OK","apiType":"doi","apiVersion":"1.0.0","message":{"total":1,"rows":1,"totalPages":1,"page":1},"data":{"siteId":"SI/JST.JSTAGE","content_type":"JA","doi":"10.11218/ojjams.13.183","url":"https://doi.org/10.11218/ojjams.13.183","ra":"JaLC","prefix":"10.11218","site_name":"J-STAGE","publisher_list":[{"publisher_name":"Japanese Association For Mathematical Sociology","lang":"en"},{"publisher_name":"数理社会学会","lang":"ja"}],"title_list":[{"lang":"ja","title":"行為と構造の再帰性について─ボナチッチ中心性の事例"},{"lang":"en","title":"On Recursive Definition of Action and Structure"}],"creator_list":[{"sequence":"1","type":"person","names":[{"lang":"ja","last_name":"安田","first_name":"雪"},{"lang":"en","last_name":"YASUDA","first_name":"Yuki"}],"affiliation_list":[{"affiliation_name":"College of Social Relations<BR>Rikkyo University","sequence":"1","lang":"en"},{"affiliation_name":"立教大学","sequence":"1","lang":"ja"}]},{"sequence":"2","type":"person","names":[{"lang":"ja","last_name":"徳楽","first_name":"宙"},{"lang":"en","last_name":"TOKURAKU","first_name":"Hiroshi"}],"affiliation_list":[{"affiliation_name":"Graduate School of Economics<BR>Rikkyo University","sequence":"2","lang":"en"},{"affiliation_name":"立教大学","sequence":"2","lang":"ja"}]}],"publication_date":{"publication_year":"1999"},"relation_list":[{"content":"https://www.jstage.jst.go.jp/article/ojjams/13/2/13_183/_pdf","type":"URL","relation":"fullTextPdf"}],"content_language":"ja","updated_date":"2016-09-29","article_type":"pub","journal_id_list":[{"journal_id":"0913-1442","type":"ISSN","issn_type":"print"},{"journal_id":"1881-6495","type":"ISSN","issn_type":"online"},{"journal_id":"ojjams","type":"JID"}],"journal_title_name_list":[{"journal_title_name":"Sociological Theory and Methods","type":"full","lang":"en"},{"journal_title_name":"Sociological Theory and Methods","type":"abbreviation","lang":"en"},{"journal_title_name":"理論と方法","type":"full","lang":"ja"},{"journal_title_name":"理論と方法","type":"abbreviation","lang":"ja"}],"journal_classification":"01","recorded_year":"1986-2013","volume":"13","issue":"2","first_page":"183","last_page":"192","date":"2016-09-30","keyword_list":[{"keyword":"行為","sequence":"1","lang":"ja"},{"keyword":"構造","sequence":"2","lang":"ja"},{"keyword":"ボナチッチ中心性","sequence":"3","lang":"ja"},{"keyword":"再帰性","sequence":"4","lang":"ja"}],"citation_list":[{"sequence":"1","original_text":"Blau, Peter M. 1977. <I>Inequality and Heterogeneity</I> New York: Free Press."},{"sequence":"2","original_text":"Bonacich, Phillip. 1972. &ldquo;Factoring and Weighting Approaches to Status Scores and Clique Identification.&rdquo; <I>Journal of Mathematical Sociology</I> 2: 113-120."},{"sequence":"3","original_text":"Bonacich, Phillip. 1987. &ldquo;Power and Centrality: A Family of Measures.&rdquo; <I>American Journal of Sociology</I> 92: 1170-1182."},{"sequence":"4","original_text":"Coleman, James. 1973. <I>The Mathematics of Collective Actiion</I> Chicago: Aldine."},{"sequence":"5","original_text":"Cook, Karen S., Richard M. Emerson, May R. Guilmore and Toshio, Yamagishi. 1983. &ldquo;The Distribution of Power in Exchange Networks: Theory and Experimental Results.&rdquo; <I>American Journal of Sociology</I> 96: 1478-1504."},{"sequence":"6","original_text":"土場学. 1996.「数理社会学─未完のプロジェクト」『理論と方法』11 (2): 157-174."},{"sequence":"7","original_text":"デュルケム, エミール. 1978.『社会学的方法の基準』宮島喬訳 岩波書店."},{"sequence":"8","original_text":"Freeman, Linton C. 1979. &ldquo;Centrality in Social Networks: Conceptual Clarification.&rdquo; <I>Journal of Mathematical Sociology</I> 1: 215-239."},{"sequence":"9","original_text":"Hubble, Charles H. 1965. &ldquo;An Input-Output Approaches to Clique Identification.&rdquo; <I>Sociometry</I> 28: 277-299."},{"sequence":"10","original_text":"井上寛. 1997.「ボナチッチ中心性の形式と理論的実質」『社会ネットワークの新たな理論にむけて』文部省科学研究費補助金（課題番号 06301028）研究成果報告書: 61-72."},{"sequence":"11","original_text":"小林淳一. 1997.「中心性の代数学」『社会ネットワークの新たな理論にむけて』文部省科学研究費補助金（課題番号 06301028）研究成果報告書: 9-25."},{"sequence":"12","original_text":"ルーマン, ニクラス. 1993.『社会システム理論 上・下』佐藤勉監訳 恒星社恒星閣."},{"sequence":"13","original_text":"盛山和夫. 1997.「固有ベクトルを中心性指標とみなすことへの疑問」『社会ネットワークの新たな理論にむけて』文部省科学研究費補助金（課題番号 06301028）研究成果報告書: 75-77."}]}}