{"status":"OK","apiType":"doi","apiVersion":"1.0.0","message":{"total":1,"rows":1,"totalPages":1,"page":1},"data":{"siteId":"SI/JST.JSTAGE","content_type":"JA","doi":"10.11218/ojjams.25.229","url":"https://doi.org/10.11218/ojjams.25.229","ra":"JaLC","prefix":"10.11218","site_name":"J-STAGE","publisher_list":[{"publisher_name":"Japanese Association For Mathematical Sociology","lang":"en"},{"publisher_name":"数理社会学会","lang":"ja"}],"title_list":[{"lang":"ja","title":"社会経済的地位と学力の国際比較","subtitle":"―後期中等教育段階における教育と不平等の日本的特徴―"},{"lang":"en","title":"The Relationship between Socio-Economic Status and Academic Achievement:","subtitle":"Exploring Specific Characteristics of Education and Inequality in Japan"}],"creator_list":[{"sequence":"1","type":"person","names":[{"lang":"ja","last_name":"多喜","first_name":"弘文"},{"lang":"en","last_name":"TAKI","first_name":"Hirofumi"}]}],"publication_date":{"publication_year":"2010"},"relation_list":[{"content":"https://www.jstage.jst.go.jp/article/ojjams/25/2/25_2_229/_pdf","type":"URL","relation":"fullTextPdf"}],"content_language":"ja","updated_date":"2017-03-23","article_type":"pub","journal_id_list":[{"journal_id":"0913-1442","type":"ISSN","issn_type":"print"},{"journal_id":"1881-6495","type":"ISSN","issn_type":"online"},{"journal_id":"ojjams","type":"JID"}],"journal_title_name_list":[{"journal_title_name":"Sociological Theory and Methods","type":"full","lang":"en"},{"journal_title_name":"Sociological Theory and Methods","type":"abbreviation","lang":"en"},{"journal_title_name":"理論と方法","type":"full","lang":"ja"},{"journal_title_name":"理論と方法","type":"abbreviation","lang":"ja"}],"journal_classification":"01","recorded_year":"1986-2013","volume":"25","issue":"2","first_page":"229","last_page":"248","date":"2011-03-12","keyword_list":[{"keyword":"socio-economic status","sequence":"1","lang":"en"},{"keyword":"社会階層","sequence":"1","lang":"ja"},{"keyword":"academic achievement","sequence":"2","lang":"en"},{"keyword":"学力","sequence":"2","lang":"ja"},{"keyword":"PISA","sequence":"3","lang":"en"},{"keyword":"PISA","sequence":"3","lang":"ja"},{"keyword":"hierarchical linear modeling","sequence":"4","lang":"en"},{"keyword":"階層線形モデル","sequence":"4","lang":"ja"},{"keyword":"institutional perspective","sequence":"5","lang":"en"},{"keyword":"教育制度","sequence":"5","lang":"ja"}],"citation_list":[{"sequence":"1","original_text":"Blau, Peter M. and Otis D. Duncan. 1967. <I>American Occupational Structure.</I> Wiley."},{"sequence":"2","original_text":"Buchmann, Claudia, and Ben Dalton. 2002. &ldquo;Interpersonal Influenceand Educational Expectation in 12 Countries: The Importance of Institutional Context.&rdquo; <I>Sociology of Education</I> 75: 99-122."},{"sequence":"3","original_text":"Dupriez, Vincent, Xavier Dumay and Anne Vause. 2008. &ldquo;How Do School Systems Manage Pupils&rsquo;Heterogeneity? .&rdquo; <I>Comparative Educational Review</I> 52(2): 245-73."},{"sequence":"4","original_text":"Duru-Bellat, Marie and Bruno Suchaut. 2005. &ldquo;Organization and Context, Efficiency and Equity of Educational Systems: What PISA Tells Us.&rdquo; <I>European Educational Research Journal</I> 4(3): 181-94."},{"sequence":"5","original_text":"Enders, Craig K. and Davood Tofighi. 2007. &ldquo;Centering Predictor Variables in Cross-Sectional Multilevel Models: A New Look at an Old Issue.&rdquo; <I>Psychological Methods</I> 12(2): 121-38."},{"sequence":"6","original_text":"フォンス智江子・太田晴雄．1995．「多様のなかの平等を模索する学校――アメリカ」二宮皓編，1995，『世界の学校――比較教育文化論の視点にたって』福村出版：136-49．"},{"sequence":"7","original_text":"藤井佐知子．2003．「フランスの初等中等教育」新井郁男・二宮皓編『比較教育制度論』放送大学教育振興会：140-53．"},{"sequence":"8","original_text":"深堀聰子．2004．「アメリカの教育」田中圭治郎編『比較教育学の基礎』ナカニシヤ出版：81-102．"},{"sequence":"9","original_text":"藤田英典．1980．「進路選択のメカニズム」天野郁夫・山村健編『青年期の進路選択』有斐閣：105-29．"},{"sequence":"10","original_text":"Ganzeboom, H. B. G., P. M. De Graaf and D. J. Treiman. 1992. &ldquo;A Standard International Socio-Economic Index of Occupational Status.&rdquo; <I>Social Science Research</I> 21(1): 1-56."},{"sequence":"11","original_text":"飯田浩之．2007．「中等教育の格差に挑む――高等学校の学校格差をめぐって」『教育社会学研究』80：41-60．"},{"sequence":"12","original_text":"Hanushek, A. Eric and Ludger Wosmann. 2006. &ldquo;Does Educational Tracking Affect Performance and Inequality? Differences-in-Differences Evidence across Countries.&rdquo; <I>Economic Journal</I> 116(510): C63-C76."},{"sequence":"13","original_text":"Horn, Daniel. 2009. &ldquo;Age of Selection Counts: A Cross-Country Analysis of Educational Institutions.&rdquo;<I>Educational Research and Evaluation</I> 15(4): 343-66."},{"sequence":"14","original_text":"苅谷剛彦．2001．『階層化日本と教育危機――不平等再生産から意欲格差社会へ』有信堂．"},{"sequence":"15","original_text":"Kerckhoff, Alan C. 1995. &ldquo;Institutional Arrangements and Stratification Processes in Industrial Societies.&rdquo;<I>Annual Review of Sociology</I> 21: 323-47."},{"sequence":"16","original_text":"Marks, Gary. 2006. &ldquo;Are Between- and Within-School Differences in Student Performance Largely due to Socio-Economic Background? Evidence from 30 Countries.&rdquo; <I>Educational Research</I> 48(1): 21-40."},{"sequence":"17","original_text":"Micklewright, J. and S.V. Schnepf. 2006. <I>Response Bias in England in PISA 2000 and 2003.</I> Department for Education and Skills. Research Report 771."},{"sequence":"18","original_text":"Mons, Nathalie. 2004.<I>De l'ecole unifiee aux ecoles plurielles: evaluation internationale des politiques de differenciation et de diversification de l'offre educative.</I> (doctoral dissertation)."},{"sequence":"19","original_text":"Mons, Nathalie. 2007. <I>Les nouvelles politiques educatives: la France a-t-elle fait les bons choix?.</I> PUF."},{"sequence":"20","original_text":"Muller, Walter and Yossi Shavit. 1998. &ldquo;The Institutional Embeddedness of the Stratification Process: A Comparative Study of Qualifications and Occupations in Thirteen Countries.&rdquo; Yossi Shavit and Walter Muller eds. <I>From School to Work.</I> Clarendon Press: 1-48."},{"sequence":"21","original_text":"中村高康・藤田武志・有田伸編．2002．『学歴・選抜・学校の社会学』東洋館出版社．"},{"sequence":"22","original_text":"National Research Council ed. 2002. <I>Methodological Advances in Cross-National Surveys of Education Achievement.</I> National Academy Press"},{"sequence":"23","original_text":"OECD. 2004. <I>Learning for Tomorrow&rsquo;s World: First Result from PISA 2003.</I> OECD.＝2004．『生きるための知識と技能2』ぎょうせい．"},{"sequence":"24","original_text":"OECD. 2005a. <I>Education at a Glance</I>: OECD Indicators 2005. OECD."},{"sequence":"25","original_text":"OECD. 2005b. <I>PISA 2003 Data Analysis Manual.</I> OECD."},{"sequence":"26","original_text":"OECD. 2005c. <I>PISA 2003 Technical Report.</I> OECD."},{"sequence":"27","original_text":"Park, Hyunjoon. 2010. &ldquo;Japanese and Korean High Schools and Students in Comparative Perspective.&rdquo; Jaap Dronkers ed. <I>Quality and Inequality of Education.</I> Springer: 255-73."},{"sequence":"28","original_text":"Raudenbush, S. W. and A. S. Bryk. 2002. <I>Hierarchical Linear Models for Social and Behavioural Research:Applications and Data Analysis Methods (2nd edition).</I> Sage Publications."},{"sequence":"29","original_text":"Raudenbush, S. W., A. S. Bryk, Y. F. Cheong and R. Congdon. 2004. HLM6: Hierarchical Linear and Nonlinear Modeling. SSI Scientific Software International."},{"sequence":"30","original_text":"白川俊之．2009．「サンプル・ウェイトとリプリケート・ウェイト――二段階標本設計にもとづくデータの特徴と分析時の注意点」尾嶋史章編『学校教育と社会的不平等に関する国際比較研究（第1次報告書）』：61-88．"},{"sequence":"31","original_text":"Stevenson, D. L. and D. P. Baker. 1992. &ldquo;Shadow Education and Allocation in Formal Schooling: Transition to University in Japan.&rdquo; <I>American Journal of Sociology</I> 97: 1639-57."},{"sequence":"32","original_text":"多喜弘文．2009．「学力規定要因の国際比較――教育システムの違いに着目して」尾嶋史章編『学校教育と社会的不平等に関する国際比較研究（第1 次報告書）』科学研究費補助金(基盤研究(B))(課題番号19330189)研究成果報告書：39-60．"},{"sequence":"33","original_text":"Treiman, D. J. and H. B. G. Ganzeboom. 2000. &ldquo;The Fourth Generation of Comparative Stratification Research.&rdquo; Stellah Quah and Arnaud Sales eds. <I>The International Handbook of Sociology.</I> Sage: 123-50."},{"sequence":"34","original_text":"筒井淳也・不破麻紀子．2008．「マルチレベル・モデルの考え方と実践」『理論と方法』23（2）：139-49．"},{"sequence":"35","original_text":"上川一秋．2006．「異なる分析レベルの因果を同時に考える――階層線形モデル（HLM）」数理社会学会監修『社会の見方，測り方――計量社会学への招待』：121-31．"},{"sequence":"36","original_text":"Vandenberghe, V. 2006. &ldquo;Achievement Effectiveness and Equity: The Role of Tracking, Grade-Repetition and Inter-school Segregation.&rdquo; <I>Applied Economic Letters</I> 13(11): 685-93."},{"sequence":"37","original_text":"WESTAT. 2007. <I>WesVar 4.3 Users&rsquo; Manual.</I> WESTAT Inc."},{"sequence":"38","original_text":"Wiborg, Susanne. 2004. &ldquo;Education and Social Integration: A Comparative Study of the Comprehensive SchoolSystem in Scandinavia.&rdquo; <I>London Review of Education</I> 2(2): 83-93."}]}}