{"status":"OK","apiType":"doi","apiVersion":"1.0.0","message":{"total":1,"rows":1,"totalPages":1,"page":1},"data":{"siteId":"SI/JST.JSTAGE","content_type":"JA","doi":"10.11218/ojjams.26.371","url":"https://doi.org/10.11218/ojjams.26.371","ra":"JaLC","prefix":"10.11218","site_name":"J-STAGE","publisher_list":[{"publisher_name":"Japanese Association For Mathematical Sociology","lang":"en"},{"publisher_name":"数理社会学会","lang":"ja"}],"title_list":[{"lang":"en","title":"A Quantitative Model of Relative Deprivation and Reference Group","subtitle":"An Application of Yitzhaki&prime;s Individual Relative Deprivation Index"},{"lang":"ja","title":"相対的剥奪と準拠集団の計量モデル","subtitle":"Yitzhakiの個人相対的剥奪指数の応用"}],"creator_list":[{"sequence":"1","type":"person","names":[{"lang":"en","last_name":"ISHIDA","first_name":"Atsushi"},{"lang":"ja","last_name":"石田","first_name":"淳"}],"affiliation_list":[{"affiliation_name":"Kwansei Gakuin  University","sequence":"1","lang":"en"},{"affiliation_name":"関西学院大学","sequence":"1","lang":"ja"}]}],"publication_date":{"publication_year":"2011"},"relation_list":[{"content":"https://www.jstage.jst.go.jp/article/ojjams/26/2/26_371/_pdf","type":"URL","relation":"fullTextPdf"}],"content_language":"ja","updated_date":"2014-12-09","article_type":"pub","journal_id_list":[{"journal_id":"0913-1442","type":"ISSN","issn_type":"print"},{"journal_id":"1881-6495","type":"ISSN","issn_type":"online"},{"journal_id":"ojjams","type":"JID"}],"journal_title_name_list":[{"journal_title_name":"Sociological Theory and Methods","type":"full","lang":"en"},{"journal_title_name":"Sociological Theory and Methods","type":"abbreviation","lang":"en"},{"journal_title_name":"理論と方法","type":"full","lang":"ja"},{"journal_title_name":"理論と方法","type":"abbreviation","lang":"ja"}],"journal_classification":"01","recorded_year":"1986-2013","volume":"26","issue":"2","first_page":"371","last_page":"388","date":"2012-09-01","keyword_list":[{"keyword":"準拠集団","sequence":"1","lang":"ja"},{"keyword":"relative deprivation","sequence":"1","lang":"en"},{"keyword":"相対的剥奪","sequence":"2","lang":"ja"},{"keyword":"reference group","sequence":"2","lang":"en"},{"keyword":"収入満足","sequence":"3","lang":"ja"},{"keyword":"income satisfaction","sequence":"3","lang":"en"},{"keyword":"生活満足","sequence":"4","lang":"ja"},{"keyword":"life satisfaction","sequence":"4","lang":"en"}],"citation_list":[{"sequence":"1","doi":"10.1016/0047-2727(95)01564-7","volume":"61","first_page":"359","publication_date":{"publication_year":"1996"},"original_text":"Clark, E. Andrew, and Andrew J. Oswald. 1996. &ldquo;Satisfaction and Comparison Income.&rdquo; <I>Journal of Public Economics,</I> 61: 359-381."},{"sequence":"2","original_text":"D&prime;Ambrosio, Conchita, and Joachim R. Frick. 2004. &ldquo;Subjective Well-Being and Relative Deprivation: An Empirical Link.&rdquo; <I>IZA Discussion Papers 1351,</I> Institute for the Study of Labor (IZA)."},{"sequence":"3","original_text":"Davis, James A. 1950. &ldquo;A Formal Interpretation of the Theory of Relative Deprivation.&rdquo; <I>Sociometry,</I> 22(4): 280-296."},{"sequence":"4","original_text":"Easterlin, Richard A. 1974. &ldquo;Does Empirical Growth Improve the Human Lot? Some Empirical Evidence.&rdquo; Pp.89-125. in <I>Nations and Households in Economic Growth: Essays in Honor of Moses Abramovitz,</I> edited by Paul A. David and Melvin W. Reder. New York: Academic Press."},{"sequence":"5","original_text":"Easterlin, Richard A. 1995. &ldquo;Will Raising the Incomes of All Increase the Happiness of All.&rdquo; <I>Journal of Economic Behavior &amp; Organization,</I> 27(1): 35-47."},{"sequence":"6","original_text":"Easterlin, Richard A. 2001. &ldquo;Income and Happiness: Towards a Unified Theory.&rdquo; <I>The Economic Journal,</I> 111: 465-484."},{"sequence":"7","volume":"40","first_page":"591","publication_date":{"publication_year":"2005"},"original_text":"Eibner, Christine, and William N. Evans. 2005. &ldquo;Relative Deprivation, Poor Health Habits, and Mortality.&rdquo; <I>Journal of Human Resources,</I> 40(3): 591-620."},{"sequence":"8","original_text":"Fararo, Thomas J., and Kenji Kosaka. 2003. <I>Generating Images of Stratification: A Formal Theory.,</I> Dordrecht: Kluwer Academic Publisher."},{"sequence":"9","original_text":"Ferrer-i-Carbonell, Ada. 2005. &ldquo;Income and Well-being: an Empirical Analysis of the Comparison Income Effect.&rdquo; <I>Journal of Public Economics,</I> 89(5-6): 997-1019."},{"sequence":"10","doi":"10.4057/jsr.52.283","title_list":[{"lang":"en","title":"Self-Evaluation of Economic Status and Reference Group"}],"volume":"52","issue":"2","first_page":"283","last_page":"299","publication_date":{"publication_year":"2001"},"creator_list":[{"sequence":"1","type":"person","names":[{"lang":"en","last_name":"HAMADA","first_name":"Hiroshi"},{"lang":"ja","last_name":"浜田","first_name":"宏"}]}],"original_text":"浜田宏．2001．「経済的地位の自己評価と準拠集団―&delta;区間モデルによる定式化―」『社会学評論』52(2)：283-299"},{"sequence":"11","original_text":"Hey, John D., and Peter J. Lambert. 1980. &ldquo;Relative Deprivation and the Gini Coefficient: Comment.&rdquo; <I>Quarterly Journal of Economics,</I> 95(3): 567-573."},{"sequence":"12","doi":"10.4057/jsr.51.120","original_text":"星敦士．2000．「階層帰属意識の判断基準と比較基準―準拠枠としてのネットワークの機能―」『社会学評論』51(1)：120-135．"},{"sequence":"13","doi":"10.4057/jsr.59.752","title_list":[{"lang":"en","title":"Change in Inequality and Aggregation of Subjective Well-being by Redistribution of Income","subtitle":"A simulation analysis using the 2005 SSM survey dataset"},{"title":"仮想的所得再分配による不平等と幸福総和の変動","subtitle":"2005年SSM調査データを用いたシミュレーション分析"}],"volume":"59","issue":"4","first_page":"752","last_page":"768","publication_date":{"publication_year":"2009"},"creator_list":[{"sequence":"1","type":"person","names":[{"lang":"en","last_name":"ISHIDA","first_name":"Atsushi"},{"lang":"ja","last_name":"石田","first_name":"淳"}],"affiliation_list":[{"affiliation_name":"Japan Society for the Promotion of Science","sequence":"1","lang":"en"},{"affiliation_name":"日本学術振興会","sequence":"1","lang":"ja"}]}],"original_text":"石田淳．2009．「仮想的所得再分配による不平等と幸福総和の変動―2005年SSM調査データを用いたシミュレーション分析―」『社会学評論』59(4)：752-767．"},{"sequence":"14","original_text":"石田淳．2011．「Yitzhakiの個人相対的剥奪指数を用いた収入満足感の分析」『現代日本の階層状況の解明―ミクロ－マクロ連結からのアプローチ　第3分冊　社会意識・ライフスタイル』：125-140．"},{"sequence":"15","original_text":"Kakwani, Nanak C. 1984. &ldquo;The Relative Deprivation Curve and Its Applications.&rdquo; <I>Journal of Business and Economic Statistics,</I> 2(4): 384-394."},{"sequence":"16","doi":"10.4057/jsr.55.348","journal_title_name_list":[{"journal_title_name":"社会学評論","lang":"ja"}],"title_list":[{"lang":"ja","title":"階層帰属意識に対する地域特性の効果：準拠集団か認識空間か"}],"volume":"55","issue":"3","first_page":"348","last_page":"366","publication_date":{"publication_year":"2004"},"content_language":"ja","original_text":"小林大祐．2004．「階層帰属意識に対する地域特性の効果―準拠集団か認識空間か」『社会学評論』55(3)：348-366．"},{"sequence":"17","original_text":"Kondo, N., I. Kawachi, H. Hirai, K. Kondo, S. V. Subramanian, T. Hanibuchi, Z. Yamagata. 2009. &ldquo;Relative Deprivation and Incident Functional Disability among Older Japanese Women and Men Prospective Cohort Study.&rdquo; <I>Journal of Epidemic Community Health,</I> 63: 461-467."},{"sequence":"18","original_text":"高坂健次．2006.『社会学におけるフォーマル・セオリー―階層イメージに関するFKモデル【改訂版】』ハーベスト社．"},{"sequence":"19","original_text":"McBride, Michael. 2001. &ldquo;Relative-income Effects on Subjective Well-being in the Cross-section.&rdquo; <I>Journal of Economic Behavior &amp; Organization,</I> 45: 251-278."},{"sequence":"20","original_text":"Merton, Robert K. 1957. <I>Social Theory and Social Structure, Revised and Enlarged Edition.</I> New York: The Free Press.（森東吾ほか（訳）．1961．『社会理論と社会構造』みすず書房．）"},{"sequence":"21","original_text":"三輪哲・小林大祐（編）．2008．『2005年SSM日本調査の基礎分析―構造・趨勢・方法―』（2005年SSM調査報告書　第1巻）2005年社会階層と社会移動調査研究会．"},{"sequence":"22","original_text":"Reagan, Patricia B., Pamela J. Salsberry, and Randall J. Olsen. 2007. &ldquo;Does the Measure of Economic Disadvantage Matter? Exploring the Effect of Individual and Relative Deprivation on Intrauterine Growth Restriction.&rdquo; <I>Social Science &amp; Medicine,</I> 64(10): 2016-2029."},{"sequence":"23","original_text":"Runciman, W. G. 1966. <I>Relative Deprivation and Social Justice.</I> London: Routledge and Kegan Paul."},{"sequence":"24","original_text":"Singer, Eleanor. 1981. &ldquo;Reference Groups and Social Evaluations.&ldquo; Pp. 66-93 in <I>Social Psychology: Sociological Perspectives,</I> edited by Morris Rosenberg and Ralph H. Turner. New York: Basic Books."},{"sequence":"25","original_text":"Stewart, Quincy Thomas. 2006. &ldquo;Reinvigorating Relative Deprivation: A New Measure for a Classic Concept.&rdquo; <I>Social Science Research,</I> 35(3): 779-802."},{"sequence":"26","original_text":"Stouffer, Samuel A., Edward A. Suchman, Leland C. DeVinney, Shirley A. Star, and Robin M. Williams Jr. 1949. <I>The American Soldier: Adjustment During Army Life.</I> Princeton: Princeton University Press."},{"sequence":"27","original_text":"Subramanyam, Malavika, Ichiro Kawachi, Lisa Berkman,and S. V. Subramanian. 2009. &ldquo;Relative Deprivation in Income and Self-rated Health in the United States.&rdquo; <I>Social Science &amp; Medicine,</I> 69(3): 327-334."},{"sequence":"28","original_text":"数土直紀．2010．『日本人の階層意識』講談社．"},{"sequence":"29","original_text":"Yitzhaki, Shlomo. 1979. &ldquo;Relative Deprivation and the Gini Coefficient.&rdquo; <I>Quarterly Journal of Economics,</I> 93: 321-324."}]}}