{"status":"OK","apiType":"doi","apiVersion":"1.0.0","message":{"total":1,"rows":1,"totalPages":1,"page":1},"data":{"siteId":"SI/JST.JSTAGE","content_type":"JA","doi":"10.11218/ojjams.29.1","url":"https://doi.org/10.11218/ojjams.29.1","ra":"JaLC","prefix":"10.11218","site_name":"J-STAGE","publisher_list":[{"publisher_name":"Japanese Association For Mathematical Sociology","lang":"en"},{"publisher_name":"数理社会学会","lang":"ja"}],"title_list":[{"lang":"ja","title":"ハビトゥス概念を用いた因果の探求"},{"lang":"en","title":"Causal Inquiry with the Concept of Habitus"}],"creator_list":[{"sequence":"1","type":"person","names":[{"lang":"ja","last_name":"近藤","first_name":"博之"},{"lang":"en","last_name":"KONDO","first_name":"Hiroyuki"}],"affiliation_list":[{"affiliation_name":"Osaka University","sequence":"1","lang":"en"},{"affiliation_name":"大阪大学","sequence":"1","lang":"ja"}]}],"publication_date":{"publication_year":"2014"},"relation_list":[{"content":"https://www.jstage.jst.go.jp/article/ojjams/29/1/29_1/_pdf","type":"URL","relation":"fullTextPdf"}],"content_language":"ja","updated_date":"2016-07-09","article_type":"pub","journal_id_list":[{"journal_id":"0913-1442","type":"ISSN","issn_type":"print"},{"journal_id":"1881-6495","type":"ISSN","issn_type":"online"},{"journal_id":"ojjams","type":"JID"}],"journal_title_name_list":[{"journal_title_name":"Sociological Theory and Methods","type":"full","lang":"en"},{"journal_title_name":"Sociological Theory and Methods","type":"abbreviation","lang":"en"},{"journal_title_name":"理論と方法","type":"full","lang":"ja"},{"journal_title_name":"理論と方法","type":"abbreviation","lang":"ja"}],"journal_classification":"01","recorded_year":"1986-2013","volume":"29","issue":"1","first_page":"1","last_page":"15","date":"2016-07-10","keyword_list":[{"keyword":"educational inequality","sequence":"1","lang":"en"},{"keyword":"教育不平等","sequence":"1","lang":"ja"},{"keyword":"habitus","sequence":"2","lang":"en"},{"keyword":"ハビトゥス","sequence":"2","lang":"ja"},{"keyword":"structural causality","sequence":"3","lang":"en"},{"keyword":"構造的因果性","sequence":"3","lang":"ja"},{"keyword":"social space approach","sequence":"4","lang":"en"},{"keyword":"社会空間アプローチ","sequence":"4","lang":"ja"}],"citation_list":[{"sequence":"1","original_text":"Abbott, A. 1988. &ldquo;Transcending General Linear Reality.&rdquo; <I>Sociological Theory</I> 6: 169-186."},{"sequence":"2","original_text":"Arkes, H. R. and P. Ayton. 1999. &ldquo;The Sunk Cost and Concorde Effects: Are Humans Less Rational Than Lower Animals?&rdquo; <I>Psychological Bulletin</I> 125 (5): 591-600."},{"sequence":"3","original_text":"Baker, D. P., B. Goesling, and G. K. LeTendre. 2002. &ldquo;Socioeconomic Status, School Quality and National Economic Development: A Cross-National Analysis of the &ldquo;Heyneman-Loxley Effect&rdquo; on Mathematics and Science Achievement.&rdquo; <I>Comparative Education Review</I> 46(3): 291-312."},{"sequence":"4","original_text":"Blasius, J. and J. Friedrichs. 2008. &ldquo;Lifestyles in Distressed Neighborhoods: A Test of Bourdieu's &ldquo;Taste of Necessity&rdquo; Hypothesis.&rdquo; <I>Poetics</I> 36: 24-44."},{"sequence":"5","original_text":"Boudon, R. 1974. <I>Education, Opportunity, and Social Inequality: Changing Prospects in Western Society</I>. New York: John Wiley and Sons."},{"sequence":"6","original_text":"Boudon, R. 1990. &ldquo;Individualism and Holism in the Social Sciences.&rdquo; in P. Birnbaum and J. Leca eds. <I>Individualism</I>. Oxford: Clarendon Press."},{"sequence":"7","original_text":"Bourdieu, P. 1996. &ldquo;Physical Space, Social Space and Habitus.&rdquo; Vilhelm Aubert Memorial Lecture, Institute for Sosiologi og samfunnsgeografi, Universitet i Oslo <I>Rapport</I> 10."},{"sequence":"8","original_text":"ブルデュー, P. 1969=1994. 『美術愛好――ヨーロッパの美術館と観衆』山下雅之訳, 木鐸社."},{"sequence":"9","original_text":"ブルデュー, P. 1979=1989. 『ディスタンクシオン〔社会的判断力批判〕I・II』石井洋二郎訳, 藤原書店."},{"sequence":"10","original_text":"ブルデュー, P. 1980=2001. 『実践感覚1・2』今村仁司・港道隆訳, みすず書房."},{"sequence":"11","original_text":"ブルデュー, P. 1997=2009. 『パスカル的省察』加藤晴久訳, 藤原書店."},{"sequence":"12","original_text":"ブルデュー, P. 1989=2012. 『国家貴族――〔エリート教育と支配階級の再生産〕I・II』立花英裕訳, 藤原書店."},{"sequence":"13","original_text":"ブルデュー, P. &amp; J-C. パスロン. 1970=1991. 『再生産〔教育・社会・文化〕』宮島喬訳, 藤原書店 ."},{"sequence":"14","original_text":"ブルデュー, P. &amp; L. J. D. ヴァカン. 1990=2007. 『リフレクシヴ・ソシオロジーへの招待――ブルデュー, 社会学を語る』水島和則訳, 藤原書店."},{"sequence":"15","original_text":"Breen, R. and J. H. Goldthorpe. 1997. &ldquo;Explaining Educational Differentials: Towards a Formal Rational Action Theory.&rdquo; <I>Rationality and Society</I> 9(3): 275-305."},{"sequence":"16","original_text":"Buchmann, C. 2002. &ldquo;Measuring Family Background in International Studies of Education: Conceptual Issues and Methodological Challenges.&rdquo; in Porter A. C. and A. Gamoran eds. Methodological Advances in <I>Cross-National Surveys of Educational Achievement</I>. Washington, D.C: National Academy Press."},{"sequence":"17","original_text":"Carlsson, G. 1958. <I>Social Mobility and Social Structure</I>. Lund: GWK Gleerup."},{"sequence":"18","original_text":"Caro, D. H. and J. Lenkeit. 2012. &ldquo;An Analytical Approach to Study Educational Inequalities: Ten Hypothesis Tests in PIRLS 2006.&rdquo; <I>International Journal of Research and Method in Education</I> 35 (1): 3-30."},{"sequence":"19","original_text":"Chudgar, A. and Luschei, T. F. 2009.&ldquo;National Income, Income Inequality, and the Importance of Schools: AHierarchical Cross-National Comparison.&rdquo; <I>American Educational Research Journal</I> 46(3): 626-658."},{"sequence":"20","original_text":"コールマン, J. S. 1990=2004. 『社会理論の基礎（上・下）』久慈利武監訳, 青木書店."},{"sequence":"21","original_text":"Coleman, J. S., E. Q. Campbell, C. J. Hobson, J. McPartland, A. M. Mood, F. D. Weinfall, and R. L. York. 1966. <I>Equality of Educational Opportunity</I>. Washington, D.C.: Department of Health, Education, and Welfare."},{"sequence":"22","original_text":"Crossley, N. 2008. &ldquo;Social Class.&rdquo; in Grenfell, M. ed. <I>Pierre Bourdieu: Key Concepts</I>. Stocksfield: Acumen."},{"sequence":"23","original_text":"DES. 1967. <I>Children and their Primary Schools, A Report of the Central Advisory Council for Education (England)</I>. London: Her Majesty's Stationery Office."},{"sequence":"24","original_text":"Freese, J. and K. Lutfey. 2011. &ldquo;Fundamental Causality: Challenges of an Animating Concept for Medical Sociology.&rdquo; in B. A. Pescosolido, J. K. Martin, J. McLeod, and A. Rogers eds. <I>The Handbook of the Sociology of Health, Illness, and Healing</I>. New York: Springer."},{"sequence":"25","original_text":"Gambetta, D. 1987. <I>Were they pushed or did they jump? : Individual Decision Mechanisms in Education</I>. Cambridge: Cambridge University Press."},{"sequence":"26","original_text":"Glass,D. V. ed. 1954. <I>Social Mobility in Britain</I>. London: Routledge and Kegan Paul."},{"sequence":"27","original_text":"Goldthorpe, J. H. 2000. <I>On Sociology: Numbers, Narratives, and the Integrartion of Research and Theory</I> Oxford: Oxford University Press."},{"sequence":"28","original_text":"Greenacre, M. 2007. <I>Correspondence Analysis in Practice</I> (2nd edition). Boca Raton, Fl : Chapman & Hall/CRC."},{"sequence":"29","original_text":"Hanushek, E. A. and J. A. Luque. 2003. &ldquo;Efficiency and Equity in Schools around the World.&rdquo; <I>Economics of Education Review</I> 22: 481-502."},{"sequence":"30","original_text":"Heyneman, S. P. and W. A. Loxley. 1983. &ldquo;The effect of Primary School Quality on Academic Achievement across Twenty-nine High and Low Income Countries.&rdquo; <I>American Journal of Sociology</I> 88 (6): 1162-1194."},{"sequence":"31","original_text":"樋口美雄・宮内環・C. R. Mckenzie編.2012. 『親子関係と家計行動のダイナミズム――財政危機下の教育・ 健康・就業』慶応大学出版会 ."},{"sequence":"32","original_text":"石田浩・近藤博之・中尾啓子編. 2011. 『現代の階層社会2 階層と移動の構造』東京大学出版会."},{"sequence":"33","original_text":"苅谷剛彦・志水宏吉編. 2004. 『学力の社会学――調査が示す学力の変化と学習の課題』岩波書店."},{"sequence":"34","original_text":"菊池城司編. 1990. 『現代日本の階層構造3 教育と社会移動』東京大学出版会."},{"sequence":"35","original_text":"近藤博之編. 2000. 『日本の階層システム 3 戦後日本の教育社会』東京大学出版会."},{"sequence":"36","original_text":"近藤博之. 2008. 「多重対応分析を用いた社会空間の構築」前田忠彦編『社会調査における測定と分析をめぐる諸問題』SSM 調査シリーズ12, 2005年社会階層と社会移動調査研究会."},{"sequence":"37","original_text":"近藤博之. 2011a. 「社会空間の構造と相同性仮説――日本のデータによるブルデュー理論の検証」『理論と方法』26 (1): 161-177."},{"sequence":"38","original_text":"近藤博之. 2011b. 「社会空間アプローチによる階層の分析」石田・近藤・中尾編(2011)所収."},{"sequence":"39","original_text":"近藤博之. 2012. 「社会空間と学力の階層差」『教育社会学研究』90: 101-121."},{"sequence":"40","original_text":"Lane, M. 1972. &ldquo;Explaining Educational Choice.&rdquo; <I>Sociology</I> 6: 255-66."},{"sequence":"41","original_text":"Lenoir, R. 2004. &ldquo;<I>Espace Social et Classes Sociales</I>.&rdquo; in P. Champagne, L. Pinto, and G. Sapiro eds. <I>Pierre Bourdieu Intellectuel</I>. Paris: Fayard."},{"sequence":"42","original_text":"Lieberson, S. 1985. <I>Making it Count: The Improvement of Social Research and Theory</I>. Berkeley: University of California Press."},{"sequence":"43","original_text":"Link, B. and J. Phelan. 1995. &ldquo;Social Conditions as Fundamental Causes of Disease.&rdquo; <I>Journal of Health and Social Behavior</I> (extra issue): 80-94."},{"sequence":"44","original_text":"Linton, R. 1936. <I>The Study of Man: An Introduction</I>. New York: Appleton-Century-Crofts."},{"sequence":"45","original_text":"MacIver, R. M. [1942] 1964. <I>Social Causation</I>. New York: Harper Torchbooks."},{"sequence":"46","original_text":"耳塚寛明. 2007. 「小学校学力格差に挑む――だれが学力を獲得するのか」『教育社会学研究』80: 23-39."},{"sequence":"47","original_text":"Monseur, C. and Crahay, M. 2008. &ldquo;Composition acad&eacute;mique et sociale des &eacute;tablissements, efficacit&eacute; et in&eacute;galit&eacute;s scolaires: une comparaison internationale.&rdquo; <I>Revue fran&ccedil;aise de p&eacute;dagogie</I> 164: 55-65."},{"sequence":"48","original_text":"Parsons, T. 1970. &ldquo;Equality and Inequality in Modern Society, or Social Stratification Revisited.&rdquo; <I>Sociological Inquiry</I> 40: 13-72."},{"sequence":"49","original_text":"Robson, K. and C. Sanders eds. 2009. <I>Quantifying Theory: Pierre Bourdieu</I>. Dortrecht: Springer."},{"sequence":"50","original_text":"Rosenlund, L. 1996. &ldquo;Cultural Changes in a Norwegian Urban Community: Applying Pierre Bourdieu's Approach and Analytical Framework.&rdquo; <I>International Journal of Contemporary Sociology</I> 33(2): 211-36."},{"sequence":"51","original_text":"Rosenlund, L. 2009. <I>Exploring the City with Bourdieu: Applying Pierre Bourdieu's Theories and Methods to Study the Community</I>. Saarbr&uuml;cken: VDM."},{"sequence":"52","original_text":"Shavit, Y. and H.-P. Blossfeld eds. 1993. <I>Persistent Inequality: Changing Educational Attainment in Thirteen Countries</I>. Boulder: Westview Press."},{"sequence":"53","original_text":"サイモン, H. A. [1945]1997=2009. 『〔新版〕経営行動――経営組織における意思決定過程の研究』二村敏子・桑田耕太郎・高尾義明・西脇陽子・高柳美香訳, ダイヤモンド社."},{"sequence":"54","original_text":"Sorokin, P. A. [1927]1959. <I>Social and Cultural Mobility</I>. New York: The Free Press."},{"sequence":"55","original_text":"Vandenberghe, F. 1999. &ldquo;The Real is Relational&rdquo;: An Epistemological Analysis of Pierre Bourdieu's Generative Structuralism.&rdquo; <I>Sociological Theory</I> 17(1): 32-67."},{"sequence":"56","original_text":"Walters, P. B. 2000. &ldquo;The Limits of Growth: School Expansion and Social Reform in Historical Perspective.&rdquo; in Maureen T. Hallinan ed. <I>Handbook of the Sociology of Education</I>. New York: Kluwer Academic/Plenum Publishers."},{"sequence":"57","original_text":"Weininger, E. B. 2002. &ldquo;Class and Causation in Bourdieu.&rdquo; <I>Current Perspectives in Social Theory</I> 21: 49-114."},{"sequence":"58","original_text":"安田三郎. 1971. 『社会移動の研究』東京大学出版会."},{"sequence":"59","original_text":"ヤング, マイケル. 1958=1982. 『メリトクラシー』窪田鎮夫・山元卯一郎訳, 至誠堂."}]}}