{"status":"OK","apiType":"doi","apiVersion":"1.0.0","message":{"total":1,"rows":1,"totalPages":1,"page":1},"data":{"siteId":"SI/JST.JSTAGE","content_type":"JA","doi":"10.11218/ojjams.21.164_e1","url":"https://doi.org/10.11218/ojjams.21.164_e1","ra":"JaLC","prefix":"10.11218","site_name":"J-STAGE","publisher_list":[{"publisher_name":"Japanese Association For Mathematical Sociology","lang":"en"},{"publisher_name":"数理社会学会","lang":"ja"}],"title_list":[{"lang":"en","title":"Erratum : The Social Institution of Freedom and Responsibility: the Impossibility of a Paretian Liberal and the Possibility of Freedom of Contract","subtitle":"[<I>Sociological Theory and Methods</I>, 20(2):211-226]"},{"title":"Erratum : 自由と責任の制度 -パレート派リベラルの不可能性と契約自由解の可能性-","subtitle":"[『理論と方法』20(2):211-226]"}],"creator_list":[{"sequence":"1","type":"person","names":[{"lang":"en","last_name":"NAITO","first_name":"Jun"},{"lang":"ja","last_name":"内藤","first_name":"準"}],"affiliation_list":[{"affiliation_name":"The University of Tokyo Graduate School of Humanities and Sociology","sequence":"1","lang":"en"},{"affiliation_name":"東京大学","sequence":"1","lang":"ja"},{"affiliation_name":"Japan Society for the Promotion of Science","sequence":"2","lang":"en"},{"affiliation_name":"日本学術振興会","sequence":"2","lang":"ja"}]}],"publication_date":{"publication_year":"2006"},"relation_list":[{"content":"http://www.jstage.jst.go.jp/article/ojjams/21/1/21_1_164_e1/_pdf","type":"URL","relation":"fullTextPdf"}],"updated_date":"2014-12-09","article_type":"pub","journal_id_list":[{"journal_id":"0913-1442","type":"ISSN","issn_type":"print"},{"journal_id":"1881-6495","type":"ISSN","issn_type":"online"},{"journal_id":"ojjams","type":"JID"}],"journal_title_name_list":[{"journal_title_name":"Sociological Theory and Methods","type":"full","lang":"en"},{"journal_title_name":"Sociological Theory and Methods","type":"abbreviation","lang":"en"},{"journal_title_name":"理論と方法","type":"full","lang":"ja"},{"journal_title_name":"理論と方法","type":"abbreviation","lang":"ja"}],"journal_classification":"01","recorded_year":"1986-2013","volume":"21","issue":"1","first_page":"e1","last_page":"164_e1","date":"2009-03-27"}}