{"status":"OK","apiType":"doi","apiVersion":"1.0.0","message":{"total":1,"rows":1,"totalPages":1,"page":1},"data":{"siteId":"SI/JST.JSTAGE","content_type":"JA","doi":"10.11218/ojjams.23.134","url":"https://doi.org/10.11218/ojjams.23.134","ra":"JaLC","prefix":"10.11218","site_name":"J-STAGE","publisher_list":[{"publisher_name":"Japanese Association For Mathematical Sociology","lang":"en"},{"publisher_name":"数理社会学会","lang":"ja"}],"title_list":[{"title":"『調査データ分析の基礎―JGSSデータとオンライン集計の活用―』岩井紀子・保田時男著"}],"creator_list":[{"sequence":"1","type":"person","names":[{"lang":"en","last_name":"MABUCHI","first_name":"Ryogo"},{"lang":"ja","last_name":"間淵","first_name":"領吾"}],"affiliation_list":[{"affiliation_name":"Kansai University","sequence":"1","lang":"en"},{"affiliation_name":"関西大学","sequence":"1","lang":"ja"}]}],"publication_date":{"publication_year":"2008"},"relation_list":[{"content":"http://www.jstage.jst.go.jp/article/ojjams/23/1/23_1_134/_pdf","type":"URL","relation":"fullTextPdf"}],"updated_date":"2014-12-09","article_type":"pub","journal_id_list":[{"journal_id":"0913-1442","type":"ISSN","issn_type":"print"},{"journal_id":"1881-6495","type":"ISSN","issn_type":"online"},{"journal_id":"ojjams","type":"JID"}],"journal_title_name_list":[{"journal_title_name":"Sociological Theory and Methods","type":"full","lang":"en"},{"journal_title_name":"Sociological Theory and Methods","type":"abbreviation","lang":"en"},{"journal_title_name":"理論と方法","type":"full","lang":"ja"},{"journal_title_name":"理論と方法","type":"abbreviation","lang":"ja"}],"journal_classification":"01","recorded_year":"1986-2013","volume":"23","issue":"1","first_page":"134","last_page":"136","date":"2008-08-11"}}