{"status":"OK","apiType":"doi","apiVersion":"1.0.0","message":{"total":1,"rows":1,"totalPages":1,"page":1},"data":{"siteId":"SI/JST.JSTAGE","content_type":"JA","doi":"10.11218/ojjams.13.75","url":"https://doi.org/10.11218/ojjams.13.75","ra":"JaLC","prefix":"10.11218","site_name":"J-STAGE","publisher_list":[{"publisher_name":"Japanese Association For Mathematical Sociology","lang":"en"},{"publisher_name":"数理社会学会","lang":"ja"}],"title_list":[{"lang":"ja","title":"時間遅れのある伝播モデル"},{"lang":"en","title":"Transmission Models with the Delay of Time"}],"creator_list":[{"sequence":"1","type":"person","names":[{"lang":"ja","last_name":"七條","first_name":"達弘"},{"lang":"en","last_name":"SHICHIJO","first_name":"Tatsuhiro"}],"affiliation_list":[{"affiliation_name":"College of Economics<BR>Osaka Prefecture University","sequence":"1","lang":"en"},{"affiliation_name":"大阪府立大学","sequence":"1","lang":"ja"}]}],"publication_date":{"publication_year":"1998"},"relation_list":[{"content":"https://www.jstage.jst.go.jp/article/ojjams/13/1/13_75/_pdf","type":"URL","relation":"fullTextPdf"}],"content_language":"ja","updated_date":"2016-09-29","article_type":"pub","journal_id_list":[{"journal_id":"0913-1442","type":"ISSN","issn_type":"print"},{"journal_id":"1881-6495","type":"ISSN","issn_type":"online"},{"journal_id":"ojjams","type":"JID"}],"journal_title_name_list":[{"journal_title_name":"Sociological Theory and Methods","type":"full","lang":"en"},{"journal_title_name":"Sociological Theory and Methods","type":"abbreviation","lang":"en"},{"journal_title_name":"理論と方法","type":"full","lang":"ja"},{"journal_title_name":"理論と方法","type":"abbreviation","lang":"ja"}],"journal_classification":"01","recorded_year":"1986-2013","volume":"13","issue":"1","first_page":"75","last_page":"91","date":"2016-09-30","keyword_list":[{"keyword":"Evolutionary game theory","sequence":"1","lang":"en"},{"keyword":"進化ゲーム理論","sequence":"1","lang":"ja"},{"keyword":"transition theory","sequence":"2","lang":"en"},{"keyword":"伝播モデル","sequence":"2","lang":"ja"},{"keyword":"meme","sequence":"3","lang":"en"},{"keyword":"ミーム","sequence":"3","lang":"ja"},{"keyword":"bubble","sequence":"4","lang":"en"},{"keyword":"バブル現象","sequence":"4","lang":"ja"},{"keyword":"phenomenon of fashion","sequence":"5","lang":"en"},{"keyword":"流行","sequence":"5","lang":"ja"}],"citation_list":[{"sequence":"1","original_text":"Allison, P. D. 1992. &ldquo;The Cultural Evolution of Beneficent Norms.&rdquo; <I>Social Force</I> (2): 279-301."},{"sequence":"2","original_text":"Blanchard O. J. &amp; Fischer S. 1989. <I>Lectures on Macroeconomics</I>. Cambridge, Massachusetts: MIT Press."},{"sequence":"3","original_text":"Brodie, R. 1996. <I>Virus of the Mind</I>. Seattle: Integral Press."},{"sequence":"4","original_text":"Cavalli-Sforza, L. L. &amp; Feldman, M. W. 1981. <I>Cultural transmission and evolution: a quantitative approach</I>. Princeton, N. J. Princeton University Press."},{"sequence":"5","original_text":"Coleman, J. S. 1964. <I>Introduction to Mathematical Sociology</I>. New York: Free Press of Glencoe."},{"sequence":"6","original_text":"Dawkins, R. 1976. <I>The Selfish Gene</I>. New York: Oxford University Press."},{"sequence":"7","original_text":"Devaney, R. L. 1986. <I>An introduction to chaotic dynamical systems</I>. Menlo Park, Calif.; Tokyo: Benjamin/ Cummings."},{"sequence":"8","original_text":"Gopalsamy, K 1985. &ldquo;Nonoscillation in a delay-logistic equation.&rdquo; <I>Quartery of applied mathematics</I> 43 (2)189-197."},{"sequence":"9","original_text":"Gopalsamy, K 1986. &ldquo;Oscillations in a delay-logistic equation.&rdquo; <I>Quartery of applied mathematics</I> 44 (3)447-461."},{"sequence":"10","original_text":"Granovetter, M. 1978. &ldquo;Threshold Models of Collective Behavior.&rdquo; <I>American Journal of Sociology</I> 83 (6)1420-1443."},{"sequence":"11","original_text":"石井健一 1993．｢世論過程の閾値モデル｣『理論と方法』２巻１号: 15-28."},{"sequence":"12","original_text":"Mahajan, V. &amp; Peterson. R. A. 1985. <I>Models for innovation diffusion</I>. Beverly Hills: Sage Publications."},{"sequence":"13","original_text":"Mailath, G. J. 1992. &ldquo;Introduction: Symposium on Evolutionary Game Theory.&rdquo; <I>Journal of Economic Theory</I> 57: 256-277."},{"sequence":"14","original_text":"松田光司 1996.「流行現象とベクトル型閾値モデル」『理論と方法』11巻２号: 113-128."},{"sequence":"15","original_text":"Rogers, E. M. 1971. <I>Communication of innovations: a Cross-Cultural Approach, second education</I>. New York: The Free Press.（宇野善康訳 1981『普及学入門』産業能率大学出版部）"},{"sequence":"16","original_text":"Tirole, J. 1985. &ldquo;Asset Bubbles and Overlapping Generations.&rdquo; <I>Econometrica</I> 53 (6) 1499-1528."},{"sequence":"17","original_text":"Weibull, J. W. 1995. <I>Evolutionary Game Theory</I>. Cambridge, Massachusetts: MIT Press."},{"sequence":"18","original_text":"Weil, P. 1987. &ldquo;Confidence and the Real Value of Money in Overlapping Generation Models.&rdquo; <I>Quartely Journal of Economics</I> 102 (1) 1-22."}]}}