{"status":"OK","apiType":"doi","apiVersion":"1.0.0","message":{"total":1,"rows":1,"totalPages":1,"page":1},"data":{"siteId":"SI/JST.JSTAGE","content_type":"JA","doi":"10.11218/ojjams.29.123","url":"https://doi.org/10.11218/ojjams.29.123","ra":"JaLC","prefix":"10.11218","site_name":"J-STAGE","publisher_list":[{"publisher_name":"Japanese Association For Mathematical Sociology","lang":"en"},{"publisher_name":"数理社会学会","lang":"ja"}],"title_list":[{"lang":"ja","title":"中堅層大学における数理社会学教育","subtitle":"―授業内容例と学生の反応―"}],"creator_list":[{"sequence":"1","type":"person","names":[{"lang":"ja","last_name":"金井","first_name":"雅之"},{"lang":"en","last_name":"KANAI","first_name":"Masayuki"}],"affiliation_list":[{"affiliation_name":"Senshu University","sequence":"1","lang":"en"},{"affiliation_name":"専修大学","sequence":"1","lang":"ja"}]}],"publication_date":{"publication_year":"2014"},"relation_list":[{"content":"https://www.jstage.jst.go.jp/article/ojjams/29/1/29_123/_pdf","type":"URL","relation":"fullTextPdf"}],"content_language":"ja","updated_date":"2016-07-09","article_type":"pub","journal_id_list":[{"journal_id":"0913-1442","type":"ISSN","issn_type":"print"},{"journal_id":"1881-6495","type":"ISSN","issn_type":"online"},{"journal_id":"ojjams","type":"JID"}],"journal_title_name_list":[{"journal_title_name":"Sociological Theory and Methods","type":"full","lang":"en"},{"journal_title_name":"Sociological Theory and Methods","type":"abbreviation","lang":"en"},{"journal_title_name":"理論と方法","type":"full","lang":"ja"},{"journal_title_name":"理論と方法","type":"abbreviation","lang":"ja"}],"journal_classification":"01","recorded_year":"1986-2013","volume":"29","issue":"1","first_page":"123","last_page":"130","date":"2016-07-10","citation_list":[{"sequence":"1","original_text":"土場学・小林盾・佐藤嘉倫・数土直紀・三隅一人・渡辺勉編. 2004. 『社会を〈モデル〉でみる――数理社会学への招待』勁草書房."},{"sequence":"2","original_text":"小林淳一・木村邦博. 1991. 『考える社会学』ミネルヴァ書房."},{"sequence":"3","original_text":"高坂健次. 2012. 「数理社会学の展望」『関西学院大学社会学部紀要』114: 37-63."}]}}