{"status":"OK","apiType":"doi","apiVersion":"1.0.0","message":{"total":1,"rows":1,"totalPages":1,"page":1},"data":{"siteId":"SI/JST.JSTAGE","content_type":"JA","doi":"10.11218/ojjams.17.135","url":"https://doi.org/10.11218/ojjams.17.135","ra":"JaLC","prefix":"10.11218","site_name":"J-STAGE","publisher_list":[{"publisher_name":"Japanese Association For Mathematical Sociology","lang":"en"},{"publisher_name":"数理社会学会","lang":"ja"}],"title_list":[{"lang":"ja","title":"階層帰属意識と生活意識"},{"lang":"en","title":"Status Identification and Perception about Standard of Living"}],"creator_list":[{"sequence":"1","type":"person","names":[{"lang":"ja","last_name":"中尾","first_name":"啓子"},{"lang":"en","last_name":"NAKAO","first_name":"Keiko"}],"affiliation_list":[{"affiliation_name":"Tokyo Metropolitan University","sequence":"1","lang":"en"},{"affiliation_name":"東京都立大学","sequence":"1","lang":"ja"}]}],"publication_date":{"publication_year":"2002"},"relation_list":[{"content":"https://www.jstage.jst.go.jp/article/ojjams/17/2/17_2_135/_pdf","type":"URL","relation":"fullTextPdf"}],"content_language":"ja","updated_date":"2017-03-23","article_type":"pub","journal_id_list":[{"journal_id":"0913-1442","type":"ISSN","issn_type":"print"},{"journal_id":"1881-6495","type":"ISSN","issn_type":"online"},{"journal_id":"ojjams","type":"JID"}],"journal_title_name_list":[{"journal_title_name":"Sociological Theory and Methods","type":"full","lang":"en"},{"journal_title_name":"Sociological Theory and Methods","type":"abbreviation","lang":"en"},{"journal_title_name":"理論と方法","type":"full","lang":"ja"},{"journal_title_name":"理論と方法","type":"abbreviation","lang":"ja"}],"journal_classification":"01","recorded_year":"1986-2013","volume":"17","issue":"2","first_page":"135","last_page":"149","date":"2009-02-10","keyword_list":[{"keyword":"status identification","sequence":"1","lang":"en"},{"keyword":"階層帰属意識","sequence":"1","lang":"ja"},{"keyword":"subjective status","sequence":"2","lang":"en"},{"keyword":"主観的地位","sequence":"2","lang":"ja"},{"keyword":"perception about standard of living","sequence":"3","lang":"en"},{"keyword":"生活意識","sequence":"3","lang":"ja"},{"keyword":"cluster analysis","sequence":"4","lang":"en"},{"keyword":"クラスター分析","sequence":"4","lang":"ja"}],"citation_list":[{"sequence":"1","original_text":"吉川徹. 1998. 「階層評価基準の静かな変容―階層帰属意識の規定要因の時系列比較―」間々田孝夫（編）『現代日本の階層意識』（1995年SSM調査シリーズ6）1995年SSM調査研究会:1-21."},{"sequence":"2","original_text":"前田忠彦. 1998. 「階層帰属意識と生活満足感」間々田孝夫（編）『現代日本の階層意識』（1995年SSM調査シリーズ6）1995年SSM調査研究会:89-112."},{"sequence":"3","original_text":"間々田孝夫. 1990. 「階層帰属意識」原純輔（編）『現代日本の階層構造2　階層意識の動態』東京大学出版会:23-45"},{"sequence":"4","original_text":"間々田孝夫. 2000. 「自分はどこにいるのか：階層帰属意識の解明」海野道郎（編）『日本の階層システム2　公平感と政治意識』東京大学出版会:61-81."},{"sequence":"5","original_text":"直井道子. 1979. 「階層意識と階級意識」富永健一（編）『日本の階層構造』東京大学出版会:365-88."},{"sequence":"6","original_text":"盛山和夫. 1990. 「中意識の意味」『理論と方法』5(2):51-71."},{"sequence":"7","original_text":"数土直紀. 1998. 「学歴と階層意識」間々田孝夫（編）『現代日本の階層意識』（1995年SSM調査シリーズ6）1995年SSM調査研究会:23-45."},{"sequence":"8","original_text":"友枝敏雄. 1988. 「社会的地位と階層帰属意識」1985年社会階層と社会移動全国調査委員会（編）『1985年社会階層と社会移動全国調査報告書　第2巻階層意識の動態』1985年社会階層と社会移動全国調査委員会:21-42."}]}}