{"status":"OK","apiType":"doi","apiVersion":"1.0.0","message":{"total":1,"rows":1,"totalPages":1,"page":1},"data":{"siteId":"SI/JST.JSTAGE","content_type":"JA","doi":"10.11218/ojjams.24.333","url":"https://doi.org/10.11218/ojjams.24.333","ra":"JaLC","prefix":"10.11218","site_name":"J-STAGE","publisher_list":[{"publisher_name":"Japanese Association For Mathematical Sociology","lang":"en"},{"publisher_name":"数理社会学会","lang":"ja"}],"title_list":[{"lang":"ja","title":"オーストラリアにおける社会調査の実施状況","subtitle":"―今後の社会調査法を展望するために―"},{"lang":"en","title":"Practice of Social Survey in Australia:","subtitle":"Consideration for Survey Methodology in Japan"}],"creator_list":[{"sequence":"1","type":"person","names":[{"lang":"ja","last_name":"俵","first_name":"希實"},{"lang":"en","last_name":"TAWARA","first_name":"Kimi"}],"affiliation_list":[{"affiliation_name":"Graduate School of Human and Socio-Environment Studies<BR>Kanazawa University","sequence":"1","lang":"en"},{"affiliation_name":"金沢大学","sequence":"1","lang":"ja"}]},{"sequence":"2","type":"person","names":[{"lang":"ja","last_name":"轟","first_name":"亮"},{"lang":"en","last_name":"TODOROKI","first_name":"Makoto"}],"affiliation_list":[{"affiliation_name":"College of Human and Social Sciences<BR>Kanazawa University","sequence":"2","lang":"en"},{"affiliation_name":"金沢大学","sequence":"2","lang":"ja"}]}],"publication_date":{"publication_year":"2009"},"relation_list":[{"content":"https://www.jstage.jst.go.jp/article/ojjams/24/2/24_2_333/_pdf","type":"URL","relation":"fullTextPdf"}],"content_language":"ja","updated_date":"2017-03-23","article_type":"pub","journal_id_list":[{"journal_id":"0913-1442","type":"ISSN","issn_type":"print"},{"journal_id":"1881-6495","type":"ISSN","issn_type":"online"},{"journal_id":"ojjams","type":"JID"}],"journal_title_name_list":[{"journal_title_name":"Sociological Theory and Methods","type":"full","lang":"en"},{"journal_title_name":"Sociological Theory and Methods","type":"abbreviation","lang":"en"},{"journal_title_name":"理論と方法","type":"full","lang":"ja"},{"journal_title_name":"理論と方法","type":"abbreviation","lang":"ja"}],"journal_classification":"01","recorded_year":"1986-2013","volume":"24","issue":"2","first_page":"333","last_page":"343","date":"2010-03-30","keyword_list":[{"keyword":"difficulties in social survey","sequence":"1","lang":"en"},{"keyword":"社会調査の困難","sequence":"1","lang":"ja"},{"keyword":"protection of personal information","sequence":"2","lang":"en"},{"keyword":"個人情報保護","sequence":"2","lang":"ja"},{"keyword":"Australia","sequence":"3","lang":"en"},{"keyword":"オーストラリア","sequence":"3","lang":"ja"}],"citation_list":[{"sequence":"1","original_text":"de Leeuw, Edith D., Joop J. Hox and Don A. Dillman, 2008, <I>International Handbook of Survey Methodology</I>, New York: Lawrence Erlbaum Associates."},{"sequence":"2","original_text":"金沢大学文学部社会学研究室,2009,『市町村における総合計画と住民意識調査――計画行政と住民ニーズ把握に関する全国自治体調査』2007年度金沢大学文学部社会学コース社会調査実習報告書第27号．"},{"sequence":"3","original_text":"Groves, Robert M.et al., 2004, <I>Survey Methodology</I>, Hoboken: John Wiley &amp; Sons, Inc."},{"sequence":"4","original_text":"畑村洋太郎, 2000, 『失敗学のすすめ』 講談社．"},{"sequence":"5","original_text":"溝部明男・轟亮, 2008, 「中範囲の社会調査の可能性と実践的諸課題」『金沢大学文学部論集　行動科学・哲学編』28: 19-44．"},{"sequence":"6","original_text":"竹村彰通, 2003, 「個票開示問題の研究の現状と課題」『統計数理』51(2): 241-60."},{"sequence":"7","original_text":"玉野和志, 2007[1998], 「第4章　調査の企画を具体化しよう」盛岡清志編『ガイドブック　社会調査　第2版』日本評論社: 67-83．"},{"sequence":"8","original_text":"俵希實・田邊浩・轟亮, 2008, 「個人情報保護に対応する社会調査の技法――全国自治体調査から」『社会と調査』創刊号: 84-8．"}]}}