{"status":"OK","apiType":"doi","apiVersion":"1.0.0","message":{"total":1,"rows":1,"totalPages":1,"page":1},"data":{"siteId":"SI/JST.JSTAGE","content_type":"JA","doi":"10.11218/ojjams.11.47","url":"https://doi.org/10.11218/ojjams.11.47","ra":"JaLC","prefix":"10.11218","site_name":"J-STAGE","publisher_list":[{"publisher_name":"Japanese Association For Mathematical Sociology","lang":"en"},{"publisher_name":"数理社会学会","lang":"ja"}],"title_list":[{"lang":"ja","title":"非対称Shapley-Owen指数を用いた参議院における政党の投票力分析","subtitle":"―数量化III類を用いて―"},{"lang":"en","title":"Parties' Power in the House of Councilors with the Nonsymmetric","subtitle":"Shapley-Owen Index: Using the Quantification Method III"}],"creator_list":[{"sequence":"1","type":"person","names":[{"lang":"ja","last_name":"小野","first_name":"理恵"},{"lang":"en","last_name":"ONO","first_name":"Rie"}],"affiliation_list":[{"affiliation_name":"Faculty of Economics<BR>Toyama University","sequence":"1","lang":"en"},{"affiliation_name":"富山大学","sequence":"1","lang":"ja"}]}],"publication_date":{"publication_year":"1996"},"relation_list":[{"content":"https://www.jstage.jst.go.jp/article/ojjams/11/1/11_47/_pdf","type":"URL","relation":"fullTextPdf"}],"content_language":"ja","updated_date":"2016-08-25","article_type":"pub","journal_id_list":[{"journal_id":"0913-1442","type":"ISSN","issn_type":"print"},{"journal_id":"1881-6495","type":"ISSN","issn_type":"online"},{"journal_id":"ojjams","type":"JID"}],"journal_title_name_list":[{"journal_title_name":"Sociological Theory and Methods","type":"full","lang":"en"},{"journal_title_name":"Sociological Theory and Methods","type":"abbreviation","lang":"en"},{"journal_title_name":"理論と方法","type":"full","lang":"ja"},{"journal_title_name":"理論と方法","type":"abbreviation","lang":"ja"}],"journal_classification":"01","recorded_year":"1986-2013","volume":"11","issue":"1","first_page":"47","last_page":"55","date":"2016-08-26","keyword_list":[{"keyword":"the Shapley-Shubik index","sequence":"1","lang":"en"},{"keyword":"Shapley-Owen指数","sequence":"1","lang":"ja"},{"keyword":"the nonsymmetric Shapley-Owen index","sequence":"2","lang":"en"},{"keyword":"非対称Shapley-Owen指数","sequence":"2","lang":"ja"},{"keyword":"voting system","sequence":"3","lang":"en"},{"keyword":"投票制度","sequence":"3","lang":"ja"}],"citation_list":[{"sequence":"1","original_text":"Dubey, P. 1975. &ldquo;On the Uniqueness of the Shapley Value&rdquo;, <I>International Journal of Game Theory</I>, 4: 131-139."},{"sequence":"2","original_text":"Frank, A. Q., and L. S. Shapley. 1981. <I>The Distribution of Power in the U. S. Supreme Court</I>, A Rand Note N-1735-NSF, The Rand Corporation, Santa Monica, California."},{"sequence":"3","original_text":"Lucas, W. F. 1983. &ldquo;Measuring Power in Weighted Voting Systems&rdquo;, in Brams, S. J. <I>et al.</I> (eds.) <I>Political and Related Models</I>, Springer Verlag: 183-238."},{"sequence":"4","original_text":"Ono, R., and S. Muto. 1995. <I>Parties Power in the House of Councilors in Japan: An Application of the Nonsymmetric Shapley-Owen Index</I>, Discussion Paper, No.417, Kyoto Institute of Economic Research, Kyoto University."},{"sequence":"5","original_text":"Owen, G. 1971. &ldquo;Political Games&rdquo;, <I>Naval Research Logistics Quarterly</I>, 18: 345-355."},{"sequence":"6","original_text":"Owen, G., and L. S. Shapley. 1989. &ldquo;Optimal Location of Candidates in Ideological Space&rdquo;, <I>International Journal of Game Theory</I>, 18: 339-356."},{"sequence":"7","original_text":"Rabinowitz, G., and S. E. Macdonald. 1986. &ldquo;The Power of the States in U. S. Presidential Elections&rdquo;, <I>American Political Science Review</I>, 80: 65-87."},{"sequence":"8","original_text":"Rapoport, A., and E. Golan. 1985. &ldquo;Assessment of Political Power in the Israeli Knesset&rdquo;, <I>American Political Science Review</I>, 79: 673-692."},{"sequence":"9","original_text":"Shapley, L. S. 1977. <I>A Comparison of Power Indices and a Nonsymmetric Generalization</I>, P-5872, The Rand Corporation, Santa Monica, California."},{"sequence":"10","original_text":"Shapley, L. S., and M. Shubik. 1954. &ldquo;A Method for Evaluating the Distribution of Power in a Committee System&rdquo;, <I>American Political Science Review</I>, 48: 787-792."},{"sequence":"11","original_text":"Straffin, Jr., P. D. 1994. &ldquo;Power and Stability in Politics&rdquo;. in R. J. Aumann and S. Hart(eds.) <I>Handbook of Game Theory</I>, vol.2, Elsevier, Amsterdam, The Netherland."}]}}