{"status":"OK","apiType":"doi","apiVersion":"1.0.0","message":{"total":1,"rows":1,"totalPages":1,"page":1},"data":{"siteId":"SI/JST.JSTAGE","content_type":"JA","doi":"10.11218/ojjams.27.243","url":"https://doi.org/10.11218/ojjams.27.243","ra":"JaLC","prefix":"10.11218","site_name":"J-STAGE","publisher_list":[{"publisher_name":"Japanese Association For Mathematical Sociology","lang":"en"},{"publisher_name":"数理社会学会","lang":"ja"}],"title_list":[{"lang":"en","title":"Considering the Generating Mechanism of Class Identification Using Vignette Survey"},{"lang":"ja","title":"ビネット調査による階層帰属メカニズムの検討"}],"creator_list":[{"sequence":"1","type":"person","names":[{"lang":"en","last_name":"SHIOTANI","first_name":"Yoshiya"},{"lang":"ja","last_name":"塩谷","first_name":"芳也"}],"affiliation_list":[{"affiliation_name":"Japan Society for the Promotion of Sciences","sequence":"1","lang":"en"},{"affiliation_name":"日本学術振興会","sequence":"1","lang":"ja"}]},{"sequence":"2","type":"person","names":[{"lang":"en","last_name":"KANAZAWA","first_name":"Yusuke"},{"lang":"ja","last_name":"金澤","first_name":"悠介"}],"affiliation_list":[{"affiliation_name":"Rikkyo University","sequence":"1","lang":"en"},{"affiliation_name":"立教大学","sequence":"1","lang":"ja"}]},{"sequence":"3","type":"person","names":[{"lang":"en","last_name":"HAMADA","first_name":"Hiroshi"},{"lang":"ja","last_name":"浜田","first_name":"宏"}],"affiliation_list":[{"affiliation_name":"Tohoku University","sequence":"1","lang":"en"},{"affiliation_name":"東北大学","sequence":"1","lang":"ja"}]}],"publication_date":{"publication_year":"2012"},"relation_list":[{"content":"https://www.jstage.jst.go.jp/article/ojjams/27/2/27_243/_pdf","type":"URL","relation":"fullTextPdf"}],"content_language":"ja","updated_date":"2014-12-09","article_type":"pub","journal_id_list":[{"journal_id":"0913-1442","type":"ISSN","issn_type":"print"},{"journal_id":"1881-6495","type":"ISSN","issn_type":"online"},{"journal_id":"ojjams","type":"JID"}],"journal_title_name_list":[{"journal_title_name":"Sociological Theory and Methods","type":"full","lang":"en"},{"journal_title_name":"Sociological Theory and Methods","type":"abbreviation","lang":"en"},{"journal_title_name":"理論と方法","type":"full","lang":"ja"},{"journal_title_name":"理論と方法","type":"abbreviation","lang":"ja"}],"journal_classification":"01","recorded_year":"1986-2013","volume":"27","issue":"2","first_page":"243","last_page":"258","date":"2013-08-12","keyword_list":[{"keyword":"階層帰属","sequence":"1","lang":"ja"},{"keyword":"Class identification","sequence":"1","lang":"en"},{"keyword":"座標対順序モデル","sequence":"2","lang":"ja"},{"keyword":"Coordinate-wise order model","sequence":"2","lang":"en"},{"keyword":"ビネット調査","sequence":"3","lang":"ja"},{"keyword":"Vignette survey","sequence":"3","lang":"en"}],"citation_list":[{"sequence":"1","doi":"10.11218/ojjams.26.321","title_list":[{"lang":"en","title":"Examinations of Urban Effects on Homophily in Japan","subtitle":"Multilevel Analysis of Ego-Centric Network Data"},{"lang":"ja","title":"同類結合に対する都市効果の検討","subtitle":"エゴセントリック・ネットワークデータに対するマルチレベル分析の適用"}],"volume":"26","issue":"2","first_page":"321","last_page":"338","publication_date":{"publication_year":"2011"},"creator_list":[{"sequence":"1","type":"person","names":[{"lang":"en","last_name":"AKAEDA","first_name":"Naoki"},{"lang":"ja","last_name":"赤枝","first_name":"尚樹"}],"affiliation_list":[{"affiliation_name":"Osaka University","sequence":"1","lang":"en"},{"affiliation_name":"大阪大学","sequence":"1","lang":"ja"}]}],"content_language":"ja","original_text":"赤枝尚樹. 2011.「同類結合に対する都市効果の検討――エゴセントリック・ネットワークデータに対するマルチレベル分析の適用」『理論と方法』26(2): 321-337."},{"sequence":"2","original_text":"土場学・渡辺勉. 2012.「階層イメージにおける地位一貫性」『関西学院大学社会学部紀要』第114号: 227-244."},{"sequence":"3","original_text":"Fararo, Thomas J. and Kenji Kosaka. 2003. <I>Generating Images of Stratification: A Formal Theory.</I> Dordrecht: Kluwer Academic Publishers."},{"sequence":"4","original_text":"浜田宏. 2007.『格差のメカニズム――数理社会学的アプローチ』勁草書房."},{"sequence":"5","original_text":"Hamada, Hiroshi. 2012. &ldquo;A Model of Class Identification: Generalization of the Fararo-Kosaka Model using Lyapunov's Central Limit Theorem.&rdquo; <I>Kwansei Gakuin University School of Sociology Journal</I> 114: 21-23."},{"sequence":"6","original_text":"林拓也. 2010.「ヴィネット方式による調査設計の応用可能性――女性のライフコース希望と有配偶女性の地位評価の調査事例に基づいて」『人間文化研究科年報』25: 147-158."},{"sequence":"7","original_text":"Hungerford, Thomas W. 1997. <I>Abstract Algebra: An Introduction, second edition.</I> Saunders College Publishing."},{"sequence":"8","doi":"10.11218/ojjams.18.211","journal_title_name_list":[{"journal_title_name":"理論と方法","lang":"ja"}],"title_list":[{"lang":"ja","title":"認識の効率性と階層イメージ――スキャニング打ち切り条件を課したFKモデル"}],"volume":"18","first_page":"211","last_page":"228","publication_date":{"publication_year":"2003"},"content_language":"ja","original_text":"石田淳. 2003.「認識の効率性と階層イメージ――スキャニング打ち切り条件を課したFKモデル」『理論と方法』18(2): 211-228."},{"sequence":"9","doi":"10.11218/ojjams.20.97","title_list":[{"lang":"en","title":"Mathematical Sociology as an Empirical Science:","subtitle":"Objective Stratification System and Verification of FK Model"},{"title":"経験科学としての数理社会学","subtitle":"―FKモデルにおける客観階層システムとモデル検証問題―"}],"volume":"20","issue":"1","first_page":"97","last_page":"108","publication_date":{"publication_year":"2005"},"creator_list":[{"sequence":"1","type":"person","names":[{"lang":"en","last_name":"ISHIDA","first_name":"Atsushi"},{"lang":"ja","last_name":"石田","first_name":"淳"}],"affiliation_list":[{"affiliation_name":"Graduate School of Sociology Kwansei Gakuin University","sequence":"1","lang":"en"},{"affiliation_name":"関西学院大学","sequence":"1","lang":"ja"}]}],"original_text":"石田淳. 2005.「経験科学としての数理社会学――FKモデルにおける客観階層とモデル検証問題」『理論と方法』20(1): 97-108."},{"sequence":"10","original_text":"Ishida, Atsushi. 2012. &ldquo;A Detailed Derivation of the Distribution of Class Identification in a &ldquo;Chance Society&rdquo;: A Note on the Fararo-Kosaka Model.&rdquo; <I>Kwansei Gakuin University School of Sociology Journal</I> 114: 257-266."},{"sequence":"11","original_text":"Karpinski, Zbigniew. 2009. &ldquo;Testing a Formal Theory of Images of Stratification: A Proposal for a Research Design.&rdquo; <I>ASK Research and Methods</I> 18: 97-122."},{"sequence":"12","original_text":"吉川徹. 2006.『学歴と格差・不平等』東京大学出版会."},{"sequence":"13","original_text":"吉川徹. 2009.『学歴分断社会』ちくま書房."},{"sequence":"14","original_text":"木村邦博. 2008.「FKモデルと半順序モデル」Mimeographed."},{"sequence":"15","original_text":"小林大祐. 2008.「階層帰属意識についての基礎分析――時点間比較のための注意点」三輪哲・小林大祐（編）『2005年SSM調査シリーズ 1　2005年SSM日本調査の基礎分析――構造・趨勢・方法』2005年SSM調査研究会: 111-126."},{"sequence":"16","original_text":"高坂健次. 2006.『社会学におけるフォーマルセオリー――階層イメージにおけるFKモデル改訂版』ハーベスト社."},{"sequence":"17","original_text":"高坂健次・宮野勝. 1990.「階層イメージ」原純輔（編）『現代日本の階層構造2　階層意識の動態』東京大学出版会：47-70."},{"sequence":"18","original_text":"厚生労働省. 2012a.「賃金構造基本統計調査」http://www.mhlw.go.jp/toukei/list/chingin_zenkoku.html （2012年6月28日現在）."},{"sequence":"19","original_text":"厚生労働省. 2012b. 「地域別最低賃金の全国一覧」http://www.mhlw.go.jp/seisakunitsuite/bunya/koyouroudou/roudoukijun/minimumichiran/index. html （2012年6月28日現在）."},{"sequence":"20","original_text":"前田忠彦. 1998.「階層帰属意識と生活満足感」間々田孝夫（編）『現代日本の階層意識 SSM調査シリーズ 6』1995 年 SSM 調査研究委員会: 89-112."},{"sequence":"21","doi":"10.11218/ojjams.26.303","title_list":[{"lang":"en","title":"Mathematical Model of Class Identification Reflecting Discrimination Process","subtitle":"FK Model with Comparative Reference Group"},{"lang":"ja","title":"識別過程を考慮した階層帰属意識の数理モデル","subtitle":"比較準拠集団を組み入れたFKモデル"}],"volume":"26","issue":"2","first_page":"303","last_page":"320","publication_date":{"publication_year":"2011"},"creator_list":[{"sequence":"1","type":"person","names":[{"lang":"en","last_name":"MAEDA","first_name":"Yutaka"},{"lang":"ja","last_name":"前田","first_name":"豊"}],"affiliation_list":[{"affiliation_name":"Kwansei Gakuin University","sequence":"1","lang":"en"},{"affiliation_name":"関西学院大学","sequence":"1","lang":"ja"}]}],"content_language":"ja","original_text":"前田豊. 2011.「識別過程を考慮した階層帰属意識の数理モデル――比較準拠集団を組み入れたFKモデル」『理論と方法』26(2): 303-320."},{"sequence":"22","original_text":"直井道子. 1979.「階層意識と階級意識」 富永健一（編）『日本の階層構造』東京大学出版会: 365-388."},{"sequence":"23","original_text":"Nosanchuk, T. A. 1972. &ldquo;The Vignette as an Experimental Approach to the Study of Social Status: An Exploratory Study.&rdquo; <I>Social Science and Research</I> 1: 107-120."},{"sequence":"24","original_text":"Rossi, P. H., Sampson, W. A., Bose, C. E., Jasso, G. and Passel, J. 1974. &ldquo;Measuing Household Social Standing.&rdquo; <I>Social Science and Research</I> 3: 169-190."},{"sequence":"25","original_text":"白倉幸男・与謝野有紀. 1991.「階層認知と階層意識――階層認知の数理モデル」『理論と方法』6(2): 37-54."},{"sequence":"26","original_text":"太郎丸博. 1998.「職業評定の一致度と間主観的階層構造」都築一治（編）『1995年 SSM調査シリーズ 5 職業評価の構造と職業威信スコア』1995年SSM調査研究会: 15-29."},{"sequence":"27","original_text":"筒井淳也. 2011.「親との関係良好性はどのように決まるか――NFRJ個票データへのマルチレベル分析の適用」『社会学評論』62(3): 301-318."},{"sequence":"28","original_text":"都築一治. 2000.「人は何になりたいのか 職業魅力の構造」海野道郎（編）『日本の階層システム 2 公平感と政治意識』東京大学出版会: 37-60."},{"sequence":"29","volume":"10","issue":"1","first_page":"45","publication_date":{"publication_year":"1995"},"original_text":"渡邊勉・土場学. 1995.「階層イメージと社会移動――ファラロ=高坂モデルの拡張の試み」『理論と方法』10(1): 45-52."},{"sequence":"30","original_text":"渡邊勉. 2012.「階層イメージと社会の不平等性の認知」『関西学院大学社会学部紀要』114号:107-121."},{"sequence":"31","original_text":"与謝野有紀. 1996.「階層評価の多様化と階層意識」『理論と方法』11(1): 21-36."},{"sequence":"32","original_text":"Wason, P. C. 1960. &ldquo;On the Failure to Eliminate Hypotheses in A Conceptual Task.&rdquo; <I>Quarterly Journal of Experimental Psychology</I> 12: 129-140."}]}}