{"status":"OK","apiType":"doi","apiVersion":"1.0.0","message":{"total":1,"rows":1,"totalPages":1,"page":1},"data":{"siteId":"SI/JST.JSTAGE","content_type":"JA","doi":"10.11218/ojjams.28.125","url":"https://doi.org/10.11218/ojjams.28.125","ra":"JaLC","prefix":"10.11218","site_name":"J-STAGE","publisher_list":[{"publisher_name":"Japanese Association For Mathematical Sociology","lang":"en"},{"publisher_name":"数理社会学会","lang":"ja"}],"title_list":[{"lang":"en","title":"Production Markets Socially Embedded in Institution, Relation, and Culture"}],"creator_list":[{"sequence":"1","type":"person","names":[{"lang":"en","last_name":"KIM","first_name":"Usic"}],"affiliation_list":[{"affiliation_name":"Ewha Womans University","sequence":"1","lang":"en"}]}],"publication_date":{"publication_year":"2013"},"relation_list":[{"content":"https://www.jstage.jst.go.jp/article/ojjams/28/1/28_125/_pdf","type":"URL","relation":"fullTextPdf"}],"content_language":"ja","updated_date":"2014-12-09","article_type":"pub","journal_id_list":[{"journal_id":"0913-1442","type":"ISSN","issn_type":"print"},{"journal_id":"1881-6495","type":"ISSN","issn_type":"online"},{"journal_id":"ojjams","type":"JID"}],"journal_title_name_list":[{"journal_title_name":"Sociological Theory and Methods","type":"full","lang":"en"},{"journal_title_name":"Sociological Theory and Methods","type":"abbreviation","lang":"en"},{"journal_title_name":"理論と方法","type":"full","lang":"ja"},{"journal_title_name":"理論と方法","type":"abbreviation","lang":"ja"}],"journal_classification":"01","recorded_year":"1986-2013","volume":"28","issue":"1","first_page":"125","last_page":"144","date":"2014-09-01","keyword_list":[{"keyword":"Production market","sequence":"1","lang":"en"},{"keyword":"Local optimization","sequence":"2","lang":"en"},{"keyword":"Global equalization","sequence":"3","lang":"en"}],"citation_list":[{"sequence":"1","original_text":"Abolafia, Mitchel. 1997. <I>Making Markets: Opportunism and Restraint on Wall Street.</I> Cambridge: Harvard University Press."},{"sequence":"2","original_text":"Aspers, Patrik. 2001. &ldquo;A Market in Vogue: Fashion Photography in Sweden.&rdquo; <I>European Societies</I> 3(1): 1-22."},{"sequence":"3","original_text":"Baker, Wanyne. 1990. &ldquo;Market Networks and Corporate Behavior.&rdquo; <I>American Journal of Sociology</I> 96:589-625."},{"sequence":"4","original_text":"Beckert, Jens. 2009. &ldquo;The Social Order of Markets.&rdquo; <I>Theory and Society</I> 38: 245-269."},{"sequence":"5","original_text":"Biencourt, Olivier, and Daniel Urrutiaguer. 2002. &ldquo;Market Profiles: A Tool Suited to Quality Orders? An Empirical Analysis of Road Haulage and the Theatre.&rdquo; Pp. 253-281 in <I>Conventions and Structures in Economic Organization: Markets, Networks, and Hierarchies,</I> edited by Favereau, Olivier, and Emmanuel Lazega, Cheltenham: Edward Elgar."},{"sequence":"6","original_text":"Bourdieu, Pierre. 1984. <I>Distinction: A Social Critique of the Judgement of Taste.</I> Cambridge: Harvard University Press."},{"sequence":"7","original_text":"Burt, Ronald. 1992. <I>Structural Holes: The Social Structure of Competition.</I> Cambridge: Harvard University Press."},{"sequence":"8","original_text":"Campbell, John, J. Hollingsworth, and Leon Lindberg. eds. 1991. <I>Governance of the American Economy.</I> New York: Cambridge University Press."},{"sequence":"9","original_text":"Chiffoleau, Y., J. Laporte and J. Touzard. 2006. &ldquo;White and Wines: A Market Model Challenged by Languedoc Wines.&rdquo; Paper presented at the Conference with Title, <I>Les nouvelles figures des march&eacute;s agroalimentaires: apports crois&eacute;s de l&prime; &eacute;conomie, de la sociologie et de la gestion,</I> March 23-24, Montpellier, France."},{"sequence":"10","original_text":"Coleman, James. 1990. <I>Foundations of Social Theory.</I> Cambridge: Harvard University Press."},{"sequence":"11","original_text":"Collins, Randall. 2005. &ldquo;Foreword.&rdquo; Pp. ix-xvi. in <I>The General Sociology of Harrison White: Chaos and Order in Networks,</I> authored by Reza Azarian. Basingstoke: Palgrave Macmillan."},{"sequence":"12","original_text":"Cook, Karen, R. Emerson, M. Gilmore, and T. Yamagishi. 1983. &ldquo;The Distribution of Power in Exchange Networks: Theory and Experimental Results.&rdquo; <I>American Journal of Sociology</I> 89: 275-305."},{"sequence":"13","original_text":"DiMaggio, Paul. 1994. &ldquo;Culture and Economy.&rdquo; Pp. 27-57 in <I>The Handbook of Economic Sociology,</I> edited by Neil J. Smelser and Richard Swedberg. Princeton: Princeton University Press."},{"sequence":"14","original_text":"DiMaggio, Paul, and Walter Powell. 1983. &ldquo;The Iron Cage Revisited: Institutional Isomorphism and Collective Rationality in Organizational Fields.&rdquo; <I>American Sociological Review</I> 48: 147-60."},{"sequence":"15","original_text":"DiMaggio, Paul, and Hugh Louch. 1998. &ldquo;Socially Embedded Consumer Transactions: For What Kinds of Purchases Do People Most Often Use Networks?&rdquo; <I>American Sociological Review</I> 63: 619-637."},{"sequence":"16","original_text":"Dobbin, Frank. 2004. &ldquo;The Sociological View of the Economy.&rdquo; Pp. 1-46 in <I>The New Economic Sociology: A Reader,</I> edited by Frank Dobbin. Princeton: Princeton University Press."},{"sequence":"17","original_text":"Durkheim, Emile. 1997. <I>The Division of Labor in Society.</I> New York: Free Press."},{"sequence":"18","original_text":"Favereau, Olivier, Olivier Biencourt, and Francois Eymard-Duvernay. 2002. &ldquo;Where Do Markets Come From? From (Quality) Conventions!&rdquo; Pp. 213-252 in <I>Conventions and Structures in Economic Organization: Markets, Networks, and Hierarchies,</I> edited by Favereau, Olivier, and Emmanuel Lazega. Cheltenham: Edward Elgar."},{"sequence":"19","original_text":"Fligstein, Neil. 2001. &ldquo;The Theory of Fields and the Problem of Market Formation.&rdquo; Pp. 67-98 in <I>The Architecture of Markets: An Economic Sociology of Twenty-First-Century Capitalist Societies.</I> Princeton: Princeton University Press."},{"sequence":"20","original_text":"Granovetter, Mark. 1973. &ldquo;The Strength of Weak Ties.&rdquo; <I>American Journal of Sociology</I> 78(6): 1360-1380."},{"sequence":"21","original_text":"Grandori, Anna. 1993. &ldquo;Notes on the Use of Power and Efficiency Constructs in Economics and Sociology of Organizations.&rdquo; Pp. 61-78 in <I>Interdisciplinary Perspectives on Organization Studies,</I> edited by Siegwart Lindenberg and Hein Schreuder. Oxford: Pergamon Press."},{"sequence":"22","original_text":"Hannan, Michael and John Freeman. 1989. <I>Organizational Ecology.</I> Cambridge: Harvard University Press."},{"sequence":"23","original_text":"Kagel, John and Alvin Roth. eds. 1995. <I>The Handbook of Experimental Economics.</I> Princeton: Princeton University Press."},{"sequence":"24","original_text":"Kim, Usic. 2009a. &ldquo;Power- and Information-Related Institutional Base of the Production Market: An Approach by Mathematical Sociology.&rdquo; <I>Society and Theory</I> 2009_1, 14: 7-43 (in Korean)."},{"sequence":"25","original_text":"Kim, Usic. 2009b. &ldquo;Power-Information Characteristics in the Locally Optimizing Production Market.&rdquo; <I>Korean Journal of Management</I> 17(4): 257-283 (in Korean)."},{"sequence":"26","original_text":"Kim, Usic. 2011. &ldquo;Local Optimizer or Global Equalizer: The Effect of Consumer Actions in the Market.&rdquo; <I>Korean Journal of Management</I> 19(4): 143-169 (in Korean)."},{"sequence":"27","original_text":"Kim, Usic. 2012a. <I>Markets and Networks: Economic Sociology of Production Markets.</I> Seoul: Ewha Womans University Press (in Korean)."},{"sequence":"28","original_text":"Kim, Usic. 2012b. &ldquo;Structure and Process of Multitype Market.&rdquo; <I>Society and Theory</I> 20: 193-224 (in Korean)."},{"sequence":"29","original_text":"Kirman, Alan. 2001. &ldquo;Market Organization and Individual Behavior: Evidence from Fish Markets.&rdquo; Pp. 155-195 in <I>Networks and Markets,</I> edited by Rauch, James E. and Alessandra Casella. New York: Russell Sage Foundation."},{"sequence":"30","original_text":"Knorr-Cetina, Karin. 2004. &ldquo;Capturing Markets? A Review Essay on Harrison White on Producer Markets.&rdquo; <I>Socio-Economic Review</I> 2(1): 137-147."},{"sequence":"31","original_text":"Knorr-Cetina, Karin D., and Alex Preda. eds. 2005. <I>The Sociology of Financial Markets.</I> Oxford: Oxford University Press."},{"sequence":"32","original_text":"Lazega, Emmanuel, and Olivier Favereau. 2002. &ldquo;Introduction.&rdquo; Pp. 1-28 in <I>Conventions and Structures in Economic Organization: Markets, Networks, and Hierarchies,</I> edited by Favereau, Olivier, and Emmanuel Lazega. Cheltenham: Edward Elgar."},{"sequence":"33","original_text":"Lie, John. 1992. &ldquo;The Concept of Mode of Exchange.&rdquo; <I>American Sociological Review</I> 57(2): 508-523."},{"sequence":"34","original_text":"March, James. 1991. &ldquo;Exploration and Exploitation in Organizational Learning.&rdquo; <I>Organization Science</I> 2(1): 71-87."},{"sequence":"35","original_text":"Mas-Colell, Andreu, Michael Whinston, and Jerry Green. 1995. <I>Microeconomic Theory.</I> New York: Oxford University Press."},{"sequence":"36","original_text":"Nakano, Tsutomu and Douglas R. White. 2006. &ldquo;The &lsquo;Visible Hand&rsquo; in a Production-Chain Market: A Market Equilibrium from Network Analytical Perspective.&rdquo; <I>The Santa Fe Institute Working Paper</I> 1-43. The Santa Fe Institute, Santa Fe, NM."},{"sequence":"37","original_text":"Nee, Victor. 2005. &ldquo;The New Institutionalisms in Economics and Sociology.&rdquo; Pp. 49-74 in <I>The Handbook of Economic Sociology,</I> 2nd ed., edited by Neil J. Smelser and Richard Swedberg. Princeton: Princeton University Press."},{"sequence":"38","original_text":"Odagiri, H. and Yamawaki, H. 1986. &ldquo;A Study of Company Profit-rate Time Series: Japan and the United States.&rdquo; <I>International Journal of Industrial Organization</I> 4: 1-23."},{"sequence":"39","original_text":"Padgett, John. 2001. &ldquo;Organizational Genesis, Identity, and Control: The Transformation of Banking in Renaissance Florence.&rdquo; Pp. 211-257 in <I>Networks and Markets,</I> edited by Rauch, James and Alessandra Casella. New York: Russell Sage Foundation."},{"sequence":"40","original_text":"Padgett, John and Christopher Ansell. 1993. &ldquo;Robust Action and the Rise of the Medici, 1400-1434.&rdquo; <I>American Journal of Sociology</I> 98(6): 1259-1319."},{"sequence":"41","original_text":"Polanyi, Karl. 1957. <I>The Great Transformation: The Political and Economic Origins of Our Time.</I> Boston: Beacon Press."},{"sequence":"42","original_text":"Podolny, Joel. 1993. &ldquo;A Status-based Model of Market Competition.&rdquo; <I>American Journal of Sociology</I> 98(4): 829-872."},{"sequence":"43","original_text":"Scharpf, Fritz. 1997. <I>Games Real Actors Play: Actor-Centered Institutionalism in Policy Research.</I> Boulder: Westview Press."},{"sequence":"44","original_text":"Uzzi, Brian. 1997. &ldquo;Social Structure and Competition in Interfirm Networks: The Paradox of Embeddedness.&rdquo; <I>Administrative Science Quarterly</I> 42: 35-67."},{"sequence":"45","original_text":"Vaona, A. 2010. &ldquo;On the Gravitation and Convergence of Industry Profit Rates in Denmark, Finland, Italy and the US.&rdquo; <I>Working Paper #2.</I> Department of Economics, University of Verona."},{"sequence":"46","original_text":"Velthuis, Olav. 2003. &ldquo;Symbolic Meanings of Prices: Constructing the Value of Contemporary Art in Amsterdam and New York Galleries.&rdquo; <I>Theory and Society</I> 32: 181-215."},{"sequence":"47","original_text":"White, Harrison. 1981. &ldquo;Where Do Markets Come From?&rdquo; <I>American Journal of Sociology</I> 87(3): 517-547."},{"sequence":"48","original_text":"White, Harrison. 1988. &ldquo;Varieties of Markets.&rdquo; Pp. 226-260 in <I>Social Structures: A Network Approach,</I> edited by Wellman, Barry, and S. Berkowitz. Cambridge: Cambridge University Press."},{"sequence":"49","original_text":"White, Harrison. 2002. <I>Markets from Networks: Socioeconomic Models of Production.</I> Princeton: Princeton University Press."},{"sequence":"50","original_text":"Zelizer, Viviana. 1979. <I>Morals and Markets: The Development of Life Insurance in the United States.</I> New York: Columbia University Press."},{"sequence":"51","original_text":"Zhao, Wei. 2005. &ldquo;Understanding Classifications: Empirical Evidence from the American and French Wine Industries.&rdquo; <I>Poetics</I> 33: 179-200."},{"sequence":"52","original_text":"Zukin, Sharon, and Paul DiMaggio. eds. 1990. <I>Structures of Capital: The Social Organization of the Economy.</I> Cambridge: Cambridge University Press."}]}}