{"status":"OK","apiType":"doi","apiVersion":"1.0.0","message":{"total":1,"rows":1,"totalPages":1,"page":1},"data":{"siteId":"SI/JST.JSTAGE","content_type":"JA","doi":"10.11218/ojjams.17.195","url":"https://doi.org/10.11218/ojjams.17.195","ra":"JaLC","prefix":"10.11218","site_name":"J-STAGE","publisher_list":[{"publisher_name":"Japanese Association For Mathematical Sociology","lang":"en"},{"publisher_name":"数理社会学会","lang":"ja"}],"title_list":[{"lang":"ja","title":"大学入試制度における資格試験化と受験機会複数化の数理分析","subtitle":"―ゲーム理論的視点からの試論―"},{"lang":"en","title":"Mathematical Analysis on the University Entrance Examination System in Japan :","subtitle":"From a Game Theoretic Point of View"}],"creator_list":[{"sequence":"1","type":"person","names":[{"lang":"ja","last_name":"河野","first_name":"敬雄"},{"lang":"en","last_name":"K&Ocirc;NO","first_name":"Norio"}],"affiliation_list":[{"affiliation_name":"Department of Integrated Human Studies<BR>Kyoto University","sequence":"1","lang":"en"},{"affiliation_name":"京都大学","sequence":"1","lang":"ja"}]}],"publication_date":{"publication_year":"2002"},"relation_list":[{"content":"https://www.jstage.jst.go.jp/article/ojjams/17/2/17_2_195/_pdf","type":"URL","relation":"fullTextPdf"}],"content_language":"ja","updated_date":"2017-03-23","article_type":"pub","journal_id_list":[{"journal_id":"0913-1442","type":"ISSN","issn_type":"print"},{"journal_id":"1881-6495","type":"ISSN","issn_type":"online"},{"journal_id":"ojjams","type":"JID"}],"journal_title_name_list":[{"journal_title_name":"Sociological Theory and Methods","type":"full","lang":"en"},{"journal_title_name":"Sociological Theory and Methods","type":"abbreviation","lang":"en"},{"journal_title_name":"理論と方法","type":"full","lang":"ja"},{"journal_title_name":"理論と方法","type":"abbreviation","lang":"ja"}],"journal_classification":"01","recorded_year":"1986-2013","volume":"17","issue":"2","first_page":"195","last_page":"209","date":"2009-02-10","keyword_list":[{"keyword":"entrance exam. system","sequence":"1","lang":"en"},{"keyword":"大学入試制度","sequence":"1","lang":"ja"},{"keyword":"rational choice","sequence":"2","lang":"en"},{"keyword":"合理的選択","sequence":"2","lang":"ja"},{"keyword":"game theory","sequence":"3","lang":"en"},{"keyword":"ゲーム理論","sequence":"3","lang":"ja"},{"keyword":"mathematical model","sequence":"4","lang":"en"},{"keyword":"数理モデル","sequence":"4","lang":"ja"}],"citation_list":[{"sequence":"1","original_text":"高等教育研究会（編） 1993. 「大学入試の改善に関する審議のまとめ（報告）」 『大学の多様な発展を目指してIV―大学改革の進展―』（平成5年9月16日大学審議会） 文部省高等教育局企画課内."},{"sequence":"2","original_text":"大学審議会（編） 2000. 『大学入試の改善について』 審議会答申 平成12年11月22日（文部科学省ホームページより入手可）."},{"sequence":"3","original_text":"長谷川公一. 1989. 「社会学における『合理性』の問題」 『社会学年報』 18:1-16."},{"sequence":"4","original_text":"岩本健良. 1997. 「国公立大学入試における複数受験の機会とその効果―社会的マッチング理論による数理的考察―」 『社会構造と社会過程のフォーマライゼーション』 平成6－8年度科学研究費補助金研究成果報告書（研究代表者：岩本健良 課題番号06301027）:149-58."},{"sequence":"5","original_text":"黒羽亮一. 1985. 『臨教審どうなる教育改革』 日本経済新聞社."},{"sequence":"6","original_text":"von Neumann, J., and O. Morgenstern. 1944. <I>Theory of games and economic behavior</I>. Princeton University Press. =1972 銀林浩・橋本和美・宮本敏雄（監訳） 『ゲーム理論と経済行動』 東京図書."},{"sequence":"7","original_text":"大田尭. 1982. 『入試制度改革論』 総合労働研究所."},{"sequence":"8","original_text":"Simmel, G. 1908. <I>Soziologie, Untersuchungen &uuml;ber die Formen der Vergesellschaftung</I>. Dunker &amp; Humblot. ＝1972 堀喜望・居安正（訳） 『集団の社会学』 ミネルヴァ書房."},{"sequence":"9","original_text":"Roth, A. E. 1984. &ldquo;The Evolution of the Labor Market for Medical Interns and Residents: A Case Study in Game Theory.&rdquo; <I>The Journal of Political Economy</I> 92(6):991-1016."},{"sequence":"10","original_text":"Roth, A. E., and M. Sotomayor. 1990. &ldquo;Two-Sided Matching; A Study in Game-Theoretic Modeling and Analysis.&rdquo; <I>Econometric Society Monographs</I>. Cambridge University Press."},{"sequence":"11","original_text":"鈴木光男. 1999. 『ゲーム理論の世界』 勁草書房."},{"sequence":"12","original_text":"富山慶典. 1992. 「社会的マッチング理論と大学入試制度」 『理論と方法』 7(2):61-83."},{"sequence":"13","original_text":"海野道郎. 1989. 「社会学におけるゲーム理論的アプローチ」 『心理学評論』 32(3):296-311."},{"sequence":"14","original_text":"柳井晴夫・前川眞一（編） 1999. 『大学入試データの解析［理論と応用］』 現代数学社."}]}}