{"status":"OK","apiType":"doi","apiVersion":"1.0.0","message":{"total":1,"rows":1,"totalPages":1,"page":1},"data":{"siteId":"SI/JST.JSTAGE","content_type":"JA","doi":"10.11218/ojjams.17.167","url":"https://doi.org/10.11218/ojjams.17.167","ra":"JaLC","prefix":"10.11218","site_name":"J-STAGE","publisher_list":[{"publisher_name":"Japanese Association For Mathematical Sociology","lang":"en"},{"publisher_name":"数理社会学会","lang":"ja"}],"title_list":[{"lang":"ja","title":"社会学におけるクラスター分析とMDSの応用"},{"lang":"en","title":"A Review of Cluster Analysis and Multidimensional Scaling Research in Sociology"}],"creator_list":[{"sequence":"1","type":"person","names":[{"lang":"ja","last_name":"岡太","first_name":"彬訓"},{"lang":"en","last_name":"OKADA","first_name":"Akinori"}],"affiliation_list":[{"affiliation_name":"Department of Industrial Relations<BR>School of Social Relations<BR>Rikkyo (St. Paul's) University","sequence":"1","lang":"en"},{"affiliation_name":"立教大学","sequence":"1","lang":"ja"}]}],"publication_date":{"publication_year":"2002"},"relation_list":[{"content":"https://www.jstage.jst.go.jp/article/ojjams/17/2/17_2_167/_pdf","type":"URL","relation":"fullTextPdf"}],"content_language":"ja","updated_date":"2017-03-23","article_type":"pub","journal_id_list":[{"journal_id":"0913-1442","type":"ISSN","issn_type":"print"},{"journal_id":"1881-6495","type":"ISSN","issn_type":"online"},{"journal_id":"ojjams","type":"JID"}],"journal_title_name_list":[{"journal_title_name":"Sociological Theory and Methods","type":"full","lang":"en"},{"journal_title_name":"Sociological Theory and Methods","type":"abbreviation","lang":"en"},{"journal_title_name":"理論と方法","type":"full","lang":"ja"},{"journal_title_name":"理論と方法","type":"abbreviation","lang":"ja"}],"journal_classification":"01","recorded_year":"1986-2013","volume":"17","issue":"2","first_page":"167","last_page":"181","date":"2009-02-10","keyword_list":[{"keyword":"cluster analysis","sequence":"1","lang":"en"},{"keyword":"クラスター分析法","sequence":"1","lang":"ja"},{"keyword":"multidimensional scaling","sequence":"2","lang":"en"},{"keyword":"多変量解析","sequence":"2","lang":"ja"},{"keyword":"multivariate analysis","sequence":"3","lang":"en"},{"keyword":"多次元尺度構成法","sequence":"3","lang":"ja"}],"citation_list":[{"sequence":"1","original_text":"Arabie, Phipps, and J. Douglas Carroll. 1980. &ldquo;MAPCLUS: A Mathematical Programming Approach to Fitting the ADCLUS Model.&rdquo; <I>Psychometrika</I> 45:211-35."},{"sequence":"2","original_text":"Arabie, Phipp, J. Douglas Carroll, and Wayne S. DeSarbo. 1987. <I>Three-Way Scaling and Clustering</I>. Newbury Park, CA: Sage Publications. =1990. 岡太彬訓・今泉忠（訳） 『３元データの分析―多次元尺度構成法とクラスター分析法―』 共立出版."},{"sequence":"3","original_text":"Arabie, Phipp, J. Douglas Carroll, Wayne S. DeSarbo, and Jerry Wind. 1981. &ldquo;Overlapping Clustering: A New Method for Product Positioning.&rdquo; <I>Journal of Marketing Research</I> 18:310-17."},{"sequence":"4","original_text":"Arabie, Phipps, and Lawrence Hubert. 1994. &ldquo;Cluster Analysis in Marketing Research.&rdquo; Pp. 160-89 in <I>Advanced Methods in Marketing Research</I>, edited by R. P. Bagozzi. Oxford: Blackwell."},{"sequence":"5","original_text":"Baker, Frank B., and Lawrence J. Hubert. 1976. &ldquo;A Graph-Theoretic Approach to Goodness-of Fit in Complete-Link Hierarchical Clustering.&rdquo; <I>Journal of the American Statistical Association</I> 71:870-78."},{"sequence":"6","original_text":"Barnett, George A., and Ronald E. Rice. 1985. &ldquo;Longitudinal Noneuclidean Networks: Applying Galileo.&rdquo; <I>Social Networks</I> 7:287-322."},{"sequence":"7","original_text":"Barney, Jay B. 1985. &ldquo;Dimensions of Informal Social Network Structure: Toward a Contingency Theory of Informal Relations in Organizations.&rdquo; <I>Social Networks</I> 7:1-46."},{"sequence":"8","original_text":"Bernard, H. Russell, Eugene C. Johnsen, Peter D. Killworth, Christopher McCarty, Gene A. Shelley, and Scott Robinson. 1990. &ldquo;Comparing Four Different Methods for Measuring Personal Social Networks.&rdquo; <I>Social Networks</I> 12:179-215."},{"sequence":"9","original_text":"Borg, Ingwer, and Patrik Groenen. 1997. <I>Modern Multidimensional Scaling: Theory and Applications</I>. New York: Springer-Verlag."},{"sequence":"10","original_text":"Boster, James S., Jeffrey C. Johnson, and Susan C. Weller. 1987. &ldquo;Social Position and Shared Knowledge: Actor's Perceptions of Status, Role, and Social Structure.&rdquo; <I>Social Networks</I> 9:375-87."},{"sequence":"11","original_text":"Brajkovich, Leo F. 1994. &ldquo;Sources of Social Structure in a Start-Up Organization: Work Networks, Work Activities, and Job Status.&rdquo; <I>Social Networks</I> 16:191-212."},{"sequence":"12","original_text":"Buja, Andreas, and Deborah F. Swayne. 2002. &ldquo;Visualizing Methodology for Multidimensional Scaling.&rdquo; <I>Journal of Classification</I> 19:7-43."},{"sequence":"13","original_text":"Burt, Ronald S., and Wm. M. Bittner. 1981. &ldquo;A Note on Inferences Regarding Network Subgroups.&rdquo; <I>Social Networks</I> 3:71-88."},{"sequence":"14","original_text":"Burt, Ronald S., and Debbie S. Carlton. 1989. &ldquo;Another Look at the Network Boundaries of American Markets.&rdquo; <I>American Journal of Sociology</I> 95:723-53."},{"sequence":"15","original_text":"Cappell, Charles L., and Thomas M. Guterbock. 1992. &ldquo;Visible Colleges: The Social and Conceptual Structure of Sociology Specialties.&rdquo; <I>American Sociological Review</I> 57:266-73."},{"sequence":"16","original_text":"Carroll, J. Douglas. 1980. &ldquo;Models and Methods for Multidimensional Scaling Analysis of Preferential Choice (or other Dominance) Data.&rdquo; Pp. 234-89 in <I>Similarity and Choice</I>, edited by E. D. Lantermann, and F. Feger. Bern, Switzerland: Hans Huber."},{"sequence":"17","original_text":"Carroll, J. Douglas, and Arabie Phipps. 1980. &ldquo;Multidimensional Scaling.&rdquo; Pp. 607-49 in <I>Annual Review of Psychology, Vol. 31</I>. Edited by M. R. Rosenzweig and M. W. Porter. Palo Alto, CA: Annual Reviews."},{"sequence":"18","original_text":"Carroll, J. Douglas, and Arabie Phipps. 1983. &ldquo;INDCLUS: An Individual Differences Generalization of the ADCLUS Model and the MAPCLUS Algorithm.&rdquo; <I>Psychometrika</I> 48:157-69."},{"sequence":"19","original_text":"Carroll, J. Douglas, and Jih-Jie Chang. 1970. &ldquo;Analysis of Individual Differences in Multidimensional Scaling.&rdquo; <I>Psychometrika</I> 35:283-319."},{"sequence":"20","original_text":"Carroll, J. Douglas, and Paul E. Green. 1997. &ldquo;Psychometric Methods in Marketing Research: Part II, Multidimensional Scaling.&rdquo; <I>Journal of Marketing Research</I> 19:193-204."},{"sequence":"21","original_text":"Carroll, J. Douglas, Paul E. Green, and Catherine M. Schaffer. 1986. &ldquo;Interpoint Distance Comparisons in Corresponding Analysis.&rdquo; <I>Journal of Marketing Research</I> 23:271-80."},{"sequence":"22","original_text":"Carroll, J. Douglas, Paul E. Green, and Catherine M. Schaffer. 1987. &ldquo;Comparing Interpoint Distance in Corresponding Analysis: A Clarification.&rdquo; <I>Journal of Marketing Research</I> 24:445-50."},{"sequence":"23","original_text":"Chang, Wei-Chien. 1983. &ldquo;On Using Principal Components before Separating a Mixture of Two Multivariate Normal Distributions.&rdquo; <I>Applied Statistics</I> 32:1-27."},{"sequence":"24","original_text":"Chino, Naohito. 2002. &ldquo;Complex Space Models for the Analysis of Asymmetry.&rdquo; Pp. 107-14 in <I>Measurement and Multivariate Analysis</I>, edited by S. Nishisato, Y. Baba, H. Bozdogan and K. Kanefuji. Tokyo: Springer-Verlag."},{"sequence":"25","original_text":"千野直仁. 1993. 「非対称構造分析のためのエルミート形式モデル―その意義と応用可能性―」 『理論と方法』 8(2):143-67."},{"sequence":"26","original_text":"千野直仁. 1997. 『非対称多次元尺度構成法』 現代数学社."},{"sequence":"27","original_text":"Chino, Naohito, Axel Grorud, and Ryozo Yoshino. 1996. &ldquo;A Complex Analysis for Two-Mode Three-Way Asymmetric Relational Data.&rdquo; <I>Proceedings of the Fifth Conference of the International Federation of Classification Societies at Kobe, Japan</I> 2:83-86."},{"sequence":"28","original_text":"千野直仁・岡太彬訓. 1996. 「非対称多次元尺度構成法とその周辺」 『行動計量学』 23:130-52."},{"sequence":"29","original_text":"Cho, Jaewun, and Wayne S. DeSarbo. 1991. &ldquo;A New Stochastic Path-Length Tree Methodology for Constructing Communication Networks.&rdquo; <I>Social Networks</I> :105-40."},{"sequence":"30","original_text":"Coxon, Anthony P. M., and Charles L. Jones. 1978. <I>The Images of Occupational Prestige</I>. London, England: MacMillan."},{"sequence":"31","original_text":"Coxon, Anthony P. M., and Charles L. Jones. 1979. <I>Class and Hierarchy: The Social Meaning of Occupations</I>. London, England: MacMillan."},{"sequence":"32","original_text":"Cross, Rob, Stephan P. Borgatti, and Andrew Parker. 2001. &ldquo;Beyond Answers: Dimensions of the Advice Network.&rdquo; <I>Social Networks</I> 23:215-35."},{"sequence":"33","original_text":"Dalud-Vincent, Monque, Michel Fors&eacute;, and Jean-Paul Auray. 1994. &ldquo;An Algorithm for Finding the Structure of Social Groups.&rdquo; <I>Social Networks</I> 16:137-62."},{"sequence":"34","original_text":"De Rooij, Mark. 2001. &ldquo;Distance Models for Transition Frequency Data.&rdquo; Doctoral Dissertation, Department of Data Theory, Leiden University, The Netherlands."},{"sequence":"35","original_text":"De Rooij, Mark. 2002. &ldquo;Studying Triadic Distance Models under a Likelihood Function.&rdquo; Pp. 69-76 in <I>Measurement and Multivariate Analysis</I>, edited by S. Nishisato, Y. Baba, H. Bozdogan and K. Kanefuji. Tokyo: Springer-Verlag."},{"sequence":"36","original_text":"De Rooij, Mark, and Willem J. Heiser. 2000. &ldquo;Triadic Distance Models for the Analysis of Asymmetric Three-Way Proximity Data.&rdquo; <I>British Journal of Mathematical and Statistical Psychology</I> 53:99-119."},{"sequence":"37","original_text":"DeSarbo, Wayne S., Michael D. Johnson, Ajay K. Manrai, Lalita A. Manrai, and Elizabeth A. Edwards. 1992. &ldquo;TSCALE: A New Multidimensional Scaling Procedure Based on Tversky's Contrast Model.&rdquo; <I>Psychometrika</I> 57:43-69."},{"sequence":"38","original_text":"DeSarbo, Wayne S., and Ajay K. Manrai. 1992. &ldquo;A New Multidimensional Scaling Methodology for the Analysis of Asymmetric Proximity Data in Marketing Research.&rdquo; <I>Marketing Science</I> 11:1-20."},{"sequence":"39","original_text":"DeSarbo, Wayne S., Ajay K. Manrai, and Raymond R. Burke. 1990. &ldquo;A Nonspatial Methodology for the Analysis of Two-Way Proximity Data Incorporating the Distance-Density Hypothesis.&rdquo; <I>Psychometrika</I> 55:229-53."},{"sequence":"40","original_text":"DeSarbo, W. S., A K. Manrai, and L. A. Manrai. 1993. &ldquo;Non-Spatial Tree Models for the Assessment of Competitive Market Structure: An Integrated Review of the Marketing and Psychometric Literature.&rdquo; Pp. 193-257 in <I>Handbooks in Operations Research and Management Science: Marketing</I>, edited by J. Eliashberg and G. L. Lilien. Amsterdam: North-Holland. =1997. 岡太彬訓（訳） 「競争市場構造の評価と非空間的木構造モデル：マーケティングと計量心理学における展望」 森村英典・岡太彬訓・木島正明・守口剛（監訳） 『マーケティングハンドブック』5章 朝倉書店:201-57."},{"sequence":"41","original_text":"Doreian Patrick. 1987. &ldquo;Measuring Regular Equivalence in Symmetric Structures.&rdquo; <I>Social Networks</I> 9:89-107."},{"sequence":"42","original_text":"Doreian Patrick. 1988. &ldquo;Using Multiple Network Tools for a Single Social Network.&rdquo; <I>Social Networks</I> 10:287-312."},{"sequence":"43","original_text":"遠藤英樹. 2001. 「観光というイメージの織物―奈良を事例とした考察―」 『社会学評論』 52:133-46."},{"sequence":"44","original_text":"Ennis, James G. 1992. &ldquo;The Social Organization of Sociological Knowledge: Modeling the Interaction of Specialties.&rdquo; <I>American Sociological Review</I> 57:259-65."},{"sequence":"45","original_text":"Everitt, B. S. 1979. &ldquo;Unresolved Problems in Cluster Analysis.&rdquo; <I>Biometrics</I> 35:169-81."},{"sequence":"46","original_text":"Everitt, B. S., and Rabe-Hesketh S. 1997. <I>The Analysis of Proximity Data</I>. London, England: Arnold."},{"sequence":"47","original_text":"Faust, Katherine, and A. Kimball Romney. 1985. &ldquo;Does <I>STRUCTURE</I> Find Structure?: A Critique of Burt's Use of Distance as a Measure of Structural Equivalence.&rdquo; <I>Social Networks</I> 7:77-103."},{"sequence":"48","original_text":"Feger, Hubert, and Paul De Boeck. 1993. &ldquo;Categories and Concepts: Introduction to Data Analysis.&rdquo; Pp. 203-23 in <I>Categories and Concepts: Theoretical Views and Inductive Data Analysis</I>, edited by I. V. Mechelen, J. Hampton, R. S. Michalski, and P. Theuns. London, England: Academic Press."},{"sequence":"49","original_text":"Frank, Kenneth A. 1995. &ldquo;Identifying Cohesive Subgroups.&rdquo; <I>Social Networks</I> 17:27-56."},{"sequence":"50","original_text":"Frank, Kenneth A. 1996. &ldquo;Mapping Interaction within and between Cohesive Subgroups.&rdquo; <I>Social Networks</I> 18:93-119."},{"sequence":"51","original_text":"Frank, Kenneth A., and Jeffrey Y. Yasumoto. 1998. &ldquo;Linking Action to Social Structure within a System: Social Capital within and between Subgroups.&rdquo; <I>American Journal of Sociology</I> 104:642-86."},{"sequence":"52","original_text":"Freeman, Linton C., Cynthia M. Webster, and Deirdre M. Kirke. 1998. &ldquo;Exploring Social Structure Using Dynamic Three-Dimensional Color Images.&rdquo; <I>Social Networks</I> 20:109-18."},{"sequence":"53","original_text":"藤原秀雄. 1980. 「非対称測度と等質性係数を用いたクラスタ分析法」 『行動計量学』 7(2):12-21."},{"sequence":"54","original_text":"Galaskiewicz, Joseph. 1985. &ldquo;Professional Networks and the Institutionalization of a Single Mind Set.&rdquo; <I>American Sociological Review</I> 50:639-58."},{"sequence":"55","original_text":"Haller, Max, Wolfgang K&ouml;nig, Peter Krause, and Karin Kurz. 1985. &ldquo;Patterns of Career Mobility and Structural Positions in Advanced Capitalist Societies: A Comparison of Men in Austria, France, and the United States.&rdquo; <I>American Sociological Review</I> 50:579-603."},{"sequence":"56","original_text":"Hartman, Rosanne L., and J. David Johnson 1990. &ldquo;Formal and Informal Group Communication Structures: An Examination of their Relationship to Role Ambiguity.&rdquo; <I>Social Networks</I> 12:127-51."},{"sequence":"57","original_text":"Hope Keith. 1982. &ldquo;Vertical and Nonvertical Class Mobility in Three Countries.&rdquo; <I>American Sociological Review</I> 47:99-113."},{"sequence":"58","original_text":"Hubert, Lawrence. 1973. &ldquo;Min and Max Hierarchical Clustering Using Asymmetric Similarity Measures.&rdquo; <I>Psychometrika</I> 38:63-72."},{"sequence":"59","original_text":"池田央・岡太彬訓. 1974. 「クラスター分析」 『心理学評論』 17:106-28."},{"sequence":"60","original_text":"伊藤隆. 1987. 「NEGOPYとMDSによるネットワーク・データの分析」 『社会学評論』 38:368-77."},{"sequence":"61","original_text":"井上寛. 1990. 「ブロックモデル分析」 平松闊（編著） 『社会ネットワーク』 福村出版:178-91."},{"sequence":"62","original_text":"Johnson, Jeffrey C., and Marc L. Miller. 1983. &ldquo;Deviant Social Positions in Small Groups: The Relations between Role and Individual.&rdquo; <I>Social Networks</I> 5:51-69."},{"sequence":"63","original_text":"木村好美. 2002. 「「過去の職業」による老後の所得格差」 『理論と方法』 17(2):151-65."},{"sequence":"64","original_text":"Kimura, Y., and A. Okada. 2000. &ldquo;Analysis of the Assessments of One's Values among Different Cohorts in Age and Sex by Multidimensional Scaling.&rdquo; Pp. 330-7 in <I>Classification and Information Processing at the Turn of the Millennium</I>, edited by R. Decker and W. Gaul. Berlin, Germany: Springer-Verlag."},{"sequence":"65","original_text":"木村好美・岡太彬訓. 2002. 「年齢・性別によって価値観は異なるのか？」 柳井晴夫・岡太彬訓・繁桝算男・高木廣文・岩崎学（編） 『多変量解析実例ハンドブック』 朝倉書店:594-602."},{"sequence":"66","original_text":"北嶋守. 1994. 「歴史・科学社会学における社会調査法の開発―履歴網分析の手法と適用事例―」 『社会学評論』 45:236-50."},{"sequence":"67","original_text":"Knoke, David, and Franz Urban Pappi. 1991. &ldquo;Organizational Action Sets in the U.S. and German Labor Policy Domains.&rdquo; <I>American Sociological Review</I> 56:509-23."},{"sequence":"68","original_text":"Kohonen, Teuvo. 1982. &ldquo;Self-Organized Formation of Topologically Correct Feature Maps.&rdquo; <I>Biological Cybernetics</I> 43:59-69."},{"sequence":"69","original_text":"高坂健次・与謝野有紀. 2000. 「政策対象としての真の社会的弱者とは」 高坂健次（編） 『日本の階層システム6―階層社会から新しい市民社会へ―』 東京大学出版会:95-116."},{"sequence":"70","original_text":"Ko&scaron;melj, Katarina. 1986. &ldquo;A Two-Step Procedure for Clustering Time Variety Data.&rdquo; <I>Journal of Mathematical Sociology</I> 12:315-26."},{"sequence":"71","original_text":"Kroonenberg, Pieter M. 1983. <I>Three-Mode Principal Component Analysis: Theory and Applications</I>. Leiden, The Netherlands: DSWO Press."},{"sequence":"72","original_text":"Kroonenberg, Pieter M.・宮埜壽夫. 1996. 「3元データ解析とその最近の展開」 『心理学評論』 39:386-407."},{"sequence":"73","original_text":"Kruskal, Joseph. 1977. &ldquo;The Relationship between Multidimensional Scaling and Clustering.&rdquo; Pp. 17-44 in <I>Classification and Clustering</I>, edited by J. Van Ryzin. New York: Academic Press"},{"sequence":"74","original_text":"Kruskal, Joseph B., and J. Douglas Caroll. 1969. &ldquo;Geometric Models and Badness-of-fit Measures.&rdquo; Pp. 639-71 in <I>Multivariate Analysis</I>, edited by P. K. Krishnaiah, New York: Academic Press."},{"sequence":"75","original_text":"Laumann, Edward O., and Louis Guttman. 1966. &ldquo;The Relative Associational Contiguity of Occupations in an Urban Setting.&rdquo; <I>American Sociological Review</I> 31:169-78."},{"sequence":"76","original_text":"Laumann, Edward O., David Knoke, and Yong-Hak Kim. 1985. &ldquo;An Organizational Approach to State Policy Formation: A Comparative Study of Energy and Health Domains.&rdquo; <I>American Sociological Review</I> 50:1-19."},{"sequence":"77","original_text":"Leydesdorf, Loet. 1991. &ldquo;The Static and Dynamic Analysis of Network Data Information Theory.&rdquo; <I>Social Networks</I> 13:301-45."},{"sequence":"78","original_text":"Ling, R. F. 1971. <I>Cluster Analysis</I>. Ann Arbor, MI: University Microfilms. No. 71-22356."},{"sequence":"79","original_text":"McLean, Paul D. 1998. &ldquo;A Frame Analysis of Favor Seeking in the Renaissance: Agency, Networks, and Political Culture.&rdquo; <I>American Journal of Sociology</I> 104:51-91."},{"sequence":"80","original_text":"Morgan, David L. 1987. &ldquo;Rehabilitating a Technique to Measure Perceived Social Networks.&rdquo; <I>Social Networks</I> 9:135-52."},{"sequence":"81","original_text":"Murtagh, Fionn D. 1993. &ldquo;Cluster Analysis Using Proximities.&rdquo; Pp. 225-45 in <I>Categories and Concepts: Theoretical Views and Inductive Data Analysis</I>, edited by I. V. Mechelen, J. Hampton, R. S. Michalski and P. Theuns. London, England: Academic Press."},{"sequence":"82","original_text":"中尾啓子. 2002. 「階層帰属意識と生活意識」 『理論と方法』 17(2):135-49."},{"sequence":"83","original_text":"Nakao, Keiko, and A. Kimball Romney. 1993. &ldquo;Longitudinal Approach to Subgroup Formation: Reanalysis of Newcomb's Fraternity Data.&rdquo; <I>Social Networks</I> 15:109-31."},{"sequence":"84","original_text":"野辺政雄. 1993. 「オーストラリア社会の地位の一貫性と非一貫性―1973-74年の全国調査の分析―」 『理論と方法』 8(2):215-34."},{"sequence":"85","original_text":"Okada, Akinori. 1996. &ldquo;A Review of Cluster Analysis Research in Japan.&rdquo; Pp. 271-94 in <I>Clustering and Classification</I>, edited by P. Arabie, L. J. Hubert and G. De Soete. River Edge, NJ: World Scientific."},{"sequence":"86","original_text":"Okada, Akinori, and Tadashi Imaizumi. 1997. &ldquo;Asymmetric Multidimensional Scaling of Two-Mode Three-Way Proximities.&rdquo; <I>Journal of Classification</I> 14:195-224."},{"sequence":"87","original_text":"Okada, Akinori, and Takeyoshi Iwamoto. 1996. &ldquo;University Enrollment Flow among the Japanese Prefectures: A Comparison before and after the Joint First Stage Achievement Test by Asymmetric Cluster Analysis.&rdquo; <I>Behaviormetrika</I> 23:169-85."},{"sequence":"88","original_text":"Panning, William H. 1982. &ldquo;Fitting Blockmodels to Data.&rdquo; <I>Social Networks</I> 4:81-101."},{"sequence":"89","original_text":"Rau, William, and Dennis W. Roncek. 1987. &ldquo;Industrialization and World Inequality: The Transformation of the Division of Labor in 59 Nations, 1960-1981.&rdquo; <I>American Sociological Review</I> 52:359-69."},{"sequence":"90","original_text":"Rice, Ronald E., August E. Grant, Joseph Schmitz, and Jack Torobin. 1990. &ldquo;Individual and Network Influences on the Adoption and Perceived Outcomes of Electronic Messaging.&rdquo; <I>Social Networks</I> 12:27-55."},{"sequence":"91","original_text":"Roberts, John M. Jr. and Bridget A. Browning. 1998. &ldquo;Proximity and Threats in Highland Ponies.&rdquo; <I>Social Networks</I> 20:227-38."},{"sequence":"92","original_text":"Romesburg, H. Charles. 1984. <I>Cluster Analysis for Researchers</I>. Belmont, CA: Lifetime Learning Publications. =1992. 西田英郎・佐藤嗣二（訳） 『実例クラスター分析』 内田老鶴舗."},{"sequence":"93","original_text":"Schweizer, Thomas, Elmar Klemm, and Margarete Schweizer. 1993. &ldquo;Ritual as Action in a Javanese Community: A network Perspective on Ritual and Social Structure.&rdquo; <I>Social Networks</I> 15:19-48."},{"sequence":"94","original_text":"Shepard, Roger N. 1972. &ldquo;A Taxonomy of some Principal Types of Data and of Multidimensional Methods for their Analysis.&rdquo; Pp. 21-47 in <I>Multidimensional Scaling: Theory and Applications in the Behavioral Sciences Vol. 1 Theory</I>, edited by R. N. Shepard, A. K. Romney, and S. B. Nerlove. New York: Seminar Press. =1976. 岡太彬訓・渡邊恵子（訳） 「データ形式と多次元尺度構成法の分類」 『多次元尺度構成法I　理論編』2章 共立出版:23-50."},{"sequence":"95","original_text":"Shepard, Roger N. 1974. &ldquo;Representation of Structure in Similarity Data.&rdquo; <I>Psychometrika</I> 39:373-421"},{"sequence":"96","original_text":"Shepard, Roger N., and Phipps Arabie. 1979. &ldquo;Additive Clustering: Representation of Similarities as Combinations of Discrete Overlapping Properties.&rdquo; <I>Psychological Review</I> 86:87-123."},{"sequence":"97","original_text":"Simkus, Albert. 1984. &ldquo;Structural Transformation and Social Mobility: Hungary 1938-1973.&rdquo; <I>American Sociological Review</I> 49:291-307."},{"sequence":"98","original_text":"スミス, ハーマン W. 1990. 「ソフトウェア・プログラムに見るアメリカ社会科学の趨勢」 『理論と方法』 5(1):115-30."},{"sequence":"99","original_text":"Snipp, C. Matthew. 1985. &ldquo;Occupational Mobility and Social Class: Insights From Men's Career Mobility.&rdquo; <I>American Sociological Review</I> 50:475-93."},{"sequence":"100","original_text":"Somers, H. Robert. 1962. &ldquo;A New Asymmetric Measure of Association for Ordinal Variables.&rdquo; <I>American Sociological Review</I> 27:799-811."},{"sequence":"101","original_text":"Tolbert, Charles M. II. 1982. &ldquo;Industrial Segmentation and Men's Career Mobility.&rdquo; <I>American Sociological Review</I> 47:457-77."},{"sequence":"102","original_text":"Wasserman, Stanley, and Katherine Faust. 1994. <I>Social Network Analysis: Methods and Applications</I>. Cambridge, UK: Cambridge University Press."},{"sequence":"103","original_text":"渡辺勉・佐藤嘉倫. 1999. 「職歴にみる戦後日本の労働市場」 『社会学評論』 50:197-214."},{"sequence":"104","original_text":"Yair, Gad. 1995. &ldquo;&lsquo;Unite Unite Europe&rsquo; The Political and Cultural Structures of Europe as Reflected in the Eurovision Song Contest.&rdquo; <I>Social Networks</I> 17:147-61."},{"sequence":"105","original_text":"安田三郎. 1969. 『社会統計学』 丸善."},{"sequence":"106","original_text":"Zielman, Berrie. 1991. <I>Three-Way Scaling of Asymmetric Proximities</I>. Research Report RR91-01, Department of Data Theory, University of Leiden, The Netherlands."},{"sequence":"107","original_text":"Zielman, Berrie, and Willem J. Heiser. 1993. &ldquo;Analysis of Asymmetry by a Slide-Vector.&rdquo; <I>Psychometrika</I> 58:101-14."},{"sequence":"108","original_text":"Zielman, Berrie. 1996. &ldquo;Models for Asymmetric Proximities.&rdquo; <I>British Journal of Mathematical and Statistical Psychology</I> 49:127-46."}]}}