{"status":"OK","apiType":"doi","apiVersion":"1.0.0","message":{"total":1,"rows":1,"totalPages":1,"page":1},"data":{"siteId":"SI/JST.JSTAGE","content_type":"JA","doi":"10.11218/ojjams.20.27","url":"https://doi.org/10.11218/ojjams.20.27","ra":"JaLC","prefix":"10.11218","site_name":"J-STAGE","publisher_list":[{"publisher_name":"Japanese Association For Mathematical Sociology","lang":"en"},{"publisher_name":"数理社会学会","lang":"ja"}],"title_list":[{"lang":"en","title":"Social Stratification, Intermediary Groups and Creation of Trustfulness"}],"creator_list":[{"sequence":"1","type":"person","names":[{"lang":"en","last_name":"YOSANO","first_name":"Arinori"}],"affiliation_list":[{"affiliation_name":"Department of Sociology Kansai University","sequence":"1","lang":"en"},{"affiliation_name":"Department of Sociology Kansai University","sequence":"1","lang":"ja"}]},{"sequence":"2","type":"person","names":[{"lang":"en","last_name":"HAYASHI","first_name":"Nahoko"}],"affiliation_list":[{"affiliation_name":"Department of Sociology Kansai University","sequence":"1","lang":"en"},{"affiliation_name":"Department of Sociology Kansai University","sequence":"1","lang":"ja"}]}],"publication_date":{"publication_year":"2005"},"relation_list":[{"content":"https://www.jstage.jst.go.jp/article/ojjams/20/1/20_1_27/_pdf","type":"URL","relation":"fullTextPdf"}],"content_language":"en","updated_date":"2017-03-23","article_type":"pub","journal_id_list":[{"journal_id":"0913-1442","type":"ISSN","issn_type":"print"},{"journal_id":"1881-6495","type":"ISSN","issn_type":"online"},{"journal_id":"ojjams","type":"JID"}],"journal_title_name_list":[{"journal_title_name":"Sociological Theory and Methods","type":"full","lang":"en"},{"journal_title_name":"Sociological Theory and Methods","type":"abbreviation","lang":"en"},{"journal_title_name":"理論と方法","type":"full","lang":"ja"},{"journal_title_name":"理論と方法","type":"abbreviation","lang":"ja"}],"journal_classification":"01","recorded_year":"1986-2013","volume":"20","issue":"1","first_page":"27","last_page":"44","date":"2007-07-06","keyword_list":[{"keyword":"Trust","sequence":"1","lang":"en"},{"keyword":"Intermediary Group","sequence":"2","lang":"en"},{"keyword":"Social Stratification","sequence":"3","lang":"en"}],"citation_list":[{"sequence":"1","original_text":"Arrow, K. J. 1970. Essays in the Theory of Risk-Bearing. Chicago: Markham."},{"sequence":"2","journal_title_name_list":[{"journal_title_name":"American Journal of Sociology","lang":"en"}],"title_list":[{"lang":"en","title":"Social Capital in the Creation of Human Capital"}],"volume":"supplement 94","first_page":"95","last_page":"120","publication_date":{"publication_year":"1988"},"content_language":"en","original_text":"Coleman, J. 1988. &ldquo;Social Capital in the Creation of Human Capital.&rdquo; American Journal of Sociology, supplement 94: 95-120."},{"sequence":"3","original_text":"Coleman, J., 1990. Foundations of Social Theory. Cambridge, Massachusetts: Harvard University Press."},{"sequence":"4","original_text":"Cook, K. S. (ed.) 2001. Trust in Society. New York: Russell Sage Foundation."},{"sequence":"5","original_text":"Fukuyama, F. 1995. Trust: The Social Virtues and the Creation of Prosperity. Glencoe, IL: Free Press."},{"sequence":"6","original_text":"Grootaert, C., and T. Bastelaer (eds.) 2002. Understanding and Measuring Social Capital: A Multidisciplinary Tool for Practitioners. Washington: The World Bank."},{"sequence":"7","original_text":"Hayashi, N., and A. Yosano. forthcoming. &ldquo;Trust as an Adaptive Strategy: Symmetry of Social Intelligence of High-trusters and Low-trusters.&rdquo; The Japanese Journal of Experimental Social Psychology. (In Japanese)"},{"sequence":"8","original_text":"Kikuchi, M, Y. Watanabe and T. Yamagishi. 1997. &ldquo;Judgment Accuracy of Others' Trustworthiness and General Trust: An Experimental Study.&rdquo; The Japanese Journal of Experimental Social Psychology 37(1) 23-36. (In Japanese)"},{"sequence":"9","original_text":"Kiyonari, T and T. Yamagishi. 1996. &ldquo;Distrusting Outsiders as a Consequence of Commitment Formation.&rdquo; The Japanese Journal of Experimental Social Psychology 36: 56-57. (In Japanese)"},{"sequence":"10","original_text":"Kosugi, M and T. Yamagishi. 1998. &ldquo;Generalized Trust and Judgment of Trustworthiness.&rdquo; The Japanese Journal of Psychology 69: 349-357. (In Japanese)"},{"sequence":"11","journal_title_name_list":[{"journal_title_name":"Political Psychology","lang":"en"}],"title_list":[{"lang":"en","title":"Social Capital, Social Networks, and Political Participation"}],"volume":"19","first_page":"567","last_page":"584","publication_date":{"publication_year":"1998"},"content_language":"en","original_text":"Lake, R., L. Due and R. Hackfeldt. 1998. &ldquo;Social Capital, Social Networks, and Political Participation.&rdquo; Political Psychology 19(3): 567-584."},{"sequence":"12","original_text":"Lin N.. 2001. &ldquo;Building a Network Theory of Social Capital.&rdquo; Pp.3-29 in Social Capital: Theory and Research, edited by N. Lin, K. Cook and R. S. Burt. New York: Aldine de Gruyter."},{"sequence":"13","doi":"10.2307/3090141","journal_title_name_list":[{"journal_title_name":"Social Psychology Quarterly","lang":"en"}],"title_list":[{"lang":"en","title":"Are Surveys on Trust Trustworthy?"}],"volume":"66","first_page":"62","last_page":"70","publication_date":{"publication_year":"2003"},"content_language":"en","original_text":"Miller, A. S. and T. Mitamura. 2003. &ldquo;Are Surveys on Trust Trustworthy?&rdquo; Social Psychology Quarterly 66(1): 62-70."},{"sequence":"14","original_text":"Miyake, I. 1998. &ldquo;Trustfulness.&rdquo; in Nationality Comparison of 7 Countries, edited by International Research Committee on Nationality, the Institute of Statistical Mathematics. Tokyo: Idemitsushoten. (In Japanese)"},{"sequence":"15","original_text":"Mukoyama, A. 2000. &ldquo;The Japanese Model of Corporate Governance in the Past, Today and in the Future.&rdquo; Pp.282-90 in The 21st Century and Japanese Enterprise, edited by Faculty of Business and Faculty of Economics, Osaka City University. Tokyo: Nihon keizai shinbunsya."},{"sequence":"16","doi":"10.1177/0192512101222004","journal_title_name_list":[{"journal_title_name":"International Political Science Review","lang":"en"}],"title_list":[{"lang":"en","title":"Trust, Social Capital, Civil Society and Democracy"}],"volume":"22","first_page":"201","last_page":"214","publication_date":{"publication_year":"2001"},"content_language":"en","original_text":"Newton, K. 2001. &ldquo;Trust, Social Capital, Civil Society and Democracy.&rdquo; International Political Science Review 22(2): 201-214."},{"sequence":"17","doi":"10.2307/1913738","journal_title_name_list":[{"journal_title_name":"Econometrica","lang":"en"}],"title_list":[{"lang":"en","title":"Risk Aversion in the Small and in the Large"}],"volume":"32","first_page":"122","last_page":"136","publication_date":{"publication_year":"1964"},"content_language":"en","original_text":"Pratt, J. W. 1964. &ldquo;Risk Aversion in the Small and in the Large.&rdquo; Econometrica 32: 122-136."},{"sequence":"18","original_text":"Putnam, R. D. 1993. Making Democracy Work: Civic Traditions in Modern Italy. Princeton, NJ: Princeton University Press."},{"sequence":"19","original_text":"Putnam, R. D. 2000. Bowling Alone: The Collapse and Revival of American Community. New York: Simon and Schuster."},{"sequence":"20","original_text":"Tsuji, R. and M. Harihara. 2002. &ldquo;Urban and Rural Social Networks and General Trust.&rdquo; Proceedings of the 43rd JSSP Conference, 2002: 114-115. (In Japanese)"},{"sequence":"21","original_text":"Yamagishi, T. 1998. Structure of Trust: Evolutionary Game for Mind and Society. Tokyo: University of Tokyo Press (In Japanese)"},{"sequence":"22","original_text":"Yamagishi, T. 1999. From Assurance Based Society to Trust Based Society: Where is the Japanese System Heading? Tokyo: Chuo Koron Shinsha. (In Japanese)"},{"sequence":"23","doi":"10.1086/210005","journal_title_name_list":[{"journal_title_name":"American Journal of Sociology","lang":"en"}],"title_list":[{"lang":"en","title":"Uncertainty, Trust and Commitment Formation in the United States and Japan"}],"volume":"104","first_page":"165","last_page":"194","publication_date":{"publication_year":"1998"},"content_language":"en","original_text":"Yamagishi, T., K. S. Cook and M. Watabe. 1998. &ldquo;Uncertainty, Trust and Commitment Formation in the United States and Japan.&rdquo; American Journal of Sociology 104: 165-194."},{"sequence":"24","doi":"10.1007/BF02249397","journal_title_name_list":[{"journal_title_name":"Motivation and Emotion","lang":"en"}],"title_list":[{"lang":"en","title":"Trust and Commitment in the United States and Japan"}],"volume":"18","first_page":"129","last_page":"166","publication_date":{"publication_year":"1994"},"content_language":"en","original_text":"Yamagishi, T and M. Yamagishi, 1994. &ldquo;Trust and Commitment in the United States and Japan.&rdquo; Motivation and Emotion 18(2): 129-166."},{"sequence":"25","original_text":"Yosano, A. and N. Hayashi. 2005a. &ldquo;Semantics of Quantitative Data: Measurement and Interpretation of Social Consciousness.&rdquo; Pp.167-188 in Symbolic Device, edited by K. Misumi and T. Kosaka. Tokyo: Keisoshobo."},{"sequence":"26","original_text":"Yosano, A. and N. Hayashi. 2005b. &ldquo;Do Uncertainty and Opportunity Nurture Trust?: An analysis of Trust-generating Processes using the Comparative Method.&rdquo; Bulletin of the Faculty of Sociology, Kansai University 36(1): 53-73. (In Japanese)"}]}}