{"status":"OK","apiType":"doi","apiVersion":"1.0.0","message":{"total":1,"rows":1,"totalPages":1,"page":1},"data":{"siteId":"SI/JST.JSTAGE","content_type":"JA","doi":"10.11218/ojjams.13.41","url":"https://doi.org/10.11218/ojjams.13.41","ra":"JaLC","prefix":"10.11218","site_name":"J-STAGE","publisher_list":[{"publisher_name":"Japanese Association For Mathematical Sociology","lang":"en"},{"publisher_name":"数理社会学会","lang":"ja"}],"title_list":[{"lang":"ja","title":"計量的歴史社会学の展開と可能性","subtitle":"―家族史研究を中心として―"},{"lang":"en","title":"Achievements and Prospects in Quantitative Historical Sociology :","subtitle":"History of the Family as a Fertile Field"}],"creator_list":[{"sequence":"1","type":"person","names":[{"lang":"ja","last_name":"蘭","first_name":"信三"},{"lang":"en","last_name":"ARARAGI","first_name":"Shinzo"}],"affiliation_list":[{"affiliation_name":"Center for Student Exchange/ Graduate School of Human and Environmental Studies<BR>Kyoto Universitv","sequence":"1","lang":"en"},{"affiliation_name":"京都大学","sequence":"1","lang":"ja"}]},{"sequence":"2","type":"person","names":[{"lang":"ja","last_name":"中里","first_name":"英樹"},{"lang":"en","last_name":"NAKAZATO","first_name":"Hideki"}],"affiliation_list":[{"affiliation_name":"Faculty of Poltical Science and Economics<BR>Matsusaka University","sequence":"2","lang":"en"},{"affiliation_name":"松阪大学","sequence":"2","lang":"ja"}]}],"publication_date":{"publication_year":"1998"},"relation_list":[{"content":"https://www.jstage.jst.go.jp/article/ojjams/13/1/13_41/_pdf","type":"URL","relation":"fullTextPdf"}],"content_language":"ja","updated_date":"2016-09-29","article_type":"pub","journal_id_list":[{"journal_id":"0913-1442","type":"ISSN","issn_type":"print"},{"journal_id":"1881-6495","type":"ISSN","issn_type":"online"},{"journal_id":"ojjams","type":"JID"}],"journal_title_name_list":[{"journal_title_name":"Sociological Theory and Methods","type":"full","lang":"en"},{"journal_title_name":"Sociological Theory and Methods","type":"abbreviation","lang":"en"},{"journal_title_name":"理論と方法","type":"full","lang":"ja"},{"journal_title_name":"理論と方法","type":"abbreviation","lang":"ja"}],"journal_classification":"01","recorded_year":"1986-2013","volume":"13","issue":"1","first_page":"41","last_page":"57","date":"2016-09-30","keyword_list":[{"keyword":"Quantitative Historical Sociology","sequence":"1","lang":"en"},{"keyword":"計量的歴史社会学、","sequence":"1","lang":"ja"},{"keyword":"Historical Demography","sequence":"2","lang":"en"},{"keyword":"歴史人口学","sequence":"2","lang":"ja"},{"keyword":"History of the Family","sequence":"3","lang":"en"},{"keyword":"家族史","sequence":"3","lang":"ja"}],"citation_list":[{"sequence":"1","original_text":"Abbott, A. 1983. &ldquo;Sequences of Social Events.&rdquo; <I>Historical Methods</I> l6(4)."},{"sequence":"2","original_text":"Abbott, A. 1984. &ldquo;Event Sequences and Event Duration: Colligation and Measurement.&ldquo; <I>Historical Methods</I> 17(4)."},{"sequence":"3","original_text":"Abbott, A. 1991. &ldquo;History and Sociology,&rdquo; <I>Social Science History</I> 15(2)."},{"sequence":"4","original_text":"Allison, P. D. 1984. <I>Event History Analysis: Regression for Longitudinal Event Data</I>. Sage."},{"sequence":"5","original_text":"Alter, G. 1988. <I>Family and the Female Life Course: The Women of Verviers, Belgium, 1849-1880</I>. University of Wisconsin Press."},{"sequence":"6","original_text":"Archdeacon, T. J. 1994. <I>Correlation and Regression Analysis: a Historian's Guide</I>. University of  Wisconsin Press."},{"sequence":"7","original_text":"Burke, P.(ed.) 1991. <I>New Perspectives on Historical Writing</I>. Polity Press. 谷川稔他訳. 1996.『ニュー・ヒストリーの現在』人文書院."},{"sequence":"8","original_text":"Elman, C. and P. Uhlenberg. 1995. &ldquo;Co-residence in the Early Twentieth Century: Elderly Women in the United States and Their Children.&rdquo; <I>Population Studies</I> 49(3)."},{"sequence":"9","original_text":"Giddens, A. 1979. <I>Central Problems in Social Theory</I>. Mcmillan. 友枝敏雄他訳. 1989.『社会理論の最前線』ハーベスト社."},{"sequence":"10","original_text":"Goubert, P. 1960. &ldquo;Structures des de&eacute;mographiques.&rdquo; <I>Beauvais et le Beauvaisis de 1600 &agrave; 1730</I>. 遅塚忠・藤田苑子訳. 1992.『歴史人口学序説 17・18世紀ボーヴェ地方の人口動態構造』岩波書店."},{"sequence":"11","original_text":"Hunt, L. 1984. &ldquo;Charles Tilly's Collective Action.&rdquo;「チャールズ・ティリーの集合行動」(Skocpoled., 1984=1995所収)."},{"sequence":"12","original_text":"Kramarow, E. A. 1995. &ldquo;The Elderly Who Live Alone in the United States: Historical Perspectives on Household Chage.&rdquo; <I>Demogyaphy</I> 32: 335-352."},{"sequence":"13","original_text":"Ladurie, E. Le Roy (1973&middot;78). <I>Le Territoire de L'historien</I>. 樺山紘一他訳. 1980.『新しい歴史　歴史人類学ヘの道』新評論."},{"sequence":"14","original_text":"Laslett, B. 1980. &ldquo;Beyond Methodology: The Place of Theory in Quantitative Historical Research.&rdquo; <I>American Sociological Review</I> 45 (2)."},{"sequence":"15","original_text":"Laslett, P. 1972. &ldquo;Mean Household Size in England since the Sixteenth Century.&rdquo; Laslett, P. and R. Wall eds. <I>Household and Family in Past Time</I>. Cambridge University Press."},{"sequence":"16","original_text":"Laslett, P. 1977. <I>Family Life and Illicit Love in Earlier Generations: Essays in Historical Sociology</I>. Cambridge University Press."},{"sequence":"17","original_text":"Lee, J. and C. Campbell. 1997. <I>Fate and Fortune in Rural China: Social Organization and Population Behavior in Liaoning 1774-1873</I>. Cambridge University Press."},{"sequence":"18","original_text":"Olzak, S. 1992. <I>The Dynamics of Ethnic Competition and Conflict</I>. Stanford University Press."},{"sequence":"19","original_text":"Paige, J. M. 1978. <I>Agrarian Revolution: Social Movements and Export Agriculture.</I> Free Press."},{"sequence":"20","original_text":"Ragin, C. C. 1987. <I>Comparative Method: Moving Beyond Qualitative and Quantitative Strategies</I>. University of California Press. 鹿又伸夫監訳. 1993.『社会科学における比較研究』ミネルヴァ書房."},{"sequence":"21","original_text":"Ragin, C. and D. Zaret. 1983. &ldquo;Theory and Method in Comparative Research: Two Strategies.&rdquo; <I>Social Force</I> 61 (3)."},{"sequence":"22","original_text":"Saito, O. 1996. &ldquo;Historical Demography: Achievements and Prospects.&rdquo; <I>Population Studies</I> 50."},{"sequence":"23","original_text":"Shorter, E. and C. Tilly. 1974. <I>Strikes in France 1830-1968</I>. Cambridge University Press."},{"sequence":"24","original_text":"Skocpol, T. 1979. <I>States and Social Revolutions: A comparative analysis of France, Russia, and China</I>. Cambridge University Press."},{"sequence":"25","original_text":"Skocpol, T. 1984. &ldquo;Emerging Agendas and Recurrent Strategies in Historical Sociology.&rdquo;「歴史社会学における研究計画の新生と戦略の回帰」(Skocpol ed., 1984=1995所収)."},{"sequence":"26","original_text":"Skocpol, T. 1987. &ldquo;Social History and Historical Sociology: Contrasts and Complementarities.&rdquo; <I>Social Science History</I> 11 (1)."},{"sequence":"27","original_text":"Skocpol, T. ed. 1984. <I>Vision and Method in Historical Sociology</I>. Cambridge University Press. 小田中直樹訳. 1995.『歴史社会学の構想と戦略』木鐸社."},{"sequence":"28","original_text":"Stephens, J. 1979. <I>The Transition from Capitalism to Socialism</I>. Macmillan."},{"sequence":"29","original_text":"Stinchcombe, A. L. 1978. <I>Tehoretical Methods in Social History</I>. Academic Press."},{"sequence":"30","original_text":"Tilly, C. 1981. <I>As Sociology Meets History</I>. Academic Press."},{"sequence":"31","original_text":"Tilly, C. 1988. &ldquo;Future History.&rdquo; <I>Theory and Society</I> 17."},{"sequence":"32","original_text":"Tsuya, N., S. Kurosu, and H. Nakazato. 1997. &ldquo; Mortality in Early Modern Japan: Patterns and Correlates.&rdquo; Paper presented at The Eurasia Project Workshop &ldquo;Family Systems and Demographic Responses to Economic Stress&rdquo;, Bloomington, October 23-25.(EAP Conference Paper Series 20)"},{"sequence":"33","original_text":"Wall, R. 1984. &ldquo;Residential Isolation of the Elderly: A Comparison Over Time.&rdquo; <I>Ageing and Society</I> 4(4)."},{"sequence":"34","original_text":"Wallerstein, I. 1974. <I>The Modern World System, 1: capitalist agriculture and the origins of the European World-economy in the sixteenth century</I>. Random House. 川北稔訳. 1981.『近代世界システムI・II』, 岩波書店."},{"sequence":"35","original_text":"White, J. W. 1995. <I>IKKI: Social Conflict and Political Protest in Early Modern Japan</I>. Cornell University Press."},{"sequence":"36","original_text":"Yamaguchi, K. 1987. &ldquo;Event-History Analysis: Its Contributions to Modeling and Causal Inference.&rdquo;『理論と方法』2(1)."},{"sequence":"37","original_text":"Yamaguchi, K. 1991. <I>Event History Analysis</I>. Sage."},{"sequence":"38","original_text":"速水融. 1973.『近世農村の歴史人口学的研究』東洋経済新報社."},{"sequence":"39","original_text":"速水融. 1992.『近世濃尾地方の人口・経済・社会』創文社."},{"sequence":"40","original_text":"速水融. 1997.『歴史人口学の世界』岩波書店."},{"sequence":"41","original_text":"河野仁. 1992.「アメリカの歴史社会学」『思想』812, 岩波書店."},{"sequence":"42","original_text":"古谷野亘. 1988.『数学が苦手な人のための多変量解析ガイド』川島書店."},{"sequence":"43","original_text":"二宮宏之. 1983.「解題　歴史の中の『家』」二宮宏之他編『家の歴史社会学』新評論."},{"sequence":"44","original_text":"中里英樹. 1997.「家族」筒井清忠編『歴史社会学のフロンティア』人文書院."},{"sequence":"45","original_text":"佐藤俊樹編. 1998.『近代日本の移動と階層：1896-1995』（1995年SSM調査シリーズ２）."},{"sequence":"46","original_text":"盛山和夫・都築一治・佐藤嘉倫・中村隆. 1990.「職歴移動の構造」直井優・盛山和夫編『現代日本の階層構造１　社会階層の構造と過程』東京大学出版会."},{"sequence":"47","original_text":"鈴木明男. 1996.『基礎から実践まで　リレーショナルでDBMS Q&amp;A』ソフトリサーチセンター."},{"sequence":"48","original_text":"筒井清忠・田中紀行. 1990.「欧米における歴史社会学研究の系譜と現状」筒井清忠編著『「近代日本」の歴史社会学』木鐸社."}]}}