{"status":"OK","apiType":"doi","apiVersion":"1.0.0","message":{"total":1,"rows":1,"totalPages":1,"page":1},"data":{"siteId":"SI/JST.JSTAGE","content_type":"JA","doi":"10.11218/ojjams.14.2_73","url":"https://doi.org/10.11218/ojjams.14.2_73","ra":"JaLC","prefix":"10.11218","site_name":"J-STAGE","publisher_list":[{"publisher_name":"Japanese Association For Mathematical Sociology","lang":"en"},{"publisher_name":"数理社会学会","lang":"ja"}],"title_list":[{"lang":"ja","title":"2次選抜を必要としない研究室配属制度の設計"},{"lang":"en","title":"Design of a Laboratory Assignment Institution without the Second Selection"}],"creator_list":[{"sequence":"1","type":"person","names":[{"lang":"ja","last_name":"富山","first_name":"慶典"},{"lang":"en","last_name":"TOMIYAMA","first_name":"Yoshinori"}],"affiliation_list":[{"affiliation_name":"Faculty of Social and Information Studies<BR>Gunma University","sequence":"1","lang":"en"},{"affiliation_name":"群馬大学","sequence":"1","lang":"ja"}]},{"sequence":"2","type":"person","names":[{"lang":"ja","last_name":"細野","first_name":"文雄"},{"lang":"en","last_name":"HOSONO","first_name":"Fumio"}],"affiliation_list":[{"affiliation_name":"Faculty of Social and Information Studies<BR>Gunma University","sequence":"1","lang":"en"},{"affiliation_name":"群馬大学","sequence":"1","lang":"ja"}]}],"publication_date":{"publication_year":"1999"},"relation_list":[{"content":"https://www.jstage.jst.go.jp/article/ojjams/14/2/14_2_73/_pdf","type":"URL","relation":"fullTextPdf"}],"content_language":"ja","updated_date":"2016-09-29","article_type":"pub","journal_id_list":[{"journal_id":"0913-1442","type":"ISSN","issn_type":"print"},{"journal_id":"1881-6495","type":"ISSN","issn_type":"online"},{"journal_id":"ojjams","type":"JID"}],"journal_title_name_list":[{"journal_title_name":"Sociological Theory and Methods","type":"full","lang":"en"},{"journal_title_name":"Sociological Theory and Methods","type":"abbreviation","lang":"en"},{"journal_title_name":"理論と方法","type":"full","lang":"ja"},{"journal_title_name":"理論と方法","type":"abbreviation","lang":"ja"}],"journal_classification":"01","recorded_year":"1986-2013","volume":"14","issue":"2","first_page":"2_73","last_page":"2_88","date":"2016-09-30","keyword_list":[{"keyword":"Laboratory Assignment","sequence":"1","lang":"en"},{"keyword":"研究室配属","sequence":"1","lang":"ja"},{"keyword":"Sequential Selection Institution","sequence":"2","lang":"en"},{"keyword":"逐次選抜制度","sequence":"2","lang":"ja"},{"keyword":"Institution Design without Second Selection","sequence":"3","lang":"en"},{"keyword":"制度設計","sequence":"3","lang":"ja"},{"keyword":"Social Matching Theory","sequence":"4","lang":"en"},{"keyword":"社会的マッチング理論","sequence":"4","lang":"ja"},{"keyword":"Monte Carlo Simulation","sequence":"5","lang":"en"},{"keyword":"モンテカルロ・シミュレーション","sequence":"5","lang":"ja"}],"citation_list":[{"sequence":"1","original_text":"Gale, D. and Shapley, L. 1962. &ldquo;College Admissions and the Stability of Marriage.&rdquo; <I>American Mathematical Monthly</I> 69:9-15."},{"sequence":"2","original_text":"Gardenfors, P. 1973. &ldquo;Assignment Problem Based on Ordinal Preferences.&rdquo; <I>Management Science</I> 20:331-340."},{"sequence":"3","original_text":"早川圭吾・能登正人・栗原正仁. 1999.「研究室配属アルゴリズムの諸性質の考察」.『情報処理学会第58回全国大会講演論文集（1）』, 293-294."},{"sequence":"4","original_text":"今野 浩. 1992.『数理決定法入門―キャンパスのOR―』, pp.1-20. 朝倉書店."},{"sequence":"5","original_text":"今野 浩・朱 喆. 1991.「最適クラス編成問題―東京工業大学におけるケース・スタディ―」.『オペレーションズ・リサーチ』, 36, 85-89."},{"sequence":"6","original_text":"宮岸宏明・森 雅夫. 1992.「ある大学の学科所属方式における学生の申告の安定性について」.『統計数理』, 40, 2, 153-171."},{"sequence":"7","original_text":"能登正人・栗原正仁・大内 東. 1995.「抽象書換え系理論による講座配属アルゴリズムの完備性の解析」.『情報処理学会論文誌』, Vol.36, No.10, 2327-2334."},{"sequence":"8","original_text":"Proll, L.G. 1972. &ldquo;A Simple Method of Assigning Projects to Students.&rdquo; <I>Operational Research Quarterly</I>, 23, 2, 195-201."},{"sequence":"9","original_text":"Roth, A.E. 1982. &ldquo;The Economics of Matching: Stability and incentives.&rdquo; <I>Mathematics of Operations Research</I> 7:617-628."},{"sequence":"10","original_text":"Roth, A.E. 1984. &ldquo;Misrepresentation and Stability in the Marriage Problem.&rdquo; <I>Journal of Economic Theory</I> 34:383-387."},{"sequence":"11","original_text":"Roth, A.E. 1985a. &ldquo;Common and Conflicting Interests in Two-Sided Matching Markets.&rdquo; <I>European Economic Review</I> 27:75-96."},{"sequence":"12","original_text":"Roth, A.E. 1985b. &ldquo;Conflict and Coincidence of Interest in Job matching: Some New Results and Open Questions.&rdquo; <I>Mathematics of Operations Research</I> 10:379-389."},{"sequence":"13","original_text":"Roth, A.E. 1985c. &ldquo;The College Admissions Problem is not Equivalent to the Marriage Problem.&rdquo; <I>Journal of Economic Theory</I> 36:277-288."},{"sequence":"14","original_text":"Roth, A.E. and Sotomayor, M. 1990. <I>Two-Sided Matching: A Study in Game-Theoretic Modeling and Analysis</I>. Econometric Society Monographs, Cambridge: Cambridge University Press."},{"sequence":"15","original_text":"富山慶典. 1992a.「社会的マッチング理論と大学入試制度」.『理論と方法(Sociological Theory and Methods)』, Vol.7, No.2, 61-83."},{"sequence":"16","original_text":"富山慶典. 1992b.「両側選好順序のもとでの「1-1型」社会的マッチング支援システムの機能」.『常磐大学紀要人間科学』, 10巻1号, 41-53."},{"sequence":"17","original_text":"富山慶典. 1996.「社会的マッチングのための1-1型ゲール・シャプレイ方式のコンピュータ・プログラム」.『群馬大学社会情報学部研究論集』, 第2巻, 1-26."},{"sequence":"18","original_text":"津田孝夫. 1995.『モンテカルロ法とシミュレーション』&lsaquo;三訂版&rsaquo;. 培風館."}]}}