{"status":"OK","apiType":"doi","apiVersion":"1.0.0","message":{"total":1,"rows":1,"totalPages":1,"page":1},"data":{"siteId":"SI/JST.JSTAGE","content_type":"JA","doi":"10.11218/ojjams.11.37","url":"https://doi.org/10.11218/ojjams.11.37","ra":"JaLC","prefix":"10.11218","site_name":"J-STAGE","publisher_list":[{"publisher_name":"Japanese Association For Mathematical Sociology","lang":"en"},{"publisher_name":"数理社会学会","lang":"ja"}],"title_list":[{"lang":"ja","title":"他者協力の期待と公共財供給"},{"lang":"en","title":"Expectation of Others' Cooperation and Provision of Public Goods"}],"creator_list":[{"sequence":"1","type":"person","names":[{"lang":"ja","last_name":"高田","first_name":"洋"},{"lang":"en","last_name":"TAKADA","first_name":"Hiroshi"}],"affiliation_list":[{"affiliation_name":"Faculty of Human Science<BR>Osaka University","sequence":"1","lang":"en"},{"affiliation_name":"大阪大学","sequence":"1","lang":"ja"}]}],"publication_date":{"publication_year":"1996"},"relation_list":[{"content":"https://www.jstage.jst.go.jp/article/ojjams/11/1/11_37/_pdf","type":"URL","relation":"fullTextPdf"}],"content_language":"ja","updated_date":"2016-08-25","article_type":"pub","journal_id_list":[{"journal_id":"0913-1442","type":"ISSN","issn_type":"print"},{"journal_id":"1881-6495","type":"ISSN","issn_type":"online"},{"journal_id":"ojjams","type":"JID"}],"journal_title_name_list":[{"journal_title_name":"Sociological Theory and Methods","type":"full","lang":"en"},{"journal_title_name":"Sociological Theory and Methods","type":"abbreviation","lang":"en"},{"journal_title_name":"理論と方法","type":"full","lang":"ja"},{"journal_title_name":"理論と方法","type":"abbreviation","lang":"ja"}],"journal_classification":"01","recorded_year":"1986-2013","volume":"11","issue":"1","first_page":"37","last_page":"46","date":"2016-08-26","keyword_list":[{"keyword":"public goods","sequence":"1","lang":"en"},{"keyword":"公共財","sequence":"1","lang":"ja"},{"keyword":"collective goods","sequence":"2","lang":"en"},{"keyword":"集合財","sequence":"2","lang":"ja"},{"keyword":"game theory","sequence":"3","lang":"en"},{"keyword":"ゲーム理論","sequence":"3","lang":"ja"},{"keyword":"the Olson problem","sequence":"4","lang":"en"},{"keyword":"オルソン問題","sequence":"4","lang":"ja"},{"keyword":"social dilemma","sequence":"5","lang":"en"},{"keyword":"社会的ジレンマ","sequence":"5","lang":"ja"}],"citation_list":[{"sequence":"1","original_text":"長谷川計二. 1991.「『共有地の悲劇』―資源管理と環境問題―」盛山和夫・海野道郎 編『秩序問題と社会的ジレンマ』ハーベスト社: 199-226."},{"sequence":"2","original_text":"伊原豊實. 1992.「二項的モデルでの公共財の自発的供給」西日本理論経済学会 編『インセンティブと情報の経済分析　現代経済学研究２』勁草書房: 88-98."},{"sequence":"3","original_text":"木村邦博. 1991.「オルソン問題」盛山和夫・海野道郎 編『秩序問題と社会的ジレンマ』ハーベスト社: 167-197."},{"sequence":"4","original_text":"Olson, Mancur. 1965. <I>The Logic of Collective Action</I>. Cambridge, Massachusetts: Harvard University Press.（依田博・森脇俊雅 訳 1983『集合行為論　公共財と集団理論』ミネルヴァ書房）"},{"sequence":"5","original_text":"Rapoport, Amnon. 1985. &ldquo;Provision of Public Goods and the MCS Experimental Paradigm.&rdquo; <I>American Political Science Review</I>, Vol. 79: 148-155."}]}}