{"status":"OK","apiType":"doi","apiVersion":"1.0.0","message":{"total":1,"rows":1,"totalPages":1,"page":1},"data":{"siteId":"SI/JST.JSTAGE","content_type":"JA","doi":"10.11218/ojjams.13.93","url":"https://doi.org/10.11218/ojjams.13.93","ra":"JaLC","prefix":"10.11218","site_name":"J-STAGE","publisher_list":[{"publisher_name":"Japanese Association For Mathematical Sociology","lang":"en"},{"publisher_name":"数理社会学会","lang":"ja"}],"title_list":[{"lang":"ja","title":"投資摩擦へのカタストロフィー理論の応用"},{"lang":"en","title":"Investment Friction Analysis based on Catastrophe Theory"}],"creator_list":[{"sequence":"1","type":"person","names":[{"lang":"ja","last_name":"一針","first_name":"源一郎"}],"affiliation_list":[{"affiliation_name":"Corporate Planning and Development Office<BR>Hitachi, Ltd.","sequence":"1","lang":"en"},{"affiliation_name":"日立製作所","sequence":"1","lang":"ja"}]}],"publication_date":{"publication_year":"1998"},"relation_list":[{"content":"https://www.jstage.jst.go.jp/article/ojjams/13/1/13_93/_pdf","type":"URL","relation":"fullTextPdf"}],"content_language":"ja","updated_date":"2016-09-29","article_type":"pub","journal_id_list":[{"journal_id":"0913-1442","type":"ISSN","issn_type":"print"},{"journal_id":"1881-6495","type":"ISSN","issn_type":"online"},{"journal_id":"ojjams","type":"JID"}],"journal_title_name_list":[{"journal_title_name":"Sociological Theory and Methods","type":"full","lang":"en"},{"journal_title_name":"Sociological Theory and Methods","type":"abbreviation","lang":"en"},{"journal_title_name":"理論と方法","type":"full","lang":"ja"},{"journal_title_name":"理論と方法","type":"abbreviation","lang":"ja"}],"journal_classification":"01","recorded_year":"1986-2013","volume":"13","issue":"1","first_page":"93","last_page":"106","date":"2016-09-30","keyword_list":[{"keyword":"unemployment","sequence":"1","lang":"en"},{"keyword":"失業","sequence":"1","lang":"ja"},{"keyword":"inflation","sequence":"2","lang":"en"},{"keyword":"インフレ","sequence":"2","lang":"ja"},{"keyword":"investment friction","sequence":"3","lang":"en"},{"keyword":"投資摩擦","sequence":"3","lang":"ja"},{"keyword":"catastrophe theory","sequence":"4","lang":"en"},{"keyword":"カタストロフィー理論","sequence":"4","lang":"ja"}],"citation_list":[{"sequence":"1","original_text":"外務省. 1979, 1983, 1987, 1992, 1997.『ASEAN諸国における対日世論調査』. 外務省."},{"sequence":"2","original_text":"外務省. 1982, 1986, 1988, 1989, 1990.『EUにおける対日世論調査』. 外務省."},{"sequence":"3","original_text":"外務省. 1984～1994.『米国における対日世論』. 外務省."},{"sequence":"4","original_text":"International Monetary Fund. 1979～1997. <I>International Financial Statistics</I>. International Monetary Fund."},{"sequence":"5","original_text":"International Labour Office. 1797～1996. <I>Yearbook of Labour Statistics</I>. International Labour Office."},{"sequence":"6","original_text":"一針源一郎. 1997.「ASEANへの直接投資について」『アジア・エネルギー調査団報告書』（財）社会経済生産性本部　1997/7: 131-134."},{"sequence":"7","original_text":"中谷敬二・中島裕行他. 1997.「1996年度海外直接投資アンケート調査結果報告」『海外投資研究所報』日本輸出入銀行 海外投資研究所23-1: 4-79."},{"sequence":"8","original_text":"野ロ広. 1976.『カタストロフィーの話：現代数学の社会的応用』. 日本放送出版協会."},{"sequence":"9","original_text":"Okun, Arthur. M. 1972. <I>The Battle Against Unemployment (Problems of the Modern Economy)</I>. W W Norton &amp; Co."},{"sequence":"10","original_text":"大蔵省. 1996.『対外及び対内直接投資状況』. 大蔵省."},{"sequence":"11","original_text":"Zeeman, E. C,. and 野ロ広. 1974.『応用カタストロフィー理論：社会科学＋破局の理論』. 講談社."}]}}