{"status":"OK","apiType":"doi","apiVersion":"1.0.0","message":{"total":1,"rows":1,"totalPages":1,"page":1},"data":{"siteId":"SI/JST.JSTAGE","content_type":"JA","doi":"10.11218/ojjams.25.65","url":"https://doi.org/10.11218/ojjams.25.65","ra":"JaLC","prefix":"10.11218","site_name":"J-STAGE","publisher_list":[{"publisher_name":"Japanese Association For Mathematical Sociology","lang":"en"},{"publisher_name":"数理社会学会","lang":"ja"}],"title_list":[{"lang":"ja","title":"職業的地位の構成イメージと地位志向","subtitle":"―職業の社会的地位の全体像に関する個人の認知に着目して―"},{"lang":"en","title":"Construction Image of Occupational Status and Status Orientation:","subtitle":"Japan Society for the Promotion of Science Faculty of Arts and Letters"}],"creator_list":[{"sequence":"1","type":"person","names":[{"lang":"ja","last_name":"塩谷","first_name":"芳也"},{"lang":"en","last_name":"SHIOTANI","first_name":"Yoshiya"}],"affiliation_list":[{"affiliation_name":"Japan Society for the Promotion of Science<BR>Faculty of Arts and Letters<BR>Tohoku University","sequence":"1","lang":"en"},{"affiliation_name":"東北大学 ・ 日本学術振興会","sequence":"1","lang":"ja"}]}],"publication_date":{"publication_year":"2010"},"relation_list":[{"content":"https://www.jstage.jst.go.jp/article/ojjams/25/1/25_1_65/_pdf","type":"URL","relation":"fullTextPdf"}],"content_language":"ja","updated_date":"2017-03-23","article_type":"pub","journal_id_list":[{"journal_id":"0913-1442","type":"ISSN","issn_type":"print"},{"journal_id":"1881-6495","type":"ISSN","issn_type":"online"},{"journal_id":"ojjams","type":"JID"}],"journal_title_name_list":[{"journal_title_name":"Sociological Theory and Methods","type":"full","lang":"en"},{"journal_title_name":"Sociological Theory and Methods","type":"abbreviation","lang":"en"},{"journal_title_name":"理論と方法","type":"full","lang":"ja"},{"journal_title_name":"理論と方法","type":"abbreviation","lang":"ja"}],"journal_classification":"01","recorded_year":"1986-2013","volume":"25","issue":"1","first_page":"65","last_page":"80","date":"2010-10-03","keyword_list":[{"keyword":"Construction image of occupational status","sequence":"1","lang":"en"},{"keyword":"職業的地位の構成イメージ","sequence":"1","lang":"ja"},{"keyword":"Perceived strata number of occupational stratification","sequence":"2","lang":"en"},{"keyword":"認知された職業階層の数（段階数）","sequence":"2","lang":"ja"},{"keyword":"Status orientation","sequence":"3","lang":"en"},{"keyword":"地位志向","sequence":"3","lang":"ja"}],"citation_list":[{"sequence":"1","original_text":"阿部晃士. 1999.「社会イメージの形成と地位志向」『総合政策』1(1): 79-90."},{"sequence":"2","original_text":"Brewer M. B. 1988. &ldquo;A dual process model of impression formation.&rdquo; T. K. Srull and R. S. Wyer, Jr. (eds.) <I>Advances in social cognition,Vol.1</I>. Lawrence Erlbaum Associates: 1-36."},{"sequence":"3","original_text":"池上知子・遠藤由美. 1998.『グラフィック社会心理学』サイエンス社."},{"sequence":"4","original_text":"今田高俊. 1998.「社会階層の新次元　―ポスト物質社会における地位変数―」『社会学評論』48(4): 419-437."},{"sequence":"5","original_text":"門脇厚司. 1978.『現代の出世観 ―高学歴化でどう変わったか―』日本経済新聞社."},{"sequence":"6","original_text":"片瀬一男・友枝敏雄. 1990.「価値意識 ―社会階層をめぐる価値志向の現在―」原純輔（編）『現代日本の階層構造 2 階層意識の動態』東京大学出版会: 125-147."},{"sequence":"7","original_text":"吉川徹. 2006.『学歴と格差・不平等』東京大学出版会."},{"sequence":"8","original_text":"吉川徹. 2008.「階級・階層意識の計量社会学」直井優・藤田英典(編)『講座社会学13 階層』東京大学出版会: 77-108."},{"sequence":"9","original_text":"木村邦博. 1998.「教育，学歴社会イメージと不公平感」『理論と方法』13(1): 107-126."},{"sequence":"10","original_text":"高坂健次. 2000.『社会学におけるフォーマル・セオリー』ハーベスト社."},{"sequence":"11","original_text":"Nakao, Keiko and Judith Treas. 1994. &ldquo;Updating Occupational Prestige and Socioeconomic Scores: How the new measures measure up.&rdquo; <I>Sociological Methodology</I> 24: 1-72."},{"sequence":"12","original_text":"Nakao Keiko. 2000. &ldquo;Occupational Prestige.&rdquo;E. F. Borgatta and R. J. V. Montgomeey (eds.) <I>Encyclopedia of Sociology.</I> Revised edition. New York: Macmillan: 1996-2002."},{"sequence":"13","original_text":"NORC (National Opinion Research Center). 1947. &ldquo;Jobs and Occupations: a Popular Evaluation.&rdquo; <I>Opinion News</I> 11: 3-13. (Reprinted 1954. Reinhard Bendix and Seymour Martin Lipset. (eds.) <I>Class, Status, and Power : a reader in social stratification.</I> London : Routledge and K. Paul: 411-426.)"},{"sequence":"14","original_text":"原純輔. 1994.「『近代主義者』の階層観」『理論と方法』9(2): 157-169."},{"sequence":"15","original_text":"原純輔・盛山和夫. 1999.『社会階層　豊かさの中の不平等』東京大学出版会."},{"sequence":"16","original_text":"Petty, R. E. and Cacioppo, J. T. 1986. &ldquo;The elaboration likelihood model of persuasion.&rdquo; L. Berkowitz (ed.) <I>Advances experimental and social psychology,</I> vol. 19. Academic Press: 123-205."},{"sequence":"17","original_text":"斎藤友里子・小林久高. 2009.「特集によせて」『社会学評論』59(4): 630-631."},{"sequence":"18","original_text":"佐藤俊樹. 2000.『不平等社会日本　さよなら総中流』中公新書."},{"sequence":"19","original_text":"佐藤俊樹. 2009.「階層帰属の意味 ―自省的近代における「階層意識」―」『社会学評論』59(4): 734-750."},{"sequence":"20","original_text":"塩谷芳也. 2009.「職業の社会的地位の認知と地位志向」『社会学研究』85: 109-131."},{"sequence":"21","original_text":"橘木俊詔. 1998.『日本の経済格差― 所得と資産から考える』岩波新書."},{"sequence":"22","original_text":"太郎丸博. 1998a.「職業評定の一致度と間主観的階層構造」『1995年SSM調査シリーズ5 職業評価の構造と職業威信スコア』 1995年SSM調査委員会: 15-29."},{"sequence":"23","original_text":"太郎丸博. 1998b.「職業評定および職業威信スコアの基本的特性」『1995年SSM調査シリーズ5 職業評価の構造と職業威信スコア』 1995年SSM調査委員会: 31-44."},{"sequence":"24","original_text":"都築一治. 2000.「人は何になりたいのか　職業魅力の構造」海野道郎(編)『日本の階層システム2』東京大学出版会: 37-81."},{"sequence":"25","original_text":"友枝敏雄. 1998.『戦後日本社会の計量分析』花書院."},{"sequence":"26","original_text":"Wegener, Bernd. 1992. &ldquo;Concepts and Measurement of Prestige.&rdquo; <I>Annual Review of Sociology</I> 18: 253-280."},{"sequence":"27","original_text":"Weiner, Bernard. 1985. &ldquo;An Attributional Theory of Achievement Motivation and Emotion.&rdquo; <I>Psychological Review</I> 92: 548-573."},{"sequence":"28","original_text":"山本真理子. 1994.『ソーシャルステイタスの社会心理学』サイエンス社."}]}}