{"status":"OK","apiType":"doi","apiVersion":"1.0.0","message":{"total":1,"rows":1,"totalPages":1,"page":1},"data":{"siteId":"SI/JST.JSTAGE","content_type":"JA","doi":"10.11218/ojjams.13.59","url":"https://doi.org/10.11218/ojjams.13.59","ra":"JaLC","prefix":"10.11218","site_name":"J-STAGE","publisher_list":[{"publisher_name":"Japanese Association For Mathematical Sociology","lang":"en"},{"publisher_name":"数理社会学会","lang":"ja"}],"title_list":[{"lang":"ja","title":"学校組織のインセンティブ・システムと教育効果","subtitle":"─３階層モデルのゲーム分析─"},{"lang":"en","title":"Incentive System and Educational Performance :","subtitle":"Analysis of Three-level Hierarchy Model in Game Theory"}],"creator_list":[{"sequence":"1","type":"person","names":[{"lang":"ja","last_name":"尾張","first_name":"豊"},{"lang":"en","last_name":"OWARI","first_name":"Yutaka"}],"affiliation_list":[{"affiliation_name":"Economics<BR>Hiroshima University","sequence":"1","lang":"en"},{"affiliation_name":"広島大学","sequence":"1","lang":"ja"}]}],"publication_date":{"publication_year":"1998"},"relation_list":[{"content":"https://www.jstage.jst.go.jp/article/ojjams/13/1/13_59/_pdf","type":"URL","relation":"fullTextPdf"}],"content_language":"ja","updated_date":"2016-09-29","article_type":"pub","journal_id_list":[{"journal_id":"0913-1442","type":"ISSN","issn_type":"print"},{"journal_id":"1881-6495","type":"ISSN","issn_type":"online"},{"journal_id":"ojjams","type":"JID"}],"journal_title_name_list":[{"journal_title_name":"Sociological Theory and Methods","type":"full","lang":"en"},{"journal_title_name":"Sociological Theory and Methods","type":"abbreviation","lang":"en"},{"journal_title_name":"理論と方法","type":"full","lang":"ja"},{"journal_title_name":"理論と方法","type":"abbreviation","lang":"ja"}],"journal_classification":"01","recorded_year":"1986-2013","volume":"13","issue":"1","first_page":"59","last_page":"74","date":"2016-09-30","keyword_list":[{"keyword":"incentive","sequence":"1","lang":"en"},{"keyword":"インセンティブ","sequence":"1","lang":"ja"},{"keyword":"three-level hierachy model","sequence":"2","lang":"en"},{"keyword":"３階層組織モデル","sequence":"2","lang":"ja"},{"keyword":"multi-stage game","sequence":"3","lang":"en"},{"keyword":"多段階ゲーム","sequence":"3","lang":"ja"},{"keyword":"collusion","sequence":"4","lang":"en"},{"keyword":"共謀","sequence":"4","lang":"ja"}],"citation_list":[{"sequence":"1","original_text":"Laffont, J. J, and Tirole, J.1986. &ldquo;Using Cost Observations to Regulate Firms,&rdquo; <I>Journal of Political Economy</I> 94: 614-641."},{"sequence":"2","original_text":"Tirole, J. 1986. &ldquo;Hierarchies and Bureaucracies: On the Role of Collusion in Organizations,&rdquo; <I>Journal of Law, Economics, and Organization</I> 2 (2): 181-212."},{"sequence":"3","original_text":"伊丹敬之 1986.『マネジメント・コントロールの理論』. 岩波書店."}]}}