{"status":"OK","apiType":"doi","apiVersion":"1.0.0","message":{"total":1,"rows":1,"totalPages":1,"page":1},"data":{"siteId":"SI/JST.JSTAGE","content_type":"JA","doi":"10.11218/ojjams.13.169","url":"https://doi.org/10.11218/ojjams.13.169","ra":"JaLC","prefix":"10.11218","site_name":"J-STAGE","publisher_list":[{"publisher_name":"Japanese Association For Mathematical Sociology","lang":"en"},{"publisher_name":"数理社会学会","lang":"ja"}],"title_list":[{"lang":"ja","title":"権力と利他主義","subtitle":"─権力構造を産む行為の進化ゲーム的分析─"},{"lang":"en","title":"Power and Altruism :","subtitle":"An evolutionary game theoretic analysis of acts producing power structure"}],"creator_list":[{"sequence":"1","type":"person","names":[{"lang":"ja","last_name":"数土","first_name":"直紀"},{"lang":"en","last_name":"SUDO","first_name":"Naoki"}],"affiliation_list":[{"affiliation_name":"Faculty of Law<BR>Gakushuin University","sequence":"1","lang":"en"},{"affiliation_name":"学習院大学","sequence":"1","lang":"ja"}]}],"publication_date":{"publication_year":"1999"},"relation_list":[{"content":"https://www.jstage.jst.go.jp/article/ojjams/13/2/13_169/_pdf","type":"URL","relation":"fullTextPdf"}],"content_language":"ja","updated_date":"2016-09-29","article_type":"pub","journal_id_list":[{"journal_id":"0913-1442","type":"ISSN","issn_type":"print"},{"journal_id":"1881-6495","type":"ISSN","issn_type":"online"},{"journal_id":"ojjams","type":"JID"}],"journal_title_name_list":[{"journal_title_name":"Sociological Theory and Methods","type":"full","lang":"en"},{"journal_title_name":"Sociological Theory and Methods","type":"abbreviation","lang":"en"},{"journal_title_name":"理論と方法","type":"full","lang":"ja"},{"journal_title_name":"理論と方法","type":"abbreviation","lang":"ja"}],"journal_classification":"01","recorded_year":"1986-2013","volume":"13","issue":"2","first_page":"169","last_page":"182","date":"2016-09-30","keyword_list":[{"keyword":"prisoner's dilemma","sequence":"1","lang":"en"},{"keyword":"囚人のジレンマ","sequence":"1","lang":"ja"},{"keyword":"altruistic utility functionevolutionary game","sequence":"2","lang":"en"},{"keyword":"進化ゲーム","sequence":"2","lang":"ja"},{"keyword":"altruistic utility function","sequence":"3","lang":"en"},{"keyword":"利他的利得関数","sequence":"3","lang":"ja"},{"keyword":"power structure","sequence":"4","lang":"en"},{"keyword":"権力構造","sequence":"4","lang":"ja"}],"citation_list":[{"sequence":"1","original_text":"青木昌彦&amp;奥野正寛 1996.『経済システムの比較制度分析』東京大学出版会"},{"sequence":"2","original_text":"Axelrod, Robert. 1984. <I>The Evolution of Cooperation</I>. Basic Books.（松田裕之訳 1987.『つきあい方の科学』HBJ出版局）"},{"sequence":"3","original_text":"Kimura, Kunihiro. 1995. &ldquo;Game Theoretical Formulations of the Olson Problem,&rdquo; <I>International Journal of Japanese Sociology</I>. No.4: 99-117."},{"sequence":"4","original_text":"Luhmann, Niklas. 1984. <I>Soziale System</I>. Suhrkamp Verlag.（佐藤勉監訳 1993/1995.『社会システム理論　上、下』恒星社厚生閣）"},{"sequence":"5","original_text":"Lukes, Steven. 1974. <I>Power</I>. Macmillan.（中島吉弘訳 1995.『現代権力論批判』未来社）"},{"sequence":"6","original_text":"Maynard-Smith, John. 1982. <I>Evolution and the Theory of Games</I>. Cambridge U.P.（寺本英・梯正之訳 1985.『進化とゲーム理論』産業図書）"},{"sequence":"7","original_text":"中野康人 1998.「ごみ減量行動協力の可能性」『第25回　数理社会学会大会報告要旨集』"},{"sequence":"8","original_text":"Olson, Mancur. 1965&rarr;1971. <I>The Logic of Collective Action</I>. Harvard U.P.（依田博・森脇俊雅訳 1983.『集合行為論』ミネルヴァ書房）"},{"sequence":"9","original_text":"大澤真琴 1990.「意味の社会的次元」『理論と方法』Vol.5 No.1: 23-42."},{"sequence":"10","original_text":"Parsons, Talcott. 1964. <I>Social Structure and Personality</I>. Free Press.（武田良三監訳 1973.『社会構造とパーソナリティ』新泉社）"},{"sequence":"11","original_text":"盛山和夫 1988.「実体としての権力は実在するか」『理論と方法』Vol.3 No.2: 85-100."},{"sequence":"12","original_text":"盛山和夫&amp;海野道郎（編）1991.『秩序問題と社会的ジレンマ』ハーベスト社"},{"sequence":"13","original_text":"Taylor, Michale. 1987. <I>Possibility of Cooperation</I>. Cambridge U.P.（松原望訳 1995.『協力の可能性』木鐸社）"},{"sequence":"14","original_text":"Weibull, Jorgen. 1996. <I>Evolutionary Game Theory</I>. The MIT Press."}]}}