{"status":"OK","apiType":"doi","apiVersion":"1.0.0","message":{"total":1,"rows":1,"totalPages":1,"page":1},"data":{"siteId":"SI/JST.JSTAGE","content_type":"JA","doi":"10.11218/ojjams.21.63","url":"https://doi.org/10.11218/ojjams.21.63","ra":"JaLC","prefix":"10.11218","site_name":"J-STAGE","publisher_list":[{"publisher_name":"Japanese Association For Mathematical Sociology","lang":"en"},{"publisher_name":"数理社会学会","lang":"ja"}],"title_list":[{"lang":"ja","title":"多様な社会的動機の基礎理論","subtitle":"利他性と平等性の視点から"},{"lang":"en","title":"A Theory of Social Motives on Altruism and Egalitarianism"}],"creator_list":[{"sequence":"1","type":"person","names":[{"lang":"ja","last_name":"武藤","first_name":"正義"},{"lang":"en","last_name":"MUTO","first_name":"Masayoshi"}],"affiliation_list":[{"affiliation_name":"Graduate School of Decision Science and Technology Tokyo Institute of Technology","sequence":"1","lang":"en"},{"affiliation_name":"東京工業大学","sequence":"1","lang":"ja"}]}],"publication_date":{"publication_year":"2006"},"relation_list":[{"content":"https://www.jstage.jst.go.jp/article/ojjams/21/1/21_1_63/_pdf","type":"URL","relation":"fullTextPdf"}],"content_language":"ja","updated_date":"2017-03-23","article_type":"pub","journal_id_list":[{"journal_id":"0913-1442","type":"ISSN","issn_type":"print"},{"journal_id":"1881-6495","type":"ISSN","issn_type":"online"},{"journal_id":"ojjams","type":"JID"}],"journal_title_name_list":[{"journal_title_name":"Sociological Theory and Methods","type":"full","lang":"en"},{"journal_title_name":"Sociological Theory and Methods","type":"abbreviation","lang":"en"},{"journal_title_name":"理論と方法","type":"full","lang":"ja"},{"journal_title_name":"理論と方法","type":"abbreviation","lang":"ja"}],"journal_classification":"01","recorded_year":"1986-2013","volume":"21","issue":"1","first_page":"63","last_page":"76","date":"2007-08-01","keyword_list":[{"keyword":"Position of Social Motive Approach","sequence":"1","lang":"en"},{"keyword":"社会的動機アプローチの位置","sequence":"1","lang":"ja"},{"keyword":"Mutual Relations among Social Motives","sequence":"2","lang":"en"},{"keyword":"社会的動機の相互関係","sequence":"2","lang":"ja"}],"citation_list":[{"sequence":"1","original_text":"Bester, H. and W. Guth. 1998. &ldquo;Is altruism evolutionarily stable?&rdquo; Journal of Economic Behavior and Organization 34(2): 193-209."},{"sequence":"2","original_text":"Bolton, G. and A. Ockenfels. 2000. &ldquo;A Theory of Equity, Reciprocity and Competition.&rdquo; American Economic Review 90: 166-193."},{"sequence":"3","original_text":"Cooter, R. and T. Ulen. 1997. Law and Economics, 2<sup>nd</sup> edition. Addison-Wesley. （ = 1997. 太田勝造訳『新装法と経済学』商事法務研究会. ）"},{"sequence":"4","original_text":"Dawes, Robyn M. and R. H. Thaler, 1988. &ldquo;Anomalies: Cooperation.&rdquo; Journal of Economic perspectives 2:187-97."},{"sequence":"5","original_text":"土場学. 1995. 「社会的価値と合理性」『理論と方法』10(2): 115-132."},{"sequence":"6","original_text":"Elster, J. 1989. The Nuts and Bolts for the Social Sciences. Cambridge University Press. （ = 1997. 海野道郎訳『社会科学の道具箱』 ハーベスト社. ）"},{"sequence":"7","original_text":"Fehr, E. and K. M. Schmidt. 1999. &ldquo;A Theory of Fairness, Competition, and Cooperation.&rdquo; Quarterly Journal of Economics 114(3): 817-868."},{"sequence":"8","original_text":"Griesinger, D. W. and  J. W. Livingstone, Jr. 1973. &ldquo;Toward a Model of Interpersonal Motivation in Experimental Games.&rdquo; Behavioral Science 18: 173-188."},{"sequence":"9","original_text":"Knight, G. P., A. F. Dubro and C. Chao, 1985, &ldquo;Information Processing and the Development of Cooperative, Competitive, and Individualistic Social Values,&rdquo; Developmental Psychology 21: 37-45."},{"sequence":"10","original_text":"小林盾. 1999. 「多様な評価原理からの全員一致」『理論と方法』14(1): 125-140."},{"sequence":"11","original_text":"Messick, D and C. McClintock 1968. &ldquo;Motivational Bases of Choice in Experimental Games.&rdquo; Journal of Experimental Social Psychology 4: 1-25."},{"sequence":"12","original_text":"森久美子. 1998. 「囚人のジレンマゲームにおける社会的価値志向性と利得構造認知」『実験社会心理学研究』38(1): 48－62."},{"sequence":"13","original_text":"武藤正義. 2002. 「僅かな利他性が導く協力の実現」『理論と方法』17(1):89-104."},{"sequence":"14","original_text":"武藤正義. 2004. 「社会的動機による2×2対称ゲームの変換」数土直紀編『社会理論の実践的可能性の探求』科学研究費補助金研究成果報告書: 103-130."},{"sequence":"15","original_text":"武藤正義. 2005. 「相互行為状況における倫理規範の性能分析」『社会学評論』56(1): 182-199."},{"sequence":"16","original_text":"Olson, M. 1965. The Logic of Collective Action: Public Goods and the Theory of Group. Harvard University Press. （ = 1983. 依田博・森脇俊雅『集合行為論：公共財と集団理論』ミネルヴァ書房. ）"},{"sequence":"17","original_text":"Osborne, M.J. and A. Rubinstein. 1994. A Course in Game Theory. MIT Press."},{"sequence":"18","original_text":"Rawls, J. 1971. A Theory of Justice. Clarendon Press. （ = 1979. 矢島鈞次監訳『正義論』 紀伊國屋書店. ）"},{"sequence":"19","original_text":"Sally, D. 1995. &ldquo;Conversation and Cooperation in Social Dilemmas: A Meta-Analysis of Experiments from 1968 to 1992,&rdquo; Rationality and Society 7:58-92."},{"sequence":"20","original_text":"Shulz, U and T. May. 1989. &ldquo;The Recording of Social Orientations with Ranking and Pair Comparison Procedures.&rdquo; European Journal of Social Psychology 19: 41-59."},{"sequence":"21","original_text":"Smith, Adam. 1759. The theory of moral sentiments.（ = 2003. 水田洋訳『道徳感情論（上・下）』岩波書店. ）"},{"sequence":"22","original_text":"鈴木光男. 1970. 『人間社会のゲーム理論』講談社現代新書."},{"sequence":"23","original_text":"太郎丸博. 2000. 「社会学における合理的選択理論の伝統とその可能性」『理論と方法』15(2): 287-298."},{"sequence":"24","original_text":"Taylor, M. 1987. The Possibility of Cooperation. Cambridge University Press.（ = 1995. 松原望訳『協力の可能性』 木鐸社. ）"},{"sequence":"25","original_text":"海野道朗. 1993. 「合理的選択理論の基礎概念」海野道朗編『社会的ジレンマに関する数理社会学的研究』科学研究費補助金研究成果報告書: 1-18."},{"sequence":"26","original_text":"山岸俊男. 1989. 「社会的ジレンマ研究の主要な理論的アプロ－チ」『心理学評論』32(3): 262-294."}]}}