{"status":"OK","apiType":"doi","apiVersion":"1.0.0","message":{"total":1,"rows":1,"totalPages":1,"page":1},"data":{"siteId":"SI/JST.JSTAGE","content_type":"JA","doi":"10.11218/ojjams.25.19","url":"https://doi.org/10.11218/ojjams.25.19","ra":"JaLC","prefix":"10.11218","site_name":"J-STAGE","publisher_list":[{"publisher_name":"Japanese Association For Mathematical Sociology","lang":"en"},{"publisher_name":"数理社会学会","lang":"ja"}],"title_list":[{"lang":"en","title":"A model of a nested small-world network"}],"creator_list":[{"sequence":"1","type":"person","names":[{"lang":"en","last_name":"TOMOCHI","first_name":"Masaki"}],"affiliation_list":[{"affiliation_name":"Okinawa International University","sequence":"1","lang":"en"}]}],"publication_date":{"publication_year":"2010"},"relation_list":[{"content":"https://www.jstage.jst.go.jp/article/ojjams/25/1/25_1_19/_pdf","type":"URL","relation":"fullTextPdf"}],"content_language":"en","updated_date":"2017-03-23","article_type":"pub","journal_id_list":[{"journal_id":"0913-1442","type":"ISSN","issn_type":"print"},{"journal_id":"1881-6495","type":"ISSN","issn_type":"online"},{"journal_id":"ojjams","type":"JID"}],"journal_title_name_list":[{"journal_title_name":"Sociological Theory and Methods","type":"full","lang":"en"},{"journal_title_name":"Sociological Theory and Methods","type":"abbreviation","lang":"en"},{"journal_title_name":"理論と方法","type":"full","lang":"ja"},{"journal_title_name":"理論と方法","type":"abbreviation","lang":"ja"}],"journal_classification":"01","recorded_year":"1986-2013","volume":"25","issue":"1","first_page":"19","last_page":"29","date":"2010-10-03","keyword_list":[{"keyword":"social networks","sequence":"1","lang":"en"},{"keyword":"small-world networks","sequence":"2","lang":"en"},{"keyword":"fractal networks","sequence":"3","lang":"en"},{"keyword":"spatial networks","sequence":"4","lang":"en"},{"keyword":"self-similarity","sequence":"5","lang":"en"}],"citation_list":[{"sequence":"1","original_text":"Bochner, Stephen, Duncan, Robert, Kennedy, Elizabeth, and Orr, Fred. 1976. &ldquo;Acquaintance links between residents of a high rise building: An application of the &ldquo;small world&rdquo; method.&rdquo; <I>Journal of Social Psychology</I> 100: 277-284."},{"sequence":"2","original_text":"Dodds, Peter S., Muhamad, Roby, and Watts, Duncan J. 2003. &ldquo;An Experimental Study of Search in Global Social Networks.&rdquo;<I>Science</I> 301: 827-829."},{"sequence":"3","original_text":"Kaplan, Diane E. 1996. &ldquo;The Stanley Milgram papers: A case study on appraisal of and access to confidential data files.&rdquo; <I>The American Archivist</I> 59: 288-297."},{"sequence":"4","original_text":"Kleinfeld, Judith S. 2002a. &ldquo;Six Degrees of Separation: An Urban Myth?&rdquo; <I>Psychology Today</I> 35(2): 74."},{"sequence":"5","original_text":"Kleinfeld, Judith S. 2002b. &ldquo;The small world problem.&rdquo;<I>Society</I> 39(2): 61-66."},{"sequence":"6","original_text":"Korte, Charles and Milgram, Stanley. 1970. &ldquo;Acquaintance links between White and Negro populations: Application of the small world method.&rdquo; <I>Journal of Personality and Social Psychology</I> 15(2): 101-108."},{"sequence":"7","original_text":"Lin, Nan, Dayton, Paul W., and Greenwald, Peter. 1978. &ldquo;The urban communication network and social stratification: A &ldquo;small world experiment.&rdquo;&rdquo; Pp. 107-119 in <I>Communication yearbook: Volume 1,</I> edited by Ruben, Brent D. New Brunswick: Transaction Books."},{"sequence":"8","original_text":"Lundberg, Craig C. 1975. &ldquo;Patterns of acquaintanceship in society and complex organization: A comparative study of the small world problem.&rdquo; <I>Pacific Sociological Review</I> 18: 206-222."},{"sequence":"9","original_text":"Masuda, Naoki. 2006. The basic of complex network (written in Japanese). <I>Mathematical Sciences (Suurikagaku)</I> 518: 36-41."},{"sequence":"10","original_text":"Milgram, Stanley. 1967. &ldquo;The Small World Problem.&rdquo; <I>Psychology Today</I> 1: 61-67."},{"sequence":"11","original_text":"Pajek. http://vlado.fmf.uni-lj.si/pub/networks/pajek/"},{"sequence":"12","original_text":"Shotland, Robert L. 1976. <I>University communication networks: The small world method.</I> New York: Wiley."},{"sequence":"13","original_text":"Small World Project - Columbia University. http://smallworld.columbia.edu/"},{"sequence":"14","original_text":"TOMOCOM. http://tomocom.jp/"},{"sequence":"15","original_text":"Travers, Jeffrey and Milgram, Stanley. 1969. &ldquo;An experimental study of the small world problem.&rdquo; <I>Sociometry</I> 32: 425-443."},{"sequence":"16","original_text":"Watts, Duncan J. 1999a. &ldquo;Networks, dynamics and the small world phenomenon.&rdquo; <I>American Journal of Sociology</I> 105(2): 493-527."},{"sequence":"17","original_text":"Watts, Duncan J. 1999b. <I>Small World: The Dynamics of Networks between Order and Randomness.</I> New Jersey: Princeton University Press."},{"sequence":"18","original_text":"Watts, Duncan J. 2003. <I>Six Degrees: The Science of a Connected Age.</I> New York: WW Norton &amp; Co Inc."},{"sequence":"19","original_text":"Watts, Duncan J. and Strogatz, Steven H. 1998. &ldquo;Collective dynamics of &lsquo;small-world&rsquo; networks.&rdquo; <I>Nature</I> 393: 440-442."},{"sequence":"20","original_text":"Wong, Ling H., Pattison, Philippa, and Robins, Garry. 2006. &ldquo;A spatial model for social networks.&rdquo; <I>Phsyica</I> A 360: 99-120."}]}}