{"status":"OK","apiType":"doi","apiVersion":"1.0.0","message":{"total":1,"rows":1,"totalPages":1,"page":1},"data":{"siteId":"SI/JST.JSTAGE","content_type":"JA","doi":"10.11218/ojjams.21.313","url":"https://doi.org/10.11218/ojjams.21.313","ra":"JaLC","prefix":"10.11218","site_name":"J-STAGE","publisher_list":[{"publisher_name":"Japanese Association For Mathematical Sociology","lang":"en"},{"publisher_name":"数理社会学会","lang":"ja"}],"title_list":[{"lang":"ja","title":"移動表による職業的地位尺度の構成","subtitle":"オーディネーション技法の応用"},{"lang":"en","title":"Constructing occupational status scale from mobility tables","subtitle":"An application of ordination methods"}],"creator_list":[{"sequence":"1","type":"person","names":[{"lang":"ja","last_name":"近藤","first_name":"博之"},{"lang":"en","last_name":"KONDO","first_name":"Hiroyuki"}],"affiliation_list":[{"affiliation_name":"School of Human Sciences Osaka University","sequence":"1","lang":"en"},{"affiliation_name":"大阪大学","sequence":"1","lang":"ja"}]}],"publication_date":{"publication_year":"2006"},"relation_list":[{"content":"https://www.jstage.jst.go.jp/article/ojjams/21/2/21_2_313/_pdf","type":"URL","relation":"fullTextPdf"}],"content_language":"ja","updated_date":"2017-03-23","article_type":"pub","journal_id_list":[{"journal_id":"0913-1442","type":"ISSN","issn_type":"print"},{"journal_id":"1881-6495","type":"ISSN","issn_type":"online"},{"journal_id":"ojjams","type":"JID"}],"journal_title_name_list":[{"journal_title_name":"Sociological Theory and Methods","type":"full","lang":"en"},{"journal_title_name":"Sociological Theory and Methods","type":"abbreviation","lang":"en"},{"journal_title_name":"理論と方法","type":"full","lang":"ja"},{"journal_title_name":"理論と方法","type":"abbreviation","lang":"ja"}],"journal_classification":"01","recorded_year":"1986-2013","volume":"21","issue":"2","first_page":"313","last_page":"332","date":"2007-08-02","keyword_list":[{"keyword":"mobility table","sequence":"1","lang":"en"},{"keyword":"移動表","sequence":"1","lang":"ja"},{"keyword":"occupational status","sequence":"2","lang":"en"},{"keyword":"職業的地位","sequence":"2","lang":"ja"},{"keyword":"ordination methods","sequence":"3","lang":"en"},{"keyword":"オーディネーション技法","sequence":"3","lang":"ja"}],"citation_list":[{"sequence":"1","original_text":"Blau, P. and O. D. Duncan, 1967, The American Occupational Structure, The Free Press."},{"sequence":"2","original_text":"Domanski, H. and Z. Savinski, 1986, &ldquo;Occupational mobility in Poland, 1972-82,&rdquo; Social Science Information 25-4."},{"sequence":"3","original_text":"Duncan=Jones, P., 1972, &ldquo;Social mobility, canonical scoring, and occupational classification,&rdquo; in The Analysis of Social Mobility: Methods and Approaches, edited by Keith Hope, New York: Oxford University Press."},{"sequence":"4","original_text":"Erikson, R and J. H. Goldthorpe, 1992, The Constant Flux: A Study of Class Mobility in Industrial Societies, Clarendon Press, Oxford."},{"sequence":"5","original_text":"Featherman, D. and R. M. Hauser, 1978, Opportunity and Change, New York: Academic."},{"sequence":"6","original_text":"Featherman, D., F. L. Jones, and R. Hauser, 1975, &ldquo;Assumptions of social mobility research in the U.S.: the case of occupational status,&rdquo; Social Science Research 4."},{"sequence":"7","original_text":"Ganzeboom, H. G. B., P. M. De Graaf, and D. J. Treiman, 1992, &ldquo;A Standard International Socio-Economic Index of Occupational Status,&rdquo; Social Science Research 21: 1-56."},{"sequence":"8","original_text":"Goodman, L. A., 1981, &ldquo;Association models and canonical correlation in the analysis of cross-classifications having ordered categories,&rdquo; Journal of the American Statistical Association, 76."},{"sequence":"9","original_text":"Greenacre, M. J., 1984, Theory and Applications of Correspondence Analysis, Academic Press."},{"sequence":"10","original_text":"Hauser, R. M., 1995, &ldquo;Better rules for better decisions,&rdquo; Sociological Methodology 25."},{"sequence":"11","original_text":"Hauser, R. M., 1998, &ldquo;Intergenerational economic mobility in the United States: Measures, differentials and trends,&rdquo; CDE Working Paper No. 98-12."},{"sequence":"12","original_text":"Hauser, R. M. and J. A. Logan, 1992, &ldquo;How not to measure intergenerational occupational persistence,&rdquo; American Journal of Sociology, 97-6."},{"sequence":"13","original_text":"Hauser, R. M. and J. R. Warren, 1997, &ldquo;Socioeconomic index for occupations: a review, update and critique,&rdquo; Sociological Methodology, 27."},{"sequence":"14","original_text":"Hill, M. O., 1973, &ldquo;Reciprocal averaging: An eigenvector method of ordination,&rdquo; Journal of Ecology, 56."},{"sequence":"15","original_text":"Kendall, M. and A. Stuart, 1979, The Advanced Theory of Statistics, vol. 2, 4th edition, London: Charles Griffin &amp; Company Limited."},{"sequence":"16","original_text":"Klatzky, S. R. and R. W. Hodge, 1971, &ldquo;A canonical correlation analysis of occupational mobility,&rdquo; Journal of the American Statistical Association, 66-333."},{"sequence":"17","original_text":"Laumann, E. O., and L. Guttman, 1966, &ldquo;The relative associational contiguity of occupations in an urban setting,&rdquo; American Sociological Review 31."},{"sequence":"18","original_text":"Legendre, P. and L. Legendre, 1998, Numerical Ecology, 2nd English edition, Elsevier."},{"sequence":"19","original_text":"Nam, C. B. and M. Boyd, 2004, &ldquo;Occupational status in 2000: Over a century of census-based measurement,&rdquo; Population Research and Policy Review, 23."},{"sequence":"20","original_text":"Nam, C. B. and M. G. Powers, 1965, &ldquo;Variations in socioeconomic structure by race, and the life cycle,&rdquo; American Sociological Review, 30."},{"sequence":"21","original_text":"直井優, 1979, 「職業的地位尺度の構成」, 富永編（1979）所収."},{"sequence":"22","original_text":"大隈昇, 1989, 『統計的データ解析とソフトウェア』放送大学教育振興会."},{"sequence":"23","original_text":"Rytina, S., 1992. &ldquo;Scaling the intergenerational continuity of occupation: Is occupational inheritance ascriptive after all?&rdquo; American Journal of Sociology, 97-6."},{"sequence":"24","original_text":"Rytina, S., 2000, &ldquo;Is occupational mobility declining in the United States?&rdquo; Social Forces, 78-4."},{"sequence":"25","original_text":"Sawinski,Z. and H. Domanski, 1989, &ldquo;Dimensions of social stratification: A comparative analysis,&rdquo; International Journal of Sociology, 19-1."},{"sequence":"26","original_text":"Sorokin, P. A., 1959, Social and Cultural Mobility, The Free Press of Glencoe, Illinois."},{"sequence":"27","original_text":"富永健一編, 1979, 『日本の階層構造』東京大学出版会."},{"sequence":"28","original_text":"Treiman, D. J., 1977, Occupational Prestige in Comparative Perspective, New York: Academic."},{"sequence":"29","original_text":"都築一治編, 1998,『職業評価の構造と職業威信スコア』1995年SSM調査研究会."}]}}