{"status":"OK","apiType":"doi","apiVersion":"1.0.0","message":{"total":1,"rows":1,"totalPages":1,"page":1},"data":{"siteId":"SI/JST.JSTAGE","content_type":"JA","doi":"10.11218/ojjams.15.345","url":"https://doi.org/10.11218/ojjams.15.345","ra":"JaLC","prefix":"10.11218","site_name":"J-STAGE","publisher_list":[{"publisher_name":"Japanese Association For Mathematical Sociology","lang":"en"},{"publisher_name":"数理社会学会","lang":"ja"}],"title_list":[{"lang":"ja","title":"人工社会における循環型流行現象のシミュレーション実験"},{"lang":"en","title":"Simulation Experiments of Periodic Phenomena of Fashion on Artificial Society with Learning Process"}],"creator_list":[{"sequence":"1","type":"person","names":[{"lang":"ja","last_name":"中井","first_name":"豊"},{"lang":"en","last_name":"NAKAI","first_name":"Yutaka"}],"affiliation_list":[{"affiliation_name":"Department of Value and Decision Science<BR>Tokyo Institute of Technology","sequence":"1","lang":"en"},{"affiliation_name":"東京工業大学","sequence":"1","lang":"ja"}]}],"publication_date":{"publication_year":"2000"},"relation_list":[{"content":"https://www.jstage.jst.go.jp/article/ojjams/15/2/15_345/_pdf","type":"URL","relation":"fullTextPdf"}],"content_language":"ja","updated_date":"2016-09-29","article_type":"pub","journal_id_list":[{"journal_id":"0913-1442","type":"ISSN","issn_type":"print"},{"journal_id":"1881-6495","type":"ISSN","issn_type":"online"},{"journal_id":"ojjams","type":"JID"}],"journal_title_name_list":[{"journal_title_name":"Sociological Theory and Methods","type":"full","lang":"en"},{"journal_title_name":"Sociological Theory and Methods","type":"abbreviation","lang":"en"},{"journal_title_name":"理論と方法","type":"full","lang":"ja"},{"journal_title_name":"理論と方法","type":"abbreviation","lang":"ja"}],"journal_classification":"01","recorded_year":"1986-2013","volume":"15","issue":"2","first_page":"345","last_page":"358","date":"2016-09-30","keyword_list":[{"keyword":"periodic phenomena","sequence":"1","lang":"en"},{"keyword":"流行","sequence":"1","lang":"ja"},{"keyword":"fashion","sequence":"2","lang":"en"},{"keyword":"循環","sequence":"2","lang":"ja"},{"keyword":"Ishii model","sequence":"3","lang":"en"},{"keyword":"石井のモデル","sequence":"3","lang":"ja"},{"keyword":"artificial society","sequence":"4","lang":"en"},{"keyword":"人工社会","sequence":"4","lang":"ja"},{"keyword":"learning","sequence":"5","lang":"en"},{"keyword":"学習","sequence":"5","lang":"ja"}],"citation_list":[{"sequence":"1","original_text":"池内一. 1968. 「流行」『心理学II』培風館. 321-322."},{"sequence":"2","original_text":"石井健一. 1993.「世論過程の閾値モデル」『理論と方法』2(1):15-28."},{"sequence":"3","original_text":"井上順孝・孝本貢・塩谷政憲・島薗進・対馬路人・西山茂・吉原和男・渡辺雅子. 1981.『新宗教研究調査ハンドブック』雄山閣."},{"sequence":"4","original_text":"小山栄三. 1977.『ファッションの社会学』時事通信社. 32-34."},{"sequence":"5","original_text":"川本勝. 1981.『流行の社会心理』勁草書房. 30,34-35,44."},{"sequence":"6","original_text":"金子邦彦・池上高志. 1998.『複雑系の進化的シナリオ』朝倉書店."},{"sequence":"7","original_text":"斎藤定良. 1959. 「流行」『現在社会心理学4 大衆現象の心理』中山書店. 184."},{"sequence":"8","original_text":"塩原勉・飯島伸子・松本通晴・他. 1991.「宗教-新宗教を中心として」『現代日本の生活変動.1970年以降』世界思想社."},{"sequence":"9","original_text":"七条達弘. 1998.「時間遅れのある伝播モデル」『理論と方法』13(1):75-91."},{"sequence":"10","original_text":"松田光司. 1996.「流行現象とベクトル型閾値モデル」『理論と方法』 11(2):113-128."},{"sequence":"11","original_text":"Blumer, H. 1968. &ldquo;Fashion.&rdquo; <I>International Encyclopedia of the Social Sciences</I>, Vol.5"},{"sequence":"12","original_text":"Granovetter, M. 1983. &ldquo;Threshold Models of Collective Behavior.&rdquo; <I>American Journal of Sociology</I>, Vol. 83(6):1420-1443."},{"sequence":"13","original_text":"Granovetter, M. and Soong, R. 1986. &ldquo;Threshold Models of Interpersonal Effects in Consumer Demand.&rdquo; <I>Journal of Economic Behavior and Organization</I>,Vol.7 ： 83-99."},{"sequence":"14","original_text":"Horn, M. 1968. <I>The Second Skin</I>. Houghston : Houghston Mifflin Co."},{"sequence":"15","original_text":"Smelser, N. 1963. <I>Theory of Collective Behavior</I>. Macmillan Publishing Co."},{"sequence":"16","original_text":"Veblen, T. 1899. <I>Theory of Leisure Class</I>. An Economic Study of Institutions."}]}}