{"status":"OK","apiType":"doi","apiVersion":"1.0.0","message":{"total":1,"rows":1,"totalPages":1,"page":1},"data":{"siteId":"SI/JST.JSTAGE","content_type":"JA","doi":"10.11218/ojjams.10.147","url":"https://doi.org/10.11218/ojjams.10.147","ra":"JaLC","prefix":"10.11218","site_name":"J-STAGE","publisher_list":[{"publisher_name":"Japanese Association For Mathematical Sociology","lang":"en"},{"publisher_name":"数理社会学会","lang":"ja"}],"title_list":[{"lang":"ja","title":"代議員制度と投票者の影響力","subtitle":"―ゲーム理論による分析―"},{"lang":"en","title":"Citizen Voters' Power in Representative Systems :","subtitle":"A Game Theoretic Analysis"}],"creator_list":[{"sequence":"1","type":"person","names":[{"lang":"ja","last_name":"武藤","first_name":"滋夫"},{"lang":"en","last_name":"MUTO","first_name":"Shigeo"}],"affiliation_list":[{"affiliation_name":"Faculty of Economics<BR>Tohoku University","sequence":"1","lang":"en"},{"affiliation_name":"東北大学","sequence":"1","lang":"ja"}]},{"sequence":"2","type":"person","names":[{"lang":"ja","last_name":"大西","first_name":"匡光"},{"lang":"en","last_name":"OHNISHI","first_name":"Masamitsu"}],"affiliation_list":[{"affiliation_name":"Faculty of Economics<BR>Tohoku University","sequence":"1","lang":"en"},{"affiliation_name":"東北大学","sequence":"1","lang":"ja"}]},{"sequence":"3","type":"person","names":[{"lang":"ja","last_name":"小野","first_name":"理恵"},{"lang":"en","last_name":"ONO","first_name":"Rie"}],"affiliation_list":[{"affiliation_name":"Faculty of Economics<BR>Tohoku University","sequence":"1","lang":"en"},{"affiliation_name":"東北大学","sequence":"1","lang":"ja"}]}],"publication_date":{"publication_year":"1995"},"relation_list":[{"content":"https://www.jstage.jst.go.jp/article/ojjams/10/2/10_147/_pdf","type":"URL","relation":"fullTextPdf"}],"content_language":"ja","updated_date":"2016-08-25","article_type":"pub","journal_id_list":[{"journal_id":"0913-1442","type":"ISSN","issn_type":"print"},{"journal_id":"1881-6495","type":"ISSN","issn_type":"online"},{"journal_id":"ojjams","type":"JID"}],"journal_title_name_list":[{"journal_title_name":"Sociological Theory and Methods","type":"full","lang":"en"},{"journal_title_name":"Sociological Theory and Methods","type":"abbreviation","lang":"en"},{"journal_title_name":"理論と方法","type":"full","lang":"ja"},{"journal_title_name":"理論と方法","type":"abbreviation","lang":"ja"}],"journal_classification":"01","recorded_year":"1986-2013","volume":"10","issue":"2","first_page":"147","last_page":"163","date":"2016-08-26","keyword_list":[{"keyword":"representative system","sequence":"1","lang":"en"},{"keyword":"代議員制度","sequence":"1","lang":"ja"},{"keyword":"voter's power","sequence":"2","lang":"en"},{"keyword":"投票者のパワー","sequence":"2","lang":"ja"},{"keyword":"cooperative game","sequence":"3","lang":"en"},{"keyword":"協力ゲーム","sequence":"3","lang":"ja"},{"keyword":"Shapley-Shubik index","sequence":"4","lang":"en"},{"keyword":"シャープレイ・シュービック指数","sequence":"4","lang":"ja"},{"keyword":"Banzhaf index","sequence":"5","lang":"en"},{"keyword":"バンザフ指数","sequence":"5","lang":"ja"}],"citation_list":[{"sequence":"1","original_text":"Aumann, R. J. and L. S. Shapley. 1974. <I>Values of Non-Atomic Games</I>. Princeton: Princeton University Press."},{"sequence":"2","original_text":"Bolger, E. M. 1986. &ldquo;Power Indices for Multicandidate Voting Games.&rdquo; <I>International Journal of Game Theory</I> 15: 175-186."},{"sequence":"3","original_text":"Bolger, E. M. 1993. &ldquo;A Value for Games with n Players and r Alternatives.&rdquo; International Journal of Game Theory 22: 319-334."},{"sequence":"4","original_text":"Lahrer, E. 1988. &ldquo;An Axiomatization of the Banzhaf Value.&rdquo; <I>International Journal of Game Theory</I> 17. 89-99."},{"sequence":"5","original_text":"Lucas, W. F. 1983. &ldquo;Measuring Power in Weighted Voting Systems.&rdquo; 183-255 in <I>Political and Related Models</I>, eds. S. J. Brams et al., Heidelberg: Springer-Verlag."},{"sequence":"6","original_text":"Muto, S. 1989. &ldquo;Limit Properties of Power Indices in a Class of Representative Systems.&rdquo; <I>International Journal of Game Theory</I> 18: 361-388."},{"sequence":"7","original_text":"Muto, S. 1993. <I>Voters' Power in Indirect Voting Systems with Political Parties: The Square Root Effect</I>. CentER Discussion Paper No.9372. Center for Economic Research, Tilburg University, The Netherlands. to appear in <I>Games and Economic Behavior</I>."},{"sequence":"8","original_text":"Owen, G. 1975. &ldquo;Evaluation of a Presidential Election Game.&rdquo; <I>American Political Science Review</I> 69: 947-953."},{"sequence":"9","original_text":"Shapley, L. S. 1953. &ldquo;A Value for n-Person Games.&rdquo; 307-317 in <I>Contributions to the Theory of Games</I> Vol.2, eds. H. Kuhn and A. W. Tucker, Princeton: Princeton University Press."},{"sequence":"10","original_text":"Straffin, P. D. 1994. &ldquo;Power and Stability in Politics.&rdquo; 1127-1151 in <I>Handbook of Game Theory</I> Vol.2, eds. R. J. Aumann and S. Hart, Amsterdam: Elsevier."}]}}