{"status":"OK","apiType":"doi","apiVersion":"1.0.0","message":{"total":1,"rows":1,"totalPages":1,"page":1},"data":{"siteId":"SI/JST.JSTAGE","content_type":"JA","doi":"10.11218/ojjams.27.277","url":"https://doi.org/10.11218/ojjams.27.277","ra":"JaLC","prefix":"10.11218","site_name":"J-STAGE","publisher_list":[{"publisher_name":"Japanese Association For Mathematical Sociology","lang":"en"},{"publisher_name":"数理社会学会","lang":"ja"}],"title_list":[{"lang":"en","title":"Competitive Targeted Marketing and Technology Diffusion"}],"creator_list":[{"sequence":"1","type":"person","names":[{"lang":"en","last_name":"JO","first_name":"Hang-Hyun"}],"affiliation_list":[{"affiliation_name":"Aalto University","sequence":"1","lang":"en"}]},{"sequence":"2","type":"person","names":[{"lang":"en","last_name":"KIM","first_name":"Jeong-Yoo"}],"affiliation_list":[{"affiliation_name":"Kyung Hee University","sequence":"1","lang":"en"}]}],"publication_date":{"publication_year":"2012"},"relation_list":[{"content":"https://www.jstage.jst.go.jp/article/ojjams/27/2/27_277/_pdf","type":"URL","relation":"fullTextPdf"}],"content_language":"en","updated_date":"2014-12-09","article_type":"pub","journal_id_list":[{"journal_id":"0913-1442","type":"ISSN","issn_type":"print"},{"journal_id":"1881-6495","type":"ISSN","issn_type":"online"},{"journal_id":"ojjams","type":"JID"}],"journal_title_name_list":[{"journal_title_name":"Sociological Theory and Methods","type":"full","lang":"en"},{"journal_title_name":"Sociological Theory and Methods","type":"abbreviation","lang":"en"},{"journal_title_name":"理論と方法","type":"full","lang":"ja"},{"journal_title_name":"理論と方法","type":"abbreviation","lang":"ja"}],"journal_classification":"01","recorded_year":"1986-2013","volume":"27","issue":"2","first_page":"277","last_page":"298","date":"2013-08-12","keyword_list":[{"keyword":"Information Diffusion","sequence":"1","lang":"en"},{"keyword":"Technology Adoption","sequence":"2","lang":"en"},{"keyword":"Network Externalities","sequence":"3","lang":"en"},{"keyword":"Compatibility","sequence":"4","lang":"en"},{"keyword":"Learning","sequence":"5","lang":"en"},{"keyword":"Evolution","sequence":"6","lang":"en"},{"keyword":"Targeted Marketing","sequence":"7","lang":"en"}],"citation_list":[{"sequence":"1","original_text":"Albert, R., Barab&aacute;si, A.-L., 2002, &ldquo;Statistical Mechanics of Complex Networks.&rdquo; <I>Reviews of Modern Physics</I> 74: 47-97."},{"sequence":"2","doi":"10.1007/BF01199852","volume":"5","issue":"2","first_page":"103","publication_date":{"publication_year":"1995"},"original_text":"An, M. and N. Kiefer, 1995, &ldquo;Local Network Externalities and Societal Adoption of Technologies.&rdquo; <I>Journal of Evolutionary Economics</I> 5: 103-117."},{"sequence":"3","original_text":"Arenas, A., Diaz-Guilera, A., Perez, C.J., Vega-Redondo, F., 2000, &ldquo;Self-Organized Evolution in a Socioeconomic Environment.&rdquo; <I>Physical Review E</I> 61: 3466-3469."},{"sequence":"4","doi":"10.1126/science.286.5439.509","content_language":"en","original_text":"Barab&aacute;si, A-L. and Albert, R., 1999, &ldquo;Emergence of Scaling in Random Networks.&rdquo; <I>Science</I> 286: 509-512."},{"sequence":"5","original_text":"Bayus, B. and R. Mehta , 1995, &ldquo;A Segmentation Model for the Targeted Marketing of Consumer Durables.&rdquo; <I>Journal of Marketing Research</I> 32: 463-468."},{"sequence":"6","doi":"10.1016/j.physrep.2005.10.009","content_language":"en","original_text":"Boccaletti, S., Latora, V., Moreno, Y., Chavez, M., Hwang, D.-U., 2006, &ldquo;Complex Networks: Structure and Dynamics.&rdquo; <I>Physics Reports</I> 424: 175-308."},{"sequence":"7","original_text":"Castellano, C., Fortunato, S., Loreto, V., 2009, &ldquo;Statistical Physics of Social Dynamics.&rdquo; <I>Reviews of Modern Physics</I> 81: 591-646."},{"sequence":"8","doi":"10.1103/PhysRevLett.91.247901","content_language":"en","original_text":"Cohen, R., Havlin, S., Ben-Avraham, D., 2003, &ldquo;Efficient Immunization Strategies for Computer Networks and Populations.&rdquo; <I>Physical Review Letters</I> 91: 247901."},{"sequence":"9","original_text":"Cowan, R. andJ. Miller, 1998, &ldquo;Technology Standards with Local Externalities and Decentralized Behavior.&rdquo; <I>Journal of Evolutionary Economics</I> 8: 285-296."},{"sequence":"10","original_text":"Dalle, J.-M., 1997, &ldquo;Heterogeneity vs. Externalities in Technical Competition: A Tale of Possible Technological Landscapes.&rdquo; <I>Journal of Evolutionary Economics</I> 7: 395-413."},{"sequence":"11","volume":"75","first_page":"332","last_page":"337","publication_date":{"publication_year":"1985"},"original_text":"David, P.A., 1985, &ldquo;Clio and the Economics of QWERTY.&rdquo; <I>American Economic Review</I> 75: 332-337."},{"sequence":"12","original_text":"Duan, W., Chen, Z., Liu, Z., Jin, W., 2005, &ldquo;Efficient Target Strategies for Contagion in Scale-Free Networks.&rdquo; <I>Physical Review E</I> 72: 026133."},{"sequence":"13","original_text":"Eshel, I., L. Samuelson and A. Shaked, 1998, &ldquo;Altruists, Egoists, and Hooligans in a Local Interaction Model.&rdquo; <I>American Economic Review</I> 88: 157-179."},{"sequence":"14","doi":"10.2307/2555589","volume":"16","first_page":"70","publication_date":{"publication_year":"1985"},"original_text":"Farrell, J. and G. Saloner, 1985, &ldquo;Standardization, Compatibility, and Innovation.&rdquo; <I>Rand Journal of Economics</I> 16: 70-83."},{"sequence":"15","original_text":"Galeotti, A. and S. Goyal, 2009, &ldquo;Influencing the Influencers: a Theory of Strategic Diffusion.&rdquo; <I>Rand Journal of Economics</I> 40: 509-532."},{"sequence":"16","original_text":"Guardiola, X., Diaz-Guilera, A., Perez, C.J., Arenas, A., Llas, M., 2002, &ldquo;Modeling Diffusion of Innovations in a Social Network.&rdquo; <I>Physical Review E</I> 66: 026121."},{"sequence":"17","original_text":"Holyst, J. A., Kacperski, K., Schweitzer, F., 2000, &ldquo;Phase Transitions in Social Impact Models of Opinion Formation.&rdquo; <I>Physica A</I> 285: 199-210."},{"sequence":"18","original_text":"Holyst, J. A., Kacperski, K., 2001, &ldquo;Social Impact Models of Opinion Dynamics.&rdquo; Pp.253-273 in <I>Annual Reviews of Computational Physics IX,</I> edited by D. Stauffer. World Scientific Publishing Company."},{"sequence":"19","original_text":"Jo, H.-H., Baek, S.K., Moon, H.-T., 2006, &ldquo;Immunization Dynamics on a Two-Layer Network Model.&rdquo; <I>Physica A</I> 361: 534-542."},{"sequence":"20","volume":"26","first_page":"662","publication_date":{"publication_year":"2008"},"original_text":"Jun, T. and J.-Y. Kim, 2008, &ldquo;A Theory of Consumer Referral.&rdquo; <I>International Journal of Industrial Organization</I> 26: 662-278."},{"sequence":"21","volume":"28","first_page":"232","publication_date":{"publication_year":"2006"},"original_text":"Jun, T.,J.-Y. Kim, B. J. Kim and M. Y. Choi, 2006a, &ldquo;Consumer Referral in a Small World Network.&rdquo; <I>Social Networks</I> 28: 232-246."},{"sequence":"22","doi":"10.1016/j.physa.2005.06.059","title_list":[{"lang":"en","title":"Network marketing on a small-world network"}],"volume":"360","issue":"2","first_page":"493","last_page":"504","publication_date":{"publication_year":"2006"},"content_language":"en","original_text":"Jun, T.,J.-Y. Kim, B. J. Kim and M. Y. Choi, 2006b, &ldquo;Network Marketing on a Small World Network.&rdquo; <I>Physica A</I> 360: 493-504."},{"sequence":"23","original_text":"Kandori, M. and R. Rob, 1998, &ldquo;Bandwagon Effects and Long Run Technology Choice.&rdquo; <I>Games and Economic Behavior</I> 22: 30-60."},{"sequence":"24","volume":"75","first_page":"424","publication_date":{"publication_year":"1985"},"original_text":"Katz, M. and C. Shapiro, 1985, &ldquo;Network Externalities, Competition, and Compatibility.&rdquo; <I>American Economic Review</I> 75: 424-40."},{"sequence":"25","doi":"10.11218/ojjams.25.95","title_list":[{"lang":"en","title":"Information Diffusion and &delta;-Closeness Centrality"}],"volume":"25","issue":"1","first_page":"95","last_page":"106","publication_date":{"publication_year":"2010"},"creator_list":[{"sequence":"1","type":"person","names":[{"lang":"en","last_name":"KIM","first_name":"Jeong-Yoo"}],"affiliation_list":[{"affiliation_name":"Kyung Hee University","sequence":"1","lang":"en"}]}],"original_text":"Kim, J.-Y., 2010, &ldquo;Information Diffusion and &delta;-Closeness-Centrality.&rdquo; <I>Sociological Theory and Methods</I> 25: 95-106."},{"sequence":"26","original_text":"Lambiotte, R., Redner, S., 2008, &ldquo;Dynamics of Non-Conservative Voters.&rdquo; <I>Europhysics Letters</I> 82: 18007."},{"sequence":"27","doi":"10.2307/1882692","journal_title_name_list":[{"journal_title_name":"The Quarterly Journal of Economics","lang":"en"}],"title_list":[{"lang":"en","title":"Bandwagon, snob, and Veblen effects in the theory of consumers’ demand"}],"volume":"64","issue":"2","first_page":"183","last_page":"207","publication_date":{"publication_year":"1950"},"creator_list":[{"sequence":"1","type":"person","names":[{"lang":"en","last_name":"Leibenstein","first_name":"H."}]}],"content_language":"en","original_text":"Leibenstein, H., 1950, &ldquo;Bandwagon, Snob, and Veblen Effects in the Theory of Consumers' Demand.&rdquo; <I>Quarterly Journal of Economics</I> 64: 183-207."},{"sequence":"28","original_text":"Liggett, T.M., 1999, <I>Stochastic Interacting Systems: Contact, Voter, and Exclusion Processes.</I> Springer-Verlag: New York."},{"sequence":"29","original_text":"Llas, M., Gleiser, P.M., Lopez, J.M., Diaz-Guilera, A., 2003, &ldquo;Nonequilibrium Phase Transition in a Model for the Propagation of Innovations among Economic Agents.&rdquo; <I>Physical Review E</I> 68: 066101."},{"sequence":"30","original_text":"Mantegna, R.N., Stanley, H.E., 2000, <I>An Introduction to Econophysics.</I> Cambridge University Press: Cambridge, England."},{"sequence":"31","original_text":"Newman, M.E.J., 2005, &ldquo;Threshold Effects for Two Pathogens Spreading on a Network.&rdquo; <I>Physical Review Letters</I> 95: 108701."},{"sequence":"32","doi":"10.1137/S003614450342480","volume":"45","first_page":"167","last_page":"256","publication_date":{"publication_year":"2003"},"original_text":"Newman, M.E.J., 2003, &ldquo;The Structure and Function of Complex Networks.&rdquo; <I>SIAM Review</I> 45: 167-256."},{"sequence":"33","doi":"10.1103/PhysRevLett.89.208701","volume":"89","first_page":"208701","publication_date":{"publication_year":"2002"},"original_text":"Newman, M.E.J., 2002, &ldquo;Assortative Mixing in Networks.&rdquo; <I>Physical Review Letters</I> 89: 208701."},{"sequence":"34","original_text":"Pastor-Satorras, R., Vespignani, A., 2002, &ldquo;Immunization of Complex Networks.&rdquo; <I>Physical Review E</I> 65: 036104."},{"sequence":"35","original_text":"Rogers, E., 1995, <I>Diffusion of Innovations,</I> 5th ed., Free Press: New York."},{"sequence":"36","original_text":"Schweitzer, F., Behera, L., 2009, &ldquo;Nonlinear Voter Models: the Transition from Invasion to Coexistence.&rdquo; <I>The European Physical Journal B</I> 67: 301-318."},{"sequence":"37","original_text":"Shao, J., Havlin, S., Stanley, H.E., 2009, &ldquo;Dynamic Opinion Model and Invasion Percolation.&rdquo; <I>Physical Review Letters</I> 103: 018701."},{"sequence":"38","doi":"10.1093/bioinformatics/btq675","journal_title_name_list":[{"journal_title_name":"Bioinformatics","lang":"en"}],"title_list":[{"lang":"en","title":"Cytoscape 2.8: new features for data integration and network visualization."}],"volume":"27","first_page":"431","last_page":"432","publication_date":{"publication_year":"2011"},"content_language":"en","original_text":"Smoot, M. E., Ono, K., Ruscheinski, J., Wang, P.-L., Ideker, T., 2011, &ldquo;Cytoscape 2.8: New Features for Data Integration and Network Visualization.&rdquo; <I>Bioinformatics</I> 27: 431-432."},{"sequence":"39","original_text":"Stauffer, D., 2005, &ldquo;Sociophysics Simulations II: Opinion Dynamics.&rdquo; Pp. 56-68 in <I>Modeling Cooperative Behavior in the Social Sciences,</I> edited by P.L. Garrido, J. Marro, M.A. Munoz. AIP Conf. Proc. No.779, AIP: Melville, NY,"},{"sequence":"40","original_text":"Sznajd-Weron, K., 2005, &ldquo;Sznajd Model and its Applications.&rdquo; <I>Acta Physica Polonica B</I> 36: 2537-2547."},{"sequence":"41","original_text":"Sznajd-Weron, K., Sznajd, J., 2000, &ldquo;Opinion Evolution in Closed Community.&rdquo; <I>International Journal of Modern Physics C</I> 11: 1157-1165."},{"sequence":"42","original_text":"Tomochi, M., Murata, H. and M. Kono, 2005, &ldquo;A Consumer-Based Model of Competitive Diffusion: The Multiplicative Effects of Global and Local Network Externalities.&rdquo; <I>Journal of Evolutionary Economics</I> 15: 273-295."}]}}