{"status":"OK","apiType":"doi","apiVersion":"1.0.0","message":{"total":1,"rows":1,"totalPages":1,"page":1},"data":{"siteId":"SI/JST.JSTAGE","content_type":"JA","doi":"10.11218/ojjams.2.1","url":"https://doi.org/10.11218/ojjams.2.1","ra":"JaLC","prefix":"10.11218","site_name":"J-STAGE","publisher_list":[{"publisher_name":"Japanese Association For Mathematical Sociology","lang":"en"},{"publisher_name":"数理社会学会","lang":"ja"}],"title_list":[{"lang":"ja","title":"対抗的分業論のゲーム論的定式化","subtitle":"―2人チキン・ゲームによる定式化の可能性と限界―"},{"lang":"en","title":"A Formalization of Conflicting Division of Labor by Game Theory :","subtitle":"The Possibility and Limit of the Formalization by Two-person Chicken Game"}],"creator_list":[{"sequence":"1","type":"person","names":[{"lang":"ja","last_name":"佐藤","first_name":"嘉倫"},{"lang":"en","last_name":"SATO","first_name":"Yoshimichi"}],"affiliation_list":[{"affiliation_name":"Yokohama City University","sequence":"1","lang":"en"},{"affiliation_name":"横浜市立大学","sequence":"1","lang":"ja"}]}],"publication_date":{"publication_year":"1987"},"relation_list":[{"content":"https://www.jstage.jst.go.jp/article/ojjams/2/1/2_1_1/_pdf","type":"URL","relation":"fullTextPdf"}],"content_language":"ja","updated_date":"2017-03-23","article_type":"pub","journal_id_list":[{"journal_id":"0913-1442","type":"ISSN","issn_type":"print"},{"journal_id":"1881-6495","type":"ISSN","issn_type":"online"},{"journal_id":"ojjams","type":"JID"}],"journal_title_name_list":[{"journal_title_name":"Sociological Theory and Methods","type":"full","lang":"en"},{"journal_title_name":"Sociological Theory and Methods","type":"abbreviation","lang":"en"},{"journal_title_name":"理論と方法","type":"full","lang":"ja"},{"journal_title_name":"理論と方法","type":"abbreviation","lang":"ja"}],"journal_classification":"01","recorded_year":"1986-2013","volume":"2","issue":"1","first_page":"1","last_page":"14","date":"2009-03-01","keyword_list":[{"keyword":"Conflicting Division of Labor","sequence":"1","lang":"en"},{"keyword":"Sequential Game","sequence":"2","lang":"en"},{"keyword":"Chicken Game","sequence":"3","lang":"en"}],"citation_list":[{"sequence":"1","original_text":"Brams, Steven J., 1985, <I>Superpower Games: applying game theory to superpower conflict</I>, New Haven: Yale University Press."},{"sequence":"2","original_text":"Brams, Steven J. and Marek P. Hassel, 1982, &ldquo;Absorbing Outcomes in 2 &times; 2 Games,&rdquo; <I>Behavioral Science</I>, 27-4: 393-401."},{"sequence":"3","original_text":"Brams, Steven J. and Donald Wittman, 1981, &ldquo;Nonmyopic Equilibria in 2 &times; 2 Games,&rdquo; <I>Conflict Management and peace Science</I>, 6-1: 39-62."},{"sequence":"4","original_text":"船橋晴俊・船橋恵子, 1976,「『対抗的分業』の理論」, 『現代社会学』, 3-2: 114-129."},{"sequence":"5","original_text":"船橋晴俊・長谷川公一・畠中宗一・勝田晴美, 1985,『新幹線公害』, 東京: 有斐閣"},{"sequence":"6","original_text":"梶田孝道, 1976,「対抗的相補性の社会学―A.トゥレーヌ＜社会の生産＞論にみるパラダイム革新（上）（下）―」, 『思想』, 627: 1352-1375, 628: 1566-1580."},{"sequence":"7","original_text":"西村肇, 1976,『裁かれる自動車』, 東京: 中央公論社."},{"sequence":"8","original_text":"西山賢一, 1986,『勝つためのゲームの理論―適応戦略とは何か―』, 東京: 講談社."},{"sequence":"9","original_text":"鈴村興太郎, 1982,『経済計画理論』（第2版 経済学全集14）, 東京: 筑摩書房."}]}}