{"status":"OK","apiType":"doi","apiVersion":"1.0.0","message":{"total":1,"rows":1,"totalPages":1,"page":1},"data":{"siteId":"SI/JST.JSTAGE","content_type":"JA","doi":"10.11218/ojjams.26.197","url":"https://doi.org/10.11218/ojjams.26.197","ra":"JaLC","prefix":"10.11218","site_name":"J-STAGE","publisher_list":[{"publisher_name":"Japanese Association For Mathematical Sociology","lang":"en"},{"publisher_name":"数理社会学会","lang":"ja"}],"title_list":[{"lang":"en","title":"Conceptual and methodological innovations in research into educational inequalities*:"}],"creator_list":[{"sequence":"1","type":"person","names":[{"lang":"en","last_name":"Simonov&aacute;","first_name":"Natalie"}],"affiliation_list":[{"affiliation_name":"Institute of Sociology<BR>Academy of Sciences<BR>Czech Republic","sequence":"1","lang":"en"}]},{"sequence":"2","type":"person","names":[{"lang":"en","last_name":"Katr&ncaron;&aacute;k","first_name":"Tom&aacute;&scaron;"}],"affiliation_list":[{"affiliation_name":"Faculty of Social Studies<BR>Masaryk University<BR>Czech Republic","sequence":"2","lang":"en"}]}],"publication_date":{"publication_year":"2011"},"relation_list":[{"content":"https://www.jstage.jst.go.jp/article/ojjams/26/1/26_1_197/_pdf","type":"URL","relation":"fullTextPdf"}],"content_language":"en","updated_date":"2017-03-23","article_type":"pub","journal_id_list":[{"journal_id":"0913-1442","type":"ISSN","issn_type":"print"},{"journal_id":"1881-6495","type":"ISSN","issn_type":"online"},{"journal_id":"ojjams","type":"JID"}],"journal_title_name_list":[{"journal_title_name":"Sociological Theory and Methods","type":"full","lang":"en"},{"journal_title_name":"Sociological Theory and Methods","type":"abbreviation","lang":"en"},{"journal_title_name":"理論と方法","type":"full","lang":"ja"},{"journal_title_name":"理論と方法","type":"abbreviation","lang":"ja"}],"journal_classification":"01","recorded_year":"1986-2013","volume":"26","issue":"1","first_page":"197","last_page":"213","date":"2012-01-31","keyword_list":[{"keyword":"educational research","sequence":"1","lang":"en"},{"keyword":"access to education","sequence":"2","lang":"en"},{"keyword":"educational inequality","sequence":"3","lang":"en"},{"keyword":"measures of inequality","sequence":"4","lang":"en"}],"citation_list":[{"sequence":"1","original_text":"Althusser, Louis. 1971. &ldquo;Ideology and Ideological Apparatuses (Notes towards an Investigation)&rdquo;. Pp. 127-187 in <I>Lenin and Philosophy and Other Essays</I>. New York, London: Monthly Review Press."},{"sequence":"2","original_text":"Bernstein, Basil. 1975. <I>Class, Codes, and Control</I>. London: Routledge."},{"sequence":"3","original_text":"Bielby, William T., and Robert M. Hauser. 1977. &ldquo;Structural Equation Models&rdquo;. <I>American Review of Sociology</I> 3: 137-161."},{"sequence":"4","original_text":"Bishop, Yvonne M. M., Stephen E. Fienberg, and Paul W. Holland. 1975. <I>Discrete Multivariate Analysis: Theory and Practice</I>. Cambridge: MIT Press."},{"sequence":"5","original_text":"Blau, Peter M., and Otis D. Duncan 1967. <I>The American Occupational Structure</I>. New York, London, Sydney: John Wiley &amp; Sons."},{"sequence":"6","original_text":"Boudon, Raymond. 1974. <I>Education, Opportunity and Social Inequality</I>. New York: Willey."},{"sequence":"7","original_text":"Bourdieu, Pierre. 1973. &ldquo;Cultural Reproduction and Social Reproduction&rdquo;. Pp. 71-112 in <I>Knowledge, Education and Cultural Change</I>, edited by Richard Brown. London: Tavistock."},{"sequence":"8","original_text":"Bourdieu, Pierre, and Jean-Claude Passeron. 1964. <I>Les H&eacute;ritiers. Les &eacute;tudiants et la culture</I>. Paris: Les &eacute;ditions de minuit."},{"sequence":"9","original_text":"Bowles, Samuel, and Herbert Gintis. 1976. <I>Schooling in Capitalist America</I>. London: Routledge &amp; Kegan Paul."},{"sequence":"10","original_text":"Breen, Richard, and John Goldthorpe. 1997. &ldquo;Explaining Educational Differentials. Towards a Formal Rational Action Theory&rdquo;. <I>Rationality and Society</I> 9 (3): 275-305."},{"sequence":"11","original_text":"Breen, Richard, and Jan O. Jonsson. 2000. &ldquo;Analyzing Educational Careers: A Multinomial Transition Model'&rdquo;. <I>American Sociological Review</I> 65 (5): 754-772."},{"sequence":"12","original_text":"Breen, Richard, and Meir Yaish. 2006. &ldquo;Testing the Breen-Goldthorpe Model of Educational Decision Making'&rdquo;. Pp. 232-258 in <I>Mobility and Inequality</I>, edited by Stephen L. Morgan, David B. Grusky, and Gary F. Fields. Stanford: Stanford University Press."},{"sequence":"13","original_text":"Breen, Richard, Ruud Luijkx, Walter Miller, and Reinhard Pollak. 2009. &ldquo;Nonpersistant Inequality in Educational Attainment: Evidence from Eight European Countries&rdquo;. <I>American Journal of Sociology</I> 114 (5): 1475-1521."},{"sequence":"14","original_text":"Brint, Steven, and Jerome Karabel (eds.). 1989. <I>The Diverted Dream: Community Colleges and the Promise of Educational Opportunity in America</I>, 1900-1985. New York: Oxford University Press."},{"sequence":"15","original_text":"Duncan, Otis D. 1961. &ldquo;A Socioeconomic index for all occupations&rdquo;. Pp. 139-162 in <I>Occupations and Social Status</I>, edited by Albert J. Reiss. New York: Free Press of Glencoe."},{"sequence":"16","original_text":"Duncan, Otis D. 1964. &ldquo;Methodological Issues in the Analysis of Social Mobility&rdquo;. Pp. 51-97 in <I>Social Structure and Mobility in Economic Development</I>, edited by Neil J. Smelser, and Seymour M. Lipset. Chicago: Aldine."},{"sequence":"17","original_text":"Duncan, Otis D. 1966a. &ldquo;Occupation Trends and Patterns of Net Mobility in the United States&rdquo;. <I>Demography</I> 3 (1): 1-18."},{"sequence":"18","original_text":"Duncan, Otis D. 1966b. &ldquo;Path Analysis: Sociological Examples&rdquo;. <I>American Journal of Sociology</I> 72 (1): 1-16."},{"sequence":"19","original_text":"Duncan, Otis D. 1968. &ldquo;Ability and Achievement&rdquo;. <I>Eugenics Quarterly</I> 15 (1): 1-11."},{"sequence":"20","original_text":"Duncan, Otis D. 1975. <I>Introduction to Structural Equation Models</I>. New York: Academic Press."},{"sequence":"21","original_text":"Duncan, Otis D., David L. Featherman, and Beverly Duncan. 1972. <I>Socioeconomic Background and Achievement</I>. New York: Seminar Press."},{"sequence":"22","original_text":"Erikson, Robert. 2007. &ldquo;Social Selection in Stockholm Schools: Primary and Secondary Effects on the Transition to Upper Secondary Education&rdquo;. Pp. 58-77 in S. Scherer, R. Pollak, G. Otte, M. Gangl (eds.), <I>From Origin to Destination. Trends and Mechanisms in Social Stratification Research</I>. Frankfurt a. M. - New York: Campus."},{"sequence":"23","original_text":"Erikson, Robert, and Jan O. Jonsson. 1996. &ldquo;The Swedish Context: Educational Reform and Long-term Change in Educational Inequality&rdquo;. Pp. 65-93 in <I>Can Education be Equalized?</I>, edited by Robert Erikson and Jan O. Jonsson. Boulder, CO: Westview Press."},{"sequence":"24","original_text":"Erikson, Robert, John H. Goldthorpe, Michelle Jackson, Meir Yaish and D. R. Cox. 2005. &ldquo;On Class Differentials in Educational Attainment&rdquo;. <I>Proceedings of the National Academy of Sciences</I> 27: 9730-33."},{"sequence":"25","original_text":"Featherman, David L., and Robert M. Hauser. 1978. <I>Opportunity and Change</I>. New York: Academic Press."},{"sequence":"26","original_text":"Fraser, Steven (ed.). 1995. <I>The Bell Curve Wars: Race, Intelligence and the Future of America</I>. New York: Basic Books."},{"sequence":"27","original_text":"Ganzeboom, Harry B., Paul M. De Graaf, and Donald J. Treiman. 1992. &ldquo;A Standard International Socio-Economic Index of Occupational Status&rdquo;. <I>Social Science Research</I> 21 (1): 1-56."},{"sequence":"28","original_text":"Ganzeboom, Harry B., Donald J. Treiman, and Wout C. Ultee. 1991. &ldquo;Comparative Intergenerational Stratification Research: Three Generations and Beyond.&rdquo; <I>Annual Review of Sociology</I> 17: 277-302."},{"sequence":"29","original_text":"Gerber, Theodore, and Sin Yi Cheung 2008. &ldquo;Horizontal Stratification in Postsecondary Education.&rdquo; <I>Annual Review of Sociology</I> 34: 299-314."},{"sequence":"30","original_text":"Goldthorpe, John. 1996. &ldquo;Class Analysis and the Reorientation of Class Theory: the Case of Persisting Differentials in Educational Attainment.&rdquo; <I>British Journal of Sociology</I> 47 (5): 481-505."},{"sequence":"31","original_text":"Hauser, Robert M. 1972. &ldquo;Disaggregating a Social-Psychological Model of Educational Attainment.&rdquo; Social Science Research 1 (2): 159-188."},{"sequence":"32","original_text":"Hauser, Robert M., Shu-Ling Tsai, and William H. Sewell. 1983. &ldquo;A Model of Stratification with Response Error in Social and Psychological Variables.&rdquo; <I>Sociology of Education</I> 56 (1): 20-46."},{"sequence":"33","original_text":"Heath, Shirley B. 1983. <I>Ways with Words: Language, Life and Work in Communities and Classrooms</I>. Cambridge: Cambridge University Press."},{"sequence":"34","original_text":"Hellevik, Ottar 2007. &ldquo;Margin Insensitivity and Analysis of Educational Inequality.&rdquo; <I>Czech Sociological Review</I> 43 (6): 1095-1119."},{"sequence":"35","original_text":"Hutmacher, Walo, Douglas Cochrane, and Norberto Bottani. 2001. <I>In Pursuit of Equity in Education: Using International Indicators to Compare Equity Policies</I>. Dordrecht, Boston, London: Kluwer Academic Publishers."},{"sequence":"36","original_text":"Illich, Ivan 1971. <I>Deschooling Society</I>. New York: Harper &amp; Row."},{"sequence":"37","original_text":"Kerckhoff, Alan C. 1974. &ldquo;Stratification Process and Outcomes in England and the U.S.&rdquo; <I>American Sociological Review</I> 39 (6): 789-801."},{"sequence":"38","original_text":"Kohn, Melvin L. 1977. <I>Class and Conformity: A Study in Values. With Reassessment</I>. Chicago: The University of Chicago Press."},{"sequence":"39","original_text":"Jackson, Michelle, Robert Erikson, John H. Goldthorpe and Meir Yaish. 2007. &ldquo;Primary and secondary effects in class differentials in educational attainment&rdquo;. <I>Acta Sociologica</I> 50 (3): 211-229."},{"sequence":"40","original_text":"Joreskog, Karl G. 1970. &ldquo;A General Method for the Analysis of Covariance Structures.&rdquo; <I>Biometrika</I> 57 (2): 239-251."},{"sequence":"41","original_text":"Jencks, Christopher 1972. <I>Inequality: A Reassessment of the Effect of Family and Schooling in America</I>. New York: Basic Books."},{"sequence":"42","original_text":"Jones, Frank L. 1971. &ldquo;Occupational Achievement in Australia and the United States: A Comparative Path Analysis.&rdquo; <I>American Journal of Sociology</I> 77 (3): 527-539."},{"sequence":"43","original_text":"Kloosterman, Rianne, Stijn Ruiter, Paul M. de Graf and Gerbert Kraaykamp. 2009. &ldquo;Parental Education, Children's Performance and the Transition to Higher Secondary Education: Trends in Primary and Secondary Effects over Five Dutch School Cohorts (1965-99)&rdquo;. <I>British Journal of Sociology</I> 2: 377-398."},{"sequence":"44","original_text":"Lucas, Samuel R. 1996. &ldquo;Selective Attrition in a Newly Hostile Regime: The Case of 1980 Sophomores.&rdquo; <I>Social Forces</I> 75 (2): 511-533."},{"sequence":"45","original_text":"Lucas, Samuel R. 2001. &ldquo;Effectively maintained inequality: Education transitions, track mobility, and social background effects.&rdquo; <I>American Journal of Sociology</I> 106 (6): 1642-1690."},{"sequence":"46","original_text":"Lucas, Samuel R. 2009. &ldquo;Stratification Theory, Socioeconomic Background , and Educational Attainment: A Formal Analysis.&rdquo; <I>Rationality and Society</I> 21 (4): 459-511."},{"sequence":"47","original_text":"MacLeod, Jay. 1995. <I>Ain't No Makin' It: Aspirations &amp; Attainment in a Low-Income Neighborhood</I>. Boulder: Westview Press."},{"sequence":"48","original_text":"Mare, Robert D. 1980. &ldquo;Social Background and School Continuation Decisions.&rdquo; <I>Journal of the American Statistical Association</I> 75 (370): 295-305."},{"sequence":"49","original_text":"Mare, Robert D. 1981. &ldquo;Change and Stability in Educational Stratification.&rdquo; <I>American Sociological Review</I> 46 (1): 72-87."},{"sequence":"50","original_text":"Mare, Robert D. 1993. &ldquo;Educational Stratification on Observed and Unobserved Components of Family Background.&rdquo; Pp. 351-379 in <I>Persistent Inequality. Changing Educational Attainment in Thirteen Countries</I>, edited by Yossi Shavit, and Hans-Peter Blossfeld. Boulder, San Francisco, Oxford: Westview Press."},{"sequence":"51","original_text":"Muller, Walter, and Wolfgang Karle. 1993. &ldquo;Social Selection in Educational Systems in Europe.&rdquo; <I>European Sociological Review</I> 9 (1): 1-23."},{"sequence":"52","original_text":"Powers, Daniel A., and Yu Xie. 2000. <I>Statistical Methods for Categorical Data Analysis</I>. San Diego: Academic Press."},{"sequence":"53","original_text":"Raftery, Adrian E., and Michael Hout. 1993. &ldquo;Maximally Maintained Inequality: Expansion, Reform and Opportunity in Irish Education, 1921-75.&rdquo; <I>Sociology of Education</I> 66 (1): 41-62."},{"sequence":"54","original_text":"Ringen, Stein. 2000. &ldquo;Inequality and its Measurement.&rdquo; <I>Acta Sociologica</I> 43 (1): 1-14."},{"sequence":"55","original_text":"Sewell, William H., and Robert M. Hauser. 1972. &ldquo;Causes and Consequences of Higher Education: Models of the Status Attainment Process.&rdquo; <I>American Journal of Agricultural Economics</I> 54 (5): 851-861."},{"sequence":"56","original_text":"Sewell, William H., and Vimal P. Shah. 1967. &ldquo;Socioeconomic Status, Intelligence and the Attainment of Higher Education.&rdquo; <I>Sociology of Education</I> 40 (1): 1-23."},{"sequence":"57","original_text":"Sewell, William H., Archibald O. Haller, and George W. Ohlendorf. 1970. &ldquo;The Educational and Early Occupational Status Attainment Process: Replication and Revision.&rdquo; <I>American Sociological Review</I> 35 (6): 1014-1027."},{"sequence":"58","original_text":"Sewell, William H., Archibald O. Haller, and Alejandro Portes. 1969. &ldquo;The Educational and Early Occupational Attainment Process.&rdquo; <I>American Sociological Review</I> 34 (1): 82-92."},{"sequence":"59","original_text":"Shavit, Yossi, and Hans-Peter Blossfeld. 1993. <I>Persistent Inequality. Changing Educational Attainment in Thirteen Countries. Boulder, San Francisco</I>, Oxford: Westview Press."},{"sequence":"60","original_text":"Shwed, Uri, and Yossi Shavit. 2006. &ldquo;Occupational and Economic Attainments of College and University Graduates in Israel.&rdquo; <I>European Sociological Review</I> 22: 431-42."},{"sequence":"61","original_text":"Swift, Adam. 2003. <I>How Not to be a Hypocrite: School Choice for the Morally Perplexed Parent</I>. London: Routledge."},{"sequence":"62","original_text":"Swift, Adam. 2004. &ldquo;Would Perfect Mobility be Perfect?.&rdquo; <I>European Sociological Review</I> 20 (1): 1-11."},{"sequence":"63","original_text":"Treiman, Donald J., and Harry B. G. Ganzeboom. 2000. &ldquo;The Fourth Generation of Comparative Stratification Research.&rdquo; Pp. 98-121 in <I>The International Handbook of Sociology</I>, edited by Stella R. Quah, and Arnaud Sales. London: Sage."},{"sequence":"64","original_text":"Treiman, Donald J., and Kermit Terrell. 1975. &ldquo;The Process of Status Attainment in the United States and Great Britain.&rdquo; <I>American Journal of Sociology</I> 81 (3): 563-583."},{"sequence":"65","original_text":"Werfhorst, Herman G., Nan Dirk de Graaf, and Gerbert Kraaykamp. 2001. &ldquo;Intergenerational Resemblance in Field of Study in the Netherlands.&rdquo; <I>European Sociological Review</I> 17 (3): 275-93."},{"sequence":"66","original_text":"Werfhorst, Herman G., Alice Sullivan, and Sin Yi Cheung. 2003. &ldquo;Social Class, Ability, and Choice of Subject in Secondary and Tertiary Education in Britain.&rdquo; <I>British Educational research Journal</I> 29 (1): 41-62."},{"sequence":"67","original_text":"Willis, Paul. 1977. <I>Learning to Labour: How Working Class Kids Get Working Class Jobs</I>. Farnborough: Saxon House."}]}}