{"status":"OK","apiType":"doi","apiVersion":"1.0.0","message":{"total":1,"rows":1,"totalPages":1,"page":1},"data":{"siteId":"SI/JST.JSTAGE","content_type":"JA","doi":"10.11218/ojjams.11.113","url":"https://doi.org/10.11218/ojjams.11.113","ra":"JaLC","prefix":"10.11218","site_name":"J-STAGE","publisher_list":[{"publisher_name":"Japanese Association For Mathematical Sociology","lang":"en"},{"publisher_name":"数理社会学会","lang":"ja"}],"title_list":[{"lang":"ja","title":"流行現象とベクトル型閾値モデル"},{"lang":"en","title":"Phenomenon of Fashion and Vector Threshold Models"}],"creator_list":[{"sequence":"1","type":"person","names":[{"lang":"ja","last_name":"松田","first_name":"光司"},{"lang":"en","last_name":"Matuda","first_name":"K&ocirc;ji"}],"affiliation_list":[{"affiliation_name":"Graduate School of Social and Cultural Studies<BR>Kyushu University","sequence":"1","lang":"en"},{"affiliation_name":"九州大学","sequence":"1","lang":"ja"}]}],"publication_date":{"publication_year":"1996"},"relation_list":[{"content":"https://www.jstage.jst.go.jp/article/ojjams/11/2/11_113/_pdf","type":"URL","relation":"fullTextPdf"}],"content_language":"ja","updated_date":"2016-08-25","article_type":"pub","journal_id_list":[{"journal_id":"0913-1442","type":"ISSN","issn_type":"print"},{"journal_id":"1881-6495","type":"ISSN","issn_type":"online"},{"journal_id":"ojjams","type":"JID"}],"journal_title_name_list":[{"journal_title_name":"Sociological Theory and Methods","type":"full","lang":"en"},{"journal_title_name":"Sociological Theory and Methods","type":"abbreviation","lang":"en"},{"journal_title_name":"理論と方法","type":"full","lang":"ja"},{"journal_title_name":"理論と方法","type":"abbreviation","lang":"ja"}],"journal_classification":"01","recorded_year":"1986-2013","volume":"11","issue":"2","first_page":"113","last_page":"128","date":"2016-08-26","keyword_list":[{"keyword":"phenomenon of fashion","sequence":"1","lang":"en"},{"keyword":"流行現象","sequence":"1","lang":"ja"},{"keyword":"threshold models","sequence":"2","lang":"en"},{"keyword":"閾値モデル","sequence":"2","lang":"ja"},{"keyword":"chaos","sequence":"3","lang":"en"},{"keyword":"カオス","sequence":"3","lang":"ja"}],"citation_list":[{"sequence":"1","original_text":"石井健一. 1987.「世論過程の閾値モデル」『理論と方法』２巻１号: 15-28."},{"sequence":"2","original_text":"石井健一. 1993.「普及現象と流行現象の閾値モデルによるモデル化」, 社会現象の非線形性について考えるワークショップの参考資料"},{"sequence":"3","original_text":"Granovetter, M. 1983. &ldquo;Threshold Models of Collective Behavior.&rdquo; <I>American Journal of Sociology</I> 83(6): 1420-1443."},{"sequence":"4","original_text":"Granovetter, M. and Soong, R. 1986. &ldquo;Threshold Models of Interpersonal Effects in Consumer Demand.&rdquo; <I>Journal of Economic Behavior and Organization</I> 7: 83-99."},{"sequence":"5","original_text":"Granovetter, M. and Soong, R. 1988. &ldquo;Threshold Models of Diversity: Chinese Restaurants, Residential Segregation, and the Spiral of Silence.&rdquo; <I>Sociological Methodology 1988</I>: 69-104."},{"sequence":"6","original_text":"長島弘幸・馬場良和. 1992.『カオス入門―現象の解析と数理―』培風館."},{"sequence":"7","original_text":"Rogers, E. M. 1983. <I>Diffusion of Innovations</I>. New York: The Free Press. 青池愼一・宇野善康監訳 1990『イノベーション普及学』産能大学出版部."},{"sequence":"8","original_text":"山口昌哉. 1986.『カオスとフラクタル』講談社."}]}}