{"status":"OK","apiType":"doi","apiVersion":"1.0.0","message":{"total":1,"rows":1,"totalPages":1,"page":1},"data":{"siteId":"SI/JST.JSTAGE","content_type":"JA","doi":"10.11218/ojjams.24.3","url":"https://doi.org/10.11218/ojjams.24.3","ra":"JaLC","prefix":"10.11218","site_name":"J-STAGE","publisher_list":[{"publisher_name":"Japanese Association For Mathematical Sociology","lang":"en"},{"publisher_name":"数理社会学会","lang":"ja"}],"title_list":[{"lang":"ja","title":"望ましい分配ルールとは何か","subtitle":"―階層の規範理論をめざして―"},{"lang":"en","title":"What Is a Desirable Distribution Rule?:","subtitle":"Toward a Normative Theory of Stratification"}],"creator_list":[{"sequence":"1","type":"person","names":[{"lang":"ja","last_name":"盛山","first_name":"和夫"},{"lang":"en","last_name":"SEIYAMA","first_name":"Kazuo"}],"affiliation_list":[{"affiliation_name":"University of Tokyo","sequence":"1","lang":"en"},{"affiliation_name":"東京大学","sequence":"1","lang":"ja"}]}],"publication_date":{"publication_year":"2009"},"relation_list":[{"content":"https://www.jstage.jst.go.jp/article/ojjams/24/1/24_1_3/_pdf","type":"URL","relation":"fullTextPdf"}],"content_language":"ja","updated_date":"2017-03-23","article_type":"pub","journal_id_list":[{"journal_id":"0913-1442","type":"ISSN","issn_type":"print"},{"journal_id":"1881-6495","type":"ISSN","issn_type":"online"},{"journal_id":"ojjams","type":"JID"}],"journal_title_name_list":[{"journal_title_name":"Sociological Theory and Methods","type":"full","lang":"en"},{"journal_title_name":"Sociological Theory and Methods","type":"abbreviation","lang":"en"},{"journal_title_name":"理論と方法","type":"full","lang":"ja"},{"journal_title_name":"理論と方法","type":"abbreviation","lang":"ja"}],"journal_classification":"01","recorded_year":"1986-2013","volume":"24","issue":"1","first_page":"3","last_page":"19","date":"2010-01-08","keyword_list":[{"keyword":"stratification","sequence":"1","lang":"en"},{"keyword":"階層","sequence":"1","lang":"ja"},{"keyword":"inequality","sequence":"2","lang":"en"},{"keyword":"不平等","sequence":"2","lang":"ja"},{"keyword":"distribution rule","sequence":"3","lang":"en"},{"keyword":"分配ルール","sequence":"3","lang":"ja"},{"keyword":"production function","sequence":"4","lang":"en"},{"keyword":"生産関数","sequence":"4","lang":"ja"},{"keyword":"Nash equilibrium","sequence":"5","lang":"en"},{"keyword":"ナッシュ均衡","sequence":"5","lang":"ja"}],"citation_list":[{"sequence":"1","original_text":"Anderson, E. S. 1999. &ldquo;What is the Point of Equality?&rdquo; <I>Ethics</I> 109(2):287-337."},{"sequence":"2","original_text":"Arrow, Kenneth J. 1973. &ldquo;Some Ordinalist-Utilitarian Notes on Rawls's Theory of Justice.&rdquo; <I>The Journal of Philosophy</I> 70(9):245-263."},{"sequence":"3","original_text":"Coleman, James S. 1990. <I>Foundations of Social Theory</I>. The Belknap Press of Harvard University Press.（久慈利武監訳. 2004-6.『社会理論の基礎　上下』青木書店.）"},{"sequence":"4","original_text":"Davis, Kingsley and Wilbert E. Moore. 1945. &ldquo;Some Principles of Stratification.&rdquo; <I>American Sociological Review</I> 10(2):242-249."},{"sequence":"5","original_text":"Davis, Kingsley. 1953. &ldquo;Reply.&rdquo; <I>American Sociological Review</I> 18:394-7."},{"sequence":"6","original_text":"Dworkin, Ronald. 2000. <I>Sovereign Virtue: The Theory and Practice of Equality</I>. Harvard University Press.（小林公ほか訳. 2002.『平等とは何か』木鐸社.）"},{"sequence":"7","original_text":"井上彰. 2002.「平等主義と責任――資源平等論から制度的平等論へ」佐伯啓思・松原隆一郎編著『新しい市場社会への構想――信頼と公正の経済社会像』新生社：275-333."},{"sequence":"8","original_text":"Jasso, Guillermina. 1999. &ldquo;How Much Injustice Is There in the World? Two New Justice Indexes.&rdquo; <I>American Sociological Review</I> 64(1):133-168."},{"sequence":"9","original_text":"Nozick, Robert. 1974. <I>Anarchy, State, and Utopia</I>. Basic Books."},{"sequence":"10","original_text":"Rawls, John. 1971. <I>A Theory of Justice</I>. Harvard University Press.（矢島鈞次監訳. 1979.『正義論』紀伊國屋書店.）"},{"sequence":"11","original_text":"Roemer, John E. 1998. <I>Equality of Opportunity</I>. Harvard University Press."},{"sequence":"12","original_text":"盛山和夫. 2006.『リベラリズムとは何か――ロールズと正義の論理』勁草書房."},{"sequence":"13","original_text":"盛山和夫. 2008.「公正な分配ルールの理論に向けて」第45回数理社会学会大会報告（於成蹊大学、2008.3.16-17）"},{"sequence":"14","original_text":"Sen, Amartya. 1980. &ldquo;Equality of What?&rdquo; in S. M. McMurrin (ed.), <I>The Tanner Lectures on Human Values</I>. Vol.1 University of Utah Press.（「何の平等か？」大庭健・川本隆史訳. 1989.『合理的な愚か者：経済学＝倫理学的探究』勁草書房.）"},{"sequence":"15","original_text":"Tumin, Melvin. 1953. &ldquo;Some Principles of Stratification: A Critical Analysis.&rdquo; <I>American Sociological Review</I> 18: 419-423."}]}}