{"status":"OK","apiType":"doi","apiVersion":"1.0.0","message":{"total":1,"rows":1,"totalPages":1,"page":1},"data":{"siteId":"SI/JST.JSTAGE","content_type":"JA","doi":"10.11218/ojjams.26.303","url":"https://doi.org/10.11218/ojjams.26.303","ra":"JaLC","prefix":"10.11218","site_name":"J-STAGE","publisher_list":[{"publisher_name":"Japanese Association For Mathematical Sociology","lang":"en"},{"publisher_name":"数理社会学会","lang":"ja"}],"title_list":[{"lang":"en","title":"Mathematical Model of Class Identification Reflecting Discrimination Process","subtitle":"FK Model with Comparative Reference Group"},{"lang":"ja","title":"識別過程を考慮した階層帰属意識の数理モデル","subtitle":"比較準拠集団を組み入れたFKモデル"}],"creator_list":[{"sequence":"1","type":"person","names":[{"lang":"en","last_name":"MAEDA","first_name":"Yutaka"},{"lang":"ja","last_name":"前田","first_name":"豊"}],"affiliation_list":[{"affiliation_name":"Kwansei Gakuin University","sequence":"1","lang":"en"},{"affiliation_name":"関西学院大学","sequence":"1","lang":"ja"}]}],"publication_date":{"publication_year":"2011"},"relation_list":[{"content":"https://www.jstage.jst.go.jp/article/ojjams/26/2/26_303/_pdf","type":"URL","relation":"fullTextPdf"}],"content_language":"ja","updated_date":"2014-12-09","article_type":"pub","journal_id_list":[{"journal_id":"0913-1442","type":"ISSN","issn_type":"print"},{"journal_id":"1881-6495","type":"ISSN","issn_type":"online"},{"journal_id":"ojjams","type":"JID"}],"journal_title_name_list":[{"journal_title_name":"Sociological Theory and Methods","type":"full","lang":"en"},{"journal_title_name":"Sociological Theory and Methods","type":"abbreviation","lang":"en"},{"journal_title_name":"理論と方法","type":"full","lang":"ja"},{"journal_title_name":"理論と方法","type":"abbreviation","lang":"ja"}],"journal_classification":"01","recorded_year":"1986-2013","volume":"26","issue":"2","first_page":"303","last_page":"320","date":"2012-09-01","keyword_list":[{"keyword":"階層帰属意識","sequence":"1","lang":"ja"},{"keyword":"class identification","sequence":"1","lang":"en"},{"keyword":"FKモデル","sequence":"2","lang":"ja"},{"keyword":"FK model","sequence":"2","lang":"en"},{"keyword":"比較準拠集団","sequence":"3","lang":"ja"},{"keyword":"comparative reference group","sequence":"3","lang":"en"}],"citation_list":[{"sequence":"1","volume":"9","issue":"in Japanese","first_page":"41","publication_date":{"publication_year":"1980"},"original_text":"Fararo, Thomas J. 1973. <I>Mathematical Sociology.</I> John Wiley and Sons.（西田春彦・安田三郎（監訳）1980．『数理社会学I・II』紀伊國屋書店．）"},{"sequence":"2","original_text":"Ferrer-i-Carbonell, Ada. 2005. &ldquo;Income and well-being: an empirical analysis of the comparison income effect.&rdquo; <I>Journal of Public Economics,</I> 89:997-1019."},{"sequence":"3","doi":"10.4057/jsr.21.4_17","original_text":"船津衛．1971．「準拠集団理論の本質と課題」『社会学評論』21(4)：17-36．"},{"sequence":"4","original_text":"浜田宏．2007．『格差のメカニズム―数理社会学的アプローチ』勁草書房．"},{"sequence":"5","original_text":"浜田宏．2010．「階層帰属意識の数理モデル―非同一な離散型一様分布によるFKモデルの拡張」『第49回数理社会学会大会報告要旨集』"},{"sequence":"6","original_text":"浜田宏・石田淳．2008．「個人収入の適正感と満足度」土場学（編）『2005年SSM研究シリーズ7　公共性と格差』2005年SSM調査研究会：45-56．"},{"sequence":"7","original_text":"Hodge, Robert W. and Donald J. Treiman. 1968. &ldquo;Class Identification in the United States.&rdquo; <I>American Journal of Sociology,</I> 73(5):543-47."},{"sequence":"8","doi":"10.4057/jsr.51.120","original_text":"星敦士．2000．「階層帰属意識の判断基準と比較基準―準拠枠としてのネットワークの機能」『社会学評論』51(1)：120-135．"},{"sequence":"9","original_text":"飯田善郎．2009．「相対所得における他者とは誰か：アンケート調査から」『京都産業大学論集社会学系列』26：131-156．"},{"sequence":"10","journal_title_name_list":[{"journal_title_name":"American Journal of Sociology","lang":"en"}],"title_list":[{"lang":"en","title":"On the Justice of Earnings: A New Specification for Justice Evaluation Function"}],"volume":"83","first_page":"1398","last_page":"1429","publication_date":{"publication_year":"1978"},"content_language":"en","original_text":"Jasso, Guillermina. 1978. &ldquo;On the Justice of Earnings: A New Specification of the Justice Evaluation Function.&rdquo; <I>The American Journal of Sociology,</I> 83(6):1398-1419."},{"sequence":"11","doi":"10.4057/jsr.50.216","title_list":[{"lang":"en","title":"Changes of the Determinant of Class Identification in Japan"}],"volume":"50","issue":"2","first_page":"216","last_page":"230","publication_date":{"publication_year":"1999"},"creator_list":[{"sequence":"1","type":"person","names":[{"lang":"en","last_name":"Kikkawa","first_name":"Toru"},{"lang":"ja","last_name":"吉川","first_name":"徹"}]}],"original_text":"吉川徹．1999．「「中」意識の静かな変容―意識評価基準の時点間比較分析―」『社会学評論』50(2)：216-230．"},{"sequence":"12","original_text":"吉川徹．2008．「階級・階層意識の計量社会学」直井優・藤田英典（編）『講座社会学13　階層』東京大学出版会：77-108．"},{"sequence":"13","doi":"10.4057/jsr.55.348","journal_title_name_list":[{"journal_title_name":"社会学評論","lang":"ja"}],"title_list":[{"lang":"ja","title":"階層帰属意識に対する地域特性の効果：準拠集団か認識空間か"}],"volume":"55","issue":"3","first_page":"348","last_page":"366","publication_date":{"publication_year":"2004"},"content_language":"ja","original_text":"小林大祐．2004．「階層帰属意識に対する地域特性の効果―準拠集団か認識空間か―」『社会学評論』55(3)：348-366．"},{"sequence":"14","original_text":"高坂健次．1981．「階層帰属意識と階層構造」『桃山学院大学社会学論集』15(1)：71-90．"},{"sequence":"15","original_text":"高坂健次．[2000]2006．『社会学におけるフォーマル・セオリー―階層イメージに関するFKモデル―』ハーベスト社．"},{"sequence":"16","original_text":"高坂健次・与謝野有紀．2000．「政策対象としての真の社会的弱者とは」高坂健次（編）『日本の階層システム6　階層社会から新しい市民社会へ』東京大学出版会：95-116．"},{"sequence":"17","original_text":"前田忠彦．1998．「階層帰属意識と生活満足度」間々田孝夫（編）『1995年SSM調査シリーズ6　現代日本の階層意識』1995年SSM調査研究会：89-112．"},{"sequence":"18","original_text":"Merton, Robert K. [1949]1957. <I>Social Theory and Social Structure [Revised and Enlarged Edition].</I> New York: The Free Press.（森東吾他（訳）1961．『社会理論と社会構造』みすず書房．）"},{"sequence":"19","original_text":"三隅一人．1986．「地位の非一貫性と階層帰属意識―準拠集団論からのパースペクティブ―」『文学会志』（山口大学人文学部紀要）37：139-154．"},{"sequence":"20","doi":"10.11218/ojjams.24.77","title_list":[{"lang":"en","title":"Formulation of Job Complexity Score:","subtitle":"Proposal for an Occupational Index that Reflects Job Content"},{"title":"仕事の複雑性スコアの構成","subtitle":"―職務内容を反映した職業指標の提案―"}],"volume":"24","issue":"1","first_page":"77","last_page":"93","publication_date":{"publication_year":"2009"},"creator_list":[{"sequence":"1","type":"person","names":[{"lang":"en","last_name":"NAGAMATSU","first_name":"Namie"},{"lang":"ja","last_name":"長松","first_name":"奈美江"}],"affiliation_list":[{"affiliation_name":"Graduate School of Human Sciences<BR>Osaka University","sequence":"1","lang":"en"},{"affiliation_name":"大阪大学","sequence":"1","lang":"ja"}]},{"sequence":"2","type":"person","names":[{"lang":"en","last_name":"SAKAGUCHI","first_name":"Yusuke"},{"lang":"ja","last_name":"阪口","first_name":"祐介"}],"affiliation_list":[{"affiliation_name":"Graduate School of Human Sciences<BR>Osaka University","sequence":"1","lang":"en"},{"affiliation_name":"大阪大学","sequence":"1","lang":"ja"}]},{"sequence":"3","type":"person","names":[{"lang":"en","last_name":"TAROHMARU","first_name":"Hiroshi"},{"lang":"ja","last_name":"太郎丸","first_name":"博"}],"affiliation_list":[{"affiliation_name":"Graduate school of Letter<BR>Kyoto University","sequence":"1","lang":"en"},{"affiliation_name":"京都大学","sequence":"1","lang":"ja"}]}],"original_text":"長松奈美江・阪口祐介・太郎丸博．2009．「仕事の複雑性スコアの構成―職務内容を反映した職業指標の提案―」『理論と方法』24(1)：77-93．"},{"sequence":"21","original_text":"直井道子．1979．「階層意識と階級意識」富永健一（編）『日本の階層構造』東京大学出版会：365-388．"},{"sequence":"22","original_text":"大竹文雄・白石小百合・筒井義郎（編）．2010．『日本の幸福度―格差・労働・家族』日本評論社．"},{"sequence":"23","original_text":"Runciman, W.G. 1966. <I>Relative Deprivation and Social Justice: A Study of Attitudes to Social Inequality in Twentieth-Century England.</I> Berkeley: University of California Press."},{"sequence":"24","doi":"10.11218/ojjams.2.45","title_list":[{"lang":"en","title":"A Stratified System and Feeling of Inequity"},{"title":"階層構造と不公平感"}],"volume":"2","issue":"1","first_page":"45","last_page":"60","publication_date":{"publication_year":"1987"},"creator_list":[{"sequence":"1","type":"person","names":[{"lang":"en","last_name":"SAITO","first_name":"Yuriko"},{"lang":"ja","last_name":"斎藤","first_name":"友里子"}],"affiliation_list":[{"affiliation_name":"Kwansei Gakuin University","sequence":"1","lang":"en"},{"affiliation_name":"関西学院大学","sequence":"1","lang":"ja"}]}],"original_text":"斎藤友里子．1987．「階層構造と不公平感」『理論と方法』2(1)：45-60．"},{"sequence":"25","original_text":"坂元慶行．1988．「「階層帰属意識」の規定要因―その時間的な変化と国際比較の視点から―」原純輔（編）『1985年社会階層と社会移動全国調査報告書　第2巻　階層意識の動態』1985年社会階層と社会移動全国調査研究会：71-100．"},{"sequence":"26","original_text":"盛山和夫．1990．「中意識の意味―階層帰属意識の変化と構造―」『理論と方法』5(2)：51-71．"},{"sequence":"27","original_text":"Siegel, Sidney. and Castellan, John N. 1988. <I>Nonparametric Statistics for Behavioral Science [2nd edition].</I> New York: McGraw-Hill."},{"sequence":"28","doi":"10.11218/ojjams.25.65","title_list":[{"lang":"en","title":"Construction Image of Occupational Status and Status Orientation:","subtitle":"Japan Society for the Promotion of Science Faculty of Arts and Letters"},{"title":"職業的地位の構成イメージと地位志向","subtitle":"―職業の社会的地位の全体像に関する個人の認知に着目して―"}],"volume":"25","issue":"1","first_page":"65","last_page":"80","publication_date":{"publication_year":"2010"},"creator_list":[{"sequence":"1","type":"person","names":[{"lang":"en","last_name":"SHIOTANI","first_name":"Yoshiya"},{"lang":"ja","last_name":"塩谷","first_name":"芳也"}],"affiliation_list":[{"affiliation_name":"Japan Society for the Promotion of Science<BR>Faculty of Arts and Letters<BR>Tohoku University","sequence":"1","lang":"en"},{"affiliation_name":"東北大学 ・ 日本学術振興会","sequence":"1","lang":"ja"}]}],"original_text":"塩谷芳也．2010．「職業的地位の構成イメージと地位指向―職業の社会的地位の全体像に関する個人の認知に着目して―」『理論と方法』25(1)：65-80．"},{"sequence":"29","original_text":"数土直紀．1998．「学歴と階層意識―学歴が階層帰属意識の形成に及ぼす二つの効果―」間々田孝夫（編）『1995年SSM調査シリーズ6　現代日本の階層意識』1995年SSM調査研究会：23-45．"},{"sequence":"30","original_text":"数土直紀．2008．「学歴移動と階層意識」轟亮（編）『2005年SSM調査研究会8　階層意識の現在』2005年SSM調査研究会：1-35．"},{"sequence":"31","doi":"10.11218/ojjams.24.41","title_list":[{"lang":"en","title":"Dynamics of Class Identification in Postwar Japan"},{"title":"戦後日本における階層帰属意識のダイナミクス"}],"volume":"24","issue":"1","first_page":"41","last_page":"56","publication_date":{"publication_year":"2009"},"creator_list":[{"sequence":"1","type":"person","names":[{"lang":"en","last_name":"SUDO","first_name":"Naoki"},{"lang":"ja","last_name":"数土","first_name":"直紀"}],"affiliation_list":[{"affiliation_name":"Faculty of Law<BR>Gakushuin University","sequence":"1","lang":"en"},{"affiliation_name":"学習院大学","sequence":"1","lang":"ja"}]}],"original_text":"数土直紀．2009．「戦後日本における階層帰属意識のダイナミクス」『理論と方法』24(1)：41-56．"},{"sequence":"32","original_text":"数土直紀．2010．『日本人の階層意識』講談社．"},{"sequence":"33","original_text":"Tesser, Abraham. 1988. &ldquo;Towards a Self: Evaluation Maintenance Model of Social Behavior.&rdquo; <I>Advances in Experimental Social Psychology,</I> 21:181-227."},{"sequence":"34","original_text":"友枝敏雄．1988．「社会的地位と階層帰属意識」原純輔（編）『1985年社会階層と社会移動全国調査報告書　第2巻　階層意識の動態』1985年社会階層と社会移動全国調査研究会：21-42．"},{"sequence":"35","original_text":"海野道郎．1988．「ある係数の誕生：ファラロ＝高坂モデルによる分布の予測を評価する係数について」『理論と方法』3(2)：171-175．"},{"sequence":"36","volume":"10","issue":"1","first_page":"45","publication_date":{"publication_year":"1995"},"original_text":"渡辺勉・土場学．1995．「階層イメージと社会移動―ファラロ＝高坂モデルの拡張の試み」『理論と方法』10(1)：45-52．"},{"sequence":"37","doi":"10.11218/ojjams.18.211","journal_title_name_list":[{"journal_title_name":"理論と方法","lang":"ja"}],"title_list":[{"lang":"ja","title":"認識の効率性と階層イメージ――スキャニング打ち切り条件を課したFKモデル"}],"volume":"18","first_page":"211","last_page":"228","publication_date":{"publication_year":"2003"},"content_language":"ja","original_text":"石田淳．2003．「認識の効率性と階層イメージ―スキャニング打ち切り条件を課したFKモデル―」『理論と方法』18(2)：211-228．"}]}}