{"status":"OK","apiType":"doi","apiVersion":"1.0.0","message":{"total":1,"rows":1,"totalPages":1,"page":1},"data":{"siteId":"SI/JST.JSTAGE","content_type":"JA","doi":"10.11218/ojjams.26.17","url":"https://doi.org/10.11218/ojjams.26.17","ra":"JaLC","prefix":"10.11218","site_name":"J-STAGE","publisher_list":[{"publisher_name":"Japanese Association For Mathematical Sociology","lang":"en"},{"publisher_name":"数理社会学会","lang":"ja"}],"title_list":[{"lang":"ja","title":"ワンステップ内で伝わる評判の効果","subtitle":"―機会費用と二つの社会状態―"},{"lang":"en","title":"Effect of One-Step Reputation:","subtitle":"Opportunity Cost and Social Order"}],"creator_list":[{"sequence":"1","type":"person","names":[{"lang":"ja","last_name":"朝岡","first_name":"誠"},{"lang":"en","last_name":"ASAOKA","first_name":"Makoto"}],"affiliation_list":[{"affiliation_name":"University of Tokyo","sequence":"1","lang":"en"},{"affiliation_name":"東京大学","sequence":"1","lang":"ja"}]}],"publication_date":{"publication_year":"2011"},"relation_list":[{"content":"https://www.jstage.jst.go.jp/article/ojjams/26/1/26_1_17/_pdf","type":"URL","relation":"fullTextPdf"}],"content_language":"ja","updated_date":"2017-03-23","article_type":"pub","journal_id_list":[{"journal_id":"0913-1442","type":"ISSN","issn_type":"print"},{"journal_id":"1881-6495","type":"ISSN","issn_type":"online"},{"journal_id":"ojjams","type":"JID"}],"journal_title_name_list":[{"journal_title_name":"Sociological Theory and Methods","type":"full","lang":"en"},{"journal_title_name":"Sociological Theory and Methods","type":"abbreviation","lang":"en"},{"journal_title_name":"理論と方法","type":"full","lang":"ja"},{"journal_title_name":"理論と方法","type":"abbreviation","lang":"ja"}],"journal_classification":"01","recorded_year":"1986-2013","volume":"26","issue":"1","first_page":"17","last_page":"29","date":"2012-01-31","keyword_list":[{"keyword":"Network","sequence":"1","lang":"en"},{"keyword":"ネットワーク","sequence":"1","lang":"ja"},{"keyword":"Reputation","sequence":"2","lang":"en"},{"keyword":"評判","sequence":"2","lang":"ja"},{"keyword":"emancipation theory of trust","sequence":"3","lang":"en"},{"keyword":"信頼の「解き放ち」理論","sequence":"3","lang":"ja"},{"keyword":"Opportunity cost","sequence":"4","lang":"en"},{"keyword":"機会費用","sequence":"4","lang":"ja"}],"citation_list":[{"sequence":"1","original_text":"Feng Fu, Christoph Hauert, Martin A. Nowak, and Long Wang. 2008. &ldquo;Reputation-based partner choice promotes cooperation in social networks&rdquo; PHYSICAL REVIEW E 78, 026117."},{"sequence":"2","original_text":"Macy, M.W. and J. Skvoretz. 1998. &ldquo;The evolution of trust and cooperation between strangers: A computational model&rdquo;, <I>American Sociological Review</I>, 63, pp.638-660."},{"sequence":"3","original_text":"Macy, M. W. and Y. Sato. 2002. &ldquo;Trust, cooperation, and market formation in the US and Japan&rdquo;, <I>Proceedings of the National Academy of Sciences of the United States of America</I>, 99, pp.7214-7220."},{"sequence":"4","original_text":"間島理恵・高橋伸幸 2005.「敵の味方は敵？―間接互恵性における二次情報の効果に対する理論的・実証的検討」『理論と方法』20，177-195."},{"sequence":"5","original_text":"Ostrom, E. 1998. &ldquo;A Behavioral Approach to the Rational Theory of Collective Action: Presidential Address&rdquo;, American Political Science Association 1997, <I>The American Political Science Review</I>, 92, pp.1-22."},{"sequence":"6","original_text":"Putnam, R.D. 1993. <I>Making Democracy Work: Civil Tradition in Modern Italy</I>, Princeton University Press. (河田潤一訳 2001『哲学する民主主義―伝統と改革の市民的構造』ＮＴＴ出版.)"},{"sequence":"7","original_text":"Putnam, R.D.2000. <I>Bowling Alone: The collapse and Revival of American Community</I>. New York: Simon &amp; Schster. (柴内康文. 2006. 『孤独なボーリング―米国コミュニティーの崩壊と再生―』 柏書房.)"},{"sequence":"8","original_text":"辻 竜平・針原素子 2003.「『小さな世界』における信頼関係と社会秩序」『理論と方法』18(1): 15-31."},{"sequence":"9","original_text":"山岸俊男. 1998. 『信頼の構造.こころと社会の進化ゲーム』 東京大学出版会."},{"sequence":"10","original_text":"与謝野有紀・林直保子. 2005. 「不確実性，機会は信頼を育むか？ ―信頼生成条件のブール代数分析―」『関西大学社会学部紀要』,36(1), 53-76."}]}}