{"status":"OK","apiType":"doi","apiVersion":"1.0.0","message":{"total":1,"rows":1,"totalPages":1,"page":1},"data":{"siteId":"SI/JST.JSTAGE","content_type":"JA","doi":"10.11218/ojjams.10.165","url":"https://doi.org/10.11218/ojjams.10.165","ra":"JaLC","prefix":"10.11218","site_name":"J-STAGE","publisher_list":[{"publisher_name":"Japanese Association For Mathematical Sociology","lang":"en"},{"publisher_name":"数理社会学会","lang":"ja"}],"title_list":[{"lang":"ja","title":"公式権力のパラドックス"},{"lang":"en","title":"A Paradox of Formal Power"}],"creator_list":[{"sequence":"1","type":"person","names":[{"lang":"ja","last_name":"数土","first_name":"直紀"},{"lang":"en","last_name":"SUDO","first_name":"Naoki"}],"affiliation_list":[{"affiliation_name":"Faculty of Arts<BR>Shinshu University","sequence":"1","lang":"en"},{"affiliation_name":"信州大学","sequence":"1","lang":"ja"}]}],"publication_date":{"publication_year":"1995"},"relation_list":[{"content":"https://www.jstage.jst.go.jp/article/ojjams/10/2/10_165/_pdf","type":"URL","relation":"fullTextPdf"}],"content_language":"ja","updated_date":"2016-08-25","article_type":"pub","journal_id_list":[{"journal_id":"0913-1442","type":"ISSN","issn_type":"print"},{"journal_id":"1881-6495","type":"ISSN","issn_type":"online"},{"journal_id":"ojjams","type":"JID"}],"journal_title_name_list":[{"journal_title_name":"Sociological Theory and Methods","type":"full","lang":"en"},{"journal_title_name":"Sociological Theory and Methods","type":"abbreviation","lang":"en"},{"journal_title_name":"理論と方法","type":"full","lang":"ja"},{"journal_title_name":"理論と方法","type":"abbreviation","lang":"ja"}],"journal_classification":"01","recorded_year":"1986-2013","volume":"10","issue":"2","first_page":"165","last_page":"179","date":"2016-08-26","keyword_list":[{"keyword":"formal power","sequence":"1","lang":"en"},{"keyword":"公式権力","sequence":"1","lang":"ja"},{"keyword":"micro-macro link","sequence":"2","lang":"en"},{"keyword":"ミクロ－マクロ・リンク","sequence":"2","lang":"ja"},{"keyword":"game theory","sequence":"3","lang":"en"},{"keyword":"ゲーム理論","sequence":"3","lang":"ja"}],"citation_list":[{"sequence":"1","original_text":"Alexander, J. C., B. Giensen, R. Munch and Smelser, N. J. 1987. <I>The Micro-Macro Link</I>. Berkeley: University of California Press."},{"sequence":"2","original_text":"Austen-Smith, David. 1993. &ldquo;Explaining the Vote: Constituency Constraints on Sophisticated Voting.&rdquo; K. Binmore, A. Kirman and P. Tani(eds). <I>Frontiers of Game Theory</I>. Cambridge, MA: MIT Press."},{"sequence":"3","original_text":"Barnes, Barry. 1988. <I>The Nature of Power</I>. Cambridge: Polity Press."},{"sequence":"4","original_text":"土場学 1994.「社会学における「ミクロ－マクロ・リンク」の意味」『社会学論集』第34集 九州大学教養部."},{"sequence":"5","original_text":"Giddens, Anthony. 1984. <I>The constitution of Society</I>. Cambridge: Polity Press."},{"sequence":"6","original_text":"Hobbes, Thomas. 1651. <I>Leviathan</I>.（永井道雄／宗方邦義訳 1979.「リヴァイアサン」『世界の名著 28』中央公論社.）"},{"sequence":"7","original_text":"木村邦博 1988.「リーダーシップのジレンマ」『理論と方法』3(1): 27-41."},{"sequence":"8","original_text":"Kreps, David D. 1990. <I>A Course in Microeconomic Theory</I>. New York: Harvester Wheatsheaf."},{"sequence":"9","original_text":"Luhmann, Niklas. 1975. <I>Macht</I>. Stuttgart: Ferdinand Enke Verlag.（長岡克行訳 1986.『権力』勁草書房）"},{"sequence":"10","original_text":"Merton, Robert K. 1957[1949]. <I>Social Theory and Social Structure</I>. New York: Free Press.（森東吾他訳 1961.『社会理論と社会構造』みすず書房）"},{"sequence":"11","original_text":"宮台真司 1989.『権力の予期理論』勁草書房"},{"sequence":"12","original_text":"大庭健 1991.『権力とはどんな力か』勁草書房"},{"sequence":"13","original_text":"Parsons, Talcott. 1969. <I>Politics and Social Structure</I> New York: Free Press.（新明正道 監訳 1973-1974.『政治と社会構造』誠信書房）"},{"sequence":"14","original_text":"佐藤嘉倫 1991.「権力発生メカニズムのゲーム論的分析」小林淳一編『社会学における理論と概念のフォーマライゼーション』57-68."},{"sequence":"15","original_text":"数土直紀 1992a.「情報と不確定性」『理論と方法』7 (1)：103-119."},{"sequence":"16","original_text":"数土直紀 1992b.「社会学的基礎概念としての自由」『ソシオロゴス』16：20-35."},{"sequence":"17","original_text":"数土直紀 1993.「権力関係の存在可能性」『理論と方法』8 (2)：199-214."},{"sequence":"18","original_text":"数土直紀 1994a.「存在と時間の社会理論」『年報社会学論集』7: 201-212."},{"sequence":"19","original_text":"数土直紀 1994b.「制度を支える自由」『社会学評論』45 (1)：2-15."},{"sequence":"20","original_text":"数土直紀 1995.「社会理論における自由と社会の原理的関係」東京大学大学院社会学研究科博士論文"},{"sequence":"21","original_text":"Weber, Max. 1922. &ldquo;Soziologische Grundbegriffe.&rdquo; <I>Wirtschaft und Gesellschaft</I>. T&uuml;bingen: J. C. B. Mohr.（清水幾太郎訳 1972.『社会学の根本概念』岩波書店）"}]}}