{"status":"OK","apiType":"doi","apiVersion":"1.0.0","message":{"total":1,"rows":1,"totalPages":1,"page":1},"data":{"siteId":"SI/JST.JSTAGE","content_type":"JA","doi":"10.11218/ojjams.15.249","url":"https://doi.org/10.11218/ojjams.15.249","ra":"JaLC","prefix":"10.11218","site_name":"J-STAGE","publisher_list":[{"publisher_name":"Japanese Association For Mathematical Sociology","lang":"en"},{"publisher_name":"数理社会学会","lang":"ja"}],"title_list":[{"lang":"ja","title":"環境・地域・数理的アプローチ","subtitle":"―「生活環境主義」、「地域共同管理論」との対話へ向けて―"},{"lang":"en","title":"Environment, Community, and Mathematical Approach :","subtitle":"Toward a Collaboration with &ldquo;Life Environmentalism&rdquo; and &ldquo;Community Co-management Approach&rdquo;"}],"creator_list":[{"sequence":"1","type":"person","names":[{"lang":"ja","last_name":"長谷川","first_name":"計二"},{"lang":"en","last_name":"HASEGAWA","first_name":"Keiji"}],"affiliation_list":[{"affiliation_name":"School of Policy Studies<BR>Kwansei Gakuin University","sequence":"1","lang":"en"},{"affiliation_name":"関西学院大学","sequence":"1","lang":"ja"}]}],"publication_date":{"publication_year":"2000"},"relation_list":[{"content":"https://www.jstage.jst.go.jp/article/ojjams/15/2/15_249/_pdf","type":"URL","relation":"fullTextPdf"}],"content_language":"ja","updated_date":"2016-09-29","article_type":"pub","journal_id_list":[{"journal_id":"0913-1442","type":"ISSN","issn_type":"print"},{"journal_id":"1881-6495","type":"ISSN","issn_type":"online"},{"journal_id":"ojjams","type":"JID"}],"journal_title_name_list":[{"journal_title_name":"Sociological Theory and Methods","type":"full","lang":"en"},{"journal_title_name":"Sociological Theory and Methods","type":"abbreviation","lang":"en"},{"journal_title_name":"理論と方法","type":"full","lang":"ja"},{"journal_title_name":"理論と方法","type":"abbreviation","lang":"ja"}],"journal_classification":"01","recorded_year":"1986-2013","volume":"15","issue":"2","first_page":"249","last_page":"260","date":"2016-09-30","keyword_list":[{"keyword":"local environmental problems","sequence":"1","lang":"en"},{"keyword":"地域環境問題","sequence":"1","lang":"ja"},{"keyword":"social dilemma","sequence":"2","lang":"en"},{"keyword":"社会的ジレンマ","sequence":"2","lang":"ja"},{"keyword":"resource management","sequence":"3","lang":"en"},{"keyword":"資源管理","sequence":"3","lang":"ja"},{"keyword":"collective action","sequence":"4","lang":"en"},{"keyword":"集合行為","sequence":"4","lang":"ja"},{"keyword":"cooperation","sequence":"5","lang":"en"},{"keyword":"協力","sequence":"5","lang":"ja"}],"citation_list":[{"sequence":"1","original_text":"Axelrod, Robert. 1984. <I>Evolution of Cooperation</I>. New York: Basic Books. =1987. 松田裕之（訳）『つきあい方の科学―バクテリアから国際関係まで』HBJ 出版局."},{"sequence":"2","original_text":"Coleman, James S. 1990. <I>Foundation of Social Theory</I>. Cambridge: The Belknap Press of Harvard University Press."},{"sequence":"3","original_text":"Dawes, Robin M. 1980. &ldquo;Social Dilemmas.&rdquo; <I>Annual Review of Psychology</I>, 31:169-193."},{"sequence":"4","original_text":"Dawes, Robin M., Jeanne McTavish, and Harriet Shaklee. 1977. &ldquo;Behavior, Communication, and Assumptions About Other People's Behavior in A Commons Dilemma Situation.&rdquo; <I>Journal of Personality and Social Psychology</I>, 35(1):1-11."},{"sequence":"5","original_text":"Diekmann, Andreas and Peter Preisendorfer. 1998. &ldquo;Environmental Behavior: Discrepancies between Aspirations and Reality.&rdquo; <I>Rationality and Society</I>, 10(1):79-102."},{"sequence":"6","original_text":"Granovetter, Mark. 1985. &ldquo;Economic Action and Social Structure: The Problem of Embeddedness.&rdquo; <I>American Journal of Sociology</I>, 91(3):481-510."},{"sequence":"7","original_text":"舩橋晴俊. 1989.「『社会的ジレンマ』としての環境問題」『社会労働研究』35: 23-50."},{"sequence":"8","original_text":"舩橋晴俊. 1993.「環境問題と地域社会―社会的ジレンマ論の視点から―」蓮見音彦・奥田道大（編）『21世紀日本のネオ・コミュニティ』東京大学出版会. 205-228."},{"sequence":"9","original_text":"古川彰. 1999.「環境の社会史研究の視点と方法―生活環境主義という方法」舩橋晴俊・古川彰（編）『環境社会学入門：環境問題研究の理論と技法』文化書房博文堂. 125-152."},{"sequence":"10","original_text":"林直保子. 1993.「TIT-FOR-TATからOUT-FOR-TATへ」『理論と方法』13: 19-32."},{"sequence":"11","original_text":"片桐新自. 1991.「運動参加の二段階理論―「六甲ライナー」建設反対運動を対象として―」『社会学論集』（桃山学院大学）25(2):1-36.（片桐新自. 1995.『社会運動論の中範囲理論―資源動員論からの展開』東京大学出版会. 173-195に再録）"},{"sequence":"12","original_text":"Kimura, Kunihiro. 1995. &ldquo;Game Theoretical Formulations of the Olson Problem.&rdquo; <I>International Journal of Japanese Sociology</I>, 4: 99-117."},{"sequence":"13","original_text":"Kollock, Peter. 1998. &ldquo;Social Dilemmas: The Anatomy of Cooperation.&rdquo; <I>Annual Review of Sociology</I>, 24:183-214."},{"sequence":"14","original_text":"Messick, David M., Henk Wilke, Marilynn B. Brewer, Roderick M. Kramer, Patricia English Zemke, and Layton Lui. 1983. &ldquo;Individual Adaptations and Structural Change as Solution to Social Dilemmas.&rdquo; <I>Journal of Personality and Social Psychology</I>, 44(2):294-309."},{"sequence":"15","original_text":"中田 実. 1992.「地域社会学と環境社会学の接点」北川隆吉（編）『時代の比較社会学』青木書店：85-99."},{"sequence":"16","original_text":"中田 実. 1993.『地域共同管理の社会学』東信堂."},{"sequence":"17","original_text":"Olson, Mancur. 1971. (org. 1965). <I>The Logic of Collective Action: Public Goods and the Theory of Groups</I>. Cambridge: Harvard University Press. =1983. 依田博・森脇俊雅（訳）『集合行為論―公共財と集団理論』ミネルヴァ書房."},{"sequence":"18","original_text":"Ostmann, Axel. 1998. &ldquo;External Control May Destroy the Commons.&rdquo; <I>Rationality and Society</I>, 10(1):103-122."},{"sequence":"19","original_text":"Ostrom, Elinor. 1990. <I>Governing the Commons: The evolution of institutions for collective action</I>. New York: Cambridge University Press."},{"sequence":"20","original_text":"Ostrom, Elinor, Roy Gardner and James Walker. 1994. <I>Rules, Games, and Common-Pool Resources</I>. Ann Arbor: The University of Michigan Press."},{"sequence":"21","original_text":"Putnam, Robert D. 1993a. <I>Making Democracy Work: Civic Traditions in Modern Italy</I>. Princeton: Princeton University Press."},{"sequence":"22","original_text":"Putnam, Robert D. 1993b. &ldquo;The Prosperous Community: Social Capital and Public Life.&rdquo; <I>The American Prospect</I>, 13: 35-42."},{"sequence":"23","original_text":"Samuelson, Charles D. and David M. Messick. 1986. &ldquo;Alternative Structural Solutions to Resource Dilemmas.&rdquo; <I>Organizational Behavior and Human Decision Processes</I>, 37:139-155."},{"sequence":"24","original_text":"Sato, Yoshimichi. 2000. &ldquo;A Rational Choice Model of Mutual Trust.&rdquo; 木村邦博（編）『合理的選択理論の社会学的再構成』（平成９～11年度科学研究費補助金研究成果報告書）:31-40."},{"sequence":"25","original_text":"高田昭彦. 1995.「環境問題への諸アプローチと社会運動論―環境社会学と社会運動論の接点―」『社会学評論』45(4):414-436."},{"sequence":"26","original_text":"鳥越皓之. 1997.『環境社会学の理論と実践』有斐閣."},{"sequence":"27","original_text":"鳥越皓之・嘉田由紀子（編）. 1984.『水と人の環境史―琵琶湖報告書』お茶の水書房."},{"sequence":"28","original_text":"海野道郎. 1991.「社会的ジレンマ研究の射程」盛山和夫・海野道郎（編）『秩序問題と社会的ジレンマ』ハーベスト社, 137-165."},{"sequence":"29","original_text":"Uzzi, Brian. 1996. &ldquo;The Sources and Consequences of Embeddedness for the Economic Performance of Organizations: The Network Effect.&rdquo; <I>American Sociological Review</I>, 61: 674-698."},{"sequence":"30","original_text":"山岸俊男. 1998.『信頼の構造―こころと社会の進化ゲーム』東京大学出版会."}]}}