{"status":"OK","apiType":"doi","apiVersion":"1.0.0","message":{"total":1,"rows":1,"totalPages":1,"page":1},"data":{"siteId":"SI/JST.JSTAGE","content_type":"JA","doi":"10.11218/ojjams.14.91","url":"https://doi.org/10.11218/ojjams.14.91","ra":"JaLC","prefix":"10.11218","site_name":"J-STAGE","publisher_list":[{"publisher_name":"Japanese Association For Mathematical Sociology","lang":"en"},{"publisher_name":"数理社会学会","lang":"ja"}],"title_list":[{"lang":"ja","title":"相対的剥奪と準拠集団の数理モデル"},{"lang":"en","title":"A Model of Relative Deprivation and Reference Group"}],"creator_list":[{"sequence":"1","type":"person","names":[{"lang":"ja","last_name":"浜田","first_name":"宏"},{"lang":"en","last_name":"HAMADA","first_name":"Hiroshi"}],"affiliation_list":[{"affiliation_name":"Graduate School of Sociology<BR>Kwansei Gakuin University","sequence":"1","lang":"en"},{"affiliation_name":"関西学院大学","sequence":"1","lang":"ja"}]}],"publication_date":{"publication_year":"1999"},"relation_list":[{"content":"https://www.jstage.jst.go.jp/article/ojjams/14/1/14_91/_pdf","type":"URL","relation":"fullTextPdf"}],"content_language":"ja","updated_date":"2016-09-29","article_type":"pub","journal_id_list":[{"journal_id":"0913-1442","type":"ISSN","issn_type":"print"},{"journal_id":"1881-6495","type":"ISSN","issn_type":"online"},{"journal_id":"ojjams","type":"JID"}],"journal_title_name_list":[{"journal_title_name":"Sociological Theory and Methods","type":"full","lang":"en"},{"journal_title_name":"Sociological Theory and Methods","type":"abbreviation","lang":"en"},{"journal_title_name":"理論と方法","type":"full","lang":"ja"},{"journal_title_name":"理論と方法","type":"abbreviation","lang":"ja"}],"journal_classification":"01","recorded_year":"1986-2013","volume":"14","issue":"1","first_page":"91","last_page":"104","date":"2016-09-30","keyword_list":[{"keyword":"reference group","sequence":"1","lang":"en"},{"keyword":"相対的剥奪","sequence":"1","lang":"ja"},{"keyword":"relative deprivation","sequence":"2","lang":"en"},{"keyword":"準拠集団","sequence":"2","lang":"ja"},{"keyword":"the Boudon-Kosaka model","sequence":"3","lang":"en"},{"keyword":"Boudon-Kosakaモデル","sequence":"3","lang":"ja"}],"citation_list":[{"sequence":"1","original_text":"Boudon, R. 1982 &ldquo;Logic of Relative Frustration,&rdquo; <I>The Unintended Consequences of Social Action</I>. The Macmillan Press"},{"sequence":"2","original_text":"Crosby, F. 1976 &ldquo;A Model of Egoistical Relative deprivation,&rdquo; <I>Psychological Review</I> 83-2: 85-113"},{"sequence":"3","original_text":"Davis, J. A. 1979 &ldquo;A Formal Interpretation of The Theory of Relative Deprivation,&rdquo; Sociometry 22: 280-296"},{"sequence":"4","original_text":"Fararo, T. J. 1973 <I>Mathematical Sociology An Introduction to Fundamentals</I>, John Wiley and Sons, Inc = 1980 西田春彦・安田三郎（監訳）『数理社会学Ｉ』紀伊国屋書店"},{"sequence":"5","original_text":"船津衛 1976「シンボリック相互作用論と準拠集団論」『シンボリック相互作用論』厚生社厚生閣：205-259"},{"sequence":"6","original_text":"浜田宏 1998「相対的剥奪と準拠集団」修士学位論文　関西学院大学大学院社会学研究科提出"},{"sequence":"7","original_text":"Hyman, H. H. 1942, 1968 &ldquo;The Psychology of Status.&rdquo; in Hyman, H. H. &amp; Signer, E. (eds.) <I>Readings in Reference Group Theory and Research</I>, The Free Press, New York: 147-165"},{"sequence":"8","original_text":"Hyman, H. H. &amp; Signer, E. (eds.) 1968 </I>Readings in Reference Group Theory and Research</I>, The Free Press, New York"},{"sequence":"9","original_text":"Kelly, H. H. 1968 &ldquo;Two Function of Reference Group.&rdquo; in Hyman, H. H. and Signer, E. (eds.) <I>Readings in Refarence Group Theory and Research</I>, The Free Press, New York: 77-83"},{"sequence":"10","original_text":"Kendall, P. L. &amp; Lazarsfeld, P. F. 1950 Problems of Survey Analysis, in Merton, R. K. &amp; Lazarsfeld, P. F. (eds.) <I>Continuities in Social research</I>, The Free Press, Glencoe, Illinois: 133-196"},{"sequence":"11","original_text":"Kosaka, K. 1986 &ldquo;A Model of Relative Deprivation.&rdquo; <I>Journal of Mathematical Sociology</I>, Vol.12 (1): 35-48"},{"sequence":"12","original_text":"高坂健次 1997「相対的剥奪とそのシステム挙動に関するノート」『社会構造と社会過程のフォーマライゼーション』平成６～８年度科学研究費補助金［基盤研究A(1)］研究成果報告書"},{"sequence":"13","original_text":"甲田和衛・高坂健次 1989『社会学研究法』日本放送出版会"},{"sequence":"14","original_text":"Merton, R. K. 1949, 1957 <I>Social Theory and Social Structure</I>, The Free Press, New York =1961『社会理論と社会構造』森東吾ほか（訳）みすず書房"},{"sequence":"15","original_text":"Ofshe, R. 1972 &ldquo;Reference Conflict and Behavior,&rdquo; <I>Sociological Theories in Progress, Vol.2</I>, Houghton Mifflin Company."},{"sequence":"16","original_text":"Reyniers, D. J. 1998 &ldquo;Deprivatiion in heterogeneous organization,&rdquo; <I>Journal of Mathematical Sociology</I>, Vol.23 (1): 59-76"},{"sequence":"17","original_text":"Runciman, W. G. 1961 &ldquo;Problems of Research on Relative Deprivation,&rdquo; <I>The European Journal of Sociology</I>, 2: 315-323"},{"sequence":"18","original_text":"佐藤裕 1995「準拠集団と自己評価」直井優・川端亮（編）『経験社会学・社会調査法叢書II 集合住宅におけるコミュニティ形成─エリア・サンプル法による調査─』大阪大学人間科学部経験社会学・社会調査法講座：30-39"},{"sequence":"19","original_text":"Shibutani, T. 1955, 1968 &ldquo;Reference Groups as Perspectives.&rdquo; in Hyman, H. H. &amp; Signer, E.(eds) <I>Readings in Reference Group Theory and Research</I>, The Free Press, New York: 103-113"},{"sequence":"20","original_text":"Stouffer, S. A. Suchman, E. A. Devinney, L. C. Star, S. A. Williams, R. M. 1949a <I>The American Soldier Volume I: Adjustment During Army Life</I>. Princeton University Press"},{"sequence":"21","original_text":"Stouffer, S. A. Lumsdaine, A. A. Lumsdaine, M. H. Suchman, E. A. Williams, R. M. Smith, M. B. Janis, I. L. Star, S. A. Cottrell. L. S. Jr. 1949b <I>The American Soldier Volume II: Combat and Its Aftermath</I>. Princeton University Press"},{"sequence":"22","original_text":"Stouffer, S. A. 1950 &ldquo;Some afterthoughts of a contributor to THE AMERICAN SOLDIER.&rdquo; In Merton, R. K. and Lazarsfeld, P. F. (eds.) <I>Continuities in Social Research</I>, Illinois, The Free Press: 197-211"},{"sequence":"23","original_text":"都築一治 1991「相対的剥奪の考え方」小林淳一・木村邦博（編）『考える社会学』ミネルヴァ書房：130-142"},{"sequence":"24","original_text":"山口一男 1996「マートン理論概念と意図せざる行為の結果の数理モデルについて」『第21回数理社会学会大会研究報告要旨集』：20-23"},{"sequence":"25","original_text":"Yamaguchi, K. 1998 &ldquo;Rational-choice Theories of Anticipatory Socialization and Anticipatory Non-Socialization.&rdquo; <I>Rationality and Society</I>, Vol.10(2): 163-199"}]}}