{"status":"OK","apiType":"doi","apiVersion":"1.0.0","message":{"total":1,"rows":1,"totalPages":1,"page":1},"data":{"siteId":"SI/JST.JSTAGE","content_type":"JA","doi":"10.11218/ojjams.19.87","url":"https://doi.org/10.11218/ojjams.19.87","ra":"JaLC","prefix":"10.11218","site_name":"J-STAGE","publisher_list":[{"publisher_name":"Japanese Association For Mathematical Sociology","lang":"en"},{"publisher_name":"数理社会学会","lang":"ja"}],"title_list":[{"lang":"ja","title":"バランス理論と固有値分解"},{"lang":"en","title":"Isomorphism of Balance Theory and Eigen-Decomposition"}],"creator_list":[{"sequence":"1","type":"person","names":[{"lang":"ja","last_name":"小杉","first_name":"考司"},{"lang":"en","last_name":"KOSUGI","first_name":"Koji"}],"affiliation_list":[{"affiliation_name":"Graduate School of Sociology<BR>Kwansei Gakuin","sequence":"1","lang":"en"},{"affiliation_name":"関西学院大学","sequence":"1","lang":"ja"}]},{"sequence":"2","type":"person","names":[{"lang":"ja","last_name":"藤澤","first_name":"隆史"},{"lang":"en","last_name":"FUJISAWA","first_name":"Takashi"}],"affiliation_list":[{"affiliation_name":"Graduate School of Informatics<BR>Kansai University","sequence":"2","lang":"en"},{"affiliation_name":"関西大学","sequence":"2","lang":"ja"}]},{"sequence":"3","type":"person","names":[{"lang":"ja","last_name":"藤原","first_name":"武弘"},{"lang":"en","last_name":"FUJIHARA","first_name":"Takehiro"}],"affiliation_list":[{"affiliation_name":"Department of Sociology<BR>Kwansei Gakuin","sequence":"3","lang":"en"},{"affiliation_name":"関西学院大学","sequence":"3","lang":"ja"}]}],"publication_date":{"publication_year":"2004"},"relation_list":[{"content":"https://www.jstage.jst.go.jp/article/ojjams/19/1/19_1_87/_pdf","type":"URL","relation":"fullTextPdf"}],"content_language":"ja","updated_date":"2017-03-23","article_type":"pub","journal_id_list":[{"journal_id":"0913-1442","type":"ISSN","issn_type":"print"},{"journal_id":"1881-6495","type":"ISSN","issn_type":"online"},{"journal_id":"ojjams","type":"JID"}],"journal_title_name_list":[{"journal_title_name":"Sociological Theory and Methods","type":"full","lang":"en"},{"journal_title_name":"Sociological Theory and Methods","type":"abbreviation","lang":"en"},{"journal_title_name":"理論と方法","type":"full","lang":"ja"},{"journal_title_name":"理論と方法","type":"abbreviation","lang":"ja"}],"journal_classification":"01","recorded_year":"1986-2013","volume":"19","issue":"1","first_page":"87","last_page":"100","date":"2008-12-22","keyword_list":[{"keyword":"Balance theory","sequence":"1","lang":"en"},{"keyword":"バランス理論","sequence":"1","lang":"ja"},{"keyword":"eigen-decomposition","sequence":"2","lang":"en"},{"keyword":"固有値分解","sequence":"2","lang":"ja"},{"keyword":"information compression","sequence":"3","lang":"en"},{"keyword":"情報圧縮","sequence":"3","lang":"ja"},{"keyword":"Hermitian Form Model","sequence":"4","lang":"en"},{"keyword":"Hermitian Form Model","sequence":"4","lang":"ja"}],"citation_list":[{"sequence":"1","original_text":"Abelson, R. P. and Rosenberg, M. J. 1958. &ldquo;Symbolic Psyho-Logic:A model of attitudinal cognition.&rdquo; <I>Behavioral Science</I> 3:1-13."},{"sequence":"2","original_text":"Cartwright, D. and F. Harary. 1956. &ldquo;Structural Balance: A Generalization of Heider's Theory.&rdquo; <I>Psychological Review</I> 63:277-293."},{"sequence":"3","original_text":"千野直仁. 1997. 『非対称多次元尺度構成法』 現代数学社."},{"sequence":"4","original_text":"Davis, J.A. and Leinhardt, S. 1972. &ldquo;The structure of positive interpersonal relations in small groups.&rdquo; in J. Berger and M. Zelditch,Jr. eds., <I>Sociologival Theories in Progress</I>. Boston:Houghton Mifflin Company 2:218-251."},{"sequence":"5","original_text":"Deutsch, M. and Solomon, L. 1959. &ldquo;Reactions to evaluations by others as influenced by self-evaluation.&rdquo; <I>Sociometry</I> 22:93-112."},{"sequence":"6","original_text":"藤澤等. 1997a.『ソシオン理論のコア』 北大路書房."},{"sequence":"7","original_text":"藤澤等. 1997b.『複合システムネットワーク論』 北大路書房."},{"sequence":"8","original_text":"Heider, F. 1958. <I>The psychology of interpersonal relations</I>. New York: John Wiley and Sons. =1978. 大橋正夫(訳)『対人関係の心理学』誠信書房."},{"sequence":"9","original_text":"Holland, P. W. and Leinhardt, S. 1971. &ldquo;Transitivity in structural models of small groups.&rdquo; <I>Comparative Group Studies</I> 2:107-124."},{"sequence":"10","original_text":"Hunter, J. E. 1978. &ldquo;Dynamic Sociomtery.&rdquo;. <I>Journal of Mathematical Sociology</I> 6:87-138."},{"sequence":"11","original_text":"Katz, L. 1947. &ldquo;On the matric analysis of sociometric data.&rdquo; <I>Sociometry</I> 10:233-241."},{"sequence":"12","original_text":"MacRae, Jr., D. 1960. &ldquo;Direct factor analysis of sociometric data.&rdquo; <I>Sociometry</I> 23:360-371."},{"sequence":"13","original_text":"Moreno, J. L. 1934. <I>Who shall survive?</I> Beacon House."},{"sequence":"14","original_text":"Nishisato, S. 1994. <I>Elements of Dual Scaling: An Introduction to Practical Data Analysis</I>. Hillsdale, NJ:Lawrence Erlbaum."},{"sequence":"15","original_text":"Norman, R. Z. and Roberts, F. S. 1972. &ldquo;A measure of relative balance for social structures.&rdquo; <I>Sociological Theory in Progress</I> Vol.2: 358-391."},{"sequence":"16","original_text":"Phillips, J. L. 1967. &ldquo;A model for cognitive balance.&rdquo; <I>Psychological Review</I> 74:481-495."},{"sequence":"17","original_text":"Taylor, H. F. 1970. <I>Balance in Small Groups</I>. =1978. 三隅二不二（監訳）『集団システム論』誠信書房."},{"sequence":"18","original_text":"田中熊次郎. 1960.『ソシオメトリーの理論と方法』 明治図書出版."},{"sequence":"19","original_text":"Wright, B. and Evitts, M. S. 1961. &ldquo;Direct factor analysis in sociometry.&rdquo; <I>Sociometry</I> 24:82-98."}]}}