{"status":"OK","apiType":"doi","apiVersion":"1.0.0","message":{"total":1,"rows":1,"totalPages":1,"page":1},"data":{"siteId":"SI/JST.JSTAGE","content_type":"JA","doi":"10.11218/ojjams.24.357","url":"https://doi.org/10.11218/ojjams.24.357","ra":"JaLC","prefix":"10.11218","site_name":"J-STAGE","publisher_list":[{"publisher_name":"Japanese Association For Mathematical Sociology","lang":"en"},{"publisher_name":"数理社会学会","lang":"ja"}],"title_list":[{"lang":"ja","title":"中野勉氏の書評に答える"},{"lang":"en","title":"Book Reviews Reply"}],"creator_list":[{"sequence":"1","type":"person","names":[{"lang":"ja","last_name":"西口","first_name":"敏宏"},{"lang":"en","last_name":"NISHIGUCHI","first_name":"Toshihiro"}],"affiliation_list":[{"affiliation_name":"Hitotsubashi University","sequence":"1","lang":"en"},{"affiliation_name":"一橋大学","sequence":"1","lang":"ja"}]}],"publication_date":{"publication_year":"2009"},"relation_list":[{"content":"https://www.jstage.jst.go.jp/article/ojjams/24/2/24_2_357/_pdf","type":"URL","relation":"fullTextPdf"}],"content_language":"ja","updated_date":"2017-03-23","article_type":"pub","journal_id_list":[{"journal_id":"0913-1442","type":"ISSN","issn_type":"print"},{"journal_id":"1881-6495","type":"ISSN","issn_type":"online"},{"journal_id":"ojjams","type":"JID"}],"journal_title_name_list":[{"journal_title_name":"Sociological Theory and Methods","type":"full","lang":"en"},{"journal_title_name":"Sociological Theory and Methods","type":"abbreviation","lang":"en"},{"journal_title_name":"理論と方法","type":"full","lang":"ja"},{"journal_title_name":"理論と方法","type":"abbreviation","lang":"ja"}],"journal_classification":"01","recorded_year":"1986-2013","volume":"24","issue":"2","first_page":"357","last_page":"359","date":"2010-03-30","citation_list":[{"sequence":"1","original_text":"Dodds, Peter Sheridan, Duncan J. Watts, and Charles F. Sabel. 2003. &ldquo;Information Exchange and the Robustness of Organizational Networks.&rdquo; <I>PNAS</I> 100(21): 12516-12521."},{"sequence":"2","original_text":"Luhmann, Niklas. 1984. <I>Soziale Systeme: Grundriss einer Allgemeinen Theorie</I>. Frankfurt am Main: Suhrkamp (佐藤勉(監訳)『社会システム理論（上・下）』恒星社厚生閣. 1993年および1995年; Translated by John Bednarz, Jr. with Dirk Baecker. <I>Social Systems</I>. Stanford, CA: Stanford University Press, 1995)."},{"sequence":"3","original_text":"西口敏宏. 2000.『戦略的アウトソーシングの進化』東京大学出版会 (原著 Toshihiro Nishiguchi, <I>Strategic Industrial Sourcing: The Japanese Advantage</I>. New York, NY: Oxford University Press, 1994)."},{"sequence":"4","original_text":"西口敏宏. 2009a.「企業統治と企業間ネットワーク――日産ゴーン改革とトヨタのサプライチェーン」日本大学法学部政経研究所(編)『国家と市場をめぐるガバナンスの研究――国家をめぐるガバナンス・市場をめぐるガバナンス報告書 No. 2』: 234-257."},{"sequence":"5","original_text":"西口敏宏. 2009b.『ネットワーク思考のすすめ――ネットセントリック時代の組織戦略』東洋経済新報社."},{"sequence":"6","original_text":"西口敏宏. 2009c.「松本あすかという作品――ネットワーク論で見るある芸術家の魂の遍歴」『一橋ビジネスレビュー』57(2): 6-23."},{"sequence":"7","original_text":"Nishiguchi, Toshihiro. 1994. <I>Strategic Industrial Sourcing: The Japanese Advantage</I>. New York, NY: Oxford University Press（西口敏宏『戦略的アウトソーシングの進化』東京大学出版会, 2000年)."},{"sequence":"8","original_text":"辻田素子・西口敏宏. 2009.「貧しくても繁栄する秘訣――中国・青田華僑の成功を支えるネットワーク能力」『一橋ビジネスレビュー』57(2): 36-51."},{"sequence":"9","original_text":"Watts, Duncan J. 2003. <I>Six Degrees: The Science of a Connected Age</I>. New York, N.Y: Norton. = 2004 . 辻竜平・友知政樹(訳)『スモールワールド・ネットワーク――世界を知るための新科学的思考』.阪急コミュニケーションズ."}]}}