{"status":"OK","apiType":"doi","apiVersion":"1.0.0","message":{"total":1,"rows":1,"totalPages":1,"page":1},"data":{"siteId":"SI/JST.JSTAGE","content_type":"JA","doi":"10.11218/ojjams.15.135","url":"https://doi.org/10.11218/ojjams.15.135","ra":"JaLC","prefix":"10.11218","site_name":"J-STAGE","publisher_list":[{"publisher_name":"Japanese Association For Mathematical Sociology","lang":"en"},{"publisher_name":"数理社会学会","lang":"ja"}],"title_list":[{"lang":"ja","title":"社会運動の国家間比較","subtitle":"―政治的機会構造概念の有効性―"},{"lang":"en","title":"Cross-national Analysis of Social Movements :","subtitle":"Efffectiveness of the Concept of Political Opportunity Structure"}],"creator_list":[{"sequence":"1","type":"person","names":[{"lang":"ja","last_name":"渡辺","first_name":"勉"},{"lang":"en","last_name":"WATANABE","first_name":"Tsutomu"}],"affiliation_list":[{"affiliation_name":"Graduate School of Arts and Letters<BR>Tohoku University","sequence":"1","lang":"en"},{"affiliation_name":"東北大学","sequence":"1","lang":"ja"}]}],"publication_date":{"publication_year":"2000"},"relation_list":[{"content":"https://www.jstage.jst.go.jp/article/ojjams/15/1/15_135/_pdf","type":"URL","relation":"fullTextPdf"}],"content_language":"ja","updated_date":"2016-09-29","article_type":"pub","journal_id_list":[{"journal_id":"0913-1442","type":"ISSN","issn_type":"print"},{"journal_id":"1881-6495","type":"ISSN","issn_type":"online"},{"journal_id":"ojjams","type":"JID"}],"journal_title_name_list":[{"journal_title_name":"Sociological Theory and Methods","type":"full","lang":"en"},{"journal_title_name":"Sociological Theory and Methods","type":"abbreviation","lang":"en"},{"journal_title_name":"理論と方法","type":"full","lang":"ja"},{"journal_title_name":"理論と方法","type":"abbreviation","lang":"ja"}],"journal_classification":"01","recorded_year":"1986-2013","volume":"15","issue":"1","first_page":"135","last_page":"148","date":"2016-09-30","keyword_list":[{"keyword":"political opportunity structure","sequence":"1","lang":"en"},{"keyword":"政治的機会構造","sequence":"1","lang":"ja"},{"keyword":"social movement","sequence":"2","lang":"en"},{"keyword":"社会運動","sequence":"2","lang":"ja"},{"keyword":"protest cycle","sequence":"3","lang":"en"},{"keyword":"抗議サイクル","sequence":"3","lang":"ja"},{"keyword":"Boolean analysis","sequence":"4","lang":"en"},{"keyword":"ブール代数分析","sequence":"4","lang":"ja"}],"citation_list":[{"sequence":"1","original_text":"Boswell, Terry and William J. Dixon. 1990. &ldquo;Dependency and Rebellion: A Cross-National Analysis.&rdquo; <I>American Sociological Review</I> Vol.55: 540-559."},{"sequence":"2","original_text":"Boswell, Terry and William J. Dixon. 1993. &ldquo;Marx's Theory of Rebellion.&rdquo; <I>American Sociological Review</I> Vol.58: 681-702."},{"sequence":"3","original_text":"Brockett, Charles D. 1992. &ldquo;Mesuring Political Violence and Land Inquality in Central America.&rdquo; <I>American Political Science Review</I> Vol.86 No.1: 169-176."},{"sequence":"4","original_text":"Burstein, Paul, Rachel L. Einwohner, and Jocelyn A. Hollander. 1995. &ldquo;The Success of Political Movements: A Bargaining Perspective.&rdquo; Pp. 275-295 in <I>The Politics of Social Protest: Comparative Perspectives on States and Social Movements</I>. edited by J Craig Jenkins & Bert Klandermans. London: UCL Press."},{"sequence":"5","original_text":"Eisinger, P. K. 1973. &ldquo;The Conditions of Protest Behavior in American Cities.&rdquo; <I>American Political Science Review</I> Vol.67: 11-28."},{"sequence":"6","original_text":"Elster, Jon. 1991. &ldquo;Patterns of Causal Analysis in Tocqueville's Democracy in America.&rdquo; <I>Rationality and Society</I>.Vol.3 No.3: 277-297."},{"sequence":"7","original_text":"Gamson, William and David S. Meyer. 1995. &ldquo;Framing political oppoortunity.&rdquo; Pp. 275-290 in <I>Comparative Perspectives on Social Movements: Political Opportunities, Mobilizing Structures, and Cultural Framings</I>. edited by Doug McAdam, John D. McCarthy, and Mayer N. Zald. Cambridge: Cambridge University Press."},{"sequence":"8","original_text":"Hibbs, Douglas A. Jr. 1973. <I>Mass Political Violence: A Cross-National Causal Analysis</I> New York: Wiley."},{"sequence":"9","original_text":"Kitschelt, H. .1986. &ldquo;Political Opportunity Structures and Political Protest: Anti-Nuclear Movements in Four Democracies.&rdquo; <I>British Journal of Political Science</I> Vol.16: 57-85."},{"sequence":"10","original_text":"Koopmans, Ruud. 1995. <I>Demecracy from Below: New Social Movements and the Political System in West Germany</I>. Boulder: Westview Press."},{"sequence":"11","original_text":"Kriesi, H, R. Koopmans, J. W. Duyvendal, and M. G. Giugni. 1995. <I>New Social Movements in Western Europe</I>. Minneapolis: University of Minnesota Press."},{"sequence":"12","original_text":"栗田宣義. 1994.「政治的暴力の総合的理解にむけて」『理論と方法』15: 21-37."},{"sequence":"13","original_text":"Lehmbruch Gerhard and Philippe C. Schumitter (eds.). 1982. <I>Patterns of Corporatist Policy Making</I>. London: Sage."},{"sequence":"14","original_text":"London, Bruce and Thomas D. Robinson. 1989. &ldquo;The Effect of International Dependence on Income Inequality and Political Violence.&rdquo; <I>American Sociological Review</I> Vol.54: 305-308."},{"sequence":"15","original_text":"McAdam, Doug. 1982. <I>Political Process and the Development of Black Insurgency</I>. Chicago: University of Chicago Press."},{"sequence":"16","original_text":"McAdam, Doug. 1995. &ldquo;&ldquo;Initiator&rdquo; and &ldquo;Spin-off&rdquo; Movements: Diffusion Processes in Protest Cycles.&rdquo; Pp. 217-239 in <I>Repertoires &amp; Cycles of Collective Action</I>. edited by Mark Traugott. London: Duke University Press."},{"sequence":"17","original_text":"McAdam, Doug. 1996. &ldquo;Conceptual origins, current problems, future directions.&rdquo; Pp. 23-40 in Comparative <I>Perspectives on Social Movements: Political Opportunities, Mobilizing Structures, and Cultural Framings</I>. edited by Doug McAdam, John D. McCarthy, and Mayer N. Zald. Cambridge: Cambridge University Press."},{"sequence":"18","original_text":"McAdam, Doug, John McCarthy, and Mayer N. Zald(eds.) 1996. <I>Comparative Perspectives on Social Movements: Political Opportunities, Mobilizing Structures, and Cultural Framings</I>. Cambridge University Press."},{"sequence":"19","original_text":"Meyer, David S. 1993. &ldquo;Protest Cycles and Political Process: American Peace Movements in the Nuclear Age.&rdquo; <I>Political Research Quarterly</I> 47: 451-79."},{"sequence":"20","original_text":"Midlarsky, Manus I. 1988. &ldquo;Rulers and the Ruled: Patterned Inequality and the Onset of Mass Political Violence.&rdquo; <I>American Political Science Review</I> Vol.82 No.2: 491-509."},{"sequence":"21","original_text":"Muller, Edward N. 1985. &ldquo;Income Inequality, Regime Repressiveness, and Political Violence.&rdquo; <I>American Sociological Review</I> Vol.50: 47-61."},{"sequence":"22","original_text":"Muller, Edward N. and Mitchell A. Seligson. 1987. &ldquo;Inequality and Insurgency.&rdquo; <I>American Political Science Review</I> Vol.81,No.2: 425-451."},{"sequence":"23","original_text":"Nollert, Michael. 1995. &ldquo;Neocorporatism and Political Protest in the Western Democracies: A Cross-National Analysis.&rdquo; Pp.138-164 in <I>The Politics of Social Protest: Comparative Perspectives on States and Social Movements</I>. edited by J Craig Jenkins &amp; Bert Klandermans. London: UCL Press."},{"sequence":"24","original_text":"Olzak, Susan. 1989. &ldquo;Analysis of Events in Study of Collective Action.&rdquo; <I>Annual Review of Sociology</I> 15: 119-141."},{"sequence":"25","original_text":"Ragin, Charles C. 1990. <I>Comparative Method: Moving Beyond Qualitative and Quantiative Strategies</I>. The Univesity of California Press.=1993. 鹿又伸夫監訳 『社会科学における比較研究』 ミネルヴァ書房."},{"sequence":"26","original_text":"Rucht, Dieter and Thomas Ohlemacher. 1992. &ldquo;Protest Event Data: Collection, Uses and Perspectives.&rdquo; Pp.76-106 in <I>Studying Collective Action</I>. edited by Mario Diani and Ron Eyerman. London: Sage."},{"sequence":"27","original_text":"Tarrow, Sidney. 1988. &ldquo;National Politics and Collective Action: Recent Theory and Research in Western Europe and the United States.&rdquo; <I>Annual Review of Sociology</I> Vol.14: 421-40."},{"sequence":"28","original_text":"Tarrow, Sidney. 1994. <I>Power in Movement: Social Movements, Collective Action, and Politics</I>. New York: Cambridge University Press."},{"sequence":"29","original_text":"Tarrow, Sidney. 1996. &ldquo;States and Opportunities: The Political Structuring of Social Movements.&rdquo; Pp. 41-61 in <I>Comparative Perspectives on Social Movements: Political Opportunities, Mobilizing Structures, and Cultural Framings</I>. edited by Doug McAdam, John D. McCarthy, and Mayer N. Zald. Cambridge: Cambridge University Press."},{"sequence":"30","original_text":"Taylor, Charles L. and David A. Jodice. 1983. <I>World Handbook of Political and Social Indicators</I> 3rd.ed. Vols. 1 and 2 New Haven: Yale University Press."},{"sequence":"31","original_text":"Tilly, Charles. 1978. <I>From Mobilization to Revolution</I>. Reading, Mass: Addison-Wesley."},{"sequence":"32","original_text":"Timberlake, Michael and Kirk R. Williams. 1984. &ldquo;Dependence, Political Exclusion, and Government Repression: Some Cross-National Evidence.&rdquo; <I>American Sociological Review</I> Vol.49: 141-146."},{"sequence":"33","original_text":"Wallace, Michael and J Craig Jenkins. 1995. &ldquo;The New Class, Postindustrialism, and Neocorporatism: Three Images of Social Protest in the Western Democracies&rdquo; Pp. 96-137 in <I>The Politics of Social Protest: Comparative Perspectives on States and Social Movements</I>. edited by J Craig Jenkins &amp; Bert Klandermans. London: UCL Press."},{"sequence":"34","original_text":"Walton, John and Charles Ragin. 1990. &ldquo;Global and National Sources of Political Protest: Third World Responses to the Debt Crisis.&rdquo; <I>American Sociological Review</I> Vol.55: 876-890."},{"sequence":"35","original_text":"Weede, Erich. 1981. &ldquo;Income Inequality, Average Income, and Domestic Violence.&rdquo; <I>Journal of Conflict Resolution</I> Vol.25 No.4: 639-654."},{"sequence":"36","original_text":"Wilson, Frank I. 1990. &ldquo;Neo-corporatism and the Rise of New Social Movements.&rdquo; Pp. 67-83 in <I>Challenging the Political Order: New Social and Political Movements in Western Democracies</I>. edited by Russel J. Dalton and Manfred Kuechler. Cambridge: Polity Press."},{"sequence":"37","original_text":"山口定. 1989.『政治体制』東京大学出版会."}]}}