{"status":"OK","apiType":"doi","apiVersion":"1.0.0","message":{"total":1,"rows":1,"totalPages":1,"page":1},"data":{"siteId":"SI/JST.JSTAGE","content_type":"JA","doi":"10.11218/ojjams.26.243","url":"https://doi.org/10.11218/ojjams.26.243","ra":"JaLC","prefix":"10.11218","site_name":"J-STAGE","publisher_list":[{"publisher_name":"Japanese Association For Mathematical Sociology","lang":"en"},{"publisher_name":"数理社会学会","lang":"ja"}],"title_list":[{"lang":"en","title":"Does Mathematical Sociology Contribute to the Progress of Sociology?"}],"creator_list":[{"sequence":"1","type":"person","names":[{"lang":"en","last_name":"SATO","first_name":"Yoshimichi"}],"affiliation_list":[{"affiliation_name":"Tohoku University","sequence":"1","lang":"en"}]}],"publication_date":{"publication_year":"2011"},"relation_list":[{"content":"https://www.jstage.jst.go.jp/article/ojjams/26/2/26_243/_pdf","type":"URL","relation":"fullTextPdf"}],"content_language":"en","updated_date":"2014-12-09","article_type":"pub","journal_id_list":[{"journal_id":"0913-1442","type":"ISSN","issn_type":"print"},{"journal_id":"1881-6495","type":"ISSN","issn_type":"online"},{"journal_id":"ojjams","type":"JID"}],"journal_title_name_list":[{"journal_title_name":"Sociological Theory and Methods","type":"full","lang":"en"},{"journal_title_name":"Sociological Theory and Methods","type":"abbreviation","lang":"en"},{"journal_title_name":"理論と方法","type":"full","lang":"ja"},{"journal_title_name":"理論と方法","type":"abbreviation","lang":"ja"}],"journal_classification":"01","recorded_year":"1986-2013","volume":"26","issue":"2","first_page":"243","last_page":"252","date":"2012-09-01","keyword_list":[{"keyword":"social order","sequence":"1","lang":"en"},{"keyword":"role","sequence":"2","lang":"en"},{"keyword":"agent-based model","sequence":"3","lang":"en"}],"citation_list":[{"sequence":"1","original_text":"Axelrod, Robert. 1984. <I>The Evolution of Cooperation.</I> New York: Basic Books."},{"sequence":"2","doi":"10.1086/507856","volume":"112","issue":"3","first_page":"667","publication_date":{"publication_year":"2006"},"original_text":"Bruch, Elizabeth E. and Robert D. Mare. 2006. &ldquo;Neighborhood Choice and Neighborhood Change.&rdquo; <I>American Journal of Sociology</I> 112: 667-709."},{"sequence":"3","original_text":"Buskens, V. and A. van de Rijt. 2008. &ldquo;Dynamics of Networks: If Everyone Strives for Structural Holes.&rdquo; <I>American Journal of Sociology</I> 114: 371-407."},{"sequence":"4","original_text":"Gleave, Eric, Howard T. Welser, Thomas M. Lento, and Marc A. Smith. 2009. &ldquo;A Conceptual and Operational Definition of &lsquo;Social Role&rsquo; in Online Community.&rdquo; <I>Proceedings of the 42nd Hawaii International Conference on System Sciences-2009</I>: 1-11."},{"sequence":"5","doi":"10.2307/2657332","volume":"63","first_page":"638","last_page":"660","publication_date":{"publication_year":"1998"},"original_text":"Macy, Michael W. and John Skvoretz. 1998. &ldquo;The Evolution of Trust and Cooperation Between Strangers:A Computational Model.&rdquo; <I>American Sociological Review</I> 63: 638-660."},{"sequence":"6","doi":"10.1073/pnas.082097399","volume":"99","first_page":"7214","last_page":"7220","publication_date":{"publication_year":"2002"},"original_text":"Macy, Michael W. and Yoshimichi Sato. 2002. &ldquo;Trust, Cooperation, and Market Formation in the U.S. and Japan.&rdquo; <I>Proceedings of the National Academy of Sciences</I> 99(Suppl. 3): 7214-7220."},{"sequence":"7","original_text":"Misumi, Kazuto. 2007. <I>A Formal Theory of Roles.</I> Fukuoka: Hana-Syoin."},{"sequence":"8","volume":"29","first_page":"33","publication_date":{"publication_year":"2005"},"original_text":"Montgomery, James D. 2005. &ldquo;The Logic of Role Theory: Role Conflict and Stability of the Self-Concept.&rdquo; <I>Journal of Mathematical Sociology</I> 29: 33-71."},{"sequence":"9","original_text":"Naoi, Atsushi. 1991. &ldquo;Between Mathematical Sociology and Fundamental Sociology.&rdquo; <I>Sociological Theory and Methods</I> 6(1): 114-120. (In Japanese)"},{"sequence":"10","volume":"442","first_page":"436","publication_date":{"publication_year":"1951"},"original_text":"Parsons, Talcott. 1951. <I>The Social System.</I> New York: Free Press."},{"sequence":"11","doi":"10.11218/ojjams.18.185","title_list":[{"lang":"en","title":"Can Evolutionary Game Theory Evolve in Sociology? :"}],"volume":"18","issue":"2","first_page":"185","last_page":"196","publication_date":{"publication_year":"2003"},"creator_list":[{"sequence":"1","type":"person","names":[{"lang":"en","last_name":"SATO","first_name":"Yoshimichi"}]}],"original_text":"Sato, Yoshimichi. 2003. &ldquo;Can Evolutionary Game Theory Evolve in Sociology? Beyond Solving the Prisoner&prime;s Dilemma.&rdquo; <I>Sociological Theory and Methods</I> 18(2): 185-196."},{"sequence":"12","doi":"10.1080/0022250X.1971.9989794","content_language":"en","original_text":"Schelling, Thomas C. 1971. &ldquo;Dynamic Models of Segregation.&rdquo; <I>Journal of Mathematical Sociology</I> 1:143-186."},{"sequence":"13","original_text":"Watts, Duncan J. and Steven H. Strogatz. 1998. &ldquo;Collective Dynamics of &lsquo;Small-world&rsquo; Networks.&rdquo; <I>Nature</I> 393: 440-442."},{"sequence":"14","original_text":"Yasuda, Saburo. 1973. &ldquo;Introduction&rdquo; in <I>Mathematical Sociology</I>, edited by Saburo Yasuda. Tokyo: University of Tokyo Press: 1-14. (In Japanese)"}]}}