{"status":"OK","apiType":"doi","apiVersion":"1.0.0","message":{"total":1,"rows":1,"totalPages":1,"page":1},"data":{"siteId":"SI/JST.JSTAGE","content_type":"JA","doi":"10.11218/ojjams.16.253","url":"https://doi.org/10.11218/ojjams.16.253","ra":"JaLC","prefix":"10.11218","site_name":"J-STAGE","publisher_list":[{"publisher_name":"Japanese Association For Mathematical Sociology","lang":"en"},{"publisher_name":"数理社会学会","lang":"ja"}],"title_list":[{"lang":"ja","title":"WassermanとFaustのSocial Network Analysis","subtitle":"―社会的ネットワーク分析におけるその価値と位置づけについて―"},{"lang":"en","title":"Social Network Analysis by Wasserman and Faust :","subtitle":"Its Value and Position in Social Network Analysis"}],"creator_list":[{"sequence":"1","type":"person","names":[{"lang":"ja","last_name":"辻","first_name":"竜平"},{"lang":"en","last_name":"TSUJI","first_name":"Ryuhei"}],"affiliation_list":[{"affiliation_name":"Department of Social Psychology<BR>The University of Tokyo","sequence":"1","lang":"en"},{"affiliation_name":"東京大学","sequence":"1","lang":"ja"}]}],"publication_date":{"publication_year":"2001"},"relation_list":[{"content":"https://www.jstage.jst.go.jp/article/ojjams/16/2/16_253/_pdf","type":"URL","relation":"fullTextPdf"}],"content_language":"ja","updated_date":"2016-09-29","article_type":"pub","journal_id_list":[{"journal_id":"0913-1442","type":"ISSN","issn_type":"print"},{"journal_id":"1881-6495","type":"ISSN","issn_type":"online"},{"journal_id":"ojjams","type":"JID"}],"journal_title_name_list":[{"journal_title_name":"Sociological Theory and Methods","type":"full","lang":"en"},{"journal_title_name":"Sociological Theory and Methods","type":"abbreviation","lang":"en"},{"journal_title_name":"理論と方法","type":"full","lang":"ja"},{"journal_title_name":"理論と方法","type":"abbreviation","lang":"ja"}],"journal_classification":"01","recorded_year":"1986-2013","volume":"16","issue":"2","first_page":"253","last_page":"259","date":"2016-09-30","keyword_list":[{"keyword":"social network analysis","sequence":"1","lang":"en"},{"keyword":"社会的ネットワーク分析","sequence":"1","lang":"ja"},{"keyword":"personal network research","sequence":"2","lang":"en"},{"keyword":"パーソナルネットワーク研究","sequence":"2","lang":"ja"},{"keyword":"structural network analysis","sequence":"3","lang":"en"},{"keyword":"構造主義的ネットワーク分析","sequence":"3","lang":"ja"}],"citation_list":[{"sequence":"1","original_text":"Berkowitz, Stephen D. 1982. <I>An Introduction to Structural Analysis: The Network Approach to Social Research</I>. Toronto: Butterworths."},{"sequence":"2","original_text":"Doreian, Patrick, and Frans N. Stokman, eds. 1997. <I>Evolution of Social Networks</I>. Amsterdam: Gordon and Breach Publishers."},{"sequence":"3","original_text":"Freeman, Linton C., Douglas R. White, and A. Kimball Romney, eds. 1989. <I>Research Methods in Social Network Analysis</I>. Fairfax, VA: George Mason University Press."},{"sequence":"4","original_text":"Friedkin, Noah. 1998. <I>A Structural Theory of Social Influence</I>. New York: Cambridge University Press."},{"sequence":"5","original_text":"橋詰大三郎. 1988.『はじめての構造主義』講談社.（講談社現代新書)."},{"sequence":"6","original_text":"平松闊編. 1990.『社会ネットワーク』福村出版."},{"sequence":"7","original_text":"Hummon, Norman P., and Kathleen Carley. 1993. &ldquo;Social Networks as Normal Science.&rdquo; <I>Social Networks</I> 15: 71-106."},{"sequence":"8","original_text":"井上寛編. 1997.『社会ネットワークの新たな理論に向けて』科学研究費補助金研究成果報告書. 71-106."},{"sequence":"9","original_text":"Kochen, Manfred, ed. 1989. <I>The Small World</I>. Norwood, NJ: Ablex."},{"sequence":"10","original_text":"森岡清志編. 2000.『俊社会のパーソナルネットワーク』東京大学出版会."},{"sequence":"11","original_text":"大谷信介. 1995.『現代都市住民のパーソナル・ネットワークー北米都市理論の日本的解読―』ミネルヴァ書房."},{"sequence":"12","original_text":"Rogers, Everett M. 1995. <I>Diffusion of Innovations</I>, 4th ed. New York: Free Press."},{"sequence":"13","original_text":"Schweizer, Thomas, and Douglas R. White, eds. 1998. <I>Kinship, Networks, and Exchange</I>. New York: Cambridge University Press."},{"sequence":"14","original_text":"Scott, John. 1991. <I>Social Network Analysis: A Handbook</I>. London: Sage Publications."},{"sequence":"15","original_text":"Valente, Thomas W. 1995. <I>Network Models of the Diffusion of Innovations</I>. Cresskill, NJ: Hampton Press."},{"sequence":"16","original_text":"Watts, Duncan J. 1999. <I>Small Worlds</I>. Princeton, NJ: Princeton University Press."},{"sequence":"17","original_text":"Wellman, Barry, and Stephen D. Berkowitz, eds. 1988. <I>Social Structures: A Network Approach</I>. New York: Cambridge University Press."},{"sequence":"18","original_text":"Wellman, Barry, and Stephen D. Berkowitz, eds. 1997. <I>Social Structures: A Network Approach</I>, 2nd ed. Greenwich, Connecticut: JAI Press."},{"sequence":"19","original_text":"White, Harrison. 1963. <I>An Anatomy of Kinship: Mathematical Models of Structures of Cummulated Roles</I>. Englewood Cliffs: Prentice-Hall."},{"sequence":"20","original_text":"安田有紀. 1997.『ネットワーク分析―何が行為を決定するか―』新曜社."}]}}