{"status":"OK","apiType":"doi","apiVersion":"1.0.0","message":{"total":1,"rows":1,"totalPages":1,"page":1},"data":{"siteId":"SI/JST.JSTAGE","content_type":"JA","doi":"10.11218/ojjams.24.345","url":"https://doi.org/10.11218/ojjams.24.345","ra":"JaLC","prefix":"10.11218","site_name":"J-STAGE","publisher_list":[{"publisher_name":"Japanese Association For Mathematical Sociology","lang":"en"},{"publisher_name":"数理社会学会","lang":"ja"}],"title_list":[{"lang":"ja","title":"潜在クラスモデル入門"},{"lang":"en","title":"An Introduction to Latent Class Models"}],"creator_list":[{"sequence":"1","type":"person","names":[{"lang":"ja","last_name":"三輪","first_name":"哲"},{"lang":"en","last_name":"MIWA","first_name":"Satoshi"}],"affiliation_list":[{"affiliation_name":"Tohoku University","sequence":"1","lang":"en"},{"affiliation_name":"東北大学","sequence":"1","lang":"ja"}]}],"publication_date":{"publication_year":"2009"},"relation_list":[{"content":"https://www.jstage.jst.go.jp/article/ojjams/24/2/24_2_345/_pdf","type":"URL","relation":"fullTextPdf"}],"content_language":"ja","updated_date":"2017-03-23","article_type":"pub","journal_id_list":[{"journal_id":"0913-1442","type":"ISSN","issn_type":"print"},{"journal_id":"1881-6495","type":"ISSN","issn_type":"online"},{"journal_id":"ojjams","type":"JID"}],"journal_title_name_list":[{"journal_title_name":"Sociological Theory and Methods","type":"full","lang":"en"},{"journal_title_name":"Sociological Theory and Methods","type":"abbreviation","lang":"en"},{"journal_title_name":"理論と方法","type":"full","lang":"ja"},{"journal_title_name":"理論と方法","type":"abbreviation","lang":"ja"}],"journal_classification":"01","recorded_year":"1986-2013","volume":"24","issue":"2","first_page":"345","last_page":"356","date":"2010-03-30","citation_list":[{"sequence":"1","original_text":"Esping-Andersen, G&oslash;sta. 1990. <I>The Three Worlds of Welfare Capitalism</I>. Cambridge: Policy Press.= 2001. 岡沢憲芙・宮本太郎（監訳）『福祉資本主義の三つの世界―比較福祉国家の理論と動態』ミネルヴァ書房."},{"sequence":"2","original_text":"Hagenaars, Jacques A. 1993. <I>Loglinear Models with Latent Variables</I>. Newbury Park, CA: Sage."},{"sequence":"3","original_text":"Hagenaars, Jacques A. and Allan L. McCutcheon (eds). 2002. <I>Applied Latent Class Analysis</I>. Cambridge: Cambridge University Press."},{"sequence":"4","original_text":"原純輔・海野道郎. 2004.『社会調査演習　第2版』東京大学出版会."},{"sequence":"5","original_text":"McCutcheon, Allan L. 1987. <I>Latent Class Analysis</I>. Newbury Park, CA: Sage."},{"sequence":"6","original_text":"McLachlan, Geoffley. J. and Thriyambakam Krishnan. 2007. <I>The EM algorithm and Extensions (Second Edition)</I>. New York, NY: Wiley."},{"sequence":"7","original_text":"酒折文武・山口和範. 2006.「潜在クラスモデルの局所独立性を利用した共変量調整法」『日本統計学会誌』36(1): 25-36."},{"sequence":"8","original_text":"Wright, Erik O. (ed) . 2005. <I>Approaches to Class Analysis</I>. Cambridge: Cambridge University Press."}]}}