{"status":"OK","apiType":"doi","apiVersion":"1.0.0","message":{"total":1,"rows":1,"totalPages":1,"page":1},"data":{"siteId":"SI/JST.JSTAGE","content_type":"JA","doi":"10.11218/ojjams.21.1","url":"https://doi.org/10.11218/ojjams.21.1","ra":"JaLC","prefix":"10.11218","site_name":"J-STAGE","publisher_list":[{"publisher_name":"Japanese Association For Mathematical Sociology","lang":"en"},{"publisher_name":"数理社会学会","lang":"ja"}],"title_list":[{"lang":"ja","title":"自己組織性とエージェント・ベースト・モデル"},{"lang":"en","title":"Self-organization and Agent-based Modeling"}],"creator_list":[{"sequence":"1","type":"person","names":[{"lang":"ja","last_name":"佐藤","first_name":"嘉倫"},{"lang":"en","last_name":"SATO","first_name":"Yoshimichi"}],"affiliation_list":[{"affiliation_name":"Graduate School of Arts and Letters Tohoku University","sequence":"1","lang":"en"},{"affiliation_name":"東北大学大学院文学研究科","sequence":"1","lang":"ja"}]}],"publication_date":{"publication_year":"2006"},"relation_list":[{"content":"https://www.jstage.jst.go.jp/article/ojjams/21/1/21_1_1/_pdf","type":"URL","relation":"fullTextPdf"}],"content_language":"ja","updated_date":"2017-03-23","article_type":"pub","journal_id_list":[{"journal_id":"0913-1442","type":"ISSN","issn_type":"print"},{"journal_id":"1881-6495","type":"ISSN","issn_type":"online"},{"journal_id":"ojjams","type":"JID"}],"journal_title_name_list":[{"journal_title_name":"Sociological Theory and Methods","type":"full","lang":"en"},{"journal_title_name":"Sociological Theory and Methods","type":"abbreviation","lang":"en"},{"journal_title_name":"理論と方法","type":"full","lang":"ja"},{"journal_title_name":"理論と方法","type":"abbreviation","lang":"ja"}],"journal_classification":"01","recorded_year":"1986-2013","volume":"21","issue":"1","first_page":"1","last_page":"10","date":"2007-08-01","keyword_list":[{"keyword":"Theories of social change","sequence":"1","lang":"en"},{"keyword":"社会変動論","sequence":"1","lang":"ja"},{"keyword":"self-organization","sequence":"2","lang":"en"},{"keyword":"自己組織性","sequence":"2","lang":"ja"},{"keyword":"agent-based modeling","sequence":"3","lang":"en"},{"keyword":"エージェント・ベースト・モデル","sequence":"3","lang":"ja"},{"keyword":"role","sequence":"4","lang":"en"},{"keyword":"役割","sequence":"4","lang":"ja"}],"citation_list":[{"sequence":"1","original_text":"Coleman, James S., 1990, Foundations of Social Theory, Cambridge: The Belknap Press of Harvard University Press."},{"sequence":"2","original_text":"Doreian, Patrick and Frans N. Stockman, 1997, Evolution of Social Networks, Amsterdam: Gordon and Breach."},{"sequence":"3","original_text":"橋爪大三郎, 1986, 「（書評）『自己組織性&mdash;&mdash;社会理論の復活&mdash;&mdash;』」, 『理論と方法』, 1-1: 165-167."},{"sequence":"4","original_text":"今田高俊, 1986, 『自己組織性&mdash;&mdash;社会理論の復活&mdash;&mdash;』, 東京: 創文社."},{"sequence":"5","original_text":"金子勇・長谷川公一, 1993,『マクロ社会学&mdash;&mdash;社会変動と時代診断の科学&mdash;&mdash;』, 東京: 新曜社."},{"sequence":"6","original_text":"小室直樹, 1974, 「構造－機能分析の論理と方法」, 青井和夫（編）『理論社会学』（社会学講座第１巻）, 東京: 東京大学出版会."},{"sequence":"7","original_text":"厚東洋輔, 1986, 「社会変動から自己組織性へ&mdash;&mdash;今田高俊『自己組織性&mdash;&mdash;社会理論の復活』を読む&mdash;&mdash;」, 『創文』, 267: 4-8."},{"sequence":"8","original_text":"Marx, Karl, 1934 [1859], Zur Kritik der politischen &Ouml;konomie, Erstes Heft, Volksausgae, besorgt von Marx-Engels-Lenin-Institut, Moskau.（武田隆夫・遠藤湘吉・大内力・加藤俊彦（訳）, 1956, 『経済学批判』, 東京: 岩波書店.）"},{"sequence":"9","original_text":"三隅一人, 2005, 「規範の変化&mdash;&mdash;役割イメージの調整プロセス」, 三隅一人・高坂健次（編著）『シンボリック・デバイス&mdash;&mdash;意味世界へのフォーマル・アプローチ&mdash;&mdash;』, 東京: 勁草書房."},{"sequence":"10","original_text":"Montgomery, James D., 2000, “The Self as a Fuzzy Set of Roles, Role Theory as a Fuzzy System,” Sociological Methodology, 30: 261-314."},{"sequence":"11","original_text":"Montgomery, James D., 2005, “The Logic of Role Theory: Role Conflict and Stability of the Self-Concept,” Journal of Mathematical Sociology, 29: 33-71."},{"sequence":"12","original_text":"Parsons, Talcott, 1951, The Social System, The Free Press.（佐藤勉（訳）, 1974, 『社会体系論』, 東京: 青木書店.）"},{"sequence":"13","original_text":"佐藤嘉倫, 1998, 『意図的社会変動の理論&mdash;&mdash;合理的選択理論による分析&mdash;&mdash;』, 東京: 東京大学出版会."},{"sequence":"14","original_text":"Sato, Yoshimichi, 2003, “Can Evolutionary Game Theory Evolve in Sociology?: Beyond Solving the Prisoner&rsquo;s Dilemma,” 『理論と方法』, 18-2: 185-196."},{"sequence":"15","original_text":"佐藤嘉倫・平松闊（編著）, 2005, 『ネットワーク・ダイナミクス&mdash;&mdash;社会ネットワークと合理的選択』, 東京: 勁草書房."},{"sequence":"16","original_text":"富永健一, 1965, 『社会変動の理論』, 東京: 岩波書店."},{"sequence":"17","original_text":"Weber, Max, 1920, Die protestantische Ethik und der (Geist) des Kapitalismus, (Gesammelte Aufs&auml;tze zur Religionssoziologie, Bd. I 所収）.（梶山力・大塚久雄（訳）, 1955, 『プロテスタンティズムの倫理と資本主義の精神』, 東京: 岩波書店.）"},{"sequence":"18","original_text":"吉田民人, 1974, 「社会体系の一般変動理論」, 青井和夫（編）『理論社会学』（社会学講座第１巻）, 東京: 東京大学出版会."}]}}