{"status":"OK","apiType":"doi","apiVersion":"1.0.0","message":{"total":1,"rows":1,"totalPages":1,"page":1},"data":{"siteId":"SI/JST.JSTAGE","content_type":"JA","doi":"10.11218/ojjams.10.115","url":"https://doi.org/10.11218/ojjams.10.115","ra":"JaLC","prefix":"10.11218","site_name":"J-STAGE","publisher_list":[{"publisher_name":"Japanese Association For Mathematical Sociology","lang":"en"},{"publisher_name":"数理社会学会","lang":"ja"}],"title_list":[{"lang":"ja","title":"社会的価値と合理性","subtitle":"―社会的ジレンマに関する実験社会心理学的研究とゲーム理論的研究の対話の試み―"},{"lang":"en","title":"Social Value and Rationality"}],"creator_list":[{"sequence":"1","type":"person","names":[{"lang":"ja","last_name":"土場","first_name":"学"},{"lang":"en","last_name":"DOBA","first_name":"Gaku"}],"affiliation_list":[{"affiliation_name":"Graduate School of Social and Cultural Studies<BR>Kyushu University","sequence":"1","lang":"en"},{"affiliation_name":"九州大学","sequence":"1","lang":"ja"}]}],"publication_date":{"publication_year":"1995"},"relation_list":[{"content":"https://www.jstage.jst.go.jp/article/ojjams/10/2/10_115/_pdf","type":"URL","relation":"fullTextPdf"}],"content_language":"ja","updated_date":"2016-08-25","article_type":"pub","journal_id_list":[{"journal_id":"0913-1442","type":"ISSN","issn_type":"print"},{"journal_id":"1881-6495","type":"ISSN","issn_type":"online"},{"journal_id":"ojjams","type":"JID"}],"journal_title_name_list":[{"journal_title_name":"Sociological Theory and Methods","type":"full","lang":"en"},{"journal_title_name":"Sociological Theory and Methods","type":"abbreviation","lang":"en"},{"journal_title_name":"理論と方法","type":"full","lang":"ja"},{"journal_title_name":"理論と方法","type":"abbreviation","lang":"ja"}],"journal_classification":"01","recorded_year":"1986-2013","volume":"10","issue":"2","first_page":"115","last_page":"132","date":"2016-08-26","keyword_list":[{"keyword":"social dilemma","sequence":"1","lang":"en"},{"keyword":"社会的ジレンマ","sequence":"1","lang":"ja"},{"keyword":"social value","sequence":"2","lang":"en"},{"keyword":"社会的価値","sequence":"2","lang":"ja"},{"keyword":"social motive","sequence":"3","lang":"en"},{"keyword":"社会的動機","sequence":"3","lang":"ja"},{"keyword":"incomplete information game","sequence":"4","lang":"en"},{"keyword":"不完備情報ゲーム","sequence":"4","lang":"ja"}],"citation_list":[{"sequence":"1","original_text":"Beggan, J., D. Messick and S. Allison. 1988. &ldquo;Social Values and Egocentric Bias: Two Tests of the Might over Morality Hypothesis.&rdquo; <I>Journal of Personality of Social Psychology</I> 55: 606-611."},{"sequence":"2","original_text":"Dehue, F., C. McClintock and W. Liebrand. 1993. &ldquo;Social Value Related Responce Latencies: Unobtrusive Evidence for Individual Difference in Information Processing.&rdquo; <I>European Journal of Social Psychology</I> 23: 273-293."},{"sequence":"3","original_text":"Deutsch, M. 1960. &ldquo;The Effect of Motivational Orientation upon Trust and Suspicion.&rdquo; <I>Human Relations</I> 13: 123-139."},{"sequence":"4","original_text":"細江守紀（編）. 1989.『非協力ゲームの経済分析』. 勁草書房."},{"sequence":"5","original_text":"Kelley, H. and A. Stahelski. 1970. &ldquo;Social Interaction Basis of Cooperators' and Competitors' Beliefs about Others.&rdquo; <I>Journal of Personality and Social Psychology</I> 16: 66-91."},{"sequence":"6","original_text":"Kelley, H. and J. Thibaut. 1978. <I>Interpersonal Relations: A Theory of Interdependence</I>. New York: Willey."},{"sequence":"7","original_text":"Kuhlman, D. and A. Marshello. 1975. &ldquo;Individual Differences in Game Motivation as Moderators of Preprogrmmed Strategy Effects in Prisoner's Dilemma.&rdquo; <I>Journal of Personality and Social Psychology</I> 32: 922-931."},{"sequence":"8","original_text":"Kuhlman, D. and D. Wimberley. 1976. &ldquo;Expectations of Choice Behavior Held by Cooperators, Competitors, and Individualists across Four Classes of Experimental Game.&rdquo; <I>Journal of Personality and Social Psychology</I> 34: 69-81."},{"sequence":"9","original_text":"Kuhlman, D., C. Camac, and D. Cunha. 1986. &ldquo;Individual Differences in Social Orientation.&rdquo; in H. Wilke, D. Messick and C. Rutter. (eds.) <I>Experimental Social Dilemmas</I> Frankfurt: Verlag Peter Lang."},{"sequence":"10","original_text":"Liebrand, W. 1983. A Classification of Social Dilemma Games, <I>Simulation and Games</I> 14: 123-138."},{"sequence":"11","original_text":"Liebrand, W. 1984. &ldquo;The Effect of Social Motives. Communication and Group Size on Behaviour in an N-person Multi-stage Mixed-Motive Game.&rdquo; <I>European Journal of Social Psychology</I> 14: 239-264."},{"sequence":"12","original_text":"Liebrand, W. 1986. &ldquo;The Ubiquity of Social Values in Social Dilemmas.&rdquo; in H. Wilke, D. Messick and C. Rutte. (eds.) <I>Experimental Social Dilemmas</I>. Frankfurt: Verlag Peter Lang."},{"sequence":"13","original_text":"Liebrand, W., R. Jansen, V. Rijken and C. Suhre. 1986. &ldquo;Might over Morality: Social Values and the Perception of Other Players in Experimental Games.&rdquo; <I>Journal of Experimental Social Psychology</I> 22: 203-215."},{"sequence":"14","original_text":"Liebrand, W., H. Wilke, R. Vogel and F. Wolters. 1986. &ldquo;Value Orientation and Conformity.&rdquo; <O>Journal of Conflict. Resolution</I> 30 (1): 77-97."},{"sequence":"15","original_text":"Maki, J. and C. McClintock. 1983. &ldquo;The Accuracy of Social Value Prediction: Actor Observer Influences.&rdquo; <I>Journal of Personality and Social Psychology</I> 45: 829-838."},{"sequence":"16","original_text":"McClintock, C. 1972. &ldquo;Social Motivation-A Set of Proposition.&rdquo; <I>Behavioral Science</I> 17: 438-454."},{"sequence":"17","original_text":"McClintock, C. and W. Liebrand. 1988. &ldquo;Role of Interdependence Structure, Individual Value Orientation, and Another's Strategy in Social Decision Making: A Transformational Analysis.&rdquo; <I>Journal of Personality and Social Psychology</I> 55: 396-409."},{"sequence":"18","original_text":"McCrimmon, K. and D. Messick. 1976. &ldquo;A Framework for Social Motives.&rdquo; <I>Behavioral Science</I> 21: 86-100."},{"sequence":"19","original_text":"Messick, D. and C. McClintock. 1968. &ldquo;Motivational Bases of Choice in Experimental Games.&rdquo; <I>Journal of Experimental Social Psychology</I> 4: 1-25."},{"sequence":"20","original_text":"Osgood, C., G. Suci and P. Tannenbaum. 1957. <I>The Measurement of Meaning</I> Urbana: University of Illinois Press."},{"sequence":"21","original_text":"Platow, M. and R. Shave. 1995. &ldquo;Social Value Orientations and the Expression of Achievement Motivation.&rdquo; <I>Journal of Social Psychology</I> 135: 71-81."},{"sequence":"22","original_text":"Rasmusen, E. 1989. <I>Games and Information: An Introduction to Game Theory</I>. 細江守紀・村田省三・有定愛展（訳）. 1990.『ゲームと情報の経済分析』. 九州大学出版会."},{"sequence":"23","original_text":"Sattler, D. and N. Kerr. 1991. &ldquo;Might Versus Morality Explored: Motivational and Cognitive Bases for Social Motives.&rdquo; <I>Journal of Personality and Social Psychology</I> 60: 756-765."},{"sequence":"24","original_text":"Schulz, U. and May, T. 1989. &ldquo;The Recording of Social Orientations with Ranking and Pair Comparison Procedures.&rdquo; <I>European Journal of Social Psychology</I> 19: 41-59."},{"sequence":"25","original_text":"Van Lange, P. 1992. &ldquo;Confidence in Expectations: A Test of the Triangle Hypothesis.&rdquo; <I>European Journal of Personality</I> 6: 371-379."},{"sequence":"26","original_text":"Van Lange, P. and W. Liebrand. 1991a. &ldquo;The Influence of Other's Morality and Own Social Value Orientation on Cooperation in the Netherlands and the U.S.A.&rdquo; <I>International Journal of Psychology</I> 26: 429-449."},{"sequence":"27","original_text":"Van Lange, P. and W. Liebrand. 1991b. &ldquo;Social Value Orientation and Intelligence: A Test of the Goal Prescribes Rationality Principle.&rdquo; <I>European Journal of Social Psychology</I> 21: 273-292."},{"sequence":"28","original_text":"Van Lange, P. and D. Kuhlman. 1994. &ldquo;Social Value Orientations and Impression of Partner's Honesty and Intelligence: A Test of the Might Versus Morality Effect.&rdquo; <I>Journal of Personality and Social Psychology</I> 67: 126-141."},{"sequence":"29","original_text":"Wendt, D., M. Popp, A. Wettengel and M. Ksiensik. 1988. &ldquo;Egotism and Altruism in Social Dilemmata.&rdquo; in A. Upmeyer. (ed.) <I>Attitudes and Behavioral Decisions</I>. Berlin: Springer Verlag."},{"sequence":"30","original_text":"山岸俊男. 1989.「社会的ジレンマ研究の主要な理論的アプローチ」.『心理学評論』32 (3): 262-294."}]}}