{"status":"OK","apiType":"doi","apiVersion":"1.0.0","message":{"total":1,"rows":1,"totalPages":1,"page":1},"data":{"siteId":"SI/JST.JSTAGE","content_type":"JA","doi":"10.11218/ojjams.14.2_53","url":"https://doi.org/10.11218/ojjams.14.2_53","ra":"JaLC","prefix":"10.11218","site_name":"J-STAGE","publisher_list":[{"publisher_name":"Japanese Association For Mathematical Sociology","lang":"en"},{"publisher_name":"数理社会学会","lang":"ja"}],"title_list":[{"lang":"ja","title":"内部モデルを持ち、学習する意思決定主体・複合主体系の数理モデル"},{"lang":"en","title":"On mathematical models of learning agent and their poly-agent system -Each agent has an internal cognition model"}],"creator_list":[{"sequence":"1","type":"person","names":[{"lang":"ja","last_name":"兼田","first_name":"敏之"},{"lang":"en","last_name":"KANEDA","first_name":"Toshiyuki"}],"affiliation_list":[{"affiliation_name":"Faculty of Engineering<BR>Nagoya Institute of Technology","sequence":"1","lang":"en"},{"affiliation_name":"名古屋工業大学工学部","sequence":"1","lang":"ja"}]}],"publication_date":{"publication_year":"1999"},"relation_list":[{"content":"https://www.jstage.jst.go.jp/article/ojjams/14/2/14_2_53/_pdf","type":"URL","relation":"fullTextPdf"}],"content_language":"ja","updated_date":"2016-09-29","article_type":"pub","journal_id_list":[{"journal_id":"0913-1442","type":"ISSN","issn_type":"print"},{"journal_id":"1881-6495","type":"ISSN","issn_type":"online"},{"journal_id":"ojjams","type":"JID"}],"journal_title_name_list":[{"journal_title_name":"Sociological Theory and Methods","type":"full","lang":"en"},{"journal_title_name":"Sociological Theory and Methods","type":"abbreviation","lang":"en"},{"journal_title_name":"理論と方法","type":"full","lang":"ja"},{"journal_title_name":"理論と方法","type":"abbreviation","lang":"ja"}],"journal_classification":"01","recorded_year":"1986-2013","volume":"14","issue":"2","first_page":"2_53","last_page":"2_71","date":"2016-09-30","keyword_list":[{"keyword":"model-referenced decision model","sequence":"1","lang":"en"},{"keyword":"内部モデルを持つ意思決定主体","sequence":"1","lang":"ja"},{"keyword":"bounded rationality","sequence":"2","lang":"en"},{"keyword":"限定合理性","sequence":"2","lang":"ja"},{"keyword":"learning process","sequence":"3","lang":"en"},{"keyword":"学習過程","sequence":"3","lang":"ja"},{"keyword":"hierarchy system theory","sequence":"4","lang":"en"},{"keyword":"階層システム論","sequence":"4","lang":"ja"},{"keyword":"a hybrid approach for &lsquo;problem solving- oriented&rsquo; modeling","sequence":"5","lang":"en"},{"keyword":"三種モデル混合アプローチ","sequence":"5","lang":"ja"}],"citation_list":[{"sequence":"1","original_text":"Ackoff,R.L. and Emery,F.E. 1972. <I>On Purposeful Systems</I>. Intersystems Publications."},{"sequence":"2","original_text":"新井潔・出口弘・兼田敏之・加藤文俊・中村美枝子. 1998.『ゲーミングシミュレーション』日科技連."},{"sequence":"3","original_text":"Arbib, M. 1968. <I>Algebraic Theory of Machines, Languages and Semigroups</I>. Academic Press."},{"sequence":"4","original_text":"旭貴朗. 1991.「階層システム」 高原康彦･野中文平編『経営システム』第6章、日刊工業新聞社:77-152."},{"sequence":"5","original_text":"Ashby, W., Ross. 1956. <I>An Introduction to Cybernetics</I>. Chapman &amp; Hall."},{"sequence":"6","original_text":"Bennett,P. and Dando,M. 1979. &ldquo;Complex Strategic Analysis: A Hypergame Study of the Fall of France&rdquo;, <I>Journal of Operational Research Society</I> 33: 88-99."},{"sequence":"7","original_text":"Bennett,P. et al. 1980. &ldquo;Using Hypergames to Model Difficult Social Issues: An Approach to the Case of Soccer Hooliganism&rdquo;, <I>Journal of Operational Research Society</I> 31:621-635."},{"sequence":"8","original_text":"Boudon, R. 1971. <I>LES MATEMATIQUES EN SOCIOLOGIE</I>. Presses Universitaires de France『社会学のロジック』"},{"sequence":"9","original_text":"岡本雅典・海野道郎訳、東洋経済新報社:198-199."},{"sequence":"10","original_text":"出口弘. 1995. パネル討論「AIとゲーミング」準備資料『情報処理学会研究報告 第99回 人工知能研究会』"},{"sequence":"11","original_text":"Duke, R. 1974. <I>Gaming: the future language</I>. Sage."},{"sequence":"12","original_text":"遠藤薫. 1993.『コンピューターシミュレーションによる社会過程モデルの構築―社会理論と社会モデル―』東京工業大学学位論文．"},{"sequence":"13","original_text":"遠藤薫. 1997.「社会シミュレーションの射程―社会理論のフォーマライゼーションのためにー」『社会構造と社会過程のフォーマライゼーション』第3部16章 平成6～8年度科学研究費補助金（基盤研究(A)(1)）研究成果報告書: 199-214."},{"sequence":"14","original_text":"Faludi, A. 1973. <I>Planning Theory</I>. Pergamon Press: 54-80."},{"sequence":"15","original_text":"Greenblat,C.S. 1988. <I>Designing Games and Simulations-an illustrated handbook</I>. Sage Publications,Inc. =1994. 新井潔・兼田敏之訳『ゲーミング・シミュレーション作法』共立出版．"},{"sequence":"16","original_text":"長谷川計二・七条達弘. 1997.「理論創出の方法としてのシミュレーション」『社会構造と社会過程のフォーマライゼーション』第１部３章 平成６～８年度科学研究費補助金（基盤研究(A)(1)）研究成果報告書: 37-48."},{"sequence":"17","original_text":"広瀬幸雄（編）. 1997.『シミュレーション世界の社会心理学―ゲームで解く葛藤と共存―』ナカニシヤ出版."},{"sequence":"18","original_text":"市川惇信. 1983.『意思決定論』共立出版."},{"sequence":"19","original_text":"今田高俊. 1986.『自己組織性―社会理論の復活―』創文社."},{"sequence":"20","original_text":"井上六郎. 1984.「ゲーミングシミュレーションを用いた都市鉄道建設事業の計画・調整過程の評価」『土木学会論文報告書』343: 83-93."},{"sequence":"21","original_text":"岩本健良. 1997.「フォーマライゼーションの展開」『社会構造と社会過程のフォーマライゼーション』第１部序章 平成6～8年度科学研究費補助金（基盤研究(A)(1)）研究成果報告書: 3-8."},{"sequence":"22","original_text":"兼田敏之・木谷忍. 1994.「意思決定支援のためのシミュレーションモデルのありかたに関する理論的考察―モデル参照型意思決定における学習システム」『シミュレーション&amp;ゲーミング』4-1: 7-17."},{"sequence":"23","original_text":"兼田敏之・木谷忍. 1995.「モデル学習過程におけるモデル参照型意思決定の挙動に関する理論的考察」『シミュレーション&amp;ゲーミング』5-1: 78-86."},{"sequence":"24","original_text":"兼田敏之. 1995.「社会システムモデルにおける「主体」の概念」『情報処理学会研究報告 第102回人工知能研究会』"},{"sequence":"25","original_text":"兼田敏之・木谷忍. 1996.「複合主体系（Poly-Agent System）の形式化の試み－モデル参照型意思決定問題による内部モデルを持つ主体の記述－」『第21回 数理社会学会大会研究報告要旨集』: 24-27."},{"sequence":"26","original_text":"兼田敏之・木谷忍. 1996.「参加型モデリング技法の数理的形式化」『シミュレーション&amp;ゲーミング』6-1: 3-11."},{"sequence":"27","original_text":"Kaneda,T.&amp; Kitani,S. 1997. &ldquo;Learning Process Analysis on Hypergames(LPAH)- For Risk Management on Potential Collaborative Planning&rdquo;, <I>Working Paper Book 33<SUP>rd</SUP> World Planning Congress International Society of City and Regional Planners</I> :201-207."},{"sequence":"28","original_text":"兼田敏之・木谷忍. 1997.「学習する主体による階層計画機構の数理モデル」『シミュレーション&amp;ゲーミング』7-1: 58-67."},{"sequence":"29","original_text":"兼田敏之・木谷忍. 1998.「1階ハイパーゲーム上における相互学習過程のモデル―合意形成過程管理のための数理的アプローチ―」『シミュレーション&amp;ゲーミング』 8-1: 32-41."},{"sequence":"30","original_text":"木嶋恭一. 1991.「問題状況の主観的評価に基づく意思決定：相互認識のあるハイパーゲームとその応用」『電学新C』111-3: 147-165."},{"sequence":"31","original_text":"木嶋恭一・カールウィサストロ. 1992.「学習ゲーム分析：解の概念とその応用」『日本経営情報学会誌』2-2: 27-34."},{"sequence":"32","original_text":"木嶋恭一. 1996.『交渉とアコモデーション』日科技連."},{"sequence":"33","original_text":"木谷忍. 1983.「社会的意思決定のための認識モデル拡張型学習システムの基礎的研究」東京工業大学学位論文."},{"sequence":"34","original_text":"木谷忍. 1997.「地域問題解決のための合意形成実験とその評価に関する試験的研究」平成７年度～９年度科学研究費補助金（基盤研究(Ｃ)(２)）研究成果報告書."},{"sequence":"35","original_text":"Klein,L. 1985. &ldquo;The Abstraction of Reality for Games and Simulations&rdquo;, <I>J.Opl.Res.Soc</I>. 36-8."},{"sequence":"36","original_text":"熊田禎宣・森田恒幸. 1975.「ゲーミングシミュレーションを用いた電源開発手続き評価への接近」『日本都市計画学会学術研究発表会論文集』第10号: 73-78."},{"sequence":"37","original_text":"熊田禎宣・根本敏則・松田宏一. 1976.「ゲーミングシミュレーションによる都市における道路計画手続きの代替案比較に関する研究」『日本都市計画学会学術研究発表会論文集』第11号: 349-354."},{"sequence":"38","original_text":"熊田禎宣・奥原英彦. 1982.「ゲーミングシミュレーションを用いた宅地開発政策体系評価」『日本都市計画学会学術研究発表会論文集』第17号: 255-264."},{"sequence":"39","original_text":"公文俊平. 1973.『一般システムの諸類型―社会システム論のためにー』、講座 情報社会科学６ 社会システム論の基礎II 所収."},{"sequence":"40","original_text":"公文俊平. 1978.『社会システム論』日本経済新聞社."},{"sequence":"41","original_text":"Lindblom,C. 1959. &ldquo;The Science of Muddling Through&rdquo;, <I>Public Administration Review</I> 19(Spring):79-88."},{"sequence":"42","original_text":"Mesarovic,M.D. et al. 1964. <I>VIEWS ON GENERAL SYSTEMS THEORY</I>. John Wiley and Sons,Inc.= 1971. 一楽信雄・坂本実・野村弘光・村田晴夫訳.『一般システム理論の研究』日本能率協会."},{"sequence":"43","original_text":"Mesarovic,M.D.et al. 1970. &ldquo;<I>Theory of Hierachical, Multilevel Systems</I>&rdquo;. Academic Press.=1974. 研野和人監訳『階層システム論』共立出版."},{"sequence":"44","original_text":"Nakashima,H.&amp; Noda,I. 1998. &ldquo;Dynamic Subsumption Architecture for Programming Intelligent Agents&rdquo;. <I>Proc.of International Conf. On Multi-Agent Systems 98</I>, AAAI Press:190-197."},{"sequence":"45","original_text":"小幡範雄. 1992.『環境コンクリフト実験ゲーム―対立から共生への環境創造―』技報堂出版."},{"sequence":"46","original_text":"岡田章. 1996.『ゲーム理論』有斐閣."},{"sequence":"47","original_text":"岡田憲夫・キース＝ハイプル・ニル＝フレーザー・福島雅夫. 1988.『コンクリフトの数理―メタゲーム理論とその拡張―』現代数学社."},{"sequence":"48","original_text":"岡田憲夫・松田裕之・佐藤嘉倫. 1995.「シンポジウム ゲーム理論の応用と展開」.『理論と方法』10-1 ハーベスト社: 53-63."},{"sequence":"49","original_text":"小野寛晰. 1974.『関係の代数』教育出版."},{"sequence":"50","original_text":"小野寛晰. 1994.『情報代数』共立出版."},{"sequence":"51","original_text":"佐藤嘉倫. 1989.「社会計画はなぜ失敗するのか？」『理論と方法』4-1 ハーベスト社: 39-52."},{"sequence":"52","original_text":"佐藤嘉倫. 1998.『意図的社会変動の理論』東京大学出版会."},{"sequence":"53","original_text":"盛山和夫. 1988.「反照性と社会理論――理解社会学の理論仮説と方法」『理論と方法』3-1 ハーベスト社: 57-76."},{"sequence":"54","original_text":"Simon,H.A. 1956. &ldquo;Rational Choice and the Structure of the Environment&rdquo;, <I>Psychological Review</I>. 63: 129-138., In Emery F.E.(ed), <I>Systems Thinking Volume one</I>. Penguin Education."},{"sequence":"55","original_text":"高橋真吾. 1997.「多主体系における状況認知の表現と学習」高木・木嶋編『マルチメディア社会システムの諸相』日科技連出版社所収."},{"sequence":"56","original_text":"高原康彦. 1974.『システム工学の理論』日刊工業新聞社."},{"sequence":"57","original_text":"高原康彦. 1983.「階層的組織における意思決定」宮沢光一編『経営意思決定』ダイヤモンド社所収."},{"sequence":"58","original_text":"高原康彦・飯島淳一. 1990.『システム理論』共立出版."},{"sequence":"59","original_text":"徳田由美. 1998.「シミュレーションプラットフォームSARA」『日本シミュレーション&amp;ゲーミング学会第10回全国大会』．"},{"sequence":"60","original_text":"富永健一. 1997.『経済と組織の社会学理論』東京大学出版会."},{"sequence":"61","original_text":"山本匡. 1994.「Artificial Society：人工実現社会の可能性」『理論と方法』9-2: 203-218."},{"sequence":"62","original_text":"吉田民人. 1990.『情報と自己組織性の理論』東京大学出版会"},{"sequence":"63","original_text":"Wang,M., Hipel,K.&amp; Fraser,N. 1988. &ldquo;Modelling Misperception in Games&rdquo;, <I>Behavioral Science</I> 33: 207-223."},{"sequence":"64","original_text":"渡滋・近藤宏一・児玉英靖・徳田由美・佐藤さおり. 1998.「社会シミュレーションツールSARA―その概念と開発過程―」『政策科学』立命館大学政策科学会. 59-77."}]}}