{"status":"OK","apiType":"doi","apiVersion":"1.0.0","message":{"total":1,"rows":1,"totalPages":1,"page":1},"data":{"siteId":"SI/JST.JSTAGE","content_type":"JA","doi":"10.11218/ojjams.15.261","url":"https://doi.org/10.11218/ojjams.15.261","ra":"JaLC","prefix":"10.11218","site_name":"J-STAGE","publisher_list":[{"publisher_name":"Japanese Association For Mathematical Sociology","lang":"en"},{"publisher_name":"数理社会学会","lang":"ja"}],"title_list":[{"lang":"ja","title":"合理性と倫理性","subtitle":"他者危害原則のフォーマライゼーションとそのインプリケーション"},{"lang":"en","title":"Rational and Ethical Individuals :","subtitle":"The Formalization of Harm Principle and some Implications"}],"creator_list":[{"sequence":"1","type":"person","names":[{"lang":"ja","last_name":"永田","first_name":"えり子"},{"lang":"en","last_name":"NAGATA","first_name":"Eriko"}],"affiliation_list":[{"affiliation_name":"Department of Economics<BR>Shiga University","sequence":"1","lang":"en"},{"affiliation_name":"滋賀大学","sequence":"1","lang":"ja"}]}],"publication_date":{"publication_year":"2000"},"relation_list":[{"content":"https://www.jstage.jst.go.jp/article/ojjams/15/2/15_261/_pdf","type":"URL","relation":"fullTextPdf"}],"content_language":"ja","updated_date":"2016-09-29","article_type":"pub","journal_id_list":[{"journal_id":"0913-1442","type":"ISSN","issn_type":"print"},{"journal_id":"1881-6495","type":"ISSN","issn_type":"online"},{"journal_id":"ojjams","type":"JID"}],"journal_title_name_list":[{"journal_title_name":"Sociological Theory and Methods","type":"full","lang":"en"},{"journal_title_name":"Sociological Theory and Methods","type":"abbreviation","lang":"en"},{"journal_title_name":"理論と方法","type":"full","lang":"ja"},{"journal_title_name":"理論と方法","type":"abbreviation","lang":"ja"}],"journal_classification":"01","recorded_year":"1986-2013","volume":"15","issue":"2","first_page":"261","last_page":"272","date":"2016-09-30","keyword_list":[{"keyword":"rationality","sequence":"1","lang":"en"},{"keyword":"合理性","sequence":"1","lang":"ja"},{"keyword":"ethics","sequence":"2","lang":"en"},{"keyword":"倫理性","sequence":"2","lang":"ja"},{"keyword":"rights","sequence":"3","lang":"en"},{"keyword":"権利","sequence":"3","lang":"ja"},{"keyword":"harm principle","sequence":"4","lang":"en"},{"keyword":"他者危害原則","sequence":"4","lang":"ja"},{"keyword":"Pareto-efficiency","sequence":"5","lang":"en"},{"keyword":"パレート最適","sequence":"5","lang":"ja"}],"citation_list":[{"sequence":"1","original_text":"Pattanaik, K. P. 1968. &ldquo;Risk, Impersonality, and the Social Welfare Function.&rdquo; <I>Journal of Political Economy</I>, vol.76:1152-1169."},{"sequence":"2","original_text":"Hillinger, C. and Lapham, V. 1971. &ldquo;The Impossibility of a Paretian Liberal: Comment by Two Who Are Unreconstructed.&rdquo; <I>Journal of Political Economy</I>. vol.79, No.4-6:1403-1405."},{"sequence":"3","original_text":"Harsanyi, J. C. 1955. &ldquo;Cardinal Welfare, Individualistic Ethics, and Interpersonal Comparisons of Utility.&rdquo; <I>Journal of Political Economy</I>, vol.63:309-321.."},{"sequence":"4","original_text":"Sen, A. K. 1970. <I>Collective Choice and Social Welfare</I>. Holden-Day, Inc."},{"sequence":"5","original_text":"Sen, A. K. 1971. &ldquo;The Impossibility of a Paretian Liberal: Reply.&rdquo; <I>Journal of Political Economy</I>, vol.79, No.4-6: 1406-1407.."},{"sequence":"6","original_text":"Sen, A. K. 1982. <I>Choice,Welfare and Measurement</I>. Basil Blackwell Pub. =1989. 大庭健・川本隆史（訳）『合理的な愚か者』勁草書房."},{"sequence":"7","original_text":"盛山和夫. 1992.「合理的選択理論の限界」『理論と方法』12:1-24."},{"sequence":"8","original_text":"盛山和夫. 1995.『制度論の構図』創文社."},{"sequence":"9","original_text":"佐藤嘉倫. 1998a.「合理的選択理論の批判の論理構造とその問題点」『社会学評論』Vol.49, No.2:18-35."},{"sequence":"10","original_text":"佐藤嘉倫. 1998b.『意図的社会変動の理論』東京大学出版会."},{"sequence":"11","original_text":"永田えり子. 1991.「行為の非人格性」『理論と方法』9:121-130."},{"sequence":"12","original_text":"永田えり子. 1992.「正義の社会的選択」『理論と方法』12:45-60."},{"sequence":"13","original_text":"永田えり子. 1996.「権力なんてこわくない」藤田弘夫・西原和久（編）『権力から読み解く現代社会学入門』有斐閣. 279-296."},{"sequence":"14","original_text":"永田えり子. 1997.『道徳派フェミニスト宣言』勁草書房."}]}}