{"status":"OK","apiType":"doi","apiVersion":"1.0.0","message":{"total":1,"rows":1,"totalPages":1,"page":1},"data":{"siteId":"SI/JST.JSTAGE","content_type":"JA","doi":"10.11218/ojjams.1.15","url":"https://doi.org/10.11218/ojjams.1.15","ra":"JaLC","prefix":"10.11218","site_name":"J-STAGE","publisher_list":[{"publisher_name":"Japanese Association For Mathematical Sociology","lang":"en"},{"publisher_name":"数理社会学会","lang":"ja"}],"title_list":[{"lang":"ja","title":"フォーマライゼイションの可能性"},{"lang":"en","title":"Possibility of Formalization"}],"creator_list":[{"sequence":"1","type":"person","names":[{"lang":"ja","last_name":"井上","first_name":"寛"},{"lang":"en","last_name":"INOUE","first_name":"Hiroshi"}],"affiliation_list":[{"affiliation_name":"Shimane University","sequence":"1","lang":"en"},{"affiliation_name":"島根大学","sequence":"1","lang":"ja"}]}],"publication_date":{"publication_year":"1986"},"relation_list":[{"content":"https://www.jstage.jst.go.jp/article/ojjams/1/1/1_1_15/_pdf","type":"URL","relation":"fullTextPdf"}],"content_language":"ja","updated_date":"2017-03-23","article_type":"pub","journal_id_list":[{"journal_id":"0913-1442","type":"ISSN","issn_type":"print"},{"journal_id":"1881-6495","type":"ISSN","issn_type":"online"},{"journal_id":"ojjams","type":"JID"}],"journal_title_name_list":[{"journal_title_name":"Sociological Theory and Methods","type":"full","lang":"en"},{"journal_title_name":"Sociological Theory and Methods","type":"abbreviation","lang":"en"},{"journal_title_name":"理論と方法","type":"full","lang":"ja"},{"journal_title_name":"理論と方法","type":"abbreviation","lang":"ja"}],"journal_classification":"01","recorded_year":"1986-2013","volume":"1","issue":"1","first_page":"15","last_page":"24","date":"2009-03-01","citation_list":[{"sequence":"1","original_text":"Allison, G. T. 1971 <I>Essence of Decision: explaining the Cuban missile crisis</I>. Little, Brown and Company. 宮里政玄訳『決定の本質』1977 中央公論社"},{"sequence":"2","original_text":"Blau, P. M. 1977 <I>Inequality and Heterogeneity: A primitive theory of social structure</I>. The Free Press."},{"sequence":"3","original_text":"Blau, P. and O. Duncan 1967. <I>The American Occupational Structure</I>. Wiley."},{"sequence":"4","original_text":"Boudon, R. 1974 <I>Education, Opportunity and Social Inequality</I>. Wiley."},{"sequence":"5","original_text":"Coleman, J. C. 1973 <I>The Mathematics of Collective Action</I>. Aldine."},{"sequence":"6","original_text":"Eysenck, H. J. &amp; G. D. Wilson 1978 <I>The Psychological Bases of Ideology</I>. 塩見邦雄訳『社会的態度』ナカニシヤ出版"},{"sequence":"7","original_text":"Fararo, T. J. 1981 &ldquo;Biased networks and social structure theorem.&rdquo; <I>Social Networks</I>. 3:137-159"},{"sequence":"8","original_text":"Freese, L. 1981 &ldquo;Formalization of theory and method.&rdquo; in J.F.Short Jr.(ed.) <I>The State of Sociology</I>. Sage. 社会分析学会訳編『世界の社会学』1986 恒星社厚生閣"},{"sequence":"9","original_text":"原純輔・海野道郎編 1985『数理社会学の現在』数理社会学研究会"},{"sequence":"10","original_text":"Homans, G. C. 1974 <I>Social Behavior: Its elementary forms</I>. Harcourt Brace Javanovich. 橋本茂訳『社会行動――その基本形態』誠心書房"},{"sequence":"11","original_text":"Jasso, G. 1980 &ldquo;A new theory of distributive justice.&rdquo; <I>American Sociological Review</I> 45:3-32"},{"sequence":"12","original_text":"Lorrain, F. and H. C. White, 1971 &ldquo;Structural equivalence of individuals in social networks.&rdquo; <I>Journal of Mathematical Sociology</I> Vol.1: 49-80"},{"sequence":"13","original_text":"L&eacute;vi-Strauss, C.1967 <I>Structures &eacute;l&eacute;mentaires de la parent&eacute;</I>. Mouton &amp; Co. 馬淵東一・田島節夫監訳『親族の構造』上、下 1978 番町書房"},{"sequence":"14","original_text":"Merton, R. K. 1949 (1957 rev.ed.)<I>Social Theory and Social Structure</I>. the Free Press. 森東吾・森好夫・金沢実・中島竜太郎訳『社会理論と社会構造』1961 みすず書房"},{"sequence":"15","original_text":"Mills, C. W. 1959 <I>The Sociological Imagination</I>. Oxford University Press. 鈴木広訳『社会学的想像力』1965 紀伊国屋書店"},{"sequence":"16","original_text":"見田宗介、1965『現代日本の精神構造』弘文堂"},{"sequence":"17","original_text":"Moore, W. and K. Davis 1945 &ldquo;Some principles of Stratification.&rdquo; <I>American Sociological Review</I> 10 :242-247"},{"sequence":"18","original_text":"Parsons, T. 1951 <I>The Social System</I>. The Free Press. 佐藤勉『社会体系論』1980 青木書店"},{"sequence":"19","original_text":"Poincar&eacute;, H. <I>La science et l'Hypoth&egrave;se</I>. 河野伊三郎訳『科学と仮説』岩波書店"},{"sequence":"20","original_text":"Popper, K. R. 1959 <I>The Logic of Scientific Discovery</I>. Hutchinson. 大内義一・森博共訳『科学的発見の論理』上、下 恒星社厚生閣"},{"sequence":"21","original_text":"Rawls, J. A. 1971 <I>A Theory of Justice</I>. Harvard University Press. 矢島釣次監訳『正義論』 1979 紀伊国屋書店"},{"sequence":"22","original_text":"Roberts. F. S. 1979 <I>Measurement Theory</I>. Addison-Wesley Publishing Company."},{"sequence":"23","original_text":"Rudner, R. S. 1966 <I>Philosophy of Social Science</I>. Prentice-Hall. 塩原勉訳『社会科学の哲学』培風館"},{"sequence":"24","original_text":"佐和隆光、1974『数量経済分析の基礎』筑摩書房"},{"sequence":"25","original_text":"清水幾太郎、1974『倫理学ノート』岩波書店"},{"sequence":"26","original_text":"S&oslash;rensen, A. B. 1977, &ldquo;The structure of inequality and the process of attainment&rdquo; <I>American Sociological Review</I> Vol.42:965-978"},{"sequence":"27","original_text":"海野道郎 1981 「社会過程と社会構造の数理解析：数理社会学の展開」『行動計量学』8(2): 14-26"},{"sequence":"28","original_text":"White, H. C. 1963 <I>An Anatomy of kinship</I>. Prentice-Hall."},{"sequence":"29","original_text":"Wilensky, H. L. 1975 <I>The welfare state and Equality</I>. University of California Press. 下平博監訳『福祉国家と平等』木鐸社"},{"sequence":"30","original_text":"安田三郎、1968 『社会移動の研究』東大出版会"},{"sequence":"31","original_text":"Zetterberg, H. l. 1963 <I>On Theory and Verification in Sociology</I>. The Bedminster Press. 安積仰成・金丸由雄『社会学的思考法』ミネルヴァ書房"}]}}