{"status":"OK","apiType":"doi","apiVersion":"1.0.0","message":{"total":1,"rows":1,"totalPages":1,"page":1},"data":{"siteId":"SI/JST.JSTAGE","content_type":"JA","doi":"10.11218/ojjams.15.49","url":"https://doi.org/10.11218/ojjams.15.49","ra":"JaLC","prefix":"10.11218","site_name":"J-STAGE","publisher_list":[{"publisher_name":"Japanese Association For Mathematical Sociology","lang":"en"},{"publisher_name":"数理社会学会","lang":"ja"}],"title_list":[{"lang":"ja","title":"言説分析とその困難","subtitle":"―全体性／全域性の現在的位相をめぐって―"},{"lang":"en","title":"Discourse Analysis and Its Predicaments:","subtitle":"On Aspects of Imaginary Totality/Omniscience in Contemporary Sociological Thoughts"}],"creator_list":[{"sequence":"1","type":"person","names":[{"lang":"ja","last_name":"遠藤","first_name":"知巳"},{"lang":"en","last_name":"ENDO","first_name":"Tomomi"}],"affiliation_list":[{"affiliation_name":"Faculty of Integrated Arts and Social Sciences<BR>Japan Women's University","sequence":"1","lang":"en"},{"affiliation_name":"日本女子大学","sequence":"1","lang":"ja"}]}],"publication_date":{"publication_year":"2000"},"relation_list":[{"content":"https://www.jstage.jst.go.jp/article/ojjams/15/1/15_49/_pdf","type":"URL","relation":"fullTextPdf"}],"content_language":"ja","updated_date":"2016-09-29","article_type":"pub","journal_id_list":[{"journal_id":"0913-1442","type":"ISSN","issn_type":"print"},{"journal_id":"1881-6495","type":"ISSN","issn_type":"online"},{"journal_id":"ojjams","type":"JID"}],"journal_title_name_list":[{"journal_title_name":"Sociological Theory and Methods","type":"full","lang":"en"},{"journal_title_name":"Sociological Theory and Methods","type":"abbreviation","lang":"en"},{"journal_title_name":"理論と方法","type":"full","lang":"ja"},{"journal_title_name":"理論と方法","type":"abbreviation","lang":"ja"}],"journal_classification":"01","recorded_year":"1986-2013","volume":"15","issue":"1","first_page":"49","last_page":"60","date":"2016-09-30","keyword_list":[{"keyword":"the identity of discursive space","sequence":"1","lang":"en"},{"keyword":"言説空間の同一性","sequence":"1","lang":"ja"},{"keyword":"assumption of a transcendent viewpoint","sequence":"2","lang":"en"},{"keyword":"超越的視線の想定","sequence":"2","lang":"ja"},{"keyword":"naive realism/nominalism in sociology","sequence":"3","lang":"en"},{"keyword":"素朴実在論／唯名論","sequence":"3","lang":"ja"}],"citation_list":[{"sequence":"1","original_text":"赤川学. 1999.『セクシャリティの歴史社会学』勁草書房."},{"sequence":"2","original_text":"遠藤知巳. 2000a.「現代社会はいかにして近代であるのか？」大澤真幸(編)『社会学の知33』新書館."},{"sequence":"3","original_text":"遠藤知巳. 2000b(近刊).「『言説』の経験論的起源」（上）（下）『思想』."},{"sequence":"4","original_text":"Foucault, Michel. 1980. &ldqou;Table ronde du 20 mai 1978.&rdquo; <I>D&eacute;bat avec Michel Foucault</I>. Le Seuil. =1984. 尾崎浩・桑田禮彰・福井憲彦(訳)「歴史と権力」桑田禮彰・福井憲彦・山本哲士(編)『ミシェル・フーコー1926-1984: 権力・知・歴史』 新評論."},{"sequence":"5","original_text":"蓮實重彦. 1985.『物語批判序説』中央公論社."},{"sequence":"6","original_text":"市野川容孝. 2000.『身体／生命』岩波書店."},{"sequence":"7","original_text":"柿本昭人・嶋守さやか. 1998.『社会の実存と存在』世界思想社."},{"sequence":"8","original_text":"Kittler, Friedrich. 1985 <I>Aufschreibesysteme 1800/1900</I>. Wilhelm Fink. =1990. Mitter, Michael. (trans.). <I>Discourse Networks 1800/1900</I>. Stanford University Press."},{"sequence":"9","original_text":"Kittler, Friedrich. 1986. <I>Grammophon Film Typewriter</I>. Brinkmann &amp; Rose. =1999. 石光泰夫・石光輝子(訳)『グラモフォン フィルム タイプライター』筑摩書房."},{"sequence":"10","original_text":"Lemart, Charles and Gilan, Garth. 1982. <I>Michel Foucault: Social Theory and Transgression</I>. Columbia University Press. =1991. 滝本往人・曽根尚子・柳和樹・山本学(訳)『ミシェル・フーコー：社会理論と侵犯の営み』日本エディタースクール."},{"sequence":"11","original_text":"中河伸俊. 1999.『社会問題の社会学』世界思想社."},{"sequence":"12","original_text":"中村秀之. 1995.「パノプティコンの原光景：視覚的無意識と近代性について」『相関社会科学』５(東京大学大学院総合文化学科相関社会科学専攻)."},{"sequence":"13","original_text":"Patey, William. 1984. <I>Probability and Literary Form</I>. Cambridge University Press."},{"sequence":"14","original_text":"佐藤俊樹. 1998.「近代を語る視線と文体：比較のなかの日本の近代化」高坂健次・厚東洋輔(編)『講座社会学１理論と方法』東京大学出版会."},{"sequence":"15","original_text":"Terdiman, Richard. 1985. <I>Discourse/Counter-Discourse</I>. Cornel University. Press."},{"sequence":"16","original_text":"内田隆三. 1980.「構造主義以降の社会学的課題」『思想』676."},{"sequence":"17","original_text":"内田隆三. 1999.『生きられる社会』新書館."},{"sequence":"18","original_text":"山本泰・山本真鳥. 1996.『儀礼としての消費：サモア社会の贈与・権力・セクシャリティ』弘文堂."}]}}