{"status":"OK","apiType":"doi","apiVersion":"1.0.0","message":{"total":1,"rows":1,"totalPages":1,"page":1},"data":{"siteId":"SI/JST.JSTAGE","content_type":"JA","doi":"10.11218/ojjams.26.321","url":"https://doi.org/10.11218/ojjams.26.321","ra":"JaLC","prefix":"10.11218","site_name":"J-STAGE","publisher_list":[{"publisher_name":"Japanese Association For Mathematical Sociology","lang":"en"},{"publisher_name":"数理社会学会","lang":"ja"}],"title_list":[{"lang":"en","title":"Examinations of Urban Effects on Homophily in Japan","subtitle":"Multilevel Analysis of Ego-Centric Network Data"},{"lang":"ja","title":"同類結合に対する都市効果の検討","subtitle":"エゴセントリック・ネットワークデータに対するマルチレベル分析の適用"}],"creator_list":[{"sequence":"1","type":"person","names":[{"lang":"en","last_name":"AKAEDA","first_name":"Naoki"},{"lang":"ja","last_name":"赤枝","first_name":"尚樹"}],"affiliation_list":[{"affiliation_name":"Osaka University","sequence":"1","lang":"en"},{"affiliation_name":"大阪大学","sequence":"1","lang":"ja"}]}],"publication_date":{"publication_year":"2011"},"relation_list":[{"content":"https://www.jstage.jst.go.jp/article/ojjams/26/2/26_321/_pdf","type":"URL","relation":"fullTextPdf"}],"content_language":"ja","updated_date":"2014-12-09","article_type":"pub","journal_id_list":[{"journal_id":"0913-1442","type":"ISSN","issn_type":"print"},{"journal_id":"1881-6495","type":"ISSN","issn_type":"online"},{"journal_id":"ojjams","type":"JID"}],"journal_title_name_list":[{"journal_title_name":"Sociological Theory and Methods","type":"full","lang":"en"},{"journal_title_name":"Sociological Theory and Methods","type":"abbreviation","lang":"en"},{"journal_title_name":"理論と方法","type":"full","lang":"ja"},{"journal_title_name":"理論と方法","type":"abbreviation","lang":"ja"}],"journal_classification":"01","recorded_year":"1986-2013","volume":"26","issue":"2","first_page":"321","last_page":"338","date":"2012-09-01","keyword_list":[{"keyword":"都市","sequence":"1","lang":"ja"},{"keyword":"urban effect","sequence":"1","lang":"en"},{"keyword":"同類結合","sequence":"2","lang":"ja"},{"keyword":"homophily","sequence":"2","lang":"en"},{"keyword":"エゴセントリック・ネットワーク","sequence":"3","lang":"ja"},{"keyword":"ego-centric network","sequence":"3","lang":"en"},{"keyword":"マルチレベル分析","sequence":"4","lang":"ja"},{"keyword":"multilevel analysis","sequence":"4","lang":"en"}],"citation_list":[{"sequence":"1","original_text":"&Alpha;&Rho;&Iota;&Sigma;&Tau;&Omicron;&Tau;&Epsilon;&Lambda;&Omicron;&Gamma;&Sigma;. n.d. <I>&Rho;&Eta;&Tau;&Omicron;&Rho;&Iota;&Kappa;&Eta;</I>. Reprinted in: Ross, W.D. (ed.) 1959. <I>Aristotelis Ars Rhetorica.</I> Oxford: Oxford University Press."},{"sequence":"2","original_text":"Beggs, J. J., V. A. Haines. and J. S. Hurlbert. 1996. &ldquo;Revisiting the Rural-Urban Contrast: Personal Networks in Nonmetropolitan and Metropolitan Settings.&rdquo; <I>Rural Sociology,</I> 61(2): 306-25."},{"sequence":"3","original_text":"Deng, Z. and P. Bonacich. 1991. &ldquo;Some Effects of Urbanism on Black Social Networks.&rdquo; <I>Social Networks,</I> 13:33-50."},{"sequence":"4","original_text":"電通総研・日本リサーチセンター（編）．2008．『世界主要国価値観データブック』同友館．"},{"sequence":"5","original_text":"Feld, S. L. 1981. &ldquo;Social Structural Determinants of Similarity among Associates.&rdquo; <I>American Sociological Review,</I> 47(6): 797-801."},{"sequence":"6","original_text":"Fischer, C. S. 1975. &ldquo;Toward a Subcultural Theory of Urbanism.&rdquo; <I>American Journal of Sociology,</I> 80(6):1319-41.（奥田道大・広田康生（編訳）．1983．「アーバニズムの下位文化論に向けて」『都市の理論のために』多賀出版：50-94．）"},{"sequence":"7","original_text":"Fischer, C. S. 1977. &ldquo;Perspectives on Community and Personal Relations.&rdquo; Pp. 1-16 in <I>Networks and Places: Social Relations in the Urban Setting</I>, edited by C. S. Fischer, K. Gerson, M. Baldassare, R. M. Jackson and C. A. Steuve. New York: The Free Press."},{"sequence":"8","original_text":"Fischer, C. S. 1982. <I>To Dwell Among Friends: Personal Networks in Town and City.</I> Chicago: The University of Chicago Press.（松本康・前田尚子（訳）．2002．『友人のあいだで暮らす―北カルフォルニアのパーソナル・ネットワーク―』未来社．）"},{"sequence":"9","original_text":"Gans, H. J. 1962. &ldquo;Urbanism and Suburbanism as Ways of Life: A Re-evalution of Definitions.&rdquo; Pp. 232-46 in <I>Human Behavior and Social Processes: An Interactionist Approach,</I> edited by A. M. Rose. London:Rautledge and Kegan Paul."},{"sequence":"10","original_text":"Gelman, A. and J. Hill. 2007. <I>Data Analysis Using Regression and Multilevel/Hierarchical Models.</I> Cambridge: Cambridge University Press."},{"sequence":"11","original_text":"星敦士．2010．「パーソナルネットワークを測定する」平松闊・鵜飼孝造・宮垣元・星敦士『社会ネットワークのリサーチ・メソッド―「つながり」を調査する―』ミネルヴァ書房．"},{"sequence":"12","original_text":"石黒格．2009．「都市度と価値観の同類性―ダイアド・データを用いた分析―」『第48回数理社会学会大会報告原稿』"},{"sequence":"13","original_text":"Jackson, R. M., C. S. Fischer and L. M. Jones. 1977. &ldquo;The Dimentions Of Social Networks.&rdquo; Pp. 39-58 in <I>Networks and Places: Social Relations in the Urban Setting,</I> edited by C. S. Fischer, K. Gerson, M. Baldassare, R. M. Jackson and C. A. Steuve. New York: The Free Press."},{"sequence":"14","doi":"10.4057/jsr.55.348","journal_title_name_list":[{"journal_title_name":"社会学評論","lang":"ja"}],"title_list":[{"lang":"ja","title":"階層帰属意識に対する地域特性の効果：準拠集団か認識空間か"}],"volume":"55","issue":"3","first_page":"348","last_page":"366","publication_date":{"publication_year":"2004"},"content_language":"ja","original_text":"小林大祐．2004．「階層帰属意識に対する地域特性の効果―準拠集団か認識空間か―」『社会学評論』55(3)：348-366．"},{"sequence":"15","original_text":"Laumann, E. O. 1973. <I>Bonds of Pluralism: The Form and Substance of Urban Social Networks.</I> New York: Wiley."},{"sequence":"16","original_text":"Lazarsfeld, P. F. and R. K. Merton. 1954. &ldquo;Friendship as Social Process: A Substantive and Methodological Analysis.&rdquo; Pp. 18-66 in <I>Freedom and Control in Modern Society,</I> edited by M. Berger, T. Abel and C. H. Page. New York: Van Nostrand."},{"sequence":"17","doi":"10.1016/0378-8733(88)90010-X","volume":"10","first_page":"57","publication_date":{"publication_year":"1988"},"original_text":"Marsden, P. V. 1988. &ldquo;Homogeneity in Confiding Relations.&rdquo; <I>Social Networks,</I> 10: 57-76."},{"sequence":"18","original_text":"McPherson, M. and L. Smith-Lovin. 1987. &ldquo;Homophily in Voluntary Organizations: Status Distance and the Composition of Face-to-Face Groups.&rdquo; <I>American Sociological Review,</I> 52(3): 370-379."},{"sequence":"19","original_text":"McPherson, M., L. Smith-Lovin and J. M. Cook. 2001. &ldquo;Birds of a Feather: Homophily in Social Networks.&rdquo; <I>Annual Review of Sociology,</I> 27: 415-444."},{"sequence":"20","original_text":"三輪哲・小林大祐．2005．「階層帰属意識に及ぼす地域効果の再検討―階層線形モデルの可能性と限界―」『社会学研究』77：17-43．"},{"sequence":"21","original_text":"Mollenhorst, G., B. Volker and H. Flap. 2008. &ldquo;Social Contexts and Personal Relationships: The Effect of Meeting Opportunities on Similarity for Relationships of Different Strength.&rdquo; <I>Social Networks,</I> 30: 60-68."},{"sequence":"22","original_text":"OECD. 2010. <I>International Migration Outlook 2010.</I>"},{"sequence":"23","original_text":"大谷信介．1995．『現代都市住民のパーソナル・ネットワーク―北米都市理論の日本的解読―』ミネルヴァ書房．"},{"sequence":"24","original_text":"大谷信介．2007．『＜都市的なるもの＞の社会学』ミネルヴァ書房．"},{"sequence":"25","original_text":"&Pi;&Lambda;&Alpha;&Tau;&Omega;&Nu;&Omicron;&Sigma;. n.d.<I>&Nu;&Omicron;&Mu;&Omicron;&Iota;.</I> Reprinted in: Burnet, J. (ed.) 1907. <I>Platonis Opera.</I> Oxford: Oxford University Press."},{"sequence":"26","original_text":"総務省統計局．2005．『統計でみる市区町村のすがた2005』"},{"sequence":"27","original_text":"総務省統計局．2010．「人口集中地区とは」（http://www.stat.go.jp/data/chiri/1-1.htm, 2010. 2.23）"},{"sequence":"28","original_text":"Van Duijn, M. A. J., J. T. Van Busschbach and T. A. B. Snijders. 1999. &ldquo;Multilevel Analysis of Personal Networks as Dependent Variables.&rdquo; <I>Social Networks,</I> 21: 187-209."},{"sequence":"29","original_text":"Wellman, B. and A. F. Kenneth. 2001. &ldquo;Network Capital in a Multilevel World: Getting Support from Personal Communities.&rdquo; Pp. 233-74 in <I>Social Capital: Theory and Research,</I> edited by N. Lin, R. Burt and K. Cook. New York: Aldine de Gruyter."},{"sequence":"30","volume":"44","issue":"1","first_page":"3","publication_date":{"publication_year":"1978"},"original_text":"Wirth, L. 1938. &ldquo;Urbanism as a Way of Life.&rdquo; <I>American Journal of Sociology,</I> 44(1): 3-24.（高橋勇悦（訳）．1978．「生活様式としてのアーバニズム」鈴木広（編）『都市化の社会学（増強）』誠信書房：127-147．）"},{"sequence":"31","original_text":"安田雪．1997．『ネットワーク分析―何が行為を決定するか―』新曜社．"}]}}