{"status":"OK","apiType":"doi","apiVersion":"1.0.0","message":{"total":1,"rows":1,"totalPages":1,"page":1},"data":{"siteId":"SI/JST.JSTAGE","content_type":"JA","doi":"10.11218/ojjams.1.115","url":"https://doi.org/10.11218/ojjams.1.115","ra":"JaLC","prefix":"10.11218","site_name":"J-STAGE","publisher_list":[{"publisher_name":"Japanese Association For Mathematical Sociology","lang":"en"},{"publisher_name":"数理社会学会","lang":"ja"}],"title_list":[{"lang":"ja","title":"差別的交際のログリニア・モデル分析","subtitle":"―P. V. Marsdenの分析手法をめぐって―"},{"lang":"en","title":"The Analysis of Differential Association by Log-linear Model"}],"creator_list":[{"sequence":"1","type":"person","names":[{"lang":"ja","last_name":"鹿又","first_name":"伸夫"},{"lang":"en","last_name":"KANOMATA","first_name":"Nobuo"}],"affiliation_list":[{"affiliation_name":"Kurume University","sequence":"1","lang":"en"},{"affiliation_name":"久留米大学","sequence":"1","lang":"ja"}]},{"sequence":"2","type":"person","names":[{"lang":"ja","last_name":"小林","first_name":"淳一"},{"lang":"en","last_name":"KOBAYASHI","first_name":"Junichi"}],"affiliation_list":[{"affiliation_name":"Fukuoka University","sequence":"2","lang":"en"},{"affiliation_name":"福岡大学","sequence":"2","lang":"ja"}]}],"publication_date":{"publication_year":"1986"},"relation_list":[{"content":"https://www.jstage.jst.go.jp/article/ojjams/1/1/1_1_115/_pdf","type":"URL","relation":"fullTextPdf"}],"content_language":"ja","updated_date":"2017-03-23","article_type":"pub","journal_id_list":[{"journal_id":"0913-1442","type":"ISSN","issn_type":"print"},{"journal_id":"1881-6495","type":"ISSN","issn_type":"online"},{"journal_id":"ojjams","type":"JID"}],"journal_title_name_list":[{"journal_title_name":"Sociological Theory and Methods","type":"full","lang":"en"},{"journal_title_name":"Sociological Theory and Methods","type":"abbreviation","lang":"en"},{"journal_title_name":"理論と方法","type":"full","lang":"ja"},{"journal_title_name":"理論と方法","type":"abbreviation","lang":"ja"}],"journal_classification":"01","recorded_year":"1986-2013","volume":"1","issue":"1","first_page":"115","last_page":"130","date":"2009-03-01","citation_list":[{"sequence":"1","original_text":"Blau, P. M. 1974. &ldquo;Parameters of Social Structure.&rdquo; <I>A. S. R.</I> 39:615-635."},{"sequence":"2","original_text":"Blau, P. M. 1977. <I>Inequality and Heterogeity</I>. Free Press."},{"sequence":"3","original_text":"Blau, P. M., T. C. Blum, and J. E. Schwartz. 1982. &ldquo;Heterogeneity and Intermarriage.&rdquo; <I>A. S. R.</I> 47:45-62."},{"sequence":"4","original_text":"Blau, P. M.,and J. E. Schwartz. 1984. <I>Crosscutting Social Circles</I>. Academic Press."},{"sequence":"5","original_text":"Glass, D.(ed.)1954. <I>Social Mobility in Britain</I>. Routledge &amp; Kegan Paul."},{"sequence":"6","original_text":"Goodman, L. A. 1972. &ldquo;Some Multiplicative Models for the Analysis of Cross-Classified Data.&rdquo; in L. A. Goodman. 1984. <I>The Analysis of Cross-Classified Data Having Ordered Categories</I>. Harvard University Press."},{"sequence":"7","original_text":"Goodman, L. A. 1979. &ldquo;Multiplicative Models for the Analysis of Occupational Mobility Tables and Other Kinds of Cross-Classification Tables.&rdquo; <I>A. J. S.</I> 84:804-819."},{"sequence":"8","original_text":"Hauser, R. M. 1978. &ldquo;A Structural Model of the Mobility Table.&rdquo; <I>Social Forces</I> 56:919-953."},{"sequence":"9","original_text":"Hauser, R. M. 1979. &ldquo;Some Exploratory Methods for Modeling Mobility Tables and Other Cross-Classified Data.&rdquo; <I>Sociological Methodology</I> 1980:413-458."},{"sequence":"10","original_text":"Kenny, D. A. 1979. <I>Correlation and Causality.</I> Wiley."},{"sequence":"11","original_text":"小林淳一. 1983.「ブラウの巨視的社会構造論（一）」『福岡大学人文論叢』第15巻: 349-363."},{"sequence":"12","original_text":"Marsden, P. V. 1981. &ldquo;Models and Methods for Characterizing the Structural Palameters of Groups.&rdquo; <I>Social Networks</I> 3:1-27."},{"sequence":"13","original_text":"Rust, P. F.,and P. Seed. 1985. &ldquo;Equality of Endogamy.&rdquo; <I>Social Science Research</I> 14:57-79."},{"sequence":"14","original_text":"Taylor, D. G. 1983. &ldquo;Analyzing Qualitative Data.&rdquo; in P. H. Rossi, J. D. Wright and A. B. Anderson(eds.) <I>Handbook of Social Survey</I>. Academic Press."}]}}