{"status":"OK","apiType":"doi","apiVersion":"1.0.0","message":{"total":1,"rows":1,"totalPages":1,"page":1},"data":{"siteId":"SI/JST.JSTAGE","content_type":"JA","doi":"10.11218/ojjams.28.35","url":"https://doi.org/10.11218/ojjams.28.35","ra":"JaLC","prefix":"10.11218","site_name":"J-STAGE","publisher_list":[{"publisher_name":"Japanese Association For Mathematical Sociology","lang":"en"},{"publisher_name":"数理社会学会","lang":"ja"}],"title_list":[{"lang":"en","title":"The approach to Economics toward health related research"},{"lang":"ja","title":"経済学は健康にどうアプローチしてきたか"}],"creator_list":[{"sequence":"1","type":"person","names":[{"lang":"en","last_name":"URAKAWA","first_name":"Kunio"},{"lang":"ja","last_name":"浦川","first_name":"邦夫"}],"affiliation_list":[{"affiliation_name":"Kyushu University","sequence":"1","lang":"en"},{"affiliation_name":"九州大学","sequence":"1","lang":"ja"}]}],"publication_date":{"publication_year":"2013"},"relation_list":[{"content":"https://www.jstage.jst.go.jp/article/ojjams/28/1/28_35/_pdf","type":"URL","relation":"fullTextPdf"}],"content_language":"ja","updated_date":"2014-12-09","article_type":"pub","journal_id_list":[{"journal_id":"0913-1442","type":"ISSN","issn_type":"print"},{"journal_id":"1881-6495","type":"ISSN","issn_type":"online"},{"journal_id":"ojjams","type":"JID"}],"journal_title_name_list":[{"journal_title_name":"Sociological Theory and Methods","type":"full","lang":"en"},{"journal_title_name":"Sociological Theory and Methods","type":"abbreviation","lang":"en"},{"journal_title_name":"理論と方法","type":"full","lang":"ja"},{"journal_title_name":"理論と方法","type":"abbreviation","lang":"ja"}],"journal_classification":"01","recorded_year":"1986-2013","volume":"28","issue":"1","first_page":"35","last_page":"52","date":"2014-09-01","keyword_list":[{"keyword":"健康","sequence":"1","lang":"ja"},{"keyword":"Health","sequence":"1","lang":"en"},{"keyword":"成長","sequence":"2","lang":"ja"},{"keyword":"Growth","sequence":"2","lang":"en"},{"keyword":"社会経済的地位","sequence":"3","lang":"ja"},{"keyword":"SES","sequence":"3","lang":"en"},{"keyword":"費用便益分析","sequence":"4","lang":"ja"},{"keyword":"Cost-Benefit Analysis","sequence":"4","lang":"en"}],"citation_list":[{"sequence":"1","original_text":"阿部彩. 2005. 「日本における相対的剥奪指標と貧困の実証研究」<I>IPSS Discussion Paper Series,</I> No.2005-07, pp.1-17."},{"sequence":"2","original_text":"阿部彩. 2012. 「子どもの健康格差の要因――過去の健康悪化の回復力に違いはあるか」『医療と社会』Vol.22, No.3, pp.255-269."},{"sequence":"3","original_text":"Adams, P., Hurd, M.D., McFadden, D., Merrill, A. and Ribeiro, T. 2003. &ldquo;Healthy, wealthy, and wise? Tests for direct causal paths between health and socioeconomic status,&rdquo; <I>Journal of Econometrics,</I> Vol.112, pp.3-56."},{"sequence":"4","original_text":"Arora, S. 2001. &ldquo;Health, human productivity, and long-term economic growth,&rdquo; <I>Journal of Economic History,</I> Vol.61, No.3, pp.699-749."},{"sequence":"5","original_text":"Barro &amp; Sala-I-Martin. 1995. <I>Economic Growth.</I> New York: McGraw-Hill."},{"sequence":"6","original_text":"Becker, G. 1993. <I>Human Capital,</I> 3rd ed. University of Chicago Press."},{"sequence":"7","original_text":"Bernard, M. S., Van Praag and Ferrer-i-Carbonell. 2012. <I>Happiness Quantified: A Satisfaction Calculus Approach.</I> Oxford."},{"sequence":"8","original_text":"Boyce, C.J. and Oswald, A. J. 2012. &ldquo;Do people become healthier after being prompted?&rdquo; <I>Health Economics,</I> Vol.21, pp.580-596."},{"sequence":"9","original_text":"Broom, D. E., Canning, D and Sevilla, J. 2004. &ldquo;The effect of health on economic growth,&rdquo; <I>World Development,</I> Vol.32, No.1, pp.1-13."},{"sequence":"10","original_text":"Caporale, G. M., Y. Georgellis, N. Tsitsianis, and Yin, Y. P. 2009. &ldquo;Income and happiness across Europe: Do reference values matter?&rdquo; <I>Journal of Economic Psychology,</I> Vol.30, No.1, pp. 42-51."},{"sequence":"11","original_text":"Case, A., Lubotsky, D. and Paxson, C. 2002. &ldquo;Economic status and health in childhood: The origins of the gradient,&rdquo; <I>American Economic Review,</I> Vol.92, No.5, pp.1308-1334."},{"sequence":"12","original_text":"Clark, A. E. and A. J. Oswald. 1996. &ldquo;Satisfaction and comparison income,&rdquo; <I>Journal of Public Economics,</I> Vol. 61, No. 3, pp. 359-381."},{"sequence":"13","original_text":"Clark, A. E., P. Frijters, and M. Shields. 2008. &ldquo;Relative income, happiness and utility: An explanation for the Easterlin paradox and other puzzles,&rdquo; <I>Journal of Economic Literature,</I> Vol. 46, No. 1, pp. 95-144."},{"sequence":"14","original_text":"Currie, J. and Brigitte C. M. 1999. &ldquo;Health, health insurance and the labor market,&rdquo; in Ashenfelter, O.C. and Card, D. eds., <I>Handbook of Labor Economics,</I> Vol.3C, pp.3309-3416, North-Holland."},{"sequence":"15","original_text":"Currie, J. and Stabile, M. 2003. &ldquo;Socioeconomic status and child health,&rdquo; <I>American Economic Review,</I> Vol.89, No.2, pp.245-250."},{"sequence":"16","original_text":"Cutler, D. M., Lleras-Muney, A. and Vogl, T. 2008. &ldquo;Socioeconomic Status and Health: Dimensions and Mechanisms,&rdquo; NBER Working Papers, No.14333."},{"sequence":"17","original_text":"Diener, E. and R. Biswas-Diener. 2002. &ldquo;Will money increase subjective well-being?&rdquo; <I>Social Indicators Research,</I> Vol. 57, No. 2, pp. 119-169."},{"sequence":"18","original_text":"堂目卓生. 2008. 『アダム・スミス――『道徳感情論』と『国富論』の世界』中公新書."},{"sequence":"19","original_text":"Drummond, M, Sculpher, M, Torrance, G and O'Brien, B and Stoddart, G. 2005.<I> Methods for the Economic Evaluation of Health Care Programmes.</I> Oxford University Press: Oxford."},{"sequence":"20","original_text":"Easterlin, R. A. 1995. &ldquo;Will raising the incomes of all increase the happiness of all?&rdquo; <I>Journal of Economic Behavior &amp; Organization,</I> Vol. 27, No. 1, pp. 35-47."},{"sequence":"21","original_text":"Edward, P. 2006. &ldquo;The Ethical Poverty Line: a moral quantification of absolute poverty,&rdquo; <I>Third World Quarterly,</I> Vol.27, No.2, pp.377-393."},{"sequence":"22","original_text":"江里口拓. 2008. 『福祉国家の効率と制御――ウェッブ夫妻の経済思想』昭和堂."},{"sequence":"23","original_text":"French, M.T. and Zarkin, G.A. 1995. &ldquo;Is moderate alcohol use related to wages?: Evidence from four worksites,&rdquo; <I>Journal of. Health Economics,</I> Vol.14, pp.319-344."},{"sequence":"24","original_text":"Grossman. 1972. &ldquo;On the Concept of Health Capital and Demand for Health,&rdquo; <I>Journal of Political Economy,</I> Vol.80, No.2, pp.223-255."},{"sequence":"25","original_text":"橋本英樹. 2011. 「健康格差の実証研究――方法論的課題と展望」『医療と社会』Vol.22, No.1, pp.249-261."},{"sequence":"26","original_text":"Husemoen, L et al. 2004. &ldquo;Smoking and subsequent risk of early retirement due to permanent disability,&rdquo; <I>European Journal of Public Health,</I> Vol.14, pp.86-92."},{"sequence":"27","original_text":"Idler, E. L. and Benyamini, Y. 1997. &ldquo;Self-rated Health and Mortality: A Review of Twenty-seven Community Studies,&rdquo; <I>Journal of Health and Social Behavior,</I> Vol.38, pp.21-37."},{"sequence":"28","original_text":"井上まり子・錦谷まりこ・鶴ヶ野しのぶ・矢野栄二. 2011. 「非正規雇用者の健康に関する文献調査」『産業衛生学雑誌』Vol.53, pp. 117-139."},{"sequence":"29","original_text":"岩本康志. 2000. 「健康と所得」国立社会保障・人口問題研究所（編）『家族・世帯の変容と生活保障機能』pp.95-117，東京大学出版会."},{"sequence":"30","original_text":"金子能宏・鈴木亘. 2004. 「アンケート調査に基づく患者負担と医療給付のあり方に関する予備的考察」(2004年医療経済学研究会議報告論文, リバイス版)."},{"sequence":"31","original_text":"Kaplan, G. A., Pamuk, E., Lynch, J. W., Cohen, R. D. and Balfour, J. L. 1996. &ldquo;Income Inequality and Mortality in the United States: Analysis of Mortality and Potential Pathways,&rdquo; <I>British Medical Journal,</I> Vol.312, 999-1003."},{"sequence":"32","original_text":"Kawachi, I, Kennedy, B. P. and Lochner, K. and Prothrow-Stith, D. 1997. &ldquo;Social Capital, income inequality and mortality,&rdquo; <I>American Journal of Public Health,</I> Vol.87, pp.1491-1498."},{"sequence":"33","original_text":"Kawachi, I and Kennedy, B. P. 2002. <I>The Health of Nations.</I> New York, The New Press. (『不平等が健康を損なう』西信雄・高尾総司・中山健夫監訳，2004年，日本評論社) ."},{"sequence":"34","original_text":"Kawachi, I, Subramanian, S. V. and Kim, D. 2007. <I>Social Capital and Health.</I> Springer (『ソーシャル・キャピタルと健康』藤澤由和・高尾総司・濱野強監訳，2008年，日本評論社)."},{"sequence":"35","original_text":"川上憲人・小林廉毅・橋本英樹編著. 2006. 『社会格差と健康――社会疫学からのアプローチ』東京大学出版会."},{"sequence":"36","original_text":"近藤克則. 2005. 『健康格差社会――何が心と健康を蝕むのか』医学書院."},{"sequence":"37","original_text":"Kondo, K. ed. 2010. <I>Health Inequaliteis in Japan: An Empirical Study of Older People.</I> Trans Pacific Press."},{"sequence":"38","original_text":"Kondo, N., Kawachi, I., Subramanian, S.V., Takeda, Y. and Yamagata, Z. 2008. &ldquo;Do social comparisons explain the association between income inequality and health?: Relative deprivation and perceived health among male and female Japanese individuals,&rdquo; <I>Social Science and Medicine,</I> Vol.67, pp. 982-987."},{"sequence":"39","original_text":"Kondo, N. 2012. &ldquo;Socioeconomic disparities and health: impacts and pathways,&rdquo; <I>Journal of Epidemiology,</I> Vol.22, No.1, pp.2-6."},{"sequence":"40","original_text":"河野敏鑑・齋藤有希子. 2010. 「健康保険組合データからみる職場・職域における環境要因と健康状態」『研究レポート』富士通総研経済研究所."},{"sequence":"41","original_text":"栗山浩一・庄子康. 2005. 『環境と観光の経済評価』勁草書房."},{"sequence":"42","original_text":"Layard, R. 2005. &ldquo;Rethinking Public Economics: The Implications of Rivalry and Habit,&rdquo; in Bruni, L. and Porta, P. L. (eds.), <I>Economics and Happiness Framing the Analysis.</I> Oxford University Press."},{"sequence":"43","original_text":"Lleras-Muney, A. 2005. &ldquo;The relationship between education and adult mortality in the United States,&rdquo; <I>Review of Economic Studies,</I> Vol.72, No.1, pp.189-221."},{"sequence":"44","original_text":"Lorentzen, P., McMillan, J. and Wacziarg, R. 2008. &ldquo;Death and development,&rdquo; <I>Journal of Economic Growth,</I> Vol. 13, pp.81-124."},{"sequence":"45","original_text":"Marshall, A. 1945. <I>Principles of Economics,</I> ninth variorum, Macmillan. (永澤越郎訳[1985] : 『経済学原理』, 岩波ブックセンター信山社.)."},{"sequence":"46","original_text":"Monica, &Aring;. Y., J. Fritzell, O. Lundberg, F. Diederichsen and B. Burstrom. 2003. &ldquo;Exploring relative deprivation: Is social comparison a mechanism in the relation between income and health?&rdquo; <I>Social Science &amp; Medicine,</I> Vol. 57, No. 8, pp. 1463-73."},{"sequence":"47","original_text":"Mullahy, J. and Sindelar, J. L. 1993. &ldquo;Alcoholism, work, and income,&rdquo; <I>Journal of Labor Economics,</I> Vol.l, No.3, pp.494-520."},{"sequence":"48","original_text":"Mullahy, J.and Sindelar, J. L. 1996. &ldquo;Employment, unemployment, and problem drinking,&rdquo; <I>Journal of Health Economics,</I> Vol.15, pp.409-434."},{"sequence":"49","original_text":"Nishi, A., Hashimoto, H., Noguchi, H. and Tamiya, N. 2011. &ldquo;Does co-insurance rate reduction reach poor older people?: Japan's health insurance natural experiment,&rdquo; The Global Health Metrics &amp; Evaluation: Controversies, Innovation, Accountability Conference, March, 14-16, 2011 in Seattle, WA, USA."},{"sequence":"50","original_text":"野口晴子. 2011. 「社会的・経済的要因と健康との因果性に対する諸考察」『季刊社会保障研究』Vol.46, No.4, pp.382-402."},{"sequence":"51","original_text":"大日康史・菅原民枝. 2005. 「医療・公衆衛生政策における費用対効果分析とその応用」『フィナンシャル・レビュー』July, pp.164-196."},{"sequence":"52","original_text":"小塩隆士. 2009. 「所得格差と健康――日本における実証研究の展望と課題」『医療経済研究』Vol.21, No.2, pp.87-98."},{"sequence":"53","original_text":"Oshio, T. and Kobayashi, M. 2009. &ldquo;Income inequality, area-level poverty, perceived aversion to inequality, and self-rated health in Japan,&rdquo; <I>Social Science &amp; Medicine,</I> 69, 317-326."},{"sequence":"54","original_text":"Oshio, T., Nozaki, K. and Kobayashi, M. 2011. &ldquo;Relative income and happiness in Asia: Evidence from nationwide surveys in China, Japan, and Korea,&rdquo; <I>Social Indicators Research,</I> Vol.104, No.3, pp.351-368."},{"sequence":"55","original_text":"Oshio, T., Umeda, M. and Kawakami, N. 2012. &ldquo;Childhood adversity and adulthood subjective well-being: Evidence from Japan,&rdquo; <I>Journal of Happiness Studies,</I> June, pp.1-19."},{"sequence":"56","original_text":"小塩隆士・浦川邦夫. 2011. 「主観的厚生に関する相対所得仮説の検証――幸福感・健康感・信頼感」『経済研究』Vol.63, No.1, pp.42-55."},{"sequence":"57","original_text":"Oshio, T. and Urakawa, K. 2012. &ldquo;Neighbourhood satisfaction, self-rated health, and psychological attributes: A multilevel analysis in Japan,&rdquo; <I>Journal of Environmental Psychology,</I> Vol.32, No.4, pp.410-417."},{"sequence":"58","original_text":"Rivera, B. and Currais, L. 1999. &ldquo;Economic growth and health: direct impact or reverse causation?&rdquo; <I>Applied Economics Letters,</I> Vol.6, pp.761-764."},{"sequence":"59","original_text":"Rosano, A., Mancini, F and Solipaca, A. 2009. &ldquo;Poverty in People with Disabilities: Indicators from the Capability Approach,&rdquo; <I>Social Indicators Research,</I> Vol.94, pp.75-82."},{"sequence":"60","original_text":"Ruhm, C. J. 1995. &ldquo;Economic conditions and alcohol problems,&rdquo; <I>Journal of Health Economics,</I> Vol.14, No.5, pp.583-603."},{"sequence":"61","original_text":"Ryan, M. 2004. &ldquo;Discrete Choice Experiments in Health Care,&rdquo; <I>British Medical Journal,</I> Vol, 328, pp.60-61."},{"sequence":"62","original_text":"Ryan, M., Skatun, D. and Major, K. 2008. &ldquo;Using Discrete Choice Experiments to Go beyond Clinical Outcomes When Evaluating Clinical Practice,&rdquo; Ryan, M., Gerard, K. and Amaya-Amaya, M. [Eds] (2008), <I>Using Discrete Choice Experiments to Value Health and Health Care,</I> pp.101-116., Springer."},{"sequence":"63","original_text":"Shibuya, K., Hashimoto, H. and Yano, E. 2002. &ldquo;Individual income, income distribution, and self-rated health in Japan: cross sectional analysis of nationally representative sample,&rdquo; <I>British Medical Journal,</I> 324, 37-60."},{"sequence":"64","original_text":"Smith, A. 1759. <I>The Theory of Moral Sentiments.</I> University of Grasgow, London. ([邦訳]アダム・スミス著，水田洋訳(2003),『道徳感情論』岩波文庫)."},{"sequence":"65","original_text":"Smith, J. P. 1999. &ldquo;Healthy bodies and thick wallets: The dual relation between health and economic status,&rdquo; <I>Journal of Economic Perspective,</I> Vol.13, No.2, pp.145-166."},{"sequence":"66","original_text":"Strauss, J. 1986. &ldquo;Does better nutrition raise farm productivity,&rdquo; <I>Journal of Political Economy,</I> Vol.94, No.2, pp.297-320."},{"sequence":"67","original_text":"橘木俊詔・浦川邦夫. 2012. 『日本の地域間格差』日本評論社."},{"sequence":"68","original_text":"Todaro, M. P. and Smith, S. C. 2011. <I>Economic Development</I> [11th Edition]. Addison Wesley."},{"sequence":"69","original_text":"土屋政雄. 2012. 「労働者における精神障害の有病率と生産性損失」『日本社会精神医学会雑誌』Vol.21, No.4, pp.535-540."},{"sequence":"70","original_text":"Tsuchiya, M, Kawakami. N, Ono, Y. et al. &ldquo;Impact of mental disorders on work performance in a community sample of workers in Japan: The World Mental Health Japan Survey 2002-2005,&rdquo; <I>Psychiatry Res,</I> (jn press)."},{"sequence":"71","original_text":"浦川邦夫. 2011. 「幸福度研究の現状――将来不安への処方箋」『日本労働研究雑誌』pp.4-15."},{"sequence":"72","original_text":"浦川邦夫・松浦司. 2007. 「相対的格差が生活満足度に与える影響――「消費生活に関するパネル調査」による分析」『季刊家計経済研究』No.73, pp.61-70."},{"sequence":"73","original_text":"浦川邦夫・齋藤隆志. 2010. 「公的医療制度の評価に関する研究――選択型実験によるアプローチ」『ファイザーヘルスリサーチ振興財団 国内共同研究成果報告書』pp.1-27."},{"sequence":"74","original_text":"Viney, R., Savage, E. and Louviere, J. 2008. &ldquo;Empirical investigation of experimental design properties of discrete choice experiments in health care,&rdquo; <I>Health Economics,</I> Vol.14, pp.349-362."},{"sequence":"75","original_text":"Weil, D. 2007. &ldquo;Accounting for the effect of health on economic growth,&rdquo; <I>Quarterly Journal of Economics,</I> Vol.122, No.3, pp.1265-1306."},{"sequence":"76","original_text":"Wilcox, V. L., Kasl, S. V., &amp; Idler, E. L. 1996. &ldquo;Self-rated health and physical disability in elderly survivors of a major medical event,&rdquo; <I>Journal of Gerontology: Social Sciences,</I> 51B, S96-S104."},{"sequence":"77","original_text":"Wilkinson, R. G. 1992. &ldquo;Income distribution and life expectancy,&rdquo; <I>British Medical Journal,</I> 304, 165-168."},{"sequence":"78","original_text":"Wilkinson, R. G. and Pickett, K. E. 2006. &ldquo;Income inequality and population health: A Review and Explanation of the Evidence,&rdquo; <I>Social Science &amp; Medicine,</I> 62, 1768-1784."},{"sequence":"79","original_text":"湯田道生. 2011. 「健康状態と労働生産性」『日本労働研究雑誌』No.601, pp.25-36."},{"sequence":"80","original_text":"Zarkin,G. A., French, M. T., Mroz, T. and Bray, J.W. 1998. &ldquo;Alcohol use and wages: new results from the national household survey on drug abuse,&rdquo; <I>Journal of Health Economics,</I> Vol.17, pp.53-68."}]}}