{"status":"OK","apiType":"doi","apiVersion":"1.0.0","message":{"total":1,"rows":1,"totalPages":1,"page":1},"data":{"siteId":"SI/JST.JSTAGE","content_type":"JA","doi":"10.11218/ojjams.14.2_119","url":"https://doi.org/10.11218/ojjams.14.2_119","ra":"JaLC","prefix":"10.11218","site_name":"J-STAGE","publisher_list":[{"publisher_name":"Japanese Association For Mathematical Sociology","lang":"en"},{"publisher_name":"数理社会学会","lang":"ja"}],"title_list":[{"lang":"ja","title":"行列演算による結合度測定のアルゴリズム"},{"lang":"en","title":"The Algorithm for the Measurement of Connectivity by Matrix Operation"}],"creator_list":[{"sequence":"1","type":"person","names":[{"lang":"ja","last_name":"木村","first_name":"泰之"},{"lang":"en","last_name":"KIMURA","first_name":"Yasuyuki"}],"affiliation_list":[{"affiliation_name":"College of Social Relations<BR>Rikkyo University","sequence":"1","lang":"en"},{"affiliation_name":"立教大学","sequence":"1","lang":"ja"}]},{"sequence":"2","type":"person","names":[{"lang":"ja","last_name":"山口","first_name":"和範"},{"lang":"en","last_name":"YAMAGUCHI","first_name":"Kazunori"}],"affiliation_list":[{"affiliation_name":"College of Social Relations<BR>Rikkyo University","sequence":"1","lang":"en"},{"affiliation_name":"立教大学","sequence":"1","lang":"ja"}]},{"sequence":"3","type":"person","names":[{"lang":"ja","last_name":"北山","first_name":"聡"},{"lang":"en","last_name":"KITAYAMA","first_name":"Satoshi"}],"affiliation_list":[{"affiliation_name":"Japan Society for the Promotion of Science<BR>Keio Research Institute at SFC","sequence":"2","lang":"en"},{"affiliation_name":"慶應義塾大学、日本学術振興会","sequence":"2","lang":"ja"}]}],"publication_date":{"publication_year":"1999"},"relation_list":[{"content":"https://www.jstage.jst.go.jp/article/ojjams/14/2/14_2_119/_pdf","type":"URL","relation":"fullTextPdf"}],"content_language":"ja","updated_date":"2016-09-29","article_type":"pub","journal_id_list":[{"journal_id":"0913-1442","type":"ISSN","issn_type":"print"},{"journal_id":"1881-6495","type":"ISSN","issn_type":"online"},{"journal_id":"ojjams","type":"JID"}],"journal_title_name_list":[{"journal_title_name":"Sociological Theory and Methods","type":"full","lang":"en"},{"journal_title_name":"Sociological Theory and Methods","type":"abbreviation","lang":"en"},{"journal_title_name":"理論と方法","type":"full","lang":"ja"},{"journal_title_name":"理論と方法","type":"abbreviation","lang":"ja"}],"journal_classification":"01","recorded_year":"1986-2013","volume":"14","issue":"2","first_page":"2_119","last_page":"2_125","date":"2016-09-30","keyword_list":[{"keyword":"path theorem","sequence":"1","lang":"en"},{"keyword":"パス定理","sequence":"1","lang":"ja"},{"keyword":"diameter of graph","sequence":"2","lang":"en"},{"keyword":"グラフの直径","sequence":"2","lang":"ja"},{"keyword":"depth first search","sequence":"3","lang":"en"},{"keyword":"深さ優先探索","sequence":"3","lang":"ja"}],"citation_list":[{"sequence":"1","original_text":"Casti, L. J. 1995. &ldquo;The Theory of Networks.&rdquo; Pp.3-24 in D. Batten, J. Casti, and R. Thord (eds.), <I>Networks in Action: Communication, Economics and Human Knowledge</I>. Berlin: Springer-Verlag."},{"sequence":"2","original_text":"Fararo, T. J. and Sunshine, M. H. 1964. <I>A Study of a Biased Friendship Net</I>. Syracuse University Press."},{"sequence":"3","original_text":"Flament, C. 1963. <I>Applications of Graph Theory to Group Structure</I>. Prentice-Hall. ＝山本國雄訳. 1974.『グラフ理論と社会構造』紀伊国屋書店."},{"sequence":"4","original_text":"平松 闊編著. 1990.『社会ネットワーク』 福村出版."},{"sequence":"5","original_text":"平松 闊. 1988.「社会ネットワークの数理モデル─偏ネット・モデルを中心に─」『理論と方法』 3:97-103."},{"sequence":"6","original_text":"Hummon, P. N. and Doreian, P. 1989. &ldquo;Computational Methods for Social Network Analysis.&rdquo; <I>Social Networks</I> 12:273-288"},{"sequence":"7","original_text":"Knoke, D., and Kuklinski, H. J. 1982. <I>Network Analysis</I>. Sage Publications."},{"sequence":"8","original_text":"Skvoretz, J. 1985. &ldquo;Random and Biased Networks: Simulation and Approximation.&rdquo; <I>Social Networks</I> 7:225-261."}]}}