{"status":"OK","apiType":"doi","apiVersion":"1.0.0","message":{"total":1,"rows":1,"totalPages":1,"page":1},"data":{"siteId":"SI/JST.JSTAGE","content_type":"JA","doi":"10.11218/ojjams.20.157","url":"https://doi.org/10.11218/ojjams.20.157","ra":"JaLC","prefix":"10.11218","site_name":"J-STAGE","publisher_list":[{"publisher_name":"Japanese Association For Mathematical Sociology","lang":"en"},{"publisher_name":"数理社会学会","lang":"ja"}],"title_list":[{"lang":"en","title":"Development of Parametric Simulation Models for Structural Analysis of Voting Behaviors in Public Referendum"}],"creator_list":[{"sequence":"1","type":"person","names":[{"lang":"en","last_name":"OHE","first_name":"Mizue"}],"affiliation_list":[{"affiliation_name":"School of Policy Studies, Kwansei Gakuin University","sequence":"1","lang":"en"},{"affiliation_name":"School of Policy Studies, Kwansei Gakuin University","sequence":"1","lang":"ja"}]},{"sequence":"2","type":"person","names":[{"lang":"en","last_name":"IGAKI","first_name":"Nobuko"}],"affiliation_list":[{"affiliation_name":"School of Policy Studies, Kwansei Gakuin University","sequence":"1","lang":"en"},{"affiliation_name":"School of Policy Studies, Kwansei Gakuin University","sequence":"1","lang":"ja"}]},{"sequence":"3","type":"person","names":[{"lang":"en","last_name":"SUMITA","first_name":"Ushio"}],"affiliation_list":[{"affiliation_name":"Graduate School of Systems and Information Engineering, University of Tsukuba","sequence":"2","lang":"en"},{"affiliation_name":"Graduate School of Systems and Information Engineering, University of Tsukuba","sequence":"2","lang":"ja"}]}],"publication_date":{"publication_year":"2005"},"relation_list":[{"content":"https://www.jstage.jst.go.jp/article/ojjams/20/2/20_2_157/_pdf","type":"URL","relation":"fullTextPdf"}],"content_language":"en","updated_date":"2017-03-23","article_type":"pub","journal_id_list":[{"journal_id":"0913-1442","type":"ISSN","issn_type":"print"},{"journal_id":"1881-6495","type":"ISSN","issn_type":"online"},{"journal_id":"ojjams","type":"JID"}],"journal_title_name_list":[{"journal_title_name":"Sociological Theory and Methods","type":"full","lang":"en"},{"journal_title_name":"Sociological Theory and Methods","type":"abbreviation","lang":"en"},{"journal_title_name":"理論と方法","type":"full","lang":"ja"},{"journal_title_name":"理論と方法","type":"abbreviation","lang":"ja"}],"journal_classification":"01","recorded_year":"1986-2013","volume":"20","issue":"2","first_page":"157","last_page":"176","date":"2007-07-06","keyword_list":[{"keyword":"public referendum","sequence":"1","lang":"en"},{"keyword":"voting behavior","sequence":"2","lang":"en"},{"keyword":"parametric simulation models","sequence":"3","lang":"en"},{"keyword":"transition probability matrices","sequence":"4","lang":"en"}],"citation_list":[{"sequence":"1","doi":"10.2307/2111531","journal_title_name_list":[{"journal_title_name":"American Journal of Political Science","lang":"en"}],"title_list":[{"lang":"en","title":"Rational Choice and Turnout"}],"volume":"37","first_page":"246","last_page":"278","publication_date":{"publication_year":"1993"},"content_language":"en","original_text":"Aldrich, John H. 1993. &ldquo;Rational Choice and Turnout.&rdquo; American Journal of Political Science 37(1): 246-278."},{"sequence":"2","journal_title_name_list":[{"journal_title_name":"Social Choice and Welfare","lang":"en"}],"title_list":[{"lang":"en","title":"Discontinuity and Non-Existence of Equilibrium in the Probabilistic Spatial Voting Model"}],"volume":"16","first_page":"533","last_page":"556","publication_date":{"publication_year":"1999"},"content_language":"en","original_text":"Ball, Richard 1999. &ldquo;Discontinuity and Non-Existence of Equilibrium in the Probabilistic Spatial Voting Model.&rdquo; Social Choice and Welfare 16(4): 533-556."},{"sequence":"3","doi":"10.1002/bs.3830360208","journal_title_name_list":[{"journal_title_name":"Behavioral Science","lang":"en"}],"title_list":[{"lang":"en","title":"Simulation of Global and Local Intransitivities in a Simple Voting Game under Majority Rule"}],"volume":"36","first_page":"148","last_page":"156","publication_date":{"publication_year":"1991"},"content_language":"en","original_text":"Browne, Eric C. and James, Peggy A. 1991. &ldquo;Simulation of Global and Local Intransitivities in a Simple Voting Game under Majority Rule.&rdquo; Behavioral Science 36(2): 148-156."},{"sequence":"4","journal_title_name_list":[{"journal_title_name":"Public Choice","lang":"en"}],"title_list":[{"lang":"en","title":"The Impact of Rational Participation Models on Voting Attitudes"}],"volume":"35","first_page":"549","last_page":"564","publication_date":{"publication_year":"1980"},"content_language":"en","original_text":"Brunk, Gregory G. 1980. &ldquo;The Impact of Rational Participation Models on Voting Attitudes.&rdquo; Public Choice 35(5): 549-564."},{"sequence":"5","journal_title_name_list":[{"journal_title_name":"American Journal of Political Science","lang":"en"}],"title_list":[{"lang":"en","title":"Robustness of the Multidimensional Voting Model: Candidate Motivations, Uncertainty, and Convergence"}],"volume":"29","first_page":"69","last_page":"95","publication_date":{"publication_year":"1985"},"content_language":"en","original_text":"Calvert, Randall L. 1985. &ldquo;Robustness of the Multidimensional Voting Model: Candidate Motivations, Uncertainty, and Convergence.&rdquo; American Journal of Political Science 29(1): 69-95."},{"sequence":"6","original_text":"Cohen, Bernard P. 1963. Conflict and Conformity: A Probability Model and Its Application. M.I.T. Press"},{"sequence":"7","original_text":"Fararo, Thomas J. 1973. Mathematical Sociology: An Introduction to Fundamentals. John Wiley &amp; Sons."},{"sequence":"8","journal_title_name_list":[{"journal_title_name":"Public Choice","lang":"en"}],"title_list":[{"lang":"en","title":"Under Two Flags: Symbolic Voting the State of Mississippi"}],"volume":"118","first_page":"105","last_page":"124","publication_date":{"publication_year":"2004"},"content_language":"en","original_text":"Karahan, Gokhan R. and William F. S. 2004. &ldquo;Under Two Flags: Symbolic Voting the State of Mississippi.&rdquo; Public Choice 118: 105-124."},{"sequence":"9","original_text":"Kemeny John G. and Snell, Laurie J. 1962. Mathematical Models in the Social Sciences, GINN and Company."},{"sequence":"10","doi":"10.1016/0022-0531(76)90040-5","journal_title_name_list":[{"journal_title_name":"Journal of Economic Theory","lang":"en"}],"title_list":[{"lang":"en","title":"Intransitivities in Multidimensional Voting Models and Some Implications for Agenda Control\""}],"volume":"12","first_page":"472","last_page":"482","publication_date":{"publication_year":"1976"},"content_language":"en","original_text":"McKelevey, G. H. 1976. &ldquo;Intransitivities in Multidimensional Voting Models and Some Implications for Agenda Control\".&rdquo; Journal of Economic Theory 12: 472-482."},{"sequence":"11","doi":"10.2307/1911951","journal_title_name_list":[{"journal_title_name":"Econometrica","lang":"en"}],"title_list":[{"lang":"en","title":"General Conditions for Global Intransitivies in Formal Voting Models"}],"volume":"47","first_page":"1085","last_page":"1112","publication_date":{"publication_year":"1979"},"content_language":"en","original_text":"McKelevey, G. H. 1979. &ldquo;General Conditions for Global Intransitivies in Formal Voting Models.&rdquo; Econometrica 47: 1085-1112."},{"sequence":"12","journal_title_name_list":[{"journal_title_name":"Review of Economic Studies","lang":"en"}],"title_list":[{"lang":"en","title":"Instability of Simple Dynamic Games"}],"volume":"XLV","first_page":"575","last_page":"594","publication_date":{"publication_year":"1978"},"content_language":"en","original_text":"Schofield, N. 1978. &ldquo;Instability of Simple Dynamic Games.&rdquo; Review of Economic Studies XLV: 575-594."},{"sequence":"13","journal_title_name_list":[{"journal_title_name":"Public Choice","lang":"en"}],"title_list":[{"lang":"en","title":"The Public Acceptance of Green Taxes: 2 Million Voters Express Their Opinion"}],"volume":"119","first_page":"179","last_page":"217","publication_date":{"publication_year":"2004"},"content_language":"en","original_text":"Thalmann, P. 2004. &ldquo;The Public Acceptance of Green Taxes: 2 Million Voters Express Their Opinion.&rdquo; Public Choice 119: 179-217."}]}}