{"status":"OK","apiType":"doi","apiVersion":"1.0.0","message":{"total":1,"rows":1,"totalPages":1,"page":1},"data":{"siteId":"SI/JST.JSTAGE","content_type":"JA","doi":"10.11218/ojjams.15.331","url":"https://doi.org/10.11218/ojjams.15.331","ra":"JaLC","prefix":"10.11218","site_name":"J-STAGE","publisher_list":[{"publisher_name":"Japanese Association For Mathematical Sociology","lang":"en"},{"publisher_name":"数理社会学会","lang":"ja"}],"title_list":[{"lang":"ja","title":"ニューコーム問題と逆因果律","subtitle":"―「プロテスタンティズムの倫理」のフォーマライゼーション―"},{"lang":"en","title":"Newcomb's Problem and Backward Causality :","subtitle":"Formalization of Weber's Protestant Ethic"}],"creator_list":[{"sequence":"1","type":"person","names":[{"lang":"ja","last_name":"鈴木","first_name":"譲"},{"lang":"en","last_name":"SUZUKI","first_name":"Yuzuru"}],"affiliation_list":[{"affiliation_name":"Graduate School of Human-Environment Studies<BR>Kyushu University","sequence":"1","lang":"en"},{"affiliation_name":"九州大学","sequence":"1","lang":"ja"}]}],"publication_date":{"publication_year":"2000"},"relation_list":[{"content":"https://www.jstage.jst.go.jp/article/ojjams/15/2/15_331/_pdf","type":"URL","relation":"fullTextPdf"}],"content_language":"ja","updated_date":"2016-09-29","article_type":"pub","journal_id_list":[{"journal_id":"0913-1442","type":"ISSN","issn_type":"print"},{"journal_id":"1881-6495","type":"ISSN","issn_type":"online"},{"journal_id":"ojjams","type":"JID"}],"journal_title_name_list":[{"journal_title_name":"Sociological Theory and Methods","type":"full","lang":"en"},{"journal_title_name":"Sociological Theory and Methods","type":"abbreviation","lang":"en"},{"journal_title_name":"理論と方法","type":"full","lang":"ja"},{"journal_title_name":"理論と方法","type":"abbreviation","lang":"ja"}],"journal_classification":"01","recorded_year":"1986-2013","volume":"15","issue":"2","first_page":"331","last_page":"344","date":"2016-09-30","keyword_list":[{"keyword":"Newcomb's problem","sequence":"1","lang":"en"},{"keyword":"ニューコーム問題","sequence":"1","lang":"ja"},{"keyword":"backward causality","sequence":"2","lang":"en"},{"keyword":"逆因果律","sequence":"2","lang":"ja"},{"keyword":"rationality","sequence":"3","lang":"en"},{"keyword":"合理性","sequence":"3","lang":"ja"},{"keyword":"decision making","sequence":"4","lang":"en"},{"keyword":"意思決定","sequence":"4","lang":"ja"}],"citation_list":[{"sequence":"1","original_text":"Bar-Hillel, M., and A. Margalit. 1972. &ldquo;Newcomb's Paradox Revisited.&rdquo; <I>British Journal for the Philosophy of Science</I>. 23: 295-304."},{"sequence":"2","original_text":"Campbell, Richmond. 1985. &ldquo;Background for the Uninitiated.&rdquo; In <I>Paradoxes of Rationality and Cooperation: Prisoner's Dilemma and Newcomb's Problem</I>, ed. R. Campbell and L. Sowden, pp. 3-41. Vancouver, Canada: The University of British Columbia Press."},{"sequence":"3","original_text":"Campbell, Richmond, and Lanning Sowden, eds. 1985. <I>Paradoxes of Rationality and Cooperation: Prisoner's Dilemma and Newcomb's Problem</I>. Vancouver, Canada: The University of British Columbia Press."},{"sequence":"4","original_text":"Coleman, James S. 1986. &ldquo;Social Theory, Social Research, and a Theory of Action.&rdquo; <I>American Journal of Sociology</I>. 91: 1309-1335."},{"sequence":"5","original_text":"Cragile, J. 1975. &ldquo;Newcomb's Paradox.&rdquo; <I>British Journal for the Philosophy of Science</I>. 26: 234-239."},{"sequence":"6","original_text":"Gibbard, Allan, and William L. Harper. 1985. &ldquo;Counterfactuals and Two Kinds of Expected Utility.&rdquo; In <I>Paradoxes of Rationality and Cooperation: Prisoner's Dilemma and Newcomb's Problem</I>, ed. R. Campbell and L. Sowden, pp. 133-158. Vancouver, Canada: The University of British Columbia Press."},{"sequence":"7","original_text":"Horgan, Terence. 1981. &ldquo;Counterfactuals and Newcomb's Problem.&rdquo; <I>Journal of Philosophy</I>. 78: 331-356."},{"sequence":"8","original_text":"Irvine, A.D. 1993. &ldquo;How Braess' Paradox Solves Newcomb's Problem.&rdquo; <I>International Studies in Philosophy of Science</I>. 7: 145-164."},{"sequence":"9","original_text":"Levi, Isaac. 1982. &ldquo;A Note on Newcombmania.&rdquo; <I>Journal of Philosophy</I>. 79: 337-382."},{"sequence":"10","original_text":"Mackie, J.L. 1977. &ldquo;Newcomb's Paradox and the Direction of Causation.&rdquo; <I>Canadian Journal of Philosophy</I>. 7: 213-225."},{"sequence":"11","original_text":"Nagel, Ernest, and James R. Newman. 1958. <I>Godel's Proof</I>. New York: New York University Press."},{"sequence":"12","original_text":"Nozick, Robert. 1985. &ldquo;Newcomb's Problem and Two Principles of Choice.&rdquo; In <I>Paradoxes of Rationality and Cooperation: Prisoner's Dilemma and Newcomb's Problem</I>, ed. R. Campbell and L. Sowden, pp. 107-133. Vancouver, Canada: The University of British Columbia Press."},{"sequence":"13","original_text":"Nozick, Robert. 1993. <I>The Nature of Rationality</I>. Princeton, NJ: Princeton University Press."},{"sequence":"14","original_text":"Olin, D. 1976. &ldquo;Newcomb's Problem: Further Investigation.&rdquo; <I>American Philosophical Quarterly</I>. 13: 129-133."},{"sequence":"15","original_text":"Weber, Max. 1920. Die protestantische Ethik und der &raquo;Geist&laquo; des Kapitalismus, <I>Gesammelte Aufsatze zur Religionssoziologie</I>, Bd. 1, SS. 17-206. =大塚久雄訳. 1989.『プロテスタンティズムの倫理と資本主義の精神』. 岩波書店."}]}}