{"status":"OK","apiType":"doi","apiVersion":"1.0.0","message":{"total":1,"rows":1,"totalPages":1,"page":1},"data":{"siteId":"SI/JST.JSTAGE","content_type":"JA","doi":"10.11218/ojjams.13.5","url":"https://doi.org/10.11218/ojjams.13.5","ra":"JaLC","prefix":"10.11218","site_name":"J-STAGE","publisher_list":[{"publisher_name":"Japanese Association For Mathematical Sociology","lang":"en"},{"publisher_name":"数理社会学会","lang":"ja"}],"title_list":[{"lang":"ja","title":"社会移動からみた近代都市東京の形成過程","subtitle":"―都市移住者の計量歴史社会学―"},{"lang":"en","title":"The Historical Process of urbanization and lndustrialization in Modem Tokyo :","subtitle":"based on the perspective of Social Mobility"}],"creator_list":[{"sequence":"1","type":"person","names":[{"lang":"ja","last_name":"粒来","first_name":"香"},{"lang":"en","last_name":"TSUBURAI","first_name":"Kaoru"}],"affiliation_list":[{"affiliation_name":"Department of Social Engineering<BR>Graduate School, Tokyo lnstitute of Technology","sequence":"1","lang":"en"},{"affiliation_name":"東京工業大学","sequence":"1","lang":"ja"}]}],"publication_date":{"publication_year":"1998"},"relation_list":[{"content":"https://www.jstage.jst.go.jp/article/ojjams/13/1/13_5/_pdf","type":"URL","relation":"fullTextPdf"}],"content_language":"ja","updated_date":"2016-09-29","article_type":"pub","journal_id_list":[{"journal_id":"0913-1442","type":"ISSN","issn_type":"print"},{"journal_id":"1881-6495","type":"ISSN","issn_type":"online"},{"journal_id":"ojjams","type":"JID"}],"journal_title_name_list":[{"journal_title_name":"Sociological Theory and Methods","type":"full","lang":"en"},{"journal_title_name":"Sociological Theory and Methods","type":"abbreviation","lang":"en"},{"journal_title_name":"理論と方法","type":"full","lang":"ja"},{"journal_title_name":"理論と方法","type":"abbreviation","lang":"ja"}],"journal_classification":"01","recorded_year":"1986-2013","volume":"13","issue":"1","first_page":"5","last_page":"22","date":"2016-09-30","keyword_list":[{"keyword":"Urbanization","sequence":"1","lang":"en"},{"keyword":"都市化","sequence":"1","lang":"ja"},{"keyword":"Industrialization","sequence":"2","lang":"en"},{"keyword":"産業化","sequence":"2","lang":"ja"},{"keyword":"Migration","sequence":"3","lang":"en"},{"keyword":"都市流入","sequence":"3","lang":"ja"},{"keyword":"Interwar-period","sequence":"4","lang":"en"},{"keyword":"戦間期","sequence":"4","lang":"ja"},{"keyword":"Postwar-period","sequence":"5","lang":"en"},{"keyword":"戦後期","sequence":"5","lang":"ja"}],"citation_list":[{"sequence":"1","original_text":"天野郁夫. 1996.『日本の教育システム』. 東京大学出版会."},{"sequence":"2","original_text":"江波戸昭. 1987.『東京の地域研究』. 大明堂."},{"sequence":"3","original_text":"江口英一・山崎清. 1961.「日本の社会構成の変化について一都市における─」.『日本労働協会雑誌』No.22: 28-46."},{"sequence":"4","original_text":"藤田弘夫. 1982.『日本都市の社会学的特質』. 時潮社."},{"sequence":"5","original_text":"福井憲彦. 1995.『「新しい歴史学」とは何か―アナール派から学ぶもの』. 講談社."},{"sequence":"6","original_text":"福井憲彦. 1996.「都市への社会史の眼差し」. 井上復姓編『岩波講座　現代社会学 18　都市と都市化の社会学』第２章（pp.29-57）. 岩波書店."},{"sequence":"7","original_text":"広田照幸. 1990.「教育社会学における歴史的・社会史的研究の反省と展望」.『教育社会学研究』第47集: 76-88."},{"sequence":"8","original_text":"石塚裕道. 1991.『日本近代都市論　東京：1868-1923』. 東京大学出版会."},{"sequence":"9","original_text":"門脇厚司. 1969.「日本的『立身・出世』の意味変遷」.『教育社会学研究』第24集: 94-110."},{"sequence":"10","original_text":"門脇厚司編. 1977.『現代のエスプリ　118　立身出世』. 至文堂."},{"sequence":"11","original_text":"門脇厚司. 1988.「新中間層の量的変化と生活水準の推移」.『生活水準の歴史的分析』第６章（pp.213-249）. 総合研究開発機構."},{"sequence":"12","original_text":"神島二郎. 1961.『近代日本の精神構造』. 岩波書店."},{"sequence":"13","original_text":"神島二郎. 1971.『文明の考現学』. 東京大学出版会."},{"sequence":"14","original_text":"加瀬和俊. 1991.「1920年代における男子労働力の都市流入構造についての一考察」.『東京水産大学論集』26号: 89-104."},{"sequence":"15","original_text":"川島武宜. 1957.『イデオロギーとしての家族制度』. 岩波書店."},{"sequence":"16","original_text":"川島武宜編. 1965.『農家相続と農地』. 東京大学出版会."},{"sequence":"17","original_text":"清川郁子. 1992.「『壮丁調査』にみる義務制就学の普及─近代日本におけるリテラシーと公教育制度の成立─」.『教育社会学研究』第51集: 111-135."},{"sequence":"18","original_text":"国民生活審議会調査部会. 1968.『コミュニティ―生活の場における人間性の回復─』. 経済企画庁国民生活局"},{"sequence":"19","original_text":"小浜ふみ子. 1995.「下町地域における町内社会の担い手層一戦前期下谷区を事例として─」.『社会学評論』46巻２号: 62-77."},{"sequence":"20","original_text":"倉沢 進. 1969.『日本の都市社会』. 福村出版."},{"sequence":"21","original_text":"黒田俊夫. 1976.『日本人口の転換構造』. 古今書院."},{"sequence":"22","original_text":"Lee, E, S. 1966. &ldquo;A Theory of Migration&rdquo;. <I>Demography</I>. 3 (1): 47-57."},{"sequence":"23","original_text":"Lipset, S. M., and R. Bendix. 1959. <I>Social Mobility in Industrial Society</I>. University of California Press. =鈴木広訳. 1969.『産業社会の構造』. サイマル出版会."},{"sequence":"24","original_text":"見田宗介. 1971.『現代日本の心情と論理』. 筑摩書房."},{"sequence":"25","original_text":"見田宗介. 1978.『近代日本の心情の歴史』. 講談社."},{"sequence":"26","original_text":"宮本常一. 1961=1972.「農村文化と都市文化」.『宮本常一著作集　第２巻』. 未来社."},{"sequence":"27","original_text":"森岡清美. 1981.「国勢調査による家族の動態分析─とくに普通世帯内の使用人・同居人について─」.『家族史研究』編集委員会『家族史研究 第４集』. 大月書店."},{"sequence":"28","original_text":"中川 清. 1985.『日本の都市下層』. 勁草書房."},{"sequence":"29","original_text":"中村隆英･尾高燥之助. 1989.「概説　一九一四～三七」. 中村隆英･尾高燥之助（編）『日本経済史６　二重構造』第１章（pp.5-80）. 岩波書店."},{"sequence":"30","original_text":"並木正吉. 1960.『農村は変わる』. 岩波書店."},{"sequence":"31","original_text":"野尻重雄. 1942.『農民離村の実証的研究』. 岩波書店. 復刻版: 1978. 農山漁村文化協会."},{"sequence":"32","original_text":"尾高煌之助. 1984.『労働市場分析』. 岩波書店."},{"sequence":"33","original_text":"奥井復太郎. 1975.『都市の精神　生活論的分析』. 日本放送出版協会."},{"sequence":"34","original_text":"大淵寛・森岡仁. 1981.『経済人ロ学』. 新評論."},{"sequence":"35","original_text":"大門正克. 1993.「農村から都市へ」. 成田龍一（編）『近代日本の軌跡９　都市と民衆』第７章（pp.174-195）. 吉川弘文館."},{"sequence":"36","original_text":"沢井 実. 1995.「重化学工業化と技術者」.『日本経営史２　経営革新と工業化』第５章（pp.175-222）. 岩波書店."},{"sequence":"37","original_text":"柴田徳衛. 1976.『現代都市論【第二版】』. 東京大学出版会."},{"sequence":"38","original_text":"竹内 洋. 1991.『立志・苦学・出世一受験生の社会史』. 講談社."},{"sequence":"39","original_text":"田中重好. 1990.「町内会の歴史と分析視角」. 倉沢進・秋元律郎（編著）『町内会と地域集団』第２章（pp.27-60）. ミネルヴァ書房."},{"sequence":"40","original_text":"富永健一. 1990.『日本の近代化と社会変動─テュービンゲン講義』. 講談社."},{"sequence":"41","original_text":"粒来 香. 1995.「兄弟順位と社会移動」.（文部省科研費報告書、代表者・佐藤俊樹）『社会階層の現代的課題に関する理論的及び実証的研究』第５章（pp.69-77）."},{"sequence":"42","original_text":"塚原修一・小林淳一. 1979.「社会階層と移動における地域の役割一出身地と居住地─」. 富永健一（編）『日本の階層構造』第７章（pp.232-271）. 東京大学出版会."},{"sequence":"43","original_text":"山本 登. 1984.『大都市社会の階層構成と社会移動』. 明石書店."},{"sequence":"44","original_text":"安田三郎. 1971.『社会移動の研究』. 東京大学出版会."},{"sequence":"45","original_text":"横井敏郎. 1991.「日本近代都市史研究の展開」. 『ヒストリア』130号: 108-120."},{"sequence":"46","original_text":"横山源之助. 1899.『日本之下層社会』. 教文館. 岩波文庫版."}]}}