{"status":"OK","apiType":"doi","apiVersion":"1.0.0","message":{"total":1,"rows":1,"totalPages":1,"page":1},"data":{"siteId":"SI/JST.JSTAGE","content_type":"JA","doi":"10.11218/ojjams.19.17","url":"https://doi.org/10.11218/ojjams.19.17","ra":"JaLC","prefix":"10.11218","site_name":"J-STAGE","publisher_list":[{"publisher_name":"Japanese Association For Mathematical Sociology","lang":"en"},{"publisher_name":"数理社会学会","lang":"ja"}],"title_list":[{"lang":"ja","title":"特集　社会科学におけるエージェント・ベースト・モデルの最前線"},{"lang":"en","title":"Special Section: Frontiers of Agent Based Model in Social Science"}],"creator_list":[{"sequence":"1","type":"person","names":[{"lang":"ja","last_name":"辻","first_name":"竜平"},{"lang":"en","last_name":"TSUJI","first_name":"Ryuhei"}]},{"sequence":"2","type":"person","names":[{"lang":"ja","last_name":"渡邊","first_name":"勉"},{"lang":"en","last_name":"WATANABE","first_name":"Tsutomu"}]}],"publication_date":{"publication_year":"2004"},"relation_list":[{"content":"https://www.jstage.jst.go.jp/article/ojjams/19/1/19_1_17/_pdf","type":"URL","relation":"fullTextPdf"}],"content_language":"ja","updated_date":"2017-03-23","article_type":"pub","journal_id_list":[{"journal_id":"0913-1442","type":"ISSN","issn_type":"print"},{"journal_id":"1881-6495","type":"ISSN","issn_type":"online"},{"journal_id":"ojjams","type":"JID"}],"journal_title_name_list":[{"journal_title_name":"Sociological Theory and Methods","type":"full","lang":"en"},{"journal_title_name":"Sociological Theory and Methods","type":"abbreviation","lang":"en"},{"journal_title_name":"理論と方法","type":"full","lang":"ja"},{"journal_title_name":"理論と方法","type":"abbreviation","lang":"ja"}],"journal_classification":"01","recorded_year":"1986-2013","volume":"19","issue":"1","first_page":"17","last_page":"20","date":"2008-12-22","citation_list":[{"sequence":"1","original_text":"Axelrod, R. 1997. <I>The Complexity of Cooperation</I>, Princeton University Press. ＝2003. 寺野隆雄監訳『対立と協調の科学―エージェント・ベース・モデルによる複雑系の解明―』ダイヤモンド社．"},{"sequence":"2","original_text":"出口弘. 2004.「エージェントベース社会科学の歴史と現状」mimeo."},{"sequence":"3","original_text":"Epstein, J. and Axtell, R. 1996. <I>Growing Artificial Societies</I>, The MIT Press. =1999. 服部正太・木村香代子訳『人工社会―複雑系とマルチエージェント・シミュレーション―』構造計画研究所."},{"sequence":"4","original_text":"Macy, M. W. and R. Willer. 2002. &ldquo;From Factors to Actors: Computational Sociology and Agent-Based Modeling.&rdquo; <I>Annual Review of Sociology</I> 28: 143-66."},{"sequence":"5","original_text":"Skvoretz, J. 2000. &ldquo;Looking Backwards into the Future: Mathematical Sociology Then and Now.&rdquo; <I>Sociological Theory</I> 18 (3): 510-17."}]}}