{"status":"OK","apiType":"doi","apiVersion":"1.0.0","message":{"total":1,"rows":1,"totalPages":1,"page":1},"data":{"siteId":"SI/JST.JSTAGE","content_type":"JA","doi":"10.11218/ojjams.29.207","url":"https://doi.org/10.11218/ojjams.29.207","ra":"JaLC","prefix":"10.11218","site_name":"J-STAGE","publisher_list":[{"publisher_name":"Japanese Association For Mathematical Sociology","lang":"en"},{"publisher_name":"数理社会学会","lang":"ja"}],"title_list":[{"lang":"ja","title":"英語論文執筆の技法"}],"creator_list":[{"sequence":"1","type":"person","names":[{"lang":"ja","last_name":"石田","first_name":"浩"},{"lang":"en","last_name":"ISHIDA","first_name":"Hiroshi"}],"affiliation_list":[{"affiliation_name":"The University of Tokyo","sequence":"1","lang":"en"},{"affiliation_name":"東京大学","sequence":"1","lang":"ja"}]}],"publication_date":{"publication_year":"2014"},"relation_list":[{"content":"https://www.jstage.jst.go.jp/article/ojjams/29/1/29_207/_pdf","type":"URL","relation":"fullTextPdf"}],"content_language":"ja","updated_date":"2016-07-09","article_type":"pub","journal_id_list":[{"journal_id":"0913-1442","type":"ISSN","issn_type":"print"},{"journal_id":"1881-6495","type":"ISSN","issn_type":"online"},{"journal_id":"ojjams","type":"JID"}],"journal_title_name_list":[{"journal_title_name":"Sociological Theory and Methods","type":"full","lang":"en"},{"journal_title_name":"Sociological Theory and Methods","type":"abbreviation","lang":"en"},{"journal_title_name":"理論と方法","type":"full","lang":"ja"},{"journal_title_name":"理論と方法","type":"abbreviation","lang":"ja"}],"journal_classification":"01","recorded_year":"1986-2013","volume":"29","issue":"1","first_page":"207","last_page":"218","date":"2016-07-10","citation_list":[{"sequence":"1","original_text":"Ishida, Hiroshi, John H. Goldthorpe, and Robert Erikson. 1991. &ldquo;Intergenerational Class Mobility in Postwar Japan.&rdquo; <I>American Journal of Sociology</I> 96 (January): 954-992."},{"sequence":"2","original_text":"Ishida, Hiroshi, Seymour Spilerman, and Kuo-Hsien Su. 1996. &ldquo;Educational Credentials and Promotion Chances in Japanese and American Organizations.&rdquo; <I>American Sociological Review</I> 62 (December): 866-882."},{"sequence":"3","original_text":"Jacobs, Jerry J. 2011. &ldquo;Journal Rankings in Sociology: Using the H Index with Google Scholar.&rdquo; Population Studies Center Working Paper Series PSC 11-05, University of Pennsylvania. (URL: http://repository.upenn.edu/psc_working_papers/29/)."}]}}