{"status":"OK","apiType":"doi","apiVersion":"1.0.0","message":{"total":1,"rows":1,"totalPages":1,"page":1},"data":{"siteId":"SI/JST.JSTAGE","content_type":"JA","doi":"10.11218/ojjams.23.2_65","url":"https://doi.org/10.11218/ojjams.23.2_65","ra":"JaLC","prefix":"10.11218","site_name":"J-STAGE","publisher_list":[{"publisher_name":"Japanese Association For Mathematical Sociology","lang":"en"},{"publisher_name":"数理社会学会","lang":"ja"}],"title_list":[{"lang":"ja","title":"世代間移動の性別比較","subtitle":"―職歴データによる推定―"},{"lang":"en","title":"Gender Comparison of Intergenerational Mobility :","subtitle":"Estimation Utilizing Career History Data"}],"creator_list":[{"sequence":"1","type":"person","names":[{"lang":"ja","last_name":"鹿又","first_name":"伸夫"},{"lang":"en","last_name":"KANOMATA","first_name":"Nobuo"}],"affiliation_list":[{"affiliation_name":"Keio University","sequence":"1","lang":"en"},{"affiliation_name":"慶應義塾大学","sequence":"1","lang":"ja"}]}],"publication_date":{"publication_year":"2008"},"relation_list":[{"content":"https://www.jstage.jst.go.jp/article/ojjams/23/2/23_2_2_65/_pdf","type":"URL","relation":"fullTextPdf"}],"content_language":"ja","updated_date":"2017-03-23","article_type":"pub","journal_id_list":[{"journal_id":"0913-1442","type":"ISSN","issn_type":"print"},{"journal_id":"1881-6495","type":"ISSN","issn_type":"online"},{"journal_id":"ojjams","type":"JID"}],"journal_title_name_list":[{"journal_title_name":"Sociological Theory and Methods","type":"full","lang":"en"},{"journal_title_name":"Sociological Theory and Methods","type":"abbreviation","lang":"en"},{"journal_title_name":"理論と方法","type":"full","lang":"ja"},{"journal_title_name":"理論と方法","type":"abbreviation","lang":"ja"}],"journal_classification":"01","recorded_year":"1986-2013","volume":"23","issue":"2","first_page":"2_65","last_page":"2_83","date":"2009-01-05","keyword_list":[{"keyword":"intergenerational mobility","sequence":"1","lang":"en"},{"keyword":"世代間移動","sequence":"1","lang":"ja"},{"keyword":"origin-destination association","sequence":"2","lang":"en"},{"keyword":"出身―到達格差","sequence":"2","lang":"ja"},{"keyword":"gender comparison","sequence":"3","lang":"en"},{"keyword":"性別比較","sequence":"3","lang":"ja"},{"keyword":"career history data","sequence":"4","lang":"en"},{"keyword":"職歴データ","sequence":"4","lang":"ja"}],"citation_list":[{"sequence":"1","original_text":"Breen, R., 1994, &ldquo;Individual Level Models for Mobility Tables and Other Cross-classifications.&rdquo; <I>Sociological Methods and Research</I> 23 (2): 147-73."},{"sequence":"2","original_text":"Breen, R. (<I>ed.</I>) 2004. <I>Social Mobility in Europe</I>. Oxford: Oxford University Press."},{"sequence":"3","original_text":"Charles, M. and D. Grusky. 2004. <I>Occupational Ghettos: The Worldwide Segregation of Women and Men</I>. Stanford: Stanford University Press."},{"sequence":"4","original_text":"Erikson, R., J. H. Goldthorpe and L. Portocarero. 1979. &ldquo;Intergenerational Class Mobility in Three Western European Societies: England, France and Sweden.&rdquo; <I>British Journal of Sociology</I> 30: 415-41."},{"sequence":"5","original_text":"Erikson, R.1984. &ldquo;Social Class of Men, Women and Families.&rdquo; <I>Sociology</I> 18 (4): 500-14."},{"sequence":"6","original_text":"Erikson, R. and J. H. Goldthorpe. 1992. <I>The Constant Flux: A Study of Class Mobility in Industrial Societies</I>. Oxford: Clarendon Press."},{"sequence":"7","original_text":"Ganzeboom, H. B.G. and D. Treiman. 1996. &ldquo;Internationally Comparative Measures of Occupational Status for 1988 International Standard Classification of Occupations.&rdquo; <I>Social Science Research</I> 25: 201-39."},{"sequence":"8","original_text":"Goodman, L.A., 1979a, &ldquo;Simple Models for the Analysis of Associations in Cross-Classifications Having Ordered Categories.&rdquo; <I>Journal of the American Statistical Association</I> 74: 537-52."},{"sequence":"9","original_text":"Goodman, L. A., 1979b, &ldquo;Multiplicative Models for the Analysis of Occupational Mobility Tables and Other Kinds of Cross-Classification Tables.&rdquo; <I>American Journal of Sociology</I> 84: 804-19."},{"sequence":"10","original_text":"橋本健二. 2001. 『階級社会日本』青木書店."},{"sequence":"11","original_text":"原純輔・盛山和夫. 1999. 『社会階層　豊かさの中の不平等』東京大学出版会."},{"sequence":"12","original_text":"原純輔. 2002. 「産業化と階層流動性」原純輔編『流動性と社会格差』ミネルヴァ書房: 18-53."},{"sequence":"13","original_text":"Hendrickx, J. and H. B.G. Ganzeboom, 1998, &ldquo;Occupational Status Attainment in the Netherlands, 1920-90: A Multinominal Logit Analysis.&rdquo; <I>European Sociological Review</I> 14 (4): 387-403."},{"sequence":"14","original_text":"今田幸子. 1990. 「地位達成過程―閉ざされた階層空間―」岡本英雄・直井道子編『現代日本の階層構造4. 女性と社会階層』東京大学出版会: 39-62."},{"sequence":"15","original_text":"石田浩. 2000. 「産業社会の中の日本社会移動の国際比較と趨勢」原純輔編『日本の階層システム1 近代化と社会階層』東京大学出版会: 219-48."},{"sequence":"16","original_text":"Ishida, H. 2001. &ldquo;Industrialization, Class Structure, and Social Mobility in Postwar Japan.&rdquo; <I>European Journal of Sociology</I> 52 (4): 579-604."},{"sequence":"17","original_text":"石田浩. 2002. 「社会移動から見た格差の実態」宮島洋・連合総合生活開発研究所編『日本の所得分配と格差』東洋経済新報社: 65-98."},{"sequence":"18","original_text":"鹿又伸夫. 2004. 「社会科学における比較の問題: コンテキストvs. 一般原理」『知能と情報』16(3): 4-10."},{"sequence":"19","original_text":"Kanomata, N. 2008. &ldquo;Is Japan a Rigid Society to Preserve Inequality: Social Mobility along with Life Course, 1918-2005.&rdquo; 渡邊勉編『世代間移動と世代内移動』2005年SSM調査研究報告書3: 27-54."},{"sequence":"20","original_text":"鹿又伸夫. 2008. 「社会移動の変化と軌跡―ライフコース移動アプローチ―」直井優・藤田英典編『講座社会学13　階層』東京大学出版会: 39-76."},{"sequence":"21","original_text":"鹿又伸夫・竹ノ下弘久・田辺俊介. 2008. 「SSM職業分類と国際的階層指標: ISCO・EGP・SIOP・ISEIへの変換」前田忠彦編『社会調査における測定と分析をめぐる諸問題』2005年SSM調査研究報告書12: 69-94."},{"sequence":"22","original_text":"中井美樹. 2008. 「職業分離と職場における権限のアクセス―ライフコースパースペクティブによる職業キャリアの分析―」中井美樹・杉野勇編『ライフコース・ライフスタイルから見た社会階層』2005年SSM調査研究報告書9: 101-20."},{"sequence":"23","original_text":"小林淳一・鹿又伸夫・山本努・塚原修一. 1990. 「社会階層と通婚圏」直井優・盛山和夫編『現代日本の階層構造1. 社会階層の構造と過程』東京大学出版会: 65-81."},{"sequence":"24","original_text":"Reskin, B. (<I>ed.</I>) 1984. <I>Sex Segregation in the Workplace: Trends, Explanations, Remedies</I>. Washington: National Academy Press."},{"sequence":"25","original_text":"盛山和夫. 1994. 「階層研究における女性問題」『理論と方法』第9巻2号: 111-26."},{"sequence":"26","original_text":"志田基与師・盛山和夫・渡辺秀樹. 2000. 「結婚市場の変容」盛山和夫編『日本の階層システム4. ジェンダー・市場・家族』東京大学出版会: 159-76."},{"sequence":"27","original_text":"白倉幸男. 1998. 「産業化とメイティングの趨勢」与謝野有紀編『産業化と階層変動』1995年SSM調査研究報告書21: 21-30."},{"sequence":"28","original_text":"白波瀬佐和子. 1999. 「世代間移動の男女比較―国際比較の視点から―」『社会学評論』第50巻1号: 41-58."},{"sequence":"29","original_text":"Smits, J., W. Ultee and J. Lammers. 1998. &ldquo;Eeducational Homogamy in 65 Countries: An Explanation of Differences in Openness Using Country-Level Explanatory Variables.&rdquo; <I>American Sociological Review</I> 63: 264-85."},{"sequence":"30","original_text":"杉野勇. 1998. 「女性の地位形成構造―学歴と職業威信のパス解析による―」盛山和夫・今田幸子編『女性のキャリア構造とその変化』1995年SSM調査研究報告書12: 53-73."}]}}