{"status":"OK","apiType":"doi","apiVersion":"1.0.0","message":{"total":1,"rows":1,"totalPages":1,"page":1},"data":{"siteId":"SI/JST.JSTAGE","content_type":"JA","doi":"10.11218/ojjams.26.51","url":"https://doi.org/10.11218/ojjams.26.51","ra":"JaLC","prefix":"10.11218","site_name":"J-STAGE","publisher_list":[{"publisher_name":"Japanese Association For Mathematical Sociology","lang":"en"},{"publisher_name":"数理社会学会","lang":"ja"}],"title_list":[{"lang":"ja","title":"コミュニティ形成に資する仲介者の性質","subtitle":"―エージェント・ベース・モデルによる分析―"},{"lang":"en","title":"Which Negotiators Contribute to Community Formation?:","subtitle":"Analysis by Agent Based Model"}],"creator_list":[{"sequence":"1","type":"person","names":[{"lang":"ja","last_name":"堀内","first_name":"史朗"},{"lang":"en","last_name":"HORIUCHI","first_name":"Shiro"}],"affiliation_list":[{"affiliation_name":"Meiji University","sequence":"1","lang":"en"},{"affiliation_name":"明治大学","sequence":"1","lang":"ja"}]}],"publication_date":{"publication_year":"2011"},"relation_list":[{"content":"https://www.jstage.jst.go.jp/article/ojjams/26/1/26_1_51/_pdf","type":"URL","relation":"fullTextPdf"}],"content_language":"ja","updated_date":"2017-03-23","article_type":"pub","journal_id_list":[{"journal_id":"0913-1442","type":"ISSN","issn_type":"print"},{"journal_id":"1881-6495","type":"ISSN","issn_type":"online"},{"journal_id":"ojjams","type":"JID"}],"journal_title_name_list":[{"journal_title_name":"Sociological Theory and Methods","type":"full","lang":"en"},{"journal_title_name":"Sociological Theory and Methods","type":"abbreviation","lang":"en"},{"journal_title_name":"理論と方法","type":"full","lang":"ja"},{"journal_title_name":"理論と方法","type":"abbreviation","lang":"ja"}],"journal_classification":"01","recorded_year":"1986-2013","volume":"26","issue":"1","first_page":"51","last_page":"66","date":"2012-01-31","keyword_list":[{"keyword":"community","sequence":"1","lang":"en"},{"keyword":"コミュニティ","sequence":"1","lang":"ja"},{"keyword":"Schelling model","sequence":"2","lang":"en"},{"keyword":"シェリングモデル","sequence":"2","lang":"ja"},{"keyword":"Axelrod model","sequence":"3","lang":"en"},{"keyword":"アクセルロッドモデル","sequence":"3","lang":"ja"},{"keyword":"tolerance value","sequence":"4","lang":"en"},{"keyword":"耐性値","sequence":"4","lang":"ja"},{"keyword":"outsiders","sequence":"5","lang":"en"},{"keyword":"よそ者","sequence":"5","lang":"ja"}],"citation_list":[{"sequence":"1","original_text":"朝岡誠. 2011.「ワンステップ内で伝わる評判の効果：機会費用と二つの社会状態」『理論と方法』26(1)"},{"sequence":"2","original_text":"Axelrod, R. 1984. <I>The Evolution of Cooperation</I>. Basic Books. =1987. 松田裕之（訳）.『つきあい方の科学 : バクテリアから国際関係まで 』HBJ 出版局."},{"sequence":"3","original_text":"Axelrod, R. 1997. &ldquo;The dissemination of culture.&rdquo; <I>Journal of Conflict Resolution</I> 41: 203-226."},{"sequence":"4","original_text":"Burt, R. S. 2005. <I>Brokerage and Closure: an Introduction to Social Capital</I>. Oxford University Press."},{"sequence":"5","original_text":"Centola, D., J. C. Gonzalez-Avella, V. M. Eguiluz, and M. S. Miguel. 2007. &ldquo;Homophily, cultural drift, and the co-evolution of cultural groups.&rdquo; <I>Journal of Conflict Resolution</I> 51: 905-929."},{"sequence":"6","original_text":"Clark, W. A. V., and M. Fossett. 2008. &ldquo;Understanding the social context of the Schelling segregation model.&rdquo; <I>Proceedings of the National Academy of Sciences of the United States of America</I> 105: 4109-4114."},{"sequence":"7","original_text":"Coleman, J. S. 1988. &ldquo;Social capital in the creation of human capital.&rdquo; <I>American Journal of Sociology</I> 94: S95-S120."},{"sequence":"8","original_text":"Coleman, J. S. 1990. <I>Foundations of Social Theory</I>. Belknap Press. =2004．久慈利武（訳）.『社会理論の基礎（上・下）』青木書店."},{"sequence":"9","original_text":"Fossett, M. 2006. &ldquo;Ethnic preferences, social distance dynamics, and residential segregation: theoretical explorations using simulation analysis.&rdquo; <I>Journal of Mathematical Sociology</I> 30: 185-274."},{"sequence":"10","original_text":"Gonzalez-Avella, J. C., V. M. Eguiluz, M. G. Cosenza, K. Klemm, J. L. Herrera, and M. S. Miguel. 2006. &ldquo;Local versus global interactions in nonequilibrium transitions: a model of social dynamics.&rdquo; <I>Physical Review</I> E 73: 046119."},{"sequence":"11","original_text":"Gracia-Lazaro, C., L. F. Lafuerza, L. M. Floria, and Y. Moreno. 2009. &ldquo;Residential segregation and cultural dissemination: an Axelrod-Schelling model.&rdquo; <I>Physical Review</I> E 80: 046123."},{"sequence":"12","original_text":"Granovetter, M. S. 1973. &ldquo;The strength of weak tie.&rdquo; <I>American Journal of Sociology</I> 78: 1360-1380."},{"sequence":"13","original_text":"Greig, J. M. 2002. &ldquo;The end of geography? Globalization, communications, and culture in the international system.&rdquo; <I>Journal of Conflict Resolution</I> 46: 225-243."},{"sequence":"14","original_text":"林直保子. 1993. 「ＴＩＴ－ＦＯＲ－ＴＡＴからＯＵＴ－ＦＯＲ－ＴＡＴへ：ネットワーク型囚人のジレンマにおける戦略選手権」『理論と方法』8(1): 19-32."},{"sequence":"15","original_text":"Horiuchi, S. 2008a. &ldquo;Affiliative segregation of outsiders from a community: bonding and bridging social capital in Hachimori-cho, Japan.&rdquo; <I>International Journal of Japanese Sociology</I> 17: 91-100."},{"sequence":"16","original_text":"Horiuchi, S. 2008b. &ldquo;Group connection and the number of males in female-philopatric animal groups.&rdquo; <I>Evolutionary Ecology</I> 22: 243-252."},{"sequence":"17","original_text":"Horiuchi, S., and M. Morino. 2009. &ldquo;Dense networks within a group help bridging networks between groups: interchange of people between mountainous and urban areas.&rdquo; <I>MIMS Technical Report</I> 22."},{"sequence":"18","original_text":"Kanazawa, Y. 2007. &ldquo;The promotion and evolution of cooperation through projection: implications for social dilemmas and trust.&rdquo; <I>Journal of Mathematical Sociology</I> 31: 187-204."},{"sequence":"19","original_text":"鬼頭秀一. 1998「環境運動／環境理念研究における「よそ者」論の射程」『環境社会学研究』4: 44-59."},{"sequence":"20","original_text":"Klemm, K., V. M. Eguiluz, R. Toral, and M. S. Miguel. 2005. &ldquo;Globalization, polarization and cultural drift.&rdquo; <I>Journal of Economic Dynamics and Control</I> 29: 321-334."},{"sequence":"21","original_text":"Lin, N. 2002. <I>Social Capital: a Theory of Social Structure and Action</I> Cambridge University Press. =2008. 筒井淳也ほか（訳）.『ソーシャルキャピタル：社会構造と行為の理論』.ミネルヴァ書房."},{"sequence":"22","original_text":"松村和則. 1999「山村再生と環境保全運動：「自由文化空間」と「よそ者」の交錯」『環境社会学研究』 5: 21-37."},{"sequence":"23","original_text":"武藤正義. 2007.「他者配慮の意図せざる結果：多様な相互配慮による 2×2 対称ゲームの利得構造シフト」『理論と方法』22(1): 71-86."},{"sequence":"24","original_text":"Nakai, Y., and M. Muto. 2008. &ldquo;Emergence and collapse of reace with friend selection strategies.&rdquo; Journal of Artificial Societies and Social Simulation 11:6"},{"sequence":"25","original_text":"Nowak, M. A., and K. Sigmund. 1998. &ldquo;Evolution of indirect reciprocity by image scoring.&rdquo; <I>Nature</I> 393: 573-577."},{"sequence":"26","original_text":"Pancs, R., and N. J. Vriend. 2007. &ldquo;Schelling's spatial proximity model of segregation revisited.&rdquo; <I>Journal of Public Economics</I> 91: 1-24."},{"sequence":"27","original_text":"Parisi, D., F. Cecconi, and F. Natale. 2003. &ldquo;Cultural change in spatial environments: the role of cultural assimilation and internal changes in cultures.&rdquo; <I>Journal of Conflict Resolution</I> 47: 163-179."},{"sequence":"28","original_text":"Putnam, R. D. 2000.<I>Bowling Alone: the Collapse and Revival of American Community</I>. Simon &amp; Schuster. =2006. 柴内康文（訳）.『孤独なボウリング：米国コミュニティの崩壊と再生』.柏書房."},{"sequence":"29","original_text":"Sato, Y. 2005 &ldquo;Market, trust, and inequality: An agent-based model of effect of market attractiveness on trusting behavior and inequality.&rdquo; 『理論と方法』20(1): 45-57."},{"sequence":"30","original_text":"Schelling, T. C. 1971. &ldquo;Dynamic models of segregation.&rdquo; <I>Journal of Mathematical Sociology</I> 1: 143-186."},{"sequence":"31","original_text":"Schelling, T. C. 1978. <I>Micromotives &amp; Macrobehavior</I>. Norton."},{"sequence":"32","original_text":"Shibanai, Y., S. Yasuno, and I. Ishiguro. 2001. &ldquo;Effects of global information feedback on diversity: extensions to Axelrod's adaptive culture model.&rdquo; <I>Journal of Conflict Resolution</I> 45: 80-96."},{"sequence":"33","original_text":"Shimomura, T. 2009. &ldquo;Cultural polariztion in increasingly nonlocal societies.&rdquo; 『理論と方法』24(1): 95-108."},{"sequence":"34","original_text":"敷田麻美. 2009. 「よそ者と地域づくりにおけるその役割にかんする研究」『国際広報メディア・観光学ジャーナル』9: 79-100."},{"sequence":"35","original_text":"Simmel, G. 1892, <I>Soziologie: Untersuchungen uber die Formen der Vergesellshcaftung, Georg Simmel Gesamtausgabe</I>. Bd. ll: Suhrkamp. =1994. 居安正（訳）.『社会学』（上・下）白水社."},{"sequence":"36","original_text":"鈴木貴久. 2011. 「評判生成規範の寛容性が社会的交換の協力率に及ぼす効果：社会的ネットワーク上での進化シミュレーション」『理論と方法』26(1)"},{"sequence":"37","original_text":"徳田剛. 2005. 「よそ者概念の問題機制：「専門家のまなざし」と「移民のまなざし」の比較から」『ソシオロジ』50(2): 3-18."},{"sequence":"38","original_text":"Woolcock, M. 1998. &ldquo;Social capital and economic development: toward a theoretical synthesis and policy framework.&rdquo; <I>Theory and Society</I> 27: 151-208."},{"sequence":"39","original_text":"山本信次（編著）. 2003. 『森林ボランティア論』日本林業調査会."},{"sequence":"40","original_text":"Zhang, J. 2004. &ldquo;Residential segregation in an all-integrationist world.&rdquo; <I>Journal of Economic Behavior &amp; Organization</I> 54: 533-550."}]}}