{"status":"OK","apiType":"doi","apiVersion":"1.0.0","message":{"total":1,"rows":1,"totalPages":1,"page":1},"data":{"siteId":"SI/JST.JSTAGE","content_type":"JA","doi":"10.11218/ojjams.22.169","url":"https://doi.org/10.11218/ojjams.22.169","ra":"JaLC","prefix":"10.11218","site_name":"J-STAGE","publisher_list":[{"publisher_name":"Japanese Association For Mathematical Sociology","lang":"en"},{"publisher_name":"数理社会学会","lang":"ja"}],"title_list":[{"lang":"ja","title":"仕事満足にみる若年非正規雇用の現代的諸相","subtitle":"―非正規・男性・未婚に着目して―"},{"lang":"en","title":"Views on Youth Job Satisfaction of Non-regular Employment :","subtitle":"Focusing on Single Male Non-regular Employees"}],"creator_list":[{"sequence":"1","type":"person","names":[{"lang":"ja","last_name":"岡部","first_name":"悟志"},{"lang":"en","last_name":"OKABE","first_name":"Satoshi"}],"affiliation_list":[{"affiliation_name":"Benesse Educational Research &amp; Development Center","sequence":"1","lang":"en"},{"affiliation_name":"Benesse 教育研究開発センター","sequence":"1","lang":"ja"}]}],"publication_date":{"publication_year":"2007"},"relation_list":[{"content":"https://www.jstage.jst.go.jp/article/ojjams/22/2/22_2_169/_pdf","type":"URL","relation":"fullTextPdf"}],"content_language":"ja","updated_date":"2017-03-23","article_type":"pub","journal_id_list":[{"journal_id":"0913-1442","type":"ISSN","issn_type":"print"},{"journal_id":"1881-6495","type":"ISSN","issn_type":"online"},{"journal_id":"ojjams","type":"JID"}],"journal_title_name_list":[{"journal_title_name":"Sociological Theory and Methods","type":"full","lang":"en"},{"journal_title_name":"Sociological Theory and Methods","type":"abbreviation","lang":"en"},{"journal_title_name":"理論と方法","type":"full","lang":"ja"},{"journal_title_name":"理論と方法","type":"abbreviation","lang":"ja"}],"journal_classification":"01","recorded_year":"1986-2013","volume":"22","issue":"2","first_page":"169","last_page":"187","date":"2008-01-08","keyword_list":[{"keyword":"job satisfaction","sequence":"1","lang":"en"},{"keyword":"仕事満足","sequence":"1","lang":"ja"},{"keyword":"youth","sequence":"2","lang":"en"},{"keyword":"若者","sequence":"2","lang":"ja"},{"keyword":"non-regular employment","sequence":"3","lang":"en"},{"keyword":"非正規雇用","sequence":"3","lang":"ja"},{"keyword":"single male","sequence":"4","lang":"en"},{"keyword":"未婚男性","sequence":"4","lang":"ja"},{"keyword":"experience to come in contact with adults","sequence":"5","lang":"en"},{"keyword":"大人交流体験","sequence":"5","lang":"ja"}],"citation_list":[{"sequence":"1","original_text":"阿部真大. 2006. 『搾取される若者たち』集英社."},{"sequence":"2","original_text":"新谷周平. 2005. 「青年視点から見た社会・制度―選択の解釈と支援の構想―」『教育社会学研究』76: 111-126."},{"sequence":"3","original_text":"Benesse教育研究開発センター. 2006. 『若者の仕事生活実態調査報告書』ベネッセコーポレーション."},{"sequence":"4","original_text":"玄田有史. 2001. 『仕事のなかの曖昧な不安』中央公論社."},{"sequence":"5","original_text":"Herzberg, F. 1966.<I>Work and the Nature of Man</I>. Staples Press, London."},{"sequence":"6","original_text":"本多則惠. 2006. 「インターネット調査・モニター調査の特質―モニター型インターネット調査を活用するための課題」『日本労働研究雑誌』551: 32-41."},{"sequence":"7","original_text":"本多則惠・本川明. 2005. 『労働政策研究報告書No.17　インターネット調査は社会調査に利用できるか―実験調査による検証結果―』独立行政法人　労働政策研究・研修機構."},{"sequence":"8","original_text":"岩見和彦. 2005. 「現代社会と後期青年期問題」『教育社会学研究』76: 7-23"},{"sequence":"9","original_text":"香山リカ. 2004. 『就職がこわい』講談社."},{"sequence":"10","original_text":"経済産業省. 2005. 『人材ニーズ調査』経済産業政策局."},{"sequence":"11","original_text":"経済産業省. 2006. 『社会人基礎力に関する研究会「中間とりまとめ」報告書』経済産業政策局."},{"sequence":"12","original_text":"小杉礼子. 2003. 『フリーターという生き方』勁草書房."},{"sequence":"13","original_text":"小杉礼子. 2006. 「大卒就職と大学におけるキャリア形成支援―労働力需給両面の変化に直面する大学の役割をめぐって―」第58回日本教育社会学会発表資料."},{"sequence":"14","original_text":"小野公一. 1993. 『職務満足感と生活満足感』白桃書房."},{"sequence":"15","original_text":"小野公一. 1994. 「仕事への動機づけ」岡村一成編著『産業・組織心理学入門』福村出版: 62-75."},{"sequence":"16","original_text":"斉藤環. 2005. 『「負けた」教の信者たち』中央公論社."},{"sequence":"17","original_text":"佐藤香・玄田有史. 2006. 「高校3年生の着地不安とその背景」佐藤博樹編『若年者の就業行動・意識と少子高齢社会の関連に関する実証研究』厚生労働科研平成16-18年総合研究報告書・平成18年度総括研究報告書: 26-39."},{"sequence":"18","original_text":"太郎丸博編. 2006. 『フリーターとニートの社会学』世界思想社."},{"sequence":"19","original_text":"辰巳哲子. 2005. 「どんな仕事においても、社会で働く上で必要とされる「基礎力」」『Works』73: 41-44."},{"sequence":"20","original_text":"富岡淳. 2006. 「労働経済学における主観的データの活用」『日本労働研究雑誌』551: 17-31."},{"sequence":"21","original_text":"矢野眞和（研究代表者）. 2005. 『工学教育のレリバンス』平成14-16年度文部科学省科学研究費補助金基盤研究　(B)(1)　報告書."}]}}