{"status":"OK","apiType":"doi","apiVersion":"1.0.0","message":{"total":1,"rows":1,"totalPages":1,"page":1},"data":{"siteId":"SI/JST.JSTAGE","content_type":"JA","doi":"10.11218/ojjams.14.35","url":"https://doi.org/10.11218/ojjams.14.35","ra":"JaLC","prefix":"10.11218","site_name":"J-STAGE","publisher_list":[{"publisher_name":"Japanese Association For Mathematical Sociology","lang":"en"},{"publisher_name":"数理社会学会","lang":"ja"}],"title_list":[{"lang":"ja","title":"高学歴夫婦における性役割態度の関係","subtitle":"─就労とのかかわりに関する社会心理学的考察─"},{"lang":"en","title":"The Relationship of Egalitarian Gender Role Attitudes between Highly Educated Husbands and Wives :","subtitle":"Attitudes and Behavior"}],"creator_list":[{"sequence":"1","type":"person","names":[{"lang":"ja","last_name":"鈴木","first_name":"淳子"},{"lang":"en","last_name":"SUZUKI","first_name":"Atsuko"}],"affiliation_list":[{"affiliation_name":"Faculty of Arts and Letters<BR>Tohoku University","sequence":"1","lang":"en"},{"affiliation_name":"東北大学","sequence":"1","lang":"ja"}]}],"publication_date":{"publication_year":"1998"},"relation_list":[{"content":"https://www.jstage.jst.go.jp/article/ojjams/14/1/14_35/_pdf","type":"URL","relation":"fullTextPdf"}],"content_language":"ja","updated_date":"2016-09-29","article_type":"pub","journal_id_list":[{"journal_id":"0913-1442","type":"ISSN","issn_type":"print"},{"journal_id":"1881-6495","type":"ISSN","issn_type":"online"},{"journal_id":"ojjams","type":"JID"}],"journal_title_name_list":[{"journal_title_name":"Sociological Theory and Methods","type":"full","lang":"en"},{"journal_title_name":"Sociological Theory and Methods","type":"abbreviation","lang":"en"},{"journal_title_name":"理論と方法","type":"full","lang":"ja"},{"journal_title_name":"理論と方法","type":"abbreviation","lang":"ja"}],"journal_classification":"01","recorded_year":"1986-2013","volume":"14","issue":"1","first_page":"35","last_page":"50","date":"2016-09-30","keyword_list":[{"keyword":"gender relatinoship","sequence":"1","lang":"en"},{"keyword":"ジェンダー関係","sequence":"1","lang":"ja"},{"keyword":"highly educated couples","sequence":"2","lang":"en"},{"keyword":"高学歴夫婦","sequence":"2","lang":"ja"},{"keyword":"egalitarian gender role attitudes","sequence":"3","lang":"en"},{"keyword":"性役割態度","sequence":"3","lang":"ja"},{"keyword":"work participation","sequence":"4","lang":"en"},{"keyword":"就労","sequence":"4","lang":"ja"},{"keyword":"partial correlation analysis","sequence":"5","lang":"en"},{"keyword":"偏相関分析","sequence":"5","lang":"ja"}],"citation_list":[{"sequence":"1","original_text":"Acock, A. C., and J. N. Edwards. 1982. &ldquo;Egalitarian Sex-Role Attitudes and Female Income&rdquo; <I>Journal of Marriage and the Family</I> 44: 581-589."},{"sequence":"2","original_text":"赤地麻由子. 1998.「既婚女性の地位達成過程における世代的変化」盛山和夫・今田幸子（編）1995年SSM調査シリーズ12『女性のキャリア構造とその変化』1995年SSM調査研究会: 17-32."},{"sequence":"3","original_text":"馬場房子. 1996.『働く女性の心理学 第２版』白桃書房."},{"sequence":"4","original_text":"古畑和孝(編). 1994.『社会心理学小辞典』有斐閣."},{"sequence":"5","original_text":"原純輔・肥和野佳子. 1990.「性別役割意識と主婦の地位評価」岡本英雄・直井道子（編）『現代日本の階層構造４ 女性と社会階層』東京大学出版会: 165-186."},{"sequence":"6","original_text":"上子武次. 1979.『家族役割の研究』ミネルヴァ書房."},{"sequence":"7","original_text":"柏木惠子. 1993.「日本における母性・父性をめぐって─思想的歴史的背景と発達心理学の理論と研究─」柏木惠子(編著)『父親の発達心理学　父性の現在とその周辺』川島書店: 61-125."},{"sequence":"8","original_text":"木村邦博. 1998.「既婚女性の学歴・就業形態と性別役割意識」尾嶋史章(編) 1995年SSM調査シリーズ14『ジェンダーと階層意識』1995年SSM調査研究会: 23-48."},{"sequence":"9","original_text":"Matsui, T., T． Ohsawa and M. L. U. Onglatco. 1991. &ldquo;Personality and Career Commitment among Japanese Female Clerical Employees.&rdquo; <I>Journal of Vocational Behavior</I> 38: 351-360."},{"sequence":"10","original_text":"NHK放送文化研究所. 1994. 調査研究発表会「放送界・新時代への挑戦」資料２「変わる日本人の意識」."},{"sequence":"11","original_text":"尾嶋史章. 1998.「女性の性役割意識の変動とその要因」尾嶋史章(編) 1995年SSM調査シリーズ14『ジェンダーと階層意識』1995年SSM調査研究会: 1-22."},{"sequence":"12","original_text":"生命保険文化センター. 1992.『女性の生活意識に関する調査』."},{"sequence":"13","original_text":"盛山和夫. 1996.「家族か個人か─階層単位とジェンダー」『家族社会学研究』8: 33-45."},{"sequence":"14","original_text":"Suzuki, A. 1991. &ldquo;Predictors of Women's Sex Role Attitudes across Two Cultures: United States and Japan.&rdquo; <I>Japanese Psychological Research</I> 33：126-133."},{"sequence":"15","original_text":"鈴木淳子. 1994.「平等主義的性役割態度スケール短縮版（SESRA-S）の作成」『心理学研究』65: 34-41."},{"sequence":"16","original_text":"鈴木淳子. 1996a.「若年女性の平等主義的性役割態度と就労との関係について─就労経験および理想の仕事キャリア・昇進パターン─」『社会心理学研究』11: 149-158."},{"sequence":"17","original_text":"鈴木淳子. 1996b.「若年女性のキャリア選択規定要因に関する縦断的研究─同一組織における就労継続および転職─」『心理学研究』67: 118-126．"},{"sequence":"18","original_text":"鈴木淳子. 1997.『レクチャー社会心理学III　性役割─比較文化の視点から─』垣内出版."},{"sequence":"19","original_text":"田中重人. 1998.「高学歴化と性別分業─女性のフルタイム継続就業に対する学校教育の効果─」盛山和夫・今田幸子(編) 1995年SSM調査シリーズ12『女性のキャリア構造とその変化』1995年SSM調査研究会: 1-16."},{"sequence":"20","original_text":"Thornton, A., D.F. Alwin and D. Camburn. 1983. &ldquo;Causes and Consequences of Sex Role Attitudes and Attitudes Change.&rdquo; <I>American Sociological Review</I> 48: 211-227."},{"sequence":"21","original_text":"Thornton, A. and D. Freeman. 1979. &ldquo;Changes in the Sex Role Attitudes of Women, 1962-1977: Evidence from a Panel Study.&rdquo; <I>American Sociological Review</I> 44: 831-842."},{"sequence":"22","original_text":"大和礼子. 1995.「性別役割分業意識の二つの次元」『ソシオロジ』40: 109-126."},{"sequence":"23","original_text":"若松素子・小口菜採・柏木惠子. 1991.「妻の就業をめぐる夫と妻の社会的性役割観」『東京女子大学紀要「論集」』42: 157-183."}]}}