{"status":"OK","apiType":"doi","apiVersion":"1.0.0","message":{"total":1,"rows":1,"totalPages":1,"page":1},"data":{"siteId":"SI/JST.JSTAGE","content_type":"JA","doi":"10.11218/ojjams.27.23","url":"https://doi.org/10.11218/ojjams.27.23","ra":"JaLC","prefix":"10.11218","site_name":"J-STAGE","publisher_list":[{"publisher_name":"Japanese Association For Mathematical Sociology","lang":"en"},{"publisher_name":"数理社会学会","lang":"ja"}],"title_list":[{"lang":"en","title":"Why We Need to Analyze Panel Data?","subtitle":"Introduction of the Characteristics of Panel Data Analysis"},{"title":"なぜパネル・データを分析するのが必要なのか","subtitle":"パネル・データ分析の特性の紹介"}],"creator_list":[{"sequence":"1","type":"person","names":[{"lang":"en","last_name":"NAKAZAWA","first_name":"Wataru"},{"lang":"ja","last_name":"中澤","first_name":"渉"}],"affiliation_list":[{"affiliation_name":"Toyo University","sequence":"1","lang":"en"},{"affiliation_name":"東洋大学","sequence":"1","lang":"ja"}]}],"publication_date":{"publication_year":"2012"},"relation_list":[{"content":"https://www.jstage.jst.go.jp/article/ojjams/27/1/27_23/_pdf","type":"URL","relation":"fullTextPdf"}],"content_language":"ja","updated_date":"2014-12-09","article_type":"pub","journal_id_list":[{"journal_id":"0913-1442","type":"ISSN","issn_type":"print"},{"journal_id":"1881-6495","type":"ISSN","issn_type":"online"},{"journal_id":"ojjams","type":"JID"}],"journal_title_name_list":[{"journal_title_name":"Sociological Theory and Methods","type":"full","lang":"en"},{"journal_title_name":"Sociological Theory and Methods","type":"abbreviation","lang":"en"},{"journal_title_name":"理論と方法","type":"full","lang":"ja"},{"journal_title_name":"理論と方法","type":"abbreviation","lang":"ja"}],"journal_classification":"01","recorded_year":"1986-2013","volume":"27","issue":"1","first_page":"23","last_page":"40","date":"2013-03-18","keyword_list":[{"keyword":"選択バイアス","sequence":"1","lang":"ja"},{"keyword":"selection bias","sequence":"1","lang":"en"},{"keyword":"因果推定","sequence":"2","lang":"ja"},{"keyword":"causal inference","sequence":"2","lang":"en"},{"keyword":"固定効果モデル","sequence":"3","lang":"ja"},{"keyword":"fixed effect model","sequence":"3","lang":"en"},{"keyword":"ランダム効果モデル","sequence":"4","lang":"ja"},{"keyword":"random effect model","sequence":"4","lang":"en"},{"keyword":"ハイブリッド・モデル","sequence":"5","lang":"ja"},{"keyword":"hybrid model","sequence":"5","lang":"en"}],"citation_list":[{"sequence":"1","original_text":"Alexander, Karl, Robert Bozick, and Doris Entwisle. 2008. &ldquo;Warming Up, Cooling Out, or Holding Steady? Persistence and Change in Educational Expectations after High School.&rdquo; <I>Sociology of Education,</I> 81(3): 371-96."},{"sequence":"2","original_text":"Allison, Paul D. 1994. &ldquo;Using Panel Data to Estimate the Effects of Events,&rdquo; <I>Sociological Methods &amp; Research,</I> 23(2): 174-99."},{"sequence":"3","original_text":"Allison, Paul D. 2009. <I>Fixed Effects Regression Models,</I> Thousand Oaks: Sage."},{"sequence":"4","original_text":"Baltagi, Badi H. 2005. <I>Econometric Analysis of Panel Data: Third Edition,</I> Chichester, UK: John Wiley &amp; Sons."},{"sequence":"5","original_text":"Beckfield, Jason. 2003. &ldquo;Inequality in the World Polity: The Structure of International Organization,&rdquo; <I>American Sociological Review,</I> 68: 401-24."},{"sequence":"6","original_text":"Beckfield, Jason. 2006. &ldquo;European Regional Integration and Income Inequality,&rdquo; <I>American Sociological Review,</I> 71(6): 964-85."},{"sequence":"7","original_text":"Berends, Mark. Samuel R. Lucas. and Roberto V. Pe&ntilde;aloza. 2008. &ldquo;How Changes in families and Schools Are Related to Trends in Black-White Test Scores,&rdquo; <I>Sociology of Education,</I> 81(4): 313-44."},{"sequence":"8","original_text":"Bollen, Kenneth A. and Jennie E. Brand. 2010. &ldquo;A General Panel Model with Random and Fixed Effects: A Structural Equations Approach,&rdquo; <I>Social Forces,</I> 89(1): 1-34."},{"sequence":"9","original_text":"Brady, David. and Denise Kall. 2008. &ldquo;Nearly Universal, But Somewhat Distinct: The Feminization of Poverty in Affluent Western Democracies, 1969-2000,&rdquo; <I>Social Science Research,</I> 37: 976-1007."},{"sequence":"10","original_text":"Cameron, Colin A. and Pravin K. Trivedi. 2005. <I>Microeconometrics: Methods and Applications,</I> Cambridge: Cambridge University Press."},{"sequence":"11","doi":"10.2307/2657325","volume":"63","first_page":"239","publication_date":{"publication_year":"1998"},"original_text":"Cherlin, Andrew J. P. Lindsay Chase-Lansdal. and Christine McRae. 1998. &ldquo;Effects of Parental Divorce on Mental Health throughout the Life Course,&rdquo; <I>American Sociological Review,</I> 63: 239-49."},{"sequence":"12","original_text":"Cunningham, Mick. 2007. &ldquo;Influences of Gender Ideology and Housework Allocation on Women's Employment over the Life Course,&rdquo; <I>Social Science Research,</I> 37: 254-67."},{"sequence":"13","original_text":"Ejrn&aelig;s, Mette. and Anders Holm. 2006. &ldquo;Comparing Fixed Effects and Covariance Structure Estimators for Panel Data,&rdquo; <I>Sociological Methods &amp; Research,</I> 35(1): 61-83."},{"sequence":"14","original_text":"England, Paula. Paul Allison. and Yuxiao Wu. 2006. &ldquo;Does Bad Pay Cause Occupations to Feminize, Does Feminization Reduce Pay, and How Can We Tell with Longitudinal Data?,&rdquo; <I>Social Science Research,</I> 36: 1237-56."},{"sequence":"15","original_text":"Erickson, Lance D. Steve McDonald. and Glen H. Elder, Jr. 2009. &ldquo;Informal Mentors and Education: Complementary or Compensatory Resources?,&rdquo; <I>Sociology of Education,</I> 82(4): 344-67."},{"sequence":"16","original_text":"Fitzgerald, John. Peter Gottschalk. and Robert Moffitt. 1998. &ldquo;An Analysis of Sample Attrition in Panel Data: The Michigan Panel Study of Income Dynamics,&rdquo; <I>The Journal of Human Resources,</I> 33(2): 251-99."},{"sequence":"17","original_text":"Gangl, Markus. 2010. &ldquo;Causal Inference in Sociological Research,&rdquo; <I>Annual Review of Sociology,</I> 36: 21-47."},{"sequence":"18","original_text":"Halaby, Charles N. 2004. &ldquo;Panel Models in Sociological Research: Theory into Practice,&rdquo; <I>Annual Review of Sociology,</I> 30: 507-44."},{"sequence":"19","volume":"11","first_page":"270","publication_date":{"publication_year":"2006"},"original_text":"樋口美雄・太田清・新保一成. 2006. 『入門パネルデータによる経済分析』日本評論社."},{"sequence":"20","original_text":"釜野さおり. 2006. 「諸外国におけるパネル調査のレビュー」金子隆一編『パネル調査（縦断調査）のデータマネジメント方策及び分析に関する総合的システムの開発研究』厚生労働科学研究費補助金統計情報高度利用総合研究事業, 平成16～17年度総合研究報告書: 21－131"},{"sequence":"21","original_text":"Hausman, Jerry A. and William E. Taylor. 1981. &ldquo;Panel Data and Unobservable Individual Effects,&rdquo; <I>Econometrica,</I> 46: 1377-98."},{"sequence":"22","original_text":"狩野裕・三浦麻子. 2002. 『増補版　グラフィカル多変量解析－目で見る共分散構造分析』現代数学社."},{"sequence":"23","original_text":"Karney, Benjamin R. and Thomas N. Bradbury. 1995. &ldquo;Assessing Longitudinal Change in Marriage: An Introduction to the Analysis of Growth Curves,&rdquo; <I>Journal of Marriage and the Family,</I> 57(4): 1091-1108."},{"sequence":"24","original_text":"北村行伸. 2005. 『パネルデータ分析』岩波書店."},{"sequence":"25","original_text":"Koopmans, Ruud. and Susan Olzak. 2004. &ldquo;Discursive Opportunities and the Evolution of Right-Wing Violence in Germany,&rdquo; <I>American Journal of Sociology,</I> 110: 198-230."},{"sequence":"26","original_text":"Lee, Cheol-Sung. 2005. &ldquo;Income Inequality, Democracy, and Public Sector Size,&rdquo; <I>American Sociological Review,</I> 70(1): 158-81."},{"sequence":"27","original_text":"Levanon, Asaf. Paula England. and Paul Allison. 2009. &ldquo;Occupational Feminization and Pay: Assessing Causal Dynamics Using 1950-2000 U.S. Census Data,&rdquo; <I>Social Forces,</I> 88(2): 865-92."},{"sequence":"28","original_text":"Manzoni, Anna. Ruud Luijkx. and Ruud Muffels. 2011. &ldquo;Explaining Differences in Labour Market Transitions between Panel and Life-Course Data in West-Germany,&rdquo; <I>Quality and Quantity,</I> 45: 241-61."},{"sequence":"29","original_text":"McLeod, Jane D. and Michael L. Shanahan. 1996. &ldquo;Trajectories of Poverty and Children&prime;s Mental Health,&rdquo; <I>Journal of Health and Social Behavior,</I> 37(3): 207-20."},{"sequence":"30","original_text":"Menard, Scott. 2002. <I>Longitudinal Research: Second Edition,</I> Thousand Oaks: Sage."},{"sequence":"31","original_text":"Morgan, Stephen L. and Christopher Winship. 2007. <I>Counterfactuals and Causal Inference: Methods and Principles for Social Research,</I> Cambridge: Cambridge University Press."},{"sequence":"32","original_text":"村山航. 2010.「階層線形モデルのセンタリングについての覚書」ウェブサイト（2012年2月27日にアクセス, http://www4.ocn.ne.jp/~murakou/centering.pdf）."},{"sequence":"33","original_text":"永井暁子. 2005. 「結婚生活の経過による妻の夫婦関係満足度の変化」『季刊家計経済研究』66: 76-81."},{"sequence":"34","doi":"10.11218/ojjams.23.57","title_list":[{"lang":"en","title":"The Relationship between Worsening Health and Retirement Process among Elderly Japanese People"},{"title":"高齢期における主観的健康悪化と退職の過程","subtitle":"―潜在成長曲線モデルを用いて―"}],"volume":"23","issue":"1","first_page":"57","last_page":"72","publication_date":{"publication_year":"2008"},"creator_list":[{"sequence":"1","type":"person","names":[{"lang":"en","last_name":"NAKATA","first_name":"Tomoo"},{"lang":"ja","last_name":"中田","first_name":"知生"}],"affiliation_list":[{"affiliation_name":"Faculty of Social Welfare<BR>Hokusei Gakuen University","sequence":"1","lang":"en"},{"affiliation_name":"北星学園大学","sequence":"1","lang":"ja"}]}],"original_text":"中田知生. 2008. 「高齢期における主観的健康悪化と退職の過程－潜在成長曲線モデルを用いて」『理論と方法』23(1): 57-72."},{"sequence":"35","original_text":"中村高康編. 2010. 『進路選択の過程と構造－高校入学から卒業までの量的・質的アプローチ』ミネルヴァ書房."},{"sequence":"36","first_page":"2008","publication_date":{"publication_year":"2008"},"original_text":"Rabe-Hesketh, Sophia. and Anders Skrondal. 2008. <I>Multilevel and Longitudinal Modeling Using Stata: Second Edition,</I> College Station, Texas: Stata Press."},{"sequence":"37","original_text":"Raudenbush, Stephen W. and Anthony Bryk. 2002. <I>Hierarchical Linear Models: Applications and Data Analysis Methods, Second Edition,</I> Thousand Oaks: Sage."},{"sequence":"38","original_text":"坂本和靖. 2006. 「サンプル脱落に関する分析－『消費生活に関するパネル調査』を用いた脱落の規定要因と推計バイアスの検証」『日本労働研究雑誌』551: 55-70."},{"sequence":"39","original_text":"Schafer, Markus H. Kenneth F. Ferraro. and Sarah A. Mustillo. 2011. &ldquo;Children of Misfortune: Early Adversity and Cumulative Inequality in Perceived Life Trajectories,&rdquo; <I>American Journal of Sociology,</I> 116(4): 1053-91."},{"sequence":"40","original_text":"Solga, Heike. 2001. &ldquo;Longitudinal Surveys and the Study of Occupational Mobility: Panel and Retrospective Design in Comparison,&rdquo; <I>Quality and Quantity,</I> 35: 291-309."},{"sequence":"41","original_text":"豊田秀樹. 1998. 『共分散構造分析（入門編）－構造方程式モデリング』朝倉書店."},{"sequence":"42","original_text":"豊田秀樹. 2000. 『共分散構造分析（応用編）－構造方程式モデリング』朝倉書店."},{"sequence":"43","original_text":"Vandecasteele, Leen, and Annelies Debels. 2007. &ldquo;Attrition in Panel Data: The Effectiveness of Weighting,&rdquo; <I>European Sociological Review,</I> 23(1): 81-97."},{"sequence":"44","original_text":"Wooldridge, Jeffery M. 2002a. &ldquo;Inverse Probability Weighted M-Estimators for Sample Selection, Attrition, and Stratification,&rdquo; <I>Portuguese Economic Journal,</I> 1: 117-39."},{"sequence":"45","original_text":"Wooldridge, Jeffery M. 2002b. <I>Econometric Analysis of Cross Section and Panel Data,</I> Cambridge MA: MIT Press."},{"sequence":"46","doi":"10.4057/jsr.53.4_552","original_text":"山口一男. 2003. 「米国より見た社会調査の困難」『社会学評論』53(4): 552-65."},{"sequence":"47","original_text":"山口一男. 2004. 「パネルデータの長所とその分析方法－常識の誤りについて」『季刊家計経済研究』62: 50-58."},{"sequence":"48","original_text":"山口一男. 2007. 「夫婦関係満足度とワーク・ライフ・バランス」『季刊家計経済研究』73: 50-60."}]}}