{"status":"OK","apiType":"doi","apiVersion":"1.0.0","message":{"total":1,"rows":1,"totalPages":1,"page":1},"data":{"siteId":"SI/JST.JSTAGE","content_type":"JA","doi":"10.11218/ojjams.15.149","url":"https://doi.org/10.11218/ojjams.15.149","ra":"JaLC","prefix":"10.11218","site_name":"J-STAGE","publisher_list":[{"publisher_name":"Japanese Association For Mathematical Sociology","lang":"en"},{"publisher_name":"数理社会学会","lang":"ja"}],"title_list":[{"lang":"ja","title":"自由回答のコーディング支援","subtitle":"―格フレームによるＳＳＭ職業コーディング自動化システム―"},{"lang":"en","title":"A Supporting System for Coding of the answers from an Open-Ended Question :","subtitle":"An Automatic Coding System for SSM Occupational Data by Case Frame"}],"creator_list":[{"sequence":"1","type":"person","names":[{"lang":"ja","last_name":"高橋","first_name":"和子"},{"lang":"en","last_name":"TAKAHASHI","first_name":"Kazuko"}],"affiliation_list":[{"affiliation_name":"Faculty of International Studies<BR>Keiai University","sequence":"1","lang":"en"},{"affiliation_name":"敬愛大学","sequence":"1","lang":"ja"}]}],"publication_date":{"publication_year":"2000"},"relation_list":[{"content":"https://www.jstage.jst.go.jp/article/ojjams/15/1/15_149/_pdf","type":"URL","relation":"fullTextPdf"}],"content_language":"ja","updated_date":"2016-09-29","article_type":"pub","journal_id_list":[{"journal_id":"0913-1442","type":"ISSN","issn_type":"print"},{"journal_id":"1881-6495","type":"ISSN","issn_type":"online"},{"journal_id":"ojjams","type":"JID"}],"journal_title_name_list":[{"journal_title_name":"Sociological Theory and Methods","type":"full","lang":"en"},{"journal_title_name":"Sociological Theory and Methods","type":"abbreviation","lang":"en"},{"journal_title_name":"理論と方法","type":"full","lang":"ja"},{"journal_title_name":"理論と方法","type":"abbreviation","lang":"ja"}],"journal_classification":"01","recorded_year":"1986-2013","volume":"15","issue":"1","first_page":"149","last_page":"164","date":"2016-09-30","keyword_list":[{"keyword":"open-ended question","sequence":"1","lang":"en"},{"keyword":"自由回答法","sequence":"1","lang":"ja"},{"keyword":"automatic coding system","sequence":"2","lang":"en"},{"keyword":"自動コーディングシステム","sequence":"2","lang":"ja"},{"keyword":"case frame","sequence":"3","lang":"en"},{"keyword":"格フレーム","sequence":"3","lang":"ja"},{"keyword":"thesaurus","sequence":"4","lang":"en"},{"keyword":"シソーラス","sequence":"4","lang":"ja"}],"citation_list":[{"sequence":"1","original_text":"1995年ＳＳＭ調査研究会. 1995.『ＳＳＭ産業分類・職業分類（９５年版）』"},{"sequence":"2","original_text":"1995年ＳＳＭ調査研究会. 1995.『ＳＳＭ調査 コード・ブック』"},{"sequence":"3","original_text":"浅井晃. 1987.『調査の技術』日科技連."},{"sequence":"4","original_text":"藤井洋一他. 1997.「共起情報を利用した文書の自動分類」『情報処理学会研究報告』Vol.97 No.29 97-104."},{"sequence":"5","original_text":"原純輔. 1993.『ＳＳＭ職業分類（改訂版）』"},{"sequence":"6","original_text":"原純輔・海野道郎. 1984.『社会調査演習』東京大学出版会."},{"sequence":"7","original_text":"林英夫. 1975.「質問紙の作成」村上英治（編）『心理学研究法9 質問紙調査法』東京大学出版会. 107-146．"},{"sequence":"8","original_text":"巖寺俊哲他. 1997.「トレンド・トラッキング型テキスト自動分類の試み」『情報処理学会研究報告』Vol.97 No.53 19-24."},{"sequence":"9","original_text":"木付英士他. 1998.「文書頻度を用いた論文データベース内の文書の分類に関する検討」『情報処理学会研究報告』Vol.98 No.99 167-172."},{"sequence":"10","original_text":"国立国語研究所. 1964.『分類語彙表』秀英出版社."},{"sequence":"11","original_text":"小嶋外弘. 1975.「質問紙調査法の技法に関する検討」村上英治（編）『心理学研究法9 質問紙調査法』東京大学出版会. 224-270."},{"sequence":"12","original_text":"松本裕治他. 1996.『日本語形態素解析システムＪＵＭＡＮ使用説明書 version3.0』奈良先端科学技術大学院大学情報科学研究科松本研究室."},{"sequence":"13","original_text":"松本裕治. 1998.「意味と計算」『言語の科学４ 意味』岩波書店. 125-169."},{"sequence":"14","original_text":"宮崎哲夫他. 1997.「分類視点の学習機構を持つ情報自動分類システム」『情報処理学会研究報告』Vol.97 No.4: 91-98."},{"sequence":"15","original_text":"直井優・盛山和夫. 1990.『現代日本の階層構造(1)社会階層の構造と過程』東京大学出版会."},{"sequence":"16","original_text":"佐藤嘉倫. 1992.「職業コーディング支援システムの構築」原純輔（編）『非定型データの処理・分析法に関する基礎的研究』平成3年度文部省科研費補助金（総合Ａ）研究成果報告書. 199-204."},{"sequence":"17","original_text":"佐藤理史. 1996.「情報の構造化と検索」長尾真（編）『自然言語処理』岩波書店. 412-457."},{"sequence":"18","original_text":"佐藤理史. 1998.「情報検索」長尾真他『言語の科学９ 言語情報処理』岩波書店. 51-94."},{"sequence":"19","original_text":"関根聡. 1999.「テキストからの情報抽出―文書から特定の情報を抜き出す―」『情報処理』Vol. 40 No.4 370-373．"},{"sequence":"20","original_text":"塩見隆一他. 1997.「シソーラスを用いた文書データの自動分類」『情報処理学会研究報告』Vol.97 No.4 99-104．"},{"sequence":"21","original_text":"高橋和子. 1995.「ＳＳＭ職業データにおける自由回答の分析」『国際教養学論集』5:73-108."},{"sequence":"22","original_text":"高橋和子. 1998a.「自然言語処理によるＳＳＭ職業コーディングの自動化システム」都築一治（編）『職業評価の構造と職業威信スコア』1997年度文部省科研費補助金特別推進研究（１）研究報告書. 195-228．"},{"sequence":"23","original_text":"高橋和子. 1998b.「格フレームによる自由回答のコーディング自動化システム」『情報処理学会研究報告』Vol.98 No.82 87-94."},{"sequence":"24","original_text":"高橋和子. 1999.「格フレームによる自由回答のコーディング自動化システム―ＳＳＭ職業コーディングの自動化―」『第27回数理社会学会研究要旨集』32-35."},{"sequence":"25","original_text":"徳田克己他. 1998.「分類パターンを用いた文書データの自動分類」『情報処理学会研究報告』Vol.98 No.1 65-72."},{"sequence":"26","original_text":"都築一治. 1992.「職業コーディングの自動化システムの試験的構築」原純輔（編）『非定型データの処理・分析法に関する基礎的研究』平成3年度文部省科研費補助金（総合Ａ）研究成果報告書. 205-214."},{"sequence":"27","original_text":"山崎毅文他. 1997.「誤り駆動学習とシソーラスを用いた文書自動分類」『情報処理学会研究報告』Vol.97 No.69 89-96."},{"sequence":"28","original_text":"安田三郎・原純輔. 1982.『社会調査ハンドブック第３版』有斐閣."},{"sequence":"29","original_text":"安田三郎. 1970.『社会調査の計画と解析』東京大学出版会."}]}}