{"status":"OK","apiType":"doi","apiVersion":"1.0.0","message":{"total":1,"rows":1,"totalPages":1,"page":1},"data":{"siteId":"SI/JST.JSTAGE","content_type":"JA","doi":"10.11218/ojjams.17.3","url":"https://doi.org/10.11218/ojjams.17.3","ra":"JaLC","prefix":"10.11218","site_name":"J-STAGE","publisher_list":[{"publisher_name":"Japanese Association For Mathematical Sociology","lang":"en"},{"publisher_name":"数理社会学会","lang":"ja"}],"title_list":[{"lang":"ja","title":"二次分析による日本人同質論の検証"},{"lang":"en","title":"Homogeneous Japanese? :","subtitle":"A Critical Assessment with Secondary Analysis"}],"creator_list":[{"sequence":"1","type":"person","names":[{"lang":"ja","last_name":"間淵","first_name":"領吾"},{"lang":"en","last_name":"MABUCHI","first_name":"Ryogo"}],"affiliation_list":[{"affiliation_name":"Faculty of Sociology<BR>Nara University","sequence":"1","lang":"en"},{"affiliation_name":"奈良大学","sequence":"1","lang":"ja"}]}],"publication_date":{"publication_year":"2002"},"relation_list":[{"content":"https://www.jstage.jst.go.jp/article/ojjams/17/1/17_1_3/_pdf","type":"URL","relation":"fullTextPdf"}],"content_language":"ja","updated_date":"2017-03-23","article_type":"pub","journal_id_list":[{"journal_id":"0913-1442","type":"ISSN","issn_type":"print"},{"journal_id":"1881-6495","type":"ISSN","issn_type":"online"},{"journal_id":"ojjams","type":"JID"}],"journal_title_name_list":[{"journal_title_name":"Sociological Theory and Methods","type":"full","lang":"en"},{"journal_title_name":"Sociological Theory and Methods","type":"abbreviation","lang":"en"},{"journal_title_name":"理論と方法","type":"full","lang":"ja"},{"journal_title_name":"理論と方法","type":"abbreviation","lang":"ja"}],"journal_classification":"01","recorded_year":"1986-2013","volume":"17","issue":"1","first_page":"3","last_page":"22","date":"2009-02-10","keyword_list":[{"keyword":"Japanese studies","sequence":"1","lang":"en"},{"keyword":"日本人論","sequence":"1","lang":"ja"},{"keyword":"homogeneity","sequence":"2","lang":"en"},{"keyword":"同質性","sequence":"2","lang":"ja"},{"keyword":"international comparison","sequence":"3","lang":"en"},{"keyword":"国際比較","sequence":"3","lang":"ja"},{"keyword":"secondary analysis","sequence":"4","lang":"en"},{"keyword":"二次分析","sequence":"4","lang":"ja"}],"citation_list":[{"sequence":"1","original_text":"青木保. 1990. 『「日本文化論」の変容』中央公論社."},{"sequence":"2","original_text":"網野善彦. 2000. 『「日本」とは何か』（日本の歴史:00）講談社."},{"sequence":"3","original_text":"Bell, Daniel. 1980. <I>The Winding Passage: Essays and Sociological Journeys 1960-1980</I>, Abt Books.=1990. 正慶孝（訳）.『二十世紀文化の散歩道』ダイヤモンド社."},{"sequence":"4","original_text":"Bohrnstedt, George W. &amp; Knoke, David. 1982&rarr;1988. <I>Statistics for Social Data Analysis</I>, F. E. Peacock Publisher, Inc.=1992. 海野道郎・中村隆（監訳）『社会統計学：社会調査のためのデータ分析入門』ハーベスト社."},{"sequence":"5","original_text":"土居健郎. 1971. 『「甘え」の構造』弘文堂."},{"sequence":"6","original_text":"林知己夫. 1995. 『数字からみた日本人のこころ』徳間書店."},{"sequence":"7","original_text":"林知己夫. 1996. 『日本らしさの構造：こころと文化をはかる』東洋経済新報社."},{"sequence":"8","original_text":"林知己夫. 2001. 『日本人の国民性研究』南窓社."},{"sequence":"9","original_text":"Inglehart, Ronald. 1990. <I>Culture Shift in Advanced Industrial Society</I>, Princeton University Press. =1993. 村山皓・富沢克・武重雅文（訳）. 『カルチャーシフトと政治変動』東洋経済新報社."},{"sequence":"10","original_text":"南博. 1994. 『日本人論：明治から今日まで』岩波書店."},{"sequence":"11","original_text":"宮台真司. 1994. 『制服少女たちの選択』講談社."},{"sequence":"12","original_text":"村上泰亮. 1975. 『産業社会の病理』（中公叢書）中央公論社."},{"sequence":"13","original_text":"村上泰亮・公文俊平・佐藤誠三郎. 1979. 『文明としてのイエ社会』中央公論社."},{"sequence":"14","original_text":"中根千枝. 1967. 『タテ社会の人間関係：単一社会の理論』（講談社現代新書:105）講談社."},{"sequence":"15","original_text":"NHK放送文化研究所. 2000. 『現代日本人の意識構造』[第5版]（NHKブックス:880）日本放送出版協会."},{"sequence":"16","original_text":"西垣通. 1994. 『マルチメディア』（岩波新書:339）岩波書店."},{"sequence":"17","original_text":"Reischauer, Edwin O. 1977. <I>The Japanese</I>, Harvard University Press. =1979. 国弘正雄（訳）. 『ザ・ジャパニーズ』文藝春秋"},{"sequence":"18","original_text":"生命保険文化センター（編）. 1993. 『さまよえる日本人: データで読む生活価値観の変容』東洋経済新報社."},{"sequence":"19","original_text":"杉本良夫 &amp; ロス=マオア. 1982. 『日本人は「日本的か」：特殊論を超え多元的分析へ』東洋経済新報社&rarr;1995. 『日本人論の方程式』ちくま学芸文庫."},{"sequence":"20","original_text":"富永健一. 1988. 『日本産業社会の転機』（UP選書: 259）東京大学出版会."},{"sequence":"21","original_text":"梅棹忠夫. 1986. 『日本とは何か：近代日本文明の形成と発展』（NHKブックス:500）日本放送出版協会."}]}}