{"status":"OK","apiType":"doi","apiVersion":"1.0.0","message":{"total":1,"rows":1,"totalPages":1,"page":1},"data":{"siteId":"SI/JST.JSTAGE","content_type":"JA","doi":"10.11218/ojjams.27.85","url":"https://doi.org/10.11218/ojjams.27.85","ra":"JaLC","prefix":"10.11218","site_name":"J-STAGE","publisher_list":[{"publisher_name":"Japanese Association For Mathematical Sociology","lang":"en"},{"publisher_name":"数理社会学会","lang":"ja"}],"title_list":[{"lang":"en","title":"Methodological Challenges for Panel Data Collection and Management in Japan"},{"title":"パネルデータの収集と管理をめぐる方法論的な課題"}],"creator_list":[{"sequence":"1","type":"person","names":[{"lang":"en","last_name":"YASUDA","first_name":"Tokio"},{"lang":"ja","last_name":"保田","first_name":"時男"}],"affiliation_list":[{"affiliation_name":"Osaka University of Commerce","sequence":"1","lang":"en"},{"affiliation_name":"大阪商業大学","sequence":"1","lang":"ja"}]}],"publication_date":{"publication_year":"2012"},"relation_list":[{"content":"https://www.jstage.jst.go.jp/article/ojjams/27/1/27_85/_pdf","type":"URL","relation":"fullTextPdf"}],"content_language":"ja","updated_date":"2014-12-09","article_type":"pub","journal_id_list":[{"journal_id":"0913-1442","type":"ISSN","issn_type":"print"},{"journal_id":"1881-6495","type":"ISSN","issn_type":"online"},{"journal_id":"ojjams","type":"JID"}],"journal_title_name_list":[{"journal_title_name":"Sociological Theory and Methods","type":"full","lang":"en"},{"journal_title_name":"Sociological Theory and Methods","type":"abbreviation","lang":"en"},{"journal_title_name":"理論と方法","type":"full","lang":"ja"},{"journal_title_name":"理論と方法","type":"abbreviation","lang":"ja"}],"journal_classification":"01","recorded_year":"1986-2013","volume":"27","issue":"1","first_page":"85","last_page":"98","date":"2013-03-18","keyword_list":[{"keyword":"パネルデータ","sequence":"1","lang":"ja"},{"keyword":"panel data","sequence":"1","lang":"en"},{"keyword":"データ収集","sequence":"2","lang":"ja"},{"keyword":"data collection","sequence":"2","lang":"en"},{"keyword":"データ管理","sequence":"3","lang":"ja"},{"keyword":"data management","sequence":"3","lang":"en"},{"keyword":"方法論","sequence":"4","lang":"ja"},{"keyword":"methodology","sequence":"4","lang":"en"}],"citation_list":[{"sequence":"1","original_text":"2005年社会階層と社会移動研究会（編）. 2007. 『2005年SSM日本調査コード・ブック』 2005年社会階層と社会移動研究会."},{"sequence":"2","original_text":"Bakeman, Roger, and John M. Gottman. 1997. <I>Observing Interaction: An Introduction to Sequential Analysis, Second edition.</I> New York: Cambridge University Press."},{"sequence":"3","original_text":"Belli, Robert F. 1998. &ldquo;The Structure of Autobiographical Memory and the Event History Calendar: Potential Improvements in the Quality of Retrospective Reports in Surveys.&rdquo; <I>Memory,</I> 6(4): 383-406."},{"sequence":"4","original_text":"Belli, Robert F., and Mario Callegaro. 2009. &ldquo;The Emergence of Calendar Interviewing: A Theoretical and Empirical Rationale.&rdquo; Pp. 31-52 in <I>Calendar and Time Diary: Methods in Life Course Research,</I> edited by Robert F. Belli, Frank P. Stafford, and Duane F. Alwin. Los Angeles: Sage."},{"sequence":"5","original_text":"Couper, Mick P. 1999. &ldquo;The Application of Cognitive Science to Computer Assisted Interviewing.&rdquo; pp. 277-300 in <I>Cognition and Survey Research,</I> edited by Monroe G. Sirken, Douglas J. Herrmann, Susan Schechter, Norbert Schwarz, Judith M. Tanur, and Roger Tourangeau. New York: John Wiley &amp; Sons."},{"sequence":"6","original_text":"De Waal, Ton, Jeroen Pannekoek, and Sander Scholtus. 2011. <I>Handbook of Statistical Data Editing and Imputation.</I> Singapore: John Wiley &amp; Sons."},{"sequence":"7","original_text":"Eisenhower, Donna, Nancy A. Mathiowetz, and David Morganstein. 1991. &ldquo;Recall Error: Sources and Bias Reduction Techniques.&rdquo; pp. 127-44 in <I>Measurement Errors in Surveys,</I> edited by Paul P. Biemer, Robert M. Groves, Lars E. Lyberg, Nancy A. Mathiowetz, and Seymour Sudan. New York: John Wiley &amp; Sons."},{"sequence":"8","original_text":"Fellegi, I.P., and D. Holt. 1976. &ldquo;A Systematic Approach to Automatic Edit and Imputation.&rdquo; <I>Journal of the American Statistical Association,</I> 71: 17-35."},{"sequence":"9","original_text":"Granquist, Leopold, and John G. Kovar. 1997. &ldquo;Editing of Survey Data: How Much is Enough?&rdquo; pp. 415-35 in <I>Survey Measurement and Process Quality,</I> edited by Lars Lyberg, Paul Biemer, Martin Collins, Edith de Leeuw, Cathryn Dippo, Norbert Schwarz, and Dennis Trewin. New York: John Wiley &amp; Sons."},{"sequence":"10","original_text":"Grotpeter, Jennifer K. 2008. &ldquo;Respondent Recall.&rdquo; in pp. 109-21 in <I>Handbook of Longitudinal Research: Design, Measurement, and Analysis,</I> edited by Scott Menard. Boston: Academic Press."},{"sequence":"11","original_text":"Groves, Robert M., Floyd J. Fowler, Jr., Mick P. Couper, James M. Lepkowski, Eleanor Singer, and Roger Tourangeau, 2009, <I>Survey Methodology, 2nd edition.</I> Hoboken: John Wiley &amp; Sons."},{"sequence":"12","original_text":"Herzog, Thomas N., Fritz J. Scheuren, and William E. Winkler. 2007. <I>Data Quality and Record Linkage Techniques.</I> New York: Springer."},{"sequence":"13","original_text":"近藤博之（編）. 2005. 『ライフヒストリーの計量社会学的研究』 （文部科学省科学研究費報告書）."},{"sequence":"14","original_text":"Mayer, Karl Ulrich. 2008. &ldquo;Retrospective Longitudinal Research: the German Life History Study.&rdquo; in pp. 85-106 in <I>Handbook of Longitudinal Research: Design, Measurement, and Analysis,</I> edited by Scott Menard. Boston: Academic Press."},{"sequence":"15","original_text":"Means, Barbara, Gary E. Swan, Jared B. Jobe, and James L. Esposito. 1991. &ldquo;An Alternative Approach to Obtaining Personal History Data.&rdquo; pp. 167-83 in <I>Measurement Errors in Surveys,</I> edited by Paul P. Biemer, Robert M. Groves, Lars E. Lyberg, Nancy A. Mathiowetz, and Seymour Sudan. New York: John Wiley &amp; Sons."},{"sequence":"16","original_text":"村上あかね・チャールズ・ユウジ・ホリオカ. 2008. 「アメリカのパネル調査: Panel Study of Income Dynamics」 『季刊家計経済研究』 79: 55-61."},{"sequence":"17","doi":"10.4234/jjoffamilysociology.21.114","title_list":[{"lang":"en","title":"Establishment of the NFRJ, Part 2:"}],"volume":"21","issue":"1","first_page":"114","last_page":"117","publication_date":{"publication_year":"2009"},"creator_list":[{"sequence":"1","type":"person","names":[{"lang":"en","last_name":"NISHINO","first_name":"Michiko"},{"lang":"ja","last_name":"西野","first_name":"理子"}]}],"original_text":"西野理子. 2009. 「〈NFRJの確立〉にむけて2: 家族パネル調査という新たな試み」 『家族社会学研究』 21(1): 114-117."},{"sequence":"18","original_text":"大阪商業大学JGSS研究センター（編）. 2011. 『日本版General Social Surveys基礎集計表・コードブック JGSS‐2009LCS』 大阪商業大学JGSS研究センター."},{"sequence":"19","original_text":"坂口尚文. 2011. 「「消費生活に関するパネル調査」の現状と課題」 『中央調査報』 647: 1-5."},{"sequence":"20","original_text":"坂口尚文・チャールズ・ユウジ・ホリオカ. 2009. 「アメリカのパネル調査（2）: National Longitudinal Surveys（NLS）」 『季刊家計経済研究』 81: 52-64."},{"sequence":"21","original_text":"Stafford, Frank P., and Robert F. Belli. 2009. &ldquo;Future Directions in Calendar and Time Diary Methods.&rdquo; pp. 307-15 in <I>Calendar and Time Diary: Methods in Life Course Research,</I> edited by Robert F. Belli, Frank P. Stafford, and Duane F. Alwin. Los Angeles: Sage."},{"sequence":"22","original_text":"United Nations. 2006. <I>Statistical Data Editing Volume No.3: Impact on Data Quality.</I> Geneva: United Nations Publication."},{"sequence":"23","original_text":"Weisberg, Herbert F. 2005. <I>The Total Survey Error Approach: A Guide to the New Science of Survey Research.</I> Chicago: The University of Chicago Press."},{"sequence":"24","original_text":"保田時男. 2005. 「ライフ・ヒストリー系列データへのラグ系列分析の適用」 近藤博之（編） 『ライフヒストリーの計量社会学的研究（文部科学省科学研究費報告書）』 : 23-33."},{"sequence":"25","original_text":"保田時男. 2008. 「SSM職歴データを分析するための基礎的な方法論」 前田忠彦（編） 『社会調査における測定と分析をめぐる諸問題（2005年SSM調査シリーズ12）』 2005年SSM調査研究会: 1-20."},{"sequence":"26","doi":"10.4234/jjoffamilysociology.23.89","title_list":[{"lang":"en","title":"Questionnaire Design for the NFRJ-08 Panel","subtitle":"Elaboration of Research Topics and Data Cleaning Methods"},{"lang":"ja","title":"NFRJ-08Panelにおける調査票の設計","subtitle":"&mdash;研究課題とクリーニングを視野に&mdash;"}],"volume":"23","issue":"1","first_page":"89","last_page":"95","publication_date":{"publication_year":"2011"},"creator_list":[{"sequence":"1","type":"person","names":[{"lang":"en","last_name":"YASUDA","first_name":"Tokio"},{"lang":"ja","last_name":"保田","first_name":"時男"}],"affiliation_list":[{"affiliation_name":"Osaka University of Commerce","sequence":"1","lang":"en"},{"affiliation_name":"大阪商業大学総合経営学部","sequence":"1","lang":"ja"}]}],"content_language":"ja","original_text":"保田時男. 2011. 「NFRJ-08Panelにおける調査票の設計: 研究課題とクリーニングを視野に」 『家族社会学研究』23(1): 89-95."}]}}