{"status":"OK","apiType":"doi","apiVersion":"1.0.0","message":{"total":1,"rows":1,"totalPages":1,"page":1},"data":{"siteId":"SI/JST.JSTAGE","content_type":"JA","doi":"10.11218/ojjams.13.137","url":"https://doi.org/10.11218/ojjams.13.137","ra":"JaLC","prefix":"10.11218","site_name":"J-STAGE","publisher_list":[{"publisher_name":"Japanese Association For Mathematical Sociology","lang":"en"},{"publisher_name":"数理社会学会","lang":"ja"}],"title_list":[{"lang":"ja","title":"混合交換ネットワークにおける勢力分布について"},{"lang":"en","title":"Power in Mixed Exchange Networks"}],"creator_list":[{"sequence":"1","type":"person","names":[{"lang":"ja","last_name":"山口","first_name":"一男"},{"lang":"en","last_name":"YAMAGUCHI","first_name":"Kazuo"}],"affiliation_list":[{"affiliation_name":"Department of Sociology<BR>The University of Chicago","sequence":"1","lang":"en"},{"affiliation_name":"シカゴ大学","sequence":"1","lang":"ja"}]}],"publication_date":{"publication_year":"1999"},"relation_list":[{"content":"https://www.jstage.jst.go.jp/article/ojjams/13/2/13_137/_pdf","type":"URL","relation":"fullTextPdf"}],"content_language":"ja","updated_date":"2016-09-29","article_type":"pub","journal_id_list":[{"journal_id":"0913-1442","type":"ISSN","issn_type":"print"},{"journal_id":"1881-6495","type":"ISSN","issn_type":"online"},{"journal_id":"ojjams","type":"JID"}],"journal_title_name_list":[{"journal_title_name":"Sociological Theory and Methods","type":"full","lang":"en"},{"journal_title_name":"Sociological Theory and Methods","type":"abbreviation","lang":"en"},{"journal_title_name":"理論と方法","type":"full","lang":"ja"},{"journal_title_name":"理論と方法","type":"abbreviation","lang":"ja"}],"journal_classification":"01","recorded_year":"1986-2013","volume":"13","issue":"2","first_page":"137","last_page":"153","date":"2016-09-30","keyword_list":[{"keyword":"mixed exchange networks","sequence":"1","lang":"en"},{"keyword":"混合交換ネットワーク","sequence":"1","lang":"ja"},{"keyword":"exchange power","sequence":"2","lang":"en"},{"keyword":"交換勢力","sequence":"2","lang":"ja"},{"keyword":"substitutable relations","sequence":"3","lang":"en"},{"keyword":"代替的関係","sequence":"3","lang":"ja"},{"keyword":"complementary relations","sequence":"4","lang":"en"},{"keyword":"補完的関係","sequence":"4","lang":"ja"}],"citation_list":[{"sequence":"1","original_text":"Coleman, James S. 1986. &ldquo;Social Theory, Social Research, and a Theory of Action.&rdquo; <I>American Journal of Sociology</I> 91: 1309-35."},{"sequence":"2","original_text":"Coleman, James S. 1990. <I>Foundations of Social Theory</I>. Cambridge: Harvard University Press."},{"sequence":"3","original_text":"Cook, Karen S., Richard M. Emerson, Mary R. Gilmore, and Toshio Yamagishi. 1983. &ldquo;The Distribution of Power in Exchange Networks: Theory and Experimental Results.&rdquo; <I>American Journal of Sociology</I> 87: 275-305."},{"sequence":"4","original_text":"Yamagishi, Toshio, Mary R. Gilmore, and Karen S. Cook. 1988. &ldquo;Network Connections and the Distribution of Power in Exchange Networks.&rdquo; <I>American Journal of Sociology</I> 93: 833-51."},{"sequence":"5","original_text":"Yamaguchi, Kazuo. 1996. &ldquo;Power in Networks of Substitutable and Complementary Exchange Relations: A Rational-Choiee Model and an Analysis of Power Centralization.&rdquo; <I>American Sociological Review</I> 61: 308-32."},{"sequence":"6","original_text":"Yamaguchi, Kazuo. 1997. &ldquo;Reply: The Logic of the New Theory and Misrepresentations of the Logic.&rdquo; <I>American Sociological Review</I> 62: 838-841."},{"sequence":"7","original_text":"Yamaguchi, Kazuo and Linda Ferguson. 1995. &ldquo;The Stopping and Spacing of Childbirths and Their Birth-History Predictors: Rational-Choice Theory and Event-History Analysis.&rdquo; <I>American Sociological Review</I> 60: 272-98."}]}}