{"status":"OK","apiType":"doi","apiVersion":"1.0.0","message":{"total":1,"rows":1,"totalPages":1,"page":1},"data":{"siteId":"SI/JST.JSTAGE","content_type":"JA","doi":"10.11218/ojjams.28.21","url":"https://doi.org/10.11218/ojjams.28.21","ra":"JaLC","prefix":"10.11218","site_name":"J-STAGE","publisher_list":[{"publisher_name":"Japanese Association For Mathematical Sociology","lang":"en"},{"publisher_name":"数理社会学会","lang":"ja"}],"title_list":[{"lang":"en","title":"Social Stratification and Health","subtitle":"Epidemiologic Approaches"},{"lang":"ja","title":"社会階層と健康","subtitle":"疫学からのアプローチ"}],"creator_list":[{"sequence":"1","type":"person","names":[{"lang":"en","last_name":"Kondo","first_name":"Naoki"},{"lang":"ja","last_name":"近藤","first_name":"尚己"}],"affiliation_list":[{"affiliation_name":"University of Tokyo","sequence":"1","lang":"en"},{"affiliation_name":"東京大学","sequence":"1","lang":"ja"}]}],"publication_date":{"publication_year":"2013"},"relation_list":[{"content":"https://www.jstage.jst.go.jp/article/ojjams/28/1/28_21/_pdf","type":"URL","relation":"fullTextPdf"}],"content_language":"ja","updated_date":"2014-12-09","article_type":"pub","journal_id_list":[{"journal_id":"0913-1442","type":"ISSN","issn_type":"print"},{"journal_id":"1881-6495","type":"ISSN","issn_type":"online"},{"journal_id":"ojjams","type":"JID"}],"journal_title_name_list":[{"journal_title_name":"Sociological Theory and Methods","type":"full","lang":"en"},{"journal_title_name":"Sociological Theory and Methods","type":"abbreviation","lang":"en"},{"journal_title_name":"理論と方法","type":"full","lang":"ja"},{"journal_title_name":"理論と方法","type":"abbreviation","lang":"ja"}],"journal_classification":"01","recorded_year":"1986-2013","volume":"28","issue":"1","first_page":"21","last_page":"34","date":"2014-09-01","keyword_list":[{"keyword":"疫学","sequence":"1","lang":"ja"},{"keyword":"Epidemiology","sequence":"1","lang":"en"},{"keyword":"社会階層","sequence":"2","lang":"ja"},{"keyword":"Social stratification","sequence":"2","lang":"en"},{"keyword":"健康","sequence":"3","lang":"ja"},{"keyword":"Health","sequence":"3","lang":"en"},{"keyword":"所得格差","sequence":"4","lang":"ja"},{"keyword":"Income inequality","sequence":"4","lang":"en"},{"keyword":"健康の社会的決定要因","sequence":"5","lang":"ja"},{"keyword":"Social determinants","sequence":"5","lang":"en"}],"citation_list":[{"sequence":"1","original_text":"&Aring;berg Yngwe M, Kondo N, H&auml;gg S, and Kawachi I. 2012. &ldquo;Relative deprivation and mortality - a longitudinal study in a Swedish population of 4,7 million, 1990-2006,&ldquo; <I>BMC Public Health,</I> 12:664."},{"sequence":"2","original_text":"Auchincloss A H, and Diez Roux A V. 2008. &ldquo;A new tool for epidemiology: the usefulness of dynamic-agent models in understanding place effects on health,&rdquo; <I>American Journal of Epidemiology,</I> 168(1):1-8."},{"sequence":"3","original_text":"Christakis N A, and Fowler J H. 2007. &ldquo;The Spread of Obesity in a Large Social Network over 32 Years,&rdquo; <I>New England Journal of Medicine,</I> 357(4):370-379."},{"sequence":"4","original_text":"Christakis N A, and Fowler J H. 2008. &ldquo;The Collective Dynamics of Smoking in a Large Social Network,&rdquo; <I>New England Journal of Medicine,</I> 358(21):2249-2258."},{"sequence":"5","original_text":"Clarkwest A. 2008a. &ldquo;Confounding and process-model fit in research on income inequality and population health: a rejoinder to Zimmerman and Glymour,&rdquo; <I>Social Science &amp; Medicine,</I> 66(9):1903-1908."},{"sequence":"6","original_text":"Clarkwest A. 2008b. &ldquo;Neo-materialist theory and the temporal relationship between income inequality and longevity change,&rdquo; <I>Social Science &amp; Medicine,</I> 66(9):1871-1881."},{"sequence":"7","original_text":"Eibner C, and Evans W N. 2005. &ldquo;Relative deprivation, poor health habits, and mortality,&rdquo; <I>The Journal of Human Resources,</I> 40(3):591-620."},{"sequence":"8","original_text":"Eibner C, Sturn R, and Gresenz C R. 2004. &ldquo;Does relative deprivation predict the need for mental health services?,&rdquo; <I>The Journal of Mental Health Policy and Economics,</I> 7(4):167-175."},{"sequence":"9","original_text":"Fleischer N L, and Roux A V D. 2008. &ldquo;Using directed acyclic graphs to guide analyses of neighbourhood health effects: an introduction,&rdquo; <I>Journal of Epidemiology and Community Health,</I> 62(9):842-846."},{"sequence":"10","original_text":"Glymour M M. 2008. &ldquo;Sensitive periods and first difference models: integrating etiologic thinking into econometric techniques: a commentary on Clarkwest's &ldquo;Neo-materialist theory and the temporal relationship between income inequality and longevity change&rdquo;,&rdquo; <I>Social Science &amp; Medicine,</I> 66(9):1895-1902; discussion 1903-1898."},{"sequence":"11","original_text":"Gravelle H, and Sutton M. 2009. &ldquo;Income, relative income, and self-reported health in Britain 1979-2000,&rdquo; <I>Health Economics,</I> 18(2):125-145."},{"sequence":"12","original_text":"Jones A M, and Wildman J. 2008. &ldquo;Health, income and relative deprivation: evidence from the BHPS,&rdquo; <I>Journal of Health Economics,</I> 27(2):308-324."},{"sequence":"13","original_text":"Kawachi I, and Blakely T A. 2001. &ldquo;When economists and epidemiologists disagree . . .&rdquo; <I>Journal of Health Politics, Policy and Law,</I> 26(3):533-542."},{"sequence":"14","original_text":"近藤克則. 2012. 「介護予防Webアトラス, URL:http://www.doctoral.sakura.ne.jp/WebAtlas/.」"},{"sequence":"15","original_text":"Kondo N, Kawachi I, Hirai H, Kondo K, Subramanian S V, Hanibuchi T, et al. 2009a. &ldquo;Relative deprivation and incident functional disability among older Japanese women and men: Prospective cohort study,&rdquo; <I>Journal of Epidemiology and Community Health,</I> 63(6):461-467."},{"sequence":"16","original_text":"Kondo N, Kawachi I, Subramanian S V, Takeda Y, and Yamagata Z. 2008. &ldquo;Do social comparisons explain the association between income inequality and health?: Relative deprivation and perceived health among male and female Japanese individuals,&rdquo; <I>Social Science &amp; Medicine,</I> 67(6):982-987."},{"sequence":"17","original_text":"近藤尚己・近藤克則・横道洋司・山縣然太朗. 2012. 「高齢者における所得の相対的剥奪と死亡リスク――AGES追跡研究」『医療と社会』. 22(1):249-259."},{"sequence":"18","original_text":"Kondo N, Sembajwe G, Kawachi I, van Dam R M, Subramanian S V, and Yamagata Z. 2009b. &ldquo;Income inequality, mortality, and self rated health: meta-analysis of multilevel studies,&rdquo; <I>British Medical Journal,</I> 339(nov10_2):b4471-."},{"sequence":"19","original_text":"Kondo N, van Dam R M, Sembajwe G, Subramanian S V, Kawachi I, and Yamagata Z. 2011. &ldquo;Income inequality and health: the roles of population size, inequality threshold, period effects, and lag effects,&rdquo; <I>Journal of Epidemiology and Community Health.</I> Published Online First (doi:10.1136/jech-2011- 200321)."},{"sequence":"20","original_text":"Marmot M. 2004. <I>The status syndrome.</I> Henry Holt and Company. (鏡森定信・橋本英樹(監訳). 2007. 『ステータス症候群――社会格差という病』 東京: 日本評論社.)."},{"sequence":"21","original_text":"Marmot M, G, and Wilkinson R, G. 2005. <I>Social Determinants of Health second edition.</I> Oxford: Oxford University Press."},{"sequence":"22","original_text":"Marmot M G, Stansfeld S, Patel C, North F, Head J, White I, et al. 1991. &ldquo;Health inequalities among British civil servants: the Whitehall II study,&rdquo; <I>The Lancet,</I> 337(8754):1387-1393."},{"sequence":"23","original_text":"Mellor J M, and Milyo J. 2001. &ldquo;Reexamining the Evidence of an Ecological Association between Income Inequality and Health,&rdquo; <I>Journal of Health Politics, Policy, and Law,</I> 26(3):487-522."},{"sequence":"24","original_text":"Mellor J M, and Milyo J. 2002. &ldquo;Income Inequality and Health Status in the United States. Evidence from the Current Population Survey,&rdquo; <I>Journal of Human Resources,</I> 37(3):510-539."},{"sequence":"25","original_text":"Mellor J M, and Milyo J. 2003. &ldquo;Is exposure to income inequality a public health concern? Lagged effects of income inequality on individual and population health,&rdquo; <I>Health Serv Res.</I> 38(1 Pt 1):137-151."},{"sequence":"26","original_text":"Nandi A, Glymour M M, Kawachi I, and VanderWeele T J. 2012. &ldquo;Using Marginal Structural Models to Estimate the Direct Effect of Adverse Childhood Social Conditions on Onset of Heart Disease, Diabetes, and Stroke,&rdquo; <I>Epidemiology,</I> 23(2):223-232 210.1097/EDE.1090b1013e31824570bd."},{"sequence":"27","original_text":"尾島俊之・近藤克則・近藤尚己・橋本英樹・高尾総司・藤原佳典・稲葉陽二. 2012. 「厚生労働科学研究（地球規模保健課題推進事業）『健康の社会的決定要因に関する研究班』, URL: http://sdh.umin.jp/.」"},{"sequence":"28","original_text":"大井方子. 2005. 「数字で見る管理職像の変化――人数、昇進速度、一般職との相対賃金」『日本労働研究雑誌』. 545:4-17."},{"sequence":"29","original_text":"Robins J M, Hern&aacute;n M A, and Brumback B. 2000. &ldquo;Marginal Structural Models and Causal Inference in Epidemiology,&rdquo; <I>Epidemiology,</I> 11(5):550-560."},{"sequence":"30","original_text":"Rothman K J, Greenland S, and Lash T L. 2008. <I>Modern epidemiology third edition.</I> Lippincott Williams &amp; Wilkins."},{"sequence":"31","original_text":"Smith G D. 2010. &ldquo;Mendelian Randomization for Strengthening Causal Inference in Observational Studies: Application to Gene &times; Environment Interactions,&rdquo; <I>Perspectives on Psychological Science,</I> 5(5):527-545."},{"sequence":"32","original_text":"Subramanian S V, Blakely T, and Kawachi I. 2003. &ldquo;Income inequality as a public health concern: where do we stand? Commentary on &ldquo;Is exposure to income inequality a public health concern?&rdquo;,&rdquo; <I>Health Serv Res.</I> 38(1 Pt 1):153-167."},{"sequence":"33","original_text":"Subramanian S V, and Kawachi I. 2004. &ldquo;Income inequality and health: What have we learned so far?,&rdquo; <I>Epidemiologic Reviews,</I> 26(1):78-91."},{"sequence":"34","original_text":"Voight B F, Peloso G M, Orho-Melander M, Frikke-Schmidt R, Barbalic M, Jensen M K, et al. 2012. &ldquo;Plasma HDL cholesterol and risk of myocardial infarction: a mendelian randomisation study,&rdquo; <I>The Lancet,</I> 380(9841):572-580."},{"sequence":"35","original_text":"Wada K, Kondo N, Gilmour S, Ichida Y, Fujino Y, Satoh T, et al. 2012. &ldquo;Trends in cause specific mortality across occupations in Japanese men of working age during period of economic stagnation, 1980-2005: retrospective cohort study,&rdquo; <I>BMJ,</I> 344."},{"sequence":"36","original_text":"WHO Commission on Social Determinants of Health. 2008. <I>Closing the gap in a generation: health equity through action on the social determinants of health. Final Report of the Commission on Social Determinants of Health.</I> Geneva: World Health Organization."},{"sequence":"37","original_text":"Wilkinson R. 1996. <I>Unhealthy societies.</I> London: Routledge."},{"sequence":"38","original_text":"Yang Y, Diez Roux A V, Auchincloss A H, Rodriguez D A, and Brown D G. 2011. &ldquo;A spatial agent-based model for the simulation of adults' daily walking within a city,&rdquo; <I>American Journal of Preventive Medicine,</I> 40(3):353-361."},{"sequence":"39","original_text":"Yitzhaki S. 1979. &ldquo;Relative deprivation and the Gini coefficient,&rdquo; <I>The Quarterly Journal of Economics,</I> 93(2):321-324."},{"sequence":"40","original_text":"Zimmerman F J. 2008. &ldquo;A commentary on &ldquo;Neo-materialist theory and the temporal relationship between income inequality and longevity change&rdquo;,&rdquo; <I>Social Science &amp; Medicine,</I> 66(9):1882-1894; discussion 1903-1888."}]}}