{"status":"OK","apiType":"doi","apiVersion":"1.0.0","message":{"total":1,"rows":1,"totalPages":1,"page":1},"data":{"siteId":"SI/JST.JSTAGE","content_type":"JA","doi":"10.11218/ojjams.25.267","url":"https://doi.org/10.11218/ojjams.25.267","ra":"JaLC","prefix":"10.11218","site_name":"J-STAGE","publisher_list":[{"publisher_name":"Japanese Association For Mathematical Sociology","lang":"en"},{"publisher_name":"数理社会学会","lang":"ja"}],"title_list":[{"lang":"en","title":"Assessing the Effectiveness of the Tailored Design Method for Increasing Response Rates of Mail Surveys in Japan"}],"creator_list":[{"sequence":"1","type":"person","names":[{"lang":"en","last_name":"Sakurai","first_name":"Ryo"}],"affiliation_list":[{"affiliation_name":"University of Florida","sequence":"1","lang":"en"}]},{"sequence":"2","type":"person","names":[{"lang":"en","last_name":"Jacobson","first_name":"Susan"}],"affiliation_list":[{"affiliation_name":"University of Florida","sequence":"1","lang":"en"}]}],"publication_date":{"publication_year":"2010"},"relation_list":[{"content":"https://www.jstage.jst.go.jp/article/ojjams/25/2/25_2_267/_pdf","type":"URL","relation":"fullTextPdf"}],"content_language":"en","updated_date":"2017-03-23","article_type":"pub","journal_id_list":[{"journal_id":"0913-1442","type":"ISSN","issn_type":"print"},{"journal_id":"1881-6495","type":"ISSN","issn_type":"online"},{"journal_id":"ojjams","type":"JID"}],"journal_title_name_list":[{"journal_title_name":"Sociological Theory and Methods","type":"full","lang":"en"},{"journal_title_name":"Sociological Theory and Methods","type":"abbreviation","lang":"en"},{"journal_title_name":"理論と方法","type":"full","lang":"ja"},{"journal_title_name":"理論と方法","type":"abbreviation","lang":"ja"}],"journal_classification":"01","recorded_year":"1986-2013","volume":"25","issue":"2","first_page":"267","last_page":"274","date":"2011-03-12","keyword_list":[{"keyword":"mail survey","sequence":"1","lang":"en"},{"keyword":"Tailored Design Method","sequence":"2","lang":"en"},{"keyword":"response rate","sequence":"3","lang":"en"}],"citation_list":[{"sequence":"1","original_text":"Aoki, S. 2001. in <I>Shakaityosaron</I> (Public Research), edited by Harada M, Mizutani H, and Waki Y. Tokyo:Gakubunsha. (In Japanese)"},{"sequence":"2","original_text":"Brown, M. 2005. <I>Public opinion on coexistence with Japanese Black Bears in Nagan Prefecture, central Japan</I>.MS thesis. University of Greenwich, London, United Kingdom."},{"sequence":"3","original_text":"De Heer, W. 1999. &ldquo;International response trends: Results of an international survey.&rdquo; <I>Journal of OfficialStatistics</I>. 15: 129-142."},{"sequence":"4","original_text":"De Leeuw. 1988. &ldquo;The Effects of Response-Stimulating Factors on Response Rates and Data Quality in MailSurveys.&rdquo; <I>Journal of Official Statistics</I>. 4: 241-249."},{"sequence":"5","original_text":"Dillman, D, A. 1978. <I>Mail and Telephone Surveys . The Total Design Method</I> -. New York: John Wiley &amp; Sons,Inc."},{"sequence":"6","original_text":"Dillman, D, A. 2007. <I>Mail and Internet Surveys</I>: The Tailored Design Method. New Jersey: John Wiley &amp; Sons,Inc."},{"sequence":"7","original_text":"Fulton, D, C., K. Skerl., E. M. Shank., and D. W. Lime. 2004. &ldquo;Beliefs and attitudes toward lethal management of deer in Cuyahoga Valley National Park.&rdquo; <I>Wildlife Society Bulletin</I>. 32: 1166-1176."},{"sequence":"8","original_text":"Gendall, P., and B. Healey. 2008. &ldquo;Alternatives to prepaid monetary incentives in mail surveys.&rdquo; <I>International Journal of Public Opinion Research</I>. 20: 517-527."},{"sequence":"9","original_text":"Groves, R, M., F. J. Fowler., M. P. Couper., J. M. Lepkowski., E. Singer., and R. Tourangeau. 2004. <I>Survey Methodology</I>. New York: Wiley-Interscience."},{"sequence":"10","original_text":"Hagiwara, G., H. Ota., and S. Fujii. 2006. &ldquo;An Experimental Study About the Survey Response Rate: Basic study of efficient strategies to raise the participation rate of Mobility Management.&rdquo;<I>Dobokukeikakugaku kenkyu</I>. 23: 117-123. (In Japanese)"},{"sequence":"11","original_text":"Hayashi, H. 2006. <I>Yusotyosaho</I> (A method of mail survey). Osaka: Yubunsha. (InJapanese)"},{"sequence":"12","original_text":"Jussaume, R, A., and Y. Yamada. 1990. &ldquo;A comparison of the viability of mail surveys in Japan and the Unites States.&rdquo; <I>Public Opinion</I>. 54: 219-288."},{"sequence":"13","original_text":"Kameda, M., and H. Maruyama. 2003. &ldquo;Public attitudes and behaviors towards Brown Bears in the Oshima peninsula.&rdquo; <I>Murokodaikiyo</I>. 53: 65-76. (In Japanese)"},{"sequence":"14","original_text":"Kameda, M., H. Maruyama., and N. Maeda. 2007. &ldquo;Public attitudes and behavior towards Brown bears in Assabu and Oshamambe.&rdquo; <I>Murokodaikiyo</I>. 57: 1-15. (In Japanese)"},{"sequence":"15","original_text":"Komatu, H. 2002. &ldquo;Methods and warning for using sampling lists&rdquo;. <I>Sociological Theory and Methods</I>. 17:227-236. (In Japanese)"},{"sequence":"16","original_text":"Maeda, T. 2005. &ldquo;A Study on the Characteristics of Mail Survey: A comparison with face-to-face Interviewing.&rdquo;<I>Proceedings of the Institute of Statistical Mathematics</I>. 53: 57-81. (In Japanese)"},{"sequence":"17","original_text":"Naganoshi. 2008. Retrieved November 26, 2008 from http://www.city.nagano.nagano.jp/pcp_portal/PortalServlet?DISPLAY_ID=DIRECT&amp;NEXT_DISPLAY_ID=U000004&amp;CONTENTS_ID=5451"},{"sequence":"18","original_text":"Nederhof, A. J. 1983. &ldquo;The effects of material incentives in mail surveys: Two studies.&rdquo; <I>Public Opinion Quarterly</I>. 47: 103-111."},{"sequence":"19","original_text":"NTT EAST. 2007a. <I>Hellopage: Naganoken Naganoban Kojinmei</I>. Tokyo: NTT EAST. (In Japanese)"},{"sequence":"20","original_text":"NTT EAST. 2007b. <I>Hellopage: Naganoken Oomatiban Kojinmei</I>. Tokyo: NTT EAST. (In Japanese)"},{"sequence":"21","original_text":"Otari village. 2008. Retrieved November 26, 2008 from http://www.vill.otari.nagano.jp/mura/index.html"},{"sequence":"22","original_text":"Rada, V, D. de. 2001. &ldquo;Mail surveys using Dillman&rsquo;s TDM in a Southern European country: Spain.&rdquo;<I>International Journal of Public Opinion Research</I>. 13: 159-171."},{"sequence":"23","original_text":"Salant, P., and D. A. Dillman. 1994. <I>How to Conduct Your own Survey</I>. New York: John Wiley."},{"sequence":"24","original_text":"Synodinos. N. E., and S. Yamada. 2000. &ldquo;Response Rate Trends in Japanese Surveys.&rdquo; <I>International Journal of Public Opinion Research</I>. 12: 48-72."},{"sequence":"25","original_text":"Teisl, M. F., B. Roe., and M. Vayda. 2008. &ldquo;Incentive effects on response rates, data quality, and survey administration costs.&rdquo; <I>International Journal of Public Opinion Research</I>. 18: 364-373."},{"sequence":"26","original_text":"Uchikoshi, A. 2007. <I>Reports of monitoring research of 2007 Specified Wildlife Conservation and Management Plan</I>: Asiatic black bear. Nagano prefecture, Nagano, Japan."},{"sequence":"27","original_text":"Vaske, J. J. 2008. <I>Survey Research and Analysis: applications in parks, recreation, and human dimensions</I>. Pennsylvania : Venture Publishing, Inc."},{"sequence":"28","original_text":"Yamada, S., and N. E. Synodinos. 1994. Public Opinion Surveys in Japan. <I>International Journal of Public Opinion Research</I>. 6: 118-138."}]}}