{"status":"OK","apiType":"doi","apiVersion":"1.0.0","message":{"total":1,"rows":1,"totalPages":1,"page":1},"data":{"siteId":"SI/JST.JSTAGE","content_type":"JA","doi":"10.11218/ojjams.16.89","url":"https://doi.org/10.11218/ojjams.16.89","ra":"JaLC","prefix":"10.11218","site_name":"J-STAGE","publisher_list":[{"publisher_name":"Japanese Association For Mathematical Sociology","lang":"en"},{"publisher_name":"数理社会学会","lang":"ja"}],"title_list":[{"lang":"ja","title":"言説分析とその可能性"},{"lang":"en","title":"Discourse Analysis and its Possibilities"}],"creator_list":[{"sequence":"1","type":"person","names":[{"lang":"ja","last_name":"赤川","first_name":"学"},{"lang":"en","last_name":"AKAGAWA","first_name":"Manabu"}],"affiliation_list":[{"affiliation_name":"Faculty of Letters<BR>Okayama University","sequence":"1","lang":"en"},{"affiliation_name":"岡山大学","sequence":"1","lang":"ja"}]}],"publication_date":{"publication_year":"2001"},"relation_list":[{"content":"https://www.jstage.jst.go.jp/article/ojjams/16/1/16_89/_pdf","type":"URL","relation":"fullTextPdf"}],"content_language":"ja","updated_date":"2016-09-29","article_type":"pub","journal_id_list":[{"journal_id":"0913-1442","type":"ISSN","issn_type":"print"},{"journal_id":"1881-6495","type":"ISSN","issn_type":"online"},{"journal_id":"ojjams","type":"JID"}],"journal_title_name_list":[{"journal_title_name":"Sociological Theory and Methods","type":"full","lang":"en"},{"journal_title_name":"Sociological Theory and Methods","type":"abbreviation","lang":"en"},{"journal_title_name":"理論と方法","type":"full","lang":"ja"},{"journal_title_name":"理論と方法","type":"abbreviation","lang":"ja"}],"journal_classification":"01","recorded_year":"1986-2013","volume":"16","issue":"1","first_page":"89","last_page":"102","date":"2016-09-30","keyword_list":[{"keyword":"Discourse Analysis","sequence":"1","lang":"en"},{"keyword":"言説分析","sequence":"1","lang":"ja"},{"keyword":"Sociological Methodology","sequence":"2","lang":"en"},{"keyword":"社会学方法論","sequence":"2","lang":"ja"},{"keyword":"Discursive Space","sequence":"3","lang":"en"},{"keyword":"言説空間","sequence":"3","lang":"ja"}],"citation_list":[{"sequence":"1","original_text":"赤川 学. 1996.「社会問題としての売買春」『信州大学人文学部紀要』No.30: 65-84."},{"sequence":"2","original_text":"赤川 学. 1999.『セクシュアリティの歴史社会学』勁草書房."},{"sequence":"3","original_text":"赤川 学. 2001.「言説分析と構築主義」上野千鶴子（編）『構築主義とは何か』勁草書房: 63-83."},{"sequence":"4","original_text":"遠藤知巳. 2000.「言説分析とその困難」『理論と方法』15(1): 49-60."},{"sequence":"5","original_text":"Foucault, Michel. 1966. &ldquo;Michel Foucault, Les Mots et les Choses&rdquo;, <I>Les Lettres fran&ccedil;aise</I>, No.1125: 3-5. =1999. 廣瀬浩司（訳）「ミシェル・フーコー『言葉と物』」『ミシェル・フーコー思考集成II』. 筑摩書房: 304-312．"},{"sequence":"6","original_text":"Foucault, Michel. 1967. &ldquo;Sur le Fa&ccedil;ons d'&eacute;crire l'histoire&rdquo;, <I>Les Lettres fran&ccedil;aises</I>, No.1187: 6-9. =1999. 石田英敬（訳）.「歴史の書き方について」『ミシェル・フーコー思考集成II』筑摩書房: 430-451."},{"sequence":"7","original_text":"Foucault, Michel. 1968. &ldquo;Sur L'arch&eacute;ologie des Sciences&rdquo;, <I>Cahiers pour l'analyse</I>. No.9: 9-40. =1999. 石田英敬（訳）「科学の考古学について」『ミシェル・フーコー思考集成III』筑摩書房: 100-143．"},{"sequence":"8","original_text":"Foucault, Michel. 1969. <I>L'arch&eacute;ologie du Savoir</I>. Paris: Gallimard. =1981. 中村雄二郎（訳）『知の考古学』河出書房新社．"},{"sequence":"9","original_text":"Foucault, Michel. 1968. &ldquo;R&eacute;ponse &agrave; une Question&rdquo;, <I>Esprit</I>. No.371: 850-874. =1999. 石田英敬（訳）「エスプリ誌 質問への回答」『ミシェル・フーコー思考集成III』筑摩書房: 70-99．"},{"sequence":"10","original_text":"Foucault, Michel. 1969. &ldquo;La Naissance d'un Monde&rdquo;, <I>Le Monde des Livres</I>. No.7558:8. =1999. 廣瀬浩司（訳）「ある世界の誕生」『ミシェル・フーコー思考集成III』筑摩書房: 218-222．"},{"sequence":"11","original_text":"Foucault, Michel. 1971. &ldquo;Entrevista com Michel Foucault&rdquo;, Merquior.J.G. &amp; Rouanet. S.P. (ed) <I>O Homen e o Discurso</I>, 17-42. =1999. 慎改康之（訳）「ミシェル・フーコーとの対談」『ミシェル・フーコー思考集成IV』筑摩書房:39-61．"},{"sequence":"12","original_text":"福島 章. 2000.『マンガと日本人』日本文芸社."},{"sequence":"13","original_text":"Giddens, Anthony. 1984. <I>The Constitution of Society</I>, Cambridge: Polity."},{"sequence":"14","original_text":"Habermas, Jurgen. 1985. <I>Der Philosophische Diskurs der Moderne</I>, Frankfurt am Main: Suhrkamp Verlag. =1990. 三島憲一他（訳）『近代の哲学的ディスクルスII』岩波書店．"},{"sequence":"15","original_text":"葛山泰央. 2000.『友愛の歴史社会学』岩波書店."},{"sequence":"16","original_text":"北田暁大. 2000.『広告の誕生』岩波書店."},{"sequence":"17","original_text":"Merton, Robert K. 1957. <I>Social Theory and Social Structure</I>, New York: Free Press. =1961. 森東吾・森吉男・金沢実・中島竜太郎（訳）『社会理論と社会構造』みすず書房."},{"sequence":"18","original_text":"中河伸俊. 1999.『社会問題の社会学』世界思想社."},{"sequence":"19","original_text":"佐藤郁哉. 1992.『フィールドワーク』新曜社."},{"sequence":"20","original_text":"佐藤健二. 1995.『流言蜚語』有信堂."},{"sequence":"21","original_text":"佐藤俊樹. 1998.「近代を語る視線と文体」高坂健次・厚東洋輔（編）『講座社会学１ 理論と方法』東京大学出版会: 65-98．"},{"sequence":"22","original_text":"上野千鶴子. 2001.「構築主義とは何か」上野千鶴子（編）『構築主義とは何か』勁草書房: 275-305."}]}}