{"status":"OK","apiType":"doi","apiVersion":"1.0.0","message":{"total":1,"rows":1,"totalPages":1,"page":1},"data":{"siteId":"SI/JST.JSTAGE","content_type":"JA","doi":"10.11218/ojjams.2.45","url":"https://doi.org/10.11218/ojjams.2.45","ra":"JaLC","prefix":"10.11218","site_name":"J-STAGE","publisher_list":[{"publisher_name":"Japanese Association For Mathematical Sociology","lang":"en"},{"publisher_name":"数理社会学会","lang":"ja"}],"title_list":[{"lang":"ja","title":"階層構造と不公平感"},{"lang":"en","title":"A Stratified System and Feeling of Inequity"}],"creator_list":[{"sequence":"1","type":"person","names":[{"lang":"ja","last_name":"斎藤","first_name":"友里子"},{"lang":"en","last_name":"SAITO","first_name":"Yuriko"}],"affiliation_list":[{"affiliation_name":"Kwansei Gakuin University","sequence":"1","lang":"en"},{"affiliation_name":"関西学院大学","sequence":"1","lang":"ja"}]}],"publication_date":{"publication_year":"1987"},"relation_list":[{"content":"https://www.jstage.jst.go.jp/article/ojjams/2/1/2_1_45/_pdf","type":"URL","relation":"fullTextPdf"}],"content_language":"ja","updated_date":"2017-03-23","article_type":"pub","journal_id_list":[{"journal_id":"0913-1442","type":"ISSN","issn_type":"print"},{"journal_id":"1881-6495","type":"ISSN","issn_type":"online"},{"journal_id":"ojjams","type":"JID"}],"journal_title_name_list":[{"journal_title_name":"Sociological Theory and Methods","type":"full","lang":"en"},{"journal_title_name":"Sociological Theory and Methods","type":"abbreviation","lang":"en"},{"journal_title_name":"理論と方法","type":"full","lang":"ja"},{"journal_title_name":"理論と方法","type":"abbreviation","lang":"ja"}],"journal_classification":"01","recorded_year":"1986-2013","volume":"2","issue":"1","first_page":"45","last_page":"60","date":"2009-03-01","keyword_list":[{"keyword":"Mathematical Model","sequence":"1","lang":"en"},{"keyword":"Images of Allocation system","sequence":"2","lang":"en"},{"keyword":"Distributive Justice","sequence":"3","lang":"en"},{"keyword":"Feeling of Inequity","sequence":"4","lang":"en"}],"citation_list":[{"sequence":"1","original_text":"Adams, J. S. 1963 &ldquo;Wage Inequities, Productivity and Work Quality.&rdquo; <I>Industrial Relations</I> 3: 9-16."},{"sequence":"2","original_text":"Asch, S. E. 1946 &ldquo;Forming Impressions of Personality.&rdquo; <I>Journal of Abnormal and Social Psychology</I> 41: 258-290."},{"sequence":"3","original_text":"Berger, J., Zelditch, M., Anderson, B., and Cohen, P. 1972 &ldquo;Structural Aspects of Distributive Justice: A Status Value Formulation.&rdquo; Pp.119-46. in <I>Sociological Theories in Progress</I>, edited by J. Berger, M. Zelditch, and B. Anderson, vol.2 Boston: Houghton Mifflin."},{"sequence":"4","original_text":"Deutsch, M. 1975 &ldquo;Equity, Equality, and Need: What Determins Which Value Will be Used as the Basis of Distributive Justice?&rdquo; <I>The Journal of Social Issues</I> 31: 137-149."},{"sequence":"5","original_text":"Fararo, T. J. 1973 <I>Mathematical Sociology : An Introduction to Fundamentals</I>. John Wiley &amp; Sons, Inc. Pp.347-368. （西田春彦・安田三郎監訳「数理社会学II」紀伊国屋書店1980年: Pp.3-28.)"},{"sequence":"6","original_text":"Festinger, L. 1954 &ldquo;A Theory of Social Comparison Processes.&rdquo; <I>Human Relations</I> 7:117-140."},{"sequence":"7","original_text":"Festinger, L. 1957 <I>A Theory of Cognitive Dissonance</I>. Row, Peterson and Company. （末永俊郎監訳「認知不協和の理論」誠信書房 1965年）"},{"sequence":"8","original_text":"Homans, G. C. 1961 <I>Social Behavior: Its Elementary Forms</I>. London: Brace and World. （橋本茂訳「社会行動―その基本形態―」誠信書房 1978年）"},{"sequence":"9","original_text":"Jasso, G. 1978 &ldquo;On the Justice of Earnings: A New Specification of the Justice Evaluation Function.&rdquo; <I>American Journal of Sociology</I> 83(6):1398-1419."},{"sequence":"10","original_text":"Patchen, M. 1961 &ldquo;A Conceptual Framework and Some Empirical Data Regarding Comparisons of Social Rewards.&rdquo; <I>Sociometry</I> 24: 136-156."},{"sequence":"11","original_text":"Rawls, J. 1958 &ldquo;Justice as Fairness.&rdquo; <I>Philosophical Review</I> 67: 164-194. （田中成明編訳「公正としての正義」木鐸社 1979年: Pp.7-77.）"},{"sequence":"12","original_text":"Runciman, W. G. 1968 &ldquo;Reference Groups and Inequalities of Class.&rdquo; Pp.207-221 in <I>Readings in Reference Groups Theory and Research</I>, edited by E. H. Hyman and E. Singer. The Free Press, New York."},{"sequence":"13","original_text":"Walster, E., Berscheid, E., and Walster, G. W. 1976 &ldquo;New Directions in Equity Research.&rdquo; in <I>Advances in Experimental Social Psychology</I>, edited by L. Berkowitz and E. Walster, 1976(9):1-42."}]}}