{"status":"OK","apiType":"doi","apiVersion":"1.0.0","message":{"total":1,"rows":1,"totalPages":1,"page":1},"data":{"siteId":"SI/JST.JSTAGE","content_type":"JA","doi":"10.11218/ojjams.13.23","url":"https://doi.org/10.11218/ojjams.13.23","ra":"JaLC","prefix":"10.11218","site_name":"J-STAGE","publisher_list":[{"publisher_name":"Japanese Association For Mathematical Sociology","lang":"en"},{"publisher_name":"数理社会学会","lang":"ja"}],"title_list":[{"lang":"ja","title":"政治的機会構造・経済構造・イデオロギー","subtitle":"─幕末日本の農民運動─"},{"lang":"en","title":"Political Opportunity Structure, Economic Structure,and Ideology :","subtitle":"Peasant Uprisings in 19th-Century Japan"}],"creator_list":[{"sequence":"1","type":"person","names":[{"lang":"ja","last_name":"野宮","first_name":"大志郎"},{"lang":"en","last_name":"NONIIYA","first_name":"Daishiro"}],"affiliation_list":[{"affiliation_name":"Department of Sociology<BR>Hokkaido University","sequence":"1","lang":"en"},{"affiliation_name":"北海道大学","sequence":"1","lang":"ja"}]}],"publication_date":{"publication_year":"1998"},"relation_list":[{"content":"https://www.jstage.jst.go.jp/article/ojjams/13/1/13_23/_pdf","type":"URL","relation":"fullTextPdf"}],"content_language":"ja","updated_date":"2016-09-29","article_type":"pub","journal_id_list":[{"journal_id":"0913-1442","type":"ISSN","issn_type":"print"},{"journal_id":"1881-6495","type":"ISSN","issn_type":"online"},{"journal_id":"ojjams","type":"JID"}],"journal_title_name_list":[{"journal_title_name":"Sociological Theory and Methods","type":"full","lang":"en"},{"journal_title_name":"Sociological Theory and Methods","type":"abbreviation","lang":"en"},{"journal_title_name":"理論と方法","type":"full","lang":"ja"},{"journal_title_name":"理論と方法","type":"abbreviation","lang":"ja"}],"journal_classification":"01","recorded_year":"1986-2013","volume":"13","issue":"1","first_page":"23","last_page":"40","date":"2016-09-30","keyword_list":[{"keyword":"political opportunity structure","sequence":"1","lang":"en"},{"keyword":"政治的機会構造","sequence":"1","lang":"ja"},{"keyword":"economic structure","sequence":"2","lang":"en"},{"keyword":"経済構造","sequence":"2","lang":"ja"},{"keyword":"ideology","sequence":"3","lang":"en"},{"keyword":"イデオロギー","sequence":"3","lang":"ja"},{"keyword":"peasant movements","sequence":"4","lang":"en"},{"keyword":"農民運動","sequence":"4","lang":"ja"}],"citation_list":[{"sequence":"1","original_text":"青木虹二 1971『百姓一揆総合年表』三一書房."},{"sequence":"2","original_text":"青木美智男 1981「天保一揆論」『講座日本近世史６』青木美智男・山田忠雄編 111-182頁 有斐閣"},{"sequence":"3","original_text":"Amenta, Edwin, and Y vonne Zylan, 1991, &ldquo;It Happened Here: Political Opportunity, the New Institutionalism, and the Townsend Movement.&rdquo; <I>American Sociological Review</I> 56: 250-265."},{"sequence":"4","original_text":"荒川秀俊 1964『災害の歴史』至文堂"},{"sequence":"5","original_text":"荒川秀俊 1967『飢饉の歴史』至文堂"},{"sequence":"6","original_text":"Chirot, Daniel and Charles C. Ragin. 1979. &ldquo;The Market, Tradition and Peasant Rebellion: The Case of Romania in 1907.&rdquo; <I>American Sociological Review</I> 40: 428-444."},{"sequence":"7","original_text":"Diani, Mario. 1996. &ldquo;Linking Mobilization Frames and Political Opportunities: Insights from Regional Populism in Italy.&rdquo; <I>American Sociological Review</I> 61: 1053-1069"},{"sequence":"8","original_text":"Eisinger, P. K. 1973. &ldquo; The Conditions of Protest Behavior in American Cities,&rdquo; <I>American Political Science Review</I> 67: 11-28."},{"sequence":"9","original_text":"深谷克巳 1986『百姓一揆の歴史的構造』校倉書房."},{"sequence":"10","original_text":"深谷克巳 1993『百姓成立』塙書房."},{"sequence":"11","original_text":"Gamson, William A. 1975. <I>The Strategy of Social Protest</I>. The Dorsey Press."},{"sequence":"12","original_text":"Gamson, William A. and Meyer, David S. 1996. &ldquo;Framing Political Opportunity.&rdquo; Pp.275-290 in Doug McAdam, John D. McCarthy, and Mayer Zald (eds.), <I>Comparative Perspectives on Social Movements</I>. Cambridge: Cambridge University Press."},{"sequence":"13","original_text":"Jenkins, Craig J. 1983. &ldquo;Why Do Peasant Rebel? Structural and Historical Theories of Modern Peasant Rebellions.&rdquo; <I>American Journal of Sociology</I> 88: 487-514."},{"sequence":"14","original_text":"Jenkins, Craig J., and Charles Perrow. 1977. &ldquo;Insurgency of the Powerless: Farm Worker Movements (1946-1972).&rdquo; <I>American Sociological Review</I> 42: 249-68."},{"sequence":"15","original_text":"Katzenstein, Mary F. 1987 &ldquo;Comparing the Feminist Movements of the United States and Western Europe: An Overview&rdquo; Pp.3-22 in Mary F. Katzenstein and Carol M. Muller (eds.) <I>The Women's Movements of the Unites States and Western Europe: Consciousness, Political Opportunity, and Public Policy</I>. Philadelphia: Temple University Press."},{"sequence":"16","original_text":"木村礎 1980『近世の村』教育社"},{"sequence":"17","original_text":"気象研究所（編）1964『日本旱魅霖雨史料』地人書館"},{"sequence":"18","original_text":"Kitschelt, Herbelt P. 1986. &ldquo;Political Opportunity Structures and Political Protest: Anti-Nuclear Movements in Four Democracies.&rdquo; <I>British Journal of Political Science</I> 16: 57-85."},{"sequence":"19","original_text":"Koopmans, Ruud, and Duyvendak, Jan Willem. 1995. &ldquo;The Political Construction of the Nuclear Energy Issue and its Impact on the Mobilization of Anti-Nuclear Movements in Western Europe.&rdquo; <I>Social Problems</I> 42: 235-251."},{"sequence":"20","original_text":"McAdam, Doug. 1996 &ldquo;Conceptual Origins, Current Problems, Future Directions.&rdquo; Pp.23-40 in Doug McAdam, John D. McCarthy, and Mayer Zald (eds.), <I>Comparative Perspectives on Social Movements</I>. Cambridge: Cambridge University Press."},{"sequence":"21","original_text":"宮田登 1977「農村の復興運動と民衆宗教の展開」『岩波講座日本歴史１３ 近世５』岩波書店"},{"sequence":"22","original_text":"宮地正人 1981「幕末過渡期国家論」『講座日本近世史８ 幕藩制国家の崩壊』佐藤誠朗・河内八郎編 87-132頁 有斐閣."},{"sequence":"23","original_text":"宮沢誠一 1973「幕藩制仁政イデオロギーの成立と構造」『1973年度歴史学研究会大会報告別冊特集号』"},{"sequence":"24","original_text":"森岡清美 1989『新宗教運動の展開過程』創文社"},{"sequence":"25","original_text":"Nomiya, Daishiro. 1998. &ldquo;Comparing Protest and Conflict: A Time-Series Analysis of Peasant Unrest in Japan, 1800-1877.&rdquo; To be published in the <I>International Journal of Japanese Sociology</I> 7."},{"sequence":"26","original_text":"Oberschall, Anthony, 1973. <I>Social Conflict and Social Movements</I>. New Jersey: Prentice, Hall."},{"sequence":"27","original_text":"Olzak, Susan, 1990 &ldquo;The Political Context of Competition: Lynching and Urban Racial Violence, 1882-1914.&rdquo; <I>Social Forces</I> 69: 395-422."},{"sequence":"28","original_text":"Olzak, Susan. 1992. <I>The Dynamics of Ethnic Competition and Conflict</I>. Stanford: Stanford University Press."},{"sequence":"29","original_text":"小野正雄 1985「幕藩政治改革論」『講座日本歴史６ 近世２』歴史学研究会・日本史研究会編. 309, 339頁."},{"sequence":"30","original_text":"酒井一 1981「大塩の乱と機内農村」『講座日本近世史６』青木美智男・山田忠雄編 183-254頁 有斐閣"},{"sequence":"31","original_text":"斎藤修 1980「大阪卸売物価指数 1757-1915」三田学会雑誌68（10）."},{"sequence":"32","original_text":"Scott, James C. 1976. <I>The Moral Economy of the Peasant: Rebellion and Subsistence in Southeast Asia</I>. New Heaven and London: Yale University Press."},{"sequence":"33","original_text":"Scott, James C. 1985. <I>Weapons of the Weak: Everyday Forms of Peasant Resistance</I>. New Heaven and London: Yale University Press."},{"sequence":"34","original_text":"新保博 1978『近世の物価と経済発展』東京経済新報社"},{"sequence":"35","original_text":"Smith, Thomas C. 1959. <I>The Agrarian Origin of Modern Japan</I>. Stanford: Stanford University Press."},{"sequence":"36","original_text":"Snow, David A. and Robert D. Benford.1988 &ldquo;Ideology, Frame Resonance, and Participant Mobilization.&rdquo; <I>International Social Movement Research</I> 1: 197-219."},{"sequence":"37","original_text":"Snow, David A. and Robert D. Benford. 1992. &ldquo;Master Frames and Cycles of Protest.&rdquo; Pp.135-55 in Morris and C. McClurg Mueller (eds.) <I>Frontiers in Social Movement Theory</I>. New Heaven, CT.: Yale University Press."},{"sequence":"38","original_text":"Snow, David A., Burke Rochford, Jr., Steven K, Worden, and Robert Benford. 1986. &ldquo;Frame Alignment Processes, Micromobilizatlon, and Movement Participation.&rdquo; <I>American Sociological Review</I> 51: 464-481."},{"sequence":"39","original_text":"Swart, William J. 1995. &ldquo;The League of Nations and the Irish Question: Master Frames, Cycles of Protest, and &ldquo;Master Frame Alignment&rdquo;. <I>The Sociological Quarterly</I> 36: 465-481."},{"sequence":"40","original_text":"田中彰 1994「幕末期の危機意識」『日本の近世１８ 近代国家への志向』田中彰編 103-144頁 中央公論社."},{"sequence":"41","original_text":"Tarrow, Sidney, 1988 &ldquo;National Politics and Collective Action: Recent Theory and Research in Western Europe and the United States.&rdquo; <I>Annual Review of Sociology</I> 14: 421-40."},{"sequence":"42","original_text":"Tarrow, Sidney, 1994. <I>Power in Movement: Social Movements, Collective Action, and Politics</I>. New York: Cambridge University Press."},{"sequence":"43","original_text":"Tilly, Charles. 1978. <I>From Mobilization to Revolution</I>. New York: Random House."},{"sequence":"44","original_text":"山本俊一 1982『日本コレラ史』東京大学出版会"},{"sequence":"45","original_text":"安丸良夫 1974『日本の近代化と民衆思想』青木書店"},{"sequence":"46","original_text":"White, James W, 1989. &ldquo;Economic Development and Sociopolitical Unrest in Nineteenth-Century Japan.&rdquo; <I>Economic Development and Cultural Change</I> 37: 231-260."},{"sequence":"47","original_text":"White, James W. 1995. &ldquo;Cycles and Repertoires of Popular Contention in Early Modern Japan.&rdquo; Pp.145-172 in Mark Traugott (ed.) <I>Repertoires and Cycles of Collective Action</I>. NC.: Duke University Press."}]}}