{"status":"OK","apiType":"doi","apiVersion":"1.0.0","message":{"total":1,"rows":1,"totalPages":1,"page":1},"data":{"siteId":"SI/JST.JSTAGE","content_type":"JA","doi":"10.11218/ojjams.22.31","url":"https://doi.org/10.11218/ojjams.22.31","ra":"JaLC","prefix":"10.11218","site_name":"J-STAGE","publisher_list":[{"publisher_name":"Japanese Association For Mathematical Sociology","lang":"en"},{"publisher_name":"数理社会学会","lang":"ja"}],"title_list":[{"lang":"en","title":"Decision and Justification in the Social Dilemma of Recycling. I.","subtitle":"A Two-Stage Model of Rational Choice and Cognitive Dissonance Reduction"}],"creator_list":[{"sequence":"1","type":"person","names":[{"lang":"ja","last_name":"木村","first_name":"邦博"},{"lang":"en","last_name":"KIMURA","first_name":"Kunihiro"}],"affiliation_list":[{"affiliation_name":"Department of Behavioral Science School/Faculty of Arts and Letters Tohoku University","sequence":"1","lang":"en"},{"affiliation_name":"東北大学","sequence":"1","lang":"ja"}]},{"sequence":"2","type":"person","names":[{"lang":"ja","last_name":"篠木","first_name":"幹子"},{"lang":"en","last_name":"SHINOKI","first_name":"Mikiko"}],"affiliation_list":[{"affiliation_name":"Faculty of Policy Studies Iwate Prefectural University","sequence":"2","lang":"en"},{"affiliation_name":"岩手県立大学","sequence":"2","lang":"ja"}]}],"publication_date":{"publication_year":"2007"},"relation_list":[{"content":"https://www.jstage.jst.go.jp/article/ojjams/22/1/22_1_31/_pdf","type":"URL","relation":"fullTextPdf"}],"content_language":"en","updated_date":"2017-03-23","article_type":"pub","journal_id_list":[{"journal_id":"0913-1442","type":"ISSN","issn_type":"print"},{"journal_id":"1881-6495","type":"ISSN","issn_type":"online"},{"journal_id":"ojjams","type":"JID"}],"journal_title_name_list":[{"journal_title_name":"Sociological Theory and Methods","type":"full","lang":"en"},{"journal_title_name":"Sociological Theory and Methods","type":"abbreviation","lang":"en"},{"journal_title_name":"理論と方法","type":"full","lang":"ja"},{"journal_title_name":"理論と方法","type":"abbreviation","lang":"ja"}],"journal_classification":"01","recorded_year":"1986-2013","volume":"22","issue":"1","first_page":"31","last_page":"48","date":"2007-08-03","keyword_list":[{"keyword":"pro-environmental attitudes and behaviors","sequence":"1","lang":"en"},{"keyword":"false consensus effect","sequence":"2","lang":"en"},{"keyword":"efficacy","sequence":"3","lang":"en"}],"citation_list":[{"sequence":"1","original_text":"Ajzen, Icek. 1985. &ldquo;From Intention to Action: a Theory of Planned Behavior.&rdquo; Pp.11-39 in Action-control: From Cognition to Behavior, edited by Julius Kuhl and Jurgen Beckmann. Heidelberg: Springer."},{"sequence":"2","original_text":"Ajzen, Icek, and Martin Fishbein. 1980. Understanding Attitudes and Predicting Social Behavior. Englewood Cliffs, New Jersey: Prentice-Hall."},{"sequence":"3","original_text":"Akerlof, George A. 1989. &ldquo;The Economics of Illusion.&rdquo; Economics and Politics. 1(1):1-15."},{"sequence":"4","original_text":"Akerlof, George A., and William T. Dickens. 1982. &ldquo;The Economic Consequences of Cognitive Dissonance.&rdquo; American Economic Review. 72(3):307-319."},{"sequence":"5","original_text":"Arbuthnot, Jack.1977. &ldquo;The Roles of Attitudinal and Personality Variables in the Prediction of Environmental Behavior and Knowledge.&rdquo; Environment and Behavior. 9(2):217-233."},{"sequence":"6","original_text":"Argyle, Michael. 1994. The Psychology of Social Class. London: Routledge."},{"sequence":"7","original_text":"Aronson, Elliot. 1999. &ldquo;Dissonance, Hypocrisy, and the Self-Concept.&rdquo; Pp.103-126 in Cognitive Dissonance: Progress on a Pivotal Theory in Social Psychology, edited by Eddie Harmon-Jones and Judson Mills. Washington, DC: American Psychological Association."},{"sequence":"8","original_text":"Blau, Peter M., and Otis Dudley Duncan. 1967. The American Occupational Structure. New York: Free Press."},{"sequence":"9","original_text":"Bonacich, Philip, Gerald H. Shure, James P. Kahan, and Robert J. Meeker. 1976. &ldquo;Cooperation and the Group Size in the N-Person Prisoner's Dilemma.&rdquo; Journal of Conflict Resolution. 20(4):687-706."},{"sequence":"10","original_text":"Bratt, Christopher. 1999. &ldquo;The Impact of Norms and Assumed Consequences on Recycling Behavior.&rdquo; Environment and Behavior. 31(5):630-635."},{"sequence":"11","original_text":"Burn, Shawn M. 1991. &ldquo;Social Psychology and the Stimulation of Recycling Behaviors: The Block Leader Approach.&rdquo; Journal of Applied Social Psychology. 21(8):611-629."},{"sequence":"12","original_text":"Dawes, Robyn M. 1975. &ldquo;Formal Models of Dilemmas in Social Decision Making.&rdquo; Pp.87-107 in Human Judgment and Decision Processes: Formal and Mathematical Approaches, edited by Martin Kaplan and S. Schwartz. New York: Academic Press."},{"sequence":"13","original_text":"Dawes, Robyn M. 1980. &ldquo;Social Dilemmas.&rdquo; Annual Review of Psychology. 31:169-193."},{"sequence":"14","original_text":"De Young, Raymond. 1986. &ldquo;Some Psychological Aspects of Recycling.&rdquo; Environment and Behavior. 18(4):435-449."},{"sequence":"15","original_text":"De Young, Raymond. 1988-1989. &ldquo;Exploring the Difference Between Recyclers and Non-Recyclers: The Role of Information.&rdquo; Journal of Environmental Systems. 18(4):341-351."},{"sequence":"16","original_text":"Dickens, William T. 1986. &ldquo;Crime and Punishment Again: The Economic Approach with a Psychological Twist.&rdquo; Journal of Public Economics. 30:97-107."},{"sequence":"17","original_text":"Diekmann, Andreas, and Peter Preisend&ouml;rfer. 1998. &ldquo;Environmental Behavior: Discrepancies between Aspirations and Reality.&rdquo; Rationality and Society. 10(1):79-102."},{"sequence":"18","original_text":"Diekmann, Andreas, and Peter Preisend&ouml;rfer. 2003. &ldquo;Green and Greenback: The Behavioral Effects of Environmental Attitudes in Low-Cost and High-Cost Situations.&rdquo; Rationality and Society. 15(4):441-472."},{"sequence":"19","original_text":"Elster, Jon. 1983. Sour Grapes: Studies in the Subversion of Rationality. Cambridge: Cambridge University Press."},{"sequence":"20","original_text":"Festinger, Leon. 1957. A Theory of Cognitive Dissonance. Stanford, California: Stanford University Press."},{"sequence":"21","original_text":"Fishbein, Martin, and Icek Ajzen. 1975. Belief, Attitude, Intention, and Behavior: An Introduction to Theory and Research. Reading, Massachusetts: Addison-Wesley."},{"sequence":"22","original_text":"Gamba, Raymond J., and Stuart Oskamp. 1994. &ldquo;Factors Influencing Community Residents' Participation in Commingled Curbside Recycling Programs.&rdquo; Environment and Behavior. 26(5):687-612."},{"sequence":"23","original_text":"Gerard, Harold B., and Ruben Orive. 1987. &ldquo;The Dynamics of Opinion Formation.&rdquo; Advances in Experimental Social Psychology. 20:171-202."},{"sequence":"24","original_text":"Goldenhar, Linda M., and Cathleen M. Connell. 1992-1993. &ldquo;Understanding and Predicting Recycling Behavior: An Application of the Theory of Reasoned Action.&rdquo; Journal of Environmental Systems. 22(1): 91-103."},{"sequence":"25","original_text":"Hardin, Garrett. 1968. &ldquo;The Tragedy of the Commons.&rdquo; Science. 162:1243-1248."},{"sequence":"26","original_text":"Harmon-Jones, Eddie, and Judson Mills, eds. 1999. Cognitive Dissonance: Progress on a Pivotal Theory in Social Psychology. Washington, DC: American Psychological Association."},{"sequence":"27","original_text":"Hopper, Joseph. R., and Joyce M. Nielsen. 1991. &ldquo;Recycling as Altruistic Behavior: Normative and Behavioral Strategies to Expand Participation in a Community Recycling Program.&rdquo; Environment and Behavior. 23(2):195-220."},{"sequence":"28","original_text":"Humphrey, Craig R., Richard J. Bord, Margaret M. Hammond, and Stuart H. Mann. 1977. &ldquo;Attitudes and Conditions for Cooperation in a Paper Recycling Program.&rdquo; Environment and Behavior. 9(1):107-124."},{"sequence":"29","original_text":"Iedema, Jurjen, and Matthijs Poppe. 1995. &ldquo;Perceived Consensus of One's Social Value Orientation in Different Populations in Public and Private Circumstances.&rdquo; European Journal of Social Psychology. 25(5):497-507."},{"sequence":"30","original_text":"Kelly, Jonathan, and D. R. Evans. 1993. &ldquo;The Legitimation of Inequality: Occupational Earnings in Nine Nations.&rdquo; American Journal of Sociology. 99(1):75-125."},{"sequence":"31","original_text":"Kimura, Kunihiro. 1993. &ldquo;Perception of Pollution as a Social Dilemma.&rdquo; Journal of Mathematical Sociology. 18(1):81-91."},{"sequence":"32","original_text":"Kimura, Kunihiro. 1995. &ldquo;Game Theoretical Formulations of the Olson Problem.&rdquo; International Journal of Japanese Sociology. 4:99-117. Japan Sociological Society."},{"sequence":"33","original_text":"Kohn, Melvin L., and Kazimierz M. Slomczynski. 1990. Social Structure and Self-Direction: A Comparative Analysis of the United States and Poland. Cambridge, Massachusetts: Blackwell."},{"sequence":"34","original_text":"Kollock, Peter. 1998. &ldquo;Social Dilemmas: The Anatomy of Cooperation.&rdquo; Annual Review of Sociology. 24:183-214."},{"sequence":"35","original_text":"Komorita, Samuel S., and Craig D. Parks. 1994. Social Dilemmas. Madison, Wisconsin: Brown &amp; Benchmark."},{"sequence":"36","original_text":"Krueger, Joachim. 1998. &ldquo;On the Perception of Social Consensus.&rdquo; Advances in Experimental Social Psychology. 30:163-240."},{"sequence":"37","original_text":"Lave, Charles A., and James G. March. 1975. An Introduction to Models in the Social Sciences. New York: Harper &amp; Row."},{"sequence":"38","original_text":"Luyben, Paul D., and Jon D. Bailey. 1979. &ldquo;Newspaper Recycling: The Effects of Rewards and Proximity of Containers.&rdquo; Environment and Behavior. 11(4):539-337."},{"sequence":"39","original_text":"Marks, Gary, and Norman Miller. 1987. &ldquo;Ten Years of Research on the False-Consensus Effect: An Experimental and Theoretical Review.&rdquo; Psychological Bulletin. 102(1):72-90."},{"sequence":"40","original_text":"Mess&eacute;, Lawrence A., and John M. Sivacek. 1979. &ldquo;Predictions of Others' Response in a Mixed-Motive Game: Self-Justification or False Consensus?&rdquo; Journal of Personality and Social Psychology. 37(4):602-607."},{"sequence":"41","original_text":"Messick, David M. 1973. &ldquo;To Join or Not to Join: An Approach to the Unionization Decision.&rdquo; Organizational Behavior and Human Performance. 10(1):145-156."},{"sequence":"42","original_text":"Messick, David M., and Marilynn B. Brewer. 1983. &ldquo;Solving Social Dilemmas: A Review.&rdquo; Review of Personality and Social Psychology. 4:11-44."},{"sequence":"43","original_text":"Montgomery, James D. 1994. &ldquo;Revisiting Tally's Corner: Mainstream Norms, Cognitive Dissonance, and Underclass Behavior.&rdquo; Rationality and Society. 6(4):462-488."},{"sequence":"44","original_text":"Mullen, Brian, Jennifer L. Atkins, Debbie S. Champion, Cecelia Edwards, Dana Hardy, John E. Story, and Mary Vanderklok. 1985. &ldquo;The False Consensus Effect: A Meta-analysis of 115 Hypothesis Tests.&rdquo; Journal of Experimental Social Psychology. 21(4):262-283."},{"sequence":"45","original_text":"Nickerson, Raymond S. 1999. &ldquo;How We Know --- and Sometimes Misjudge --- What Others Know: Imputing One's Own Knowledge to Others.&rdquo; Psychological Bulletin. 125(6):737-759."},{"sequence":"46","original_text":"Opp, Karl-Dieter. 1989. The Rationality of Political Protest: A Comparative Analysis of Rational Choice Theory. Boulder: Westview Press."},{"sequence":"47","original_text":"Oskamp, Staut, Maura J. Harrington, Todd C. Edwards, Deborah L. Sherwood, Shawn M. Okuda, and Deborah C. Swanson. 1991. &ldquo;Factors Influencing Household Recycling Behavior.&rdquo; Environment and Behavior. 23(4):494-519."},{"sequence":"48","original_text":"Rabin, Matthew. 1994. &ldquo;Cognitive Dissonance and Social Change.&rdquo; Journal of Economic Behavior and Organization. 23:177-194."},{"sequence":"49","original_text":"Reid, Dennis H., Paul D Luyben, Robert J. Rawers, and Jon S. Bailey. 1976. &ldquo;Newspaper Recycling Behavior: The effects of Prompting and Proximity of Containers.&rdquo; Environment and Behavior. 8(3):471-482."},{"sequence":"50","original_text":"Robinson, Robert V., and Wendell Bell. 1978. &ldquo;Equality, Success, and Social Justice in England and the United States.&rdquo; American Sociological Review. 43(2):125-143."},{"sequence":"51","original_text":"Ross, Lee, David Greene, and Pamela House. 1977. &ldquo;The &lsquo;False Consensus Effect&rsquo;: An Egocentric Bias in Social Perception and Attribution Processes.&rdquo; Journal of Experimental Social Psychology. 13(3):279-301."},{"sequence":"52","original_text":"Sally, David. 2000. &ldquo;A General Theory of Sympathy, Mind-Reading, and Social Interaction, with an Application to the Prisoners' Dilemma.&rdquo; Social Science Information. 39(4):567-634."},{"sequence":"53","original_text":"Shinoki, Mikiko. 2002. &ldquo;Recycling Behavior and the Mechanism of Justification: The Discrepancy between Environmental Attitude and Behavior.&rdquo; Japanese Sociological Review. 53(1):85-100. (in Japanese)"},{"sequence":"54","original_text":"Shinoki, Mikiko, and Kunihiro Kimura. 2007. &ldquo;Decision and Justification in the Social Dilemma of Recycling. II. Empirical Tests of Predictions from the Model.&rdquo; Sociological Theory and Methods. 22(1):49-69."},{"sequence":"55","original_text":"Svenson, Ola. 1992. &ldquo;Differentiation and Consolidation Theory of Human Decision Making: A Frame of Reference for the Study of Pre- and Post-Decision Processes.&rdquo; Acta Psychologica. 80:143-168."},{"sequence":"56","original_text":"Taylor, Shirley, and Peter Todd. 1995. &ldquo;An Integrated Model of Waste Management Behavior: A Test of Household Recycling and Composting Intentions.&rdquo; Environment and Behavior. 27(5): 603-630."},{"sequence":"57","original_text":"Thibodeau, Ruth, and Elliot Aronson. 1992. &ldquo;Taking a Closer Look: Reasserting the Role of the Self-Concept in Dissonance Theory.&rdquo; Personality and Social Psychology Bulletin. 18(5):591-602."},{"sequence":"58","original_text":"Van Liere, Kent D., and Riley E. Dunlap. 1978. &ldquo;Moral Norms and Environmental Behavior: An Application of Schwartz's Norm Activation Model to Yard Burning.&rdquo; Journal of Applied Social Psychology. 8(2):174-188."},{"sequence":"59","original_text":"Veroff, Joseph, Elizabeth Douvan, and Richard A. Kulka. 1981. The Inner American: Self-Portrait from 1957 to 1976. New York: Basic Books."},{"sequence":"60","original_text":"Weidman, John C., William T. Phelan, and Mary A. Sullivan. 1972. &ldquo;The Influence of Educational Attainment on Self-Evaluation of Competence.&rdquo; Sociology of Education. 45(3):303-313."},{"sequence":"61","original_text":"Yamagishi, Toshio. 1995. &ldquo;Social Dilemmas.&rdquo; Pp.311-335 in Sociological Perspectives on Social Psychology, edited by Karen S. Cook, Gary Alan Fine, and James S. House. Needham Heights, Massachusetts: Allyn and Bacon."}]}}