{"status":"OK","apiType":"doi","apiVersion":"1.0.0","message":{"total":1,"rows":1,"totalPages":1,"page":1},"data":{"siteId":"SI/JST.JSTAGE","content_type":"JA","doi":"10.11218/ojjams.29.167","url":"https://doi.org/10.11218/ojjams.29.167","ra":"JaLC","prefix":"10.11218","site_name":"J-STAGE","publisher_list":[{"publisher_name":"Japanese Association For Mathematical Sociology","lang":"en"},{"publisher_name":"数理社会学会","lang":"ja"}],"title_list":[{"lang":"ja","title":"社会関係資本と大学のゼミナール活動","subtitle":"―CPZ (2009) モデルによるネットワーク効果を中心に―"},{"lang":"en","title":"Social Capital and Activities of University Students in a Seminar:","subtitle":"Focus on CPZ(2009) Model and Network effects"}],"creator_list":[{"sequence":"1","type":"person","names":[{"lang":"ja","last_name":"藤山","first_name":"英樹"},{"lang":"en","last_name":"FUJIYAMA","first_name":"Hideki"}],"affiliation_list":[{"affiliation_name":"Dokkyo University","sequence":"1","lang":"en"},{"affiliation_name":"獨協大学","sequence":"1","lang":"ja"}]}],"publication_date":{"publication_year":"2014"},"relation_list":[{"content":"https://www.jstage.jst.go.jp/article/ojjams/29/1/29_167/_pdf","type":"URL","relation":"fullTextPdf"}],"content_language":"ja","updated_date":"2016-07-09","article_type":"pub","journal_id_list":[{"journal_id":"0913-1442","type":"ISSN","issn_type":"print"},{"journal_id":"1881-6495","type":"ISSN","issn_type":"online"},{"journal_id":"ojjams","type":"JID"}],"journal_title_name_list":[{"journal_title_name":"Sociological Theory and Methods","type":"full","lang":"en"},{"journal_title_name":"Sociological Theory and Methods","type":"abbreviation","lang":"en"},{"journal_title_name":"理論と方法","type":"full","lang":"ja"},{"journal_title_name":"理論と方法","type":"abbreviation","lang":"ja"}],"journal_classification":"01","recorded_year":"1986-2013","volume":"29","issue":"1","first_page":"167","last_page":"189","date":"2016-07-10","keyword_list":[{"keyword":"university seminar","sequence":"1","lang":"en"},{"keyword":"大学ゼミナール","sequence":"1","lang":"ja"},{"keyword":"social capital","sequence":"2","lang":"en"},{"keyword":"社会関係資本","sequence":"2","lang":"ja"},{"keyword":"network","sequence":"3","lang":"en"},{"keyword":"ネットワーク","sequence":"3","lang":"ja"},{"keyword":"Bonacich centrality","sequence":"4","lang":"en"},{"keyword":"ボナチッチ中心性","sequence":"4","lang":"ja"},{"keyword":"empirical model in Calvo-Armengol et al (2009)","sequence":"5","lang":"en"},{"keyword":"Calvo-Armengol et al (2009) の実証モデル","sequence":"5","lang":"ja"}],"citation_list":[{"sequence":"1","original_text":"Ahuja, M. K., and K. M. Carley. 1999. &ldquo;Network Structure in Virtual Organizations.&rdquo; <I>Organization Science</I> 10: 741-757."},{"sequence":"2","original_text":"Ahuja, M. K., D. F. Galletta, and K. M. Carley. 2003. &ldquo;Individual Centrality and Performance in Virtual R&D Groups: An Empirical Study.&rdquo; <I>Management Science</I> 49: 21-38."},{"sequence":"3","original_text":"Arrow, K.J. 1999. &ldquo;Observations on Social Capital.&rdquo; P. Dasgupta and I. Serageldin (eds.) <I>Social Capital: A Multifaceted Perspective</I>. Washington, D.C., The World Bank: 3-5."},{"sequence":"4","original_text":"Bourdieu, P. 1997. &ldquo;The Forms of Capital.&rdquo; A. H. Halsey, H. Lauder, P. Brown, A. S. Wells (eds.) <I>Education: Culture, Economy, and Society</I>. Oxford: Oxford University Press: 46-58. (=1986. J. G. Richardson (ed.). <I>Handbook of Theory and Research for the Sociology of Education</I>. Westport, CT: Greenwood Press: 241-260)."},{"sequence":"5","original_text":"Bramoulle, Y., H. Djebbari, and B. Fortin. 2009. &ldquo;Identification of Peer Effects through Social Networks.&rdquo; <I>Journal of Econometrics</I> 150: 41-55."},{"sequence":"6","original_text":"Calvo -Armengol, A., E. Patacchini and Y, Zenou. 2009. &ldquo;Peer Effects and Social Networks in Education.&rdquo; <I>Review of Economic Studies</I> 76:1239-1267."},{"sequence":"7","original_text":"Coleman, J. S. 1988. &ldquo;Social Capital in the Creation of Human Capital.&rdquo; <I>American Journal of Sociology</I> 94: S95-S120."},{"sequence":"8","original_text":"Cummings, J. N., and R. Cross. 2003. &ldquo;Structural Properties of Work Groups and Their Consequences for Performance.&rdquo; <I>Social Networks</I> 25: 197-210."},{"sequence":"9","original_text":"Epple, D., and R. E. Romano. 2011. &ldquo;Peer Effects in Education: A Survey of the Theory and Evidence,&rdquo; J. Benhabib, A. Bisin, M. O. Jackson (eds.) <I>Handbook of Social Economics, Vol. 1B</I>. Amsterdam: Elsevier: 1053-1163."},{"sequence":"10","original_text":"Everitt, B. S. 2005. <I>An R and S-PLUS Companion to Multivariate Analysis</I>. New York: Springer. =2012. 石田基広・ 石田和枝・掛井秀一 ( 訳 )『RとS-PLUSによる多変量解析』丸善出版."},{"sequence":"11","original_text":"藤本学・大坊郁夫. 2007. 「コミュニケーション・スキルに関する諸因子の階層構造への統合の試み」『パー ソナリティ研究』15: 347-361."},{"sequence":"12","original_text":"深津達也. 2012. 「スポーツ学部系大学生におけるインターンシップ実習の成果と課題 : 事前研修における 『社会人基礎力』の変化」『びわこ成蹊スポーツ大学研究紀要』9: 73-82."},{"sequence":"13","original_text":"平松闊・鵜飼孝造・宮垣元・星敦士. 2010. 『社会ネットワークのリサーチ・メソッド――「つながり」を調査する』ミネルヴァ書房."},{"sequence":"14","original_text":"平松闊. 1999. 「友人ネットワークの縦断的分析――日本とオランダの学生の事例から」『甲南大学紀要文学編』109: 1-38."},{"sequence":"15","original_text":"平松闊. 2003. 「類は友をよぶ?――友人形成過程に影響を与えるメカニズムの解明に向けて」『甲南大学紀要文学編』126: 1-20."},{"sequence":"16","original_text":"平松闊 ( 編著 ). 1990. 『社会ネットワーク』福村出版."},{"sequence":"17","original_text":"Halpern, D. 2005. <I>Social Capital</I>. Cambridge: Polity Press."},{"sequence":"18","original_text":"Horiuchi, S., Y. Kanazawa, T. Suzuki, and H. Takikawa. 2013. &ldquo;Who Gains Resources from Which Social Capital?: A Mathematical Review.&rdquo; C. D. Johnson (eds.) <I>Social Capital: Theory, Measurement and Outcomes</I>. New York: Nova Science Publishers: 3-27."},{"sequence":"19","original_text":"Ibarra, H., and S. B. Andrews. 1993. &ldquo;Power, Social Influence, and Sense Making: Effects of Network Centrality and Proximity on Employee Perceptions.&rdquo; <I>Administrative Science Quarterly</I> 38: 277-303."},{"sequence":"20","original_text":"稲葉陽二. 2007. 『ソーシャル・キャピタル――「信頼の絆」で解く現代経済・社会の諸課題』生産性出版."},{"sequence":"21","original_text":"金井雅之・小池幸子. 2010. 「旅館ネットワーク上の位置と旅館経営」『温泉地域研究』14: 1-8."},{"sequence":"22","original_text":"金光淳. 2003. 『社会ネットワーク分析の基礎――社会的関係資本論にむけて』勁草書房."},{"sequence":"23","original_text":"金澤悠介. 2008. 「社会関係資本と一般的信頼の生成――二つの仮説の経験的検証と新たな仮説の提示」『社会学研究』84: 45-68."},{"sequence":"24","original_text":"金澤悠介. 2013. 「一般的信頼は何を測定しているのか――潜在クラス分析によるアプローチ」『第 86 回日本社会学会大会報告要旨集』."},{"sequence":"25","original_text":"Kang, C. 2007. &ldquo;Classroom Peer Effects and Academic Achievement: Quasi-randomization Evidence from South Korea,&rdquo; <I>Journal of Urban Economics</I> 61: 458-495."},{"sequence":"26","original_text":"川田博美. 2012. 「「協働型サービスラーニング」をめざす教科の「社会人基礎力」を育成する教育プログラムとしての可能性」『名古屋女子大学紀要 ( 人文・社会編 )』58: 211-224."},{"sequence":"27","original_text":"経済産業省. 2010. 『社会人基礎力 育成の手引き：日本の将来を託す若者を育てるために』朝日新聞出版."},{"sequence":"28","original_text":"小磯重隆. 2012. 「社会人基礎力と就業力の育成」『21 世紀教育フォーラム』7: 29-36."},{"sequence":"29","original_text":"小塩真司・中谷素之・金子一史・長嶋伸治. 2002「ネガティブな出来事からの立ち直りを導く心理的特性：精神的回復力尺度の作成」『カウンセリング研究』35: 57-65."},{"sequence":"30","original_text":"Krackhardt, D., J. R. Hanson. 1993. &ldquo;Informal Networks: The Company behind the Chart.&rdquo; <I>Harvard Business Review</I> 71: 104-111."},{"sequence":"31","original_text":"Lin, N. 2001. <I>Social Capital: A Theory of Social Structure and Action</I>. New York: Cambridge University Press."},{"sequence":"32","original_text":"Lin, X. 2010. &ldquo;Identifying Peer Effects in Student Academic Achievement by Spatial Autoregressive Models with Group Unobservables.&rdquo; <I>Journal of Labor Economics</I> 28: 825-860."},{"sequence":"33","original_text":"三隅一人. 2013. 『社会関係資本――理論統合の挑戦』ミネルヴァ書房."},{"sequence":"34","original_text":"中野勉 . 2011. 『ソーシャル・ネットワークと組織のダイナミクス――共感のマネジメント』有斐閣."},{"sequence":"35","original_text":"中谷素之. 2002. 「児童の社会的責任目標と友人関係，学業達成の関連――友人関係を媒介とした動機づけプロセスの検討」『性格心理学研究』10:110-111."},{"sequence":"36","original_text":"Nannestad, P. 2008. &ldquo;What Have We Learned About Generalized Trust, If Anything?&rdquo; <I>Annual Review of Political Science</I> 11: 413-436."},{"sequence":"37","original_text":"野沢慎司 ( 編・監訳 ). 2006. 『リーディングス ネットワーク論――家族・コミュニティ・社会関係資本』勁草書房."},{"sequence":"38","original_text":"Podolny, J. M. 1993. &ldquo;A Status-based Model of Market Competition.&rdquo; <I>American Journal of Sociology</I> 98: 829-872."},{"sequence":"39","original_text":"Putnam, R.D. 1993.<I> Making Democracy Work: Civic Traditions in Modern Italy</I>. Princeton: Princeton University Press. =2001. 河田潤一 ( 訳 )『哲学する民主主義――伝統と改革の市民的構造』NTT 出版."},{"sequence":"40","original_text":"Sato, Y., 2013. &ldquo;Social Capital&rdquo;, sociopedia.isa, International Sociological Association, http://www.sagepub.net/isa/admin/viewPDF.aspx?&art=SocialCapital.pdf (2014年1月25日取得 )"},{"sequence":"41","original_text":"佐藤嘉倫・平松闊 ( 編著 ). 2005. 『ネットワーク・ダイナミクス――社会ネットワークと合理的選択』勁草書房 ."},{"sequence":"42","original_text":"Shrout, P. E. and D. B. Kandel. 1981. &ldquo;Analyzing Properties of Dyads: Determinants of Similarity of Marijuana: Use in Adolescent Friendship Dyads.&rdquo; <I>Sociological Methods & Research</I> 9: 363-374."},{"sequence":"43","original_text":"島本好平・石井源信. 2006. 「大学生における日常生活スキル尺度の開発」『教育心理学研究』54: 211-221."},{"sequence":"44","original_text":"Snijders, T., M. Spreen and R. Zwaagstra. 1995. &ldquo;The Use of Multilevel Modeling for Analysing Personal Networks: Networks of Cocaine Users in an Urban Area.&rdquo; <I>Journal of Quantitative Anthropology</I> 5: 85-105."},{"sequence":"45","original_text":"Solow, R. M. 1999. &ldquo;Notes on Social Capital and Economic Performance,&rdquo; P. Dasgupta and I. Serageldin (eds), <I>Social Capital: A Multifaceted Perspective</I>. Washington, D.C., The World Bank: 6-10."},{"sequence":"46","original_text":"Stinebrickner, R., T. R. Stinebrickner. 2006. &ldquo;What can Be Learned about Peer Effects Using College Roommates? Evidence from New Survey Data and Students from Disadvantaged Backgrounds.&rdquo; <I>Journal of PublicEconomics</I> 90: 1435-1454."},{"sequence":"47","original_text":"椿美智子・松田洋平・土井由希子・野口裕貴. 2012. 「理工系大学生の社会人基礎力向上のための要素間の関係についての研究」『行動計量学』39: 11-32."},{"sequence":"48","original_text":"Uslaner, E. M. 2002. <I>The Moral Foundations of TRUST</I>. Cambridge: Cambridge University Press."},{"sequence":"49","original_text":"Uslaner, E. M. 2008. &ldquo;Trust as a Moral Value.&rdquo; D. Castiglione, J.W. Van Deth and G. Wolleb (eds.) <I>The Handbook of Social capital</I>. Oxford: Oxford University Press: 101-121."},{"sequence":"50","original_text":"Uslaner, E. M. and M. Brown. 2005. &ldquo;Inequality, Trust, and Civic Engagement.&rdquo; <I>American Politics Research</I> 33: 868-894."},{"sequence":"51","original_text":"Wollebaeck, D. and P. Selle. 2003. &ldquo;Participation and Social Capital Formation: Norway in a Comparative Perspective.&rdquo; <I>Scandinavian Political Studies</I> 26: 67-91."},{"sequence":"52","original_text":"Ward, M. D. and K. S. Gleditsch. 2008. <I>Spatial Regression Models</I>. London: SAGE Publications."},{"sequence":"53","original_text":"山岸俊男. 1998. 『信頼の構造――こころと社会の進化ゲーム』東京大学出版会."},{"sequence":"54","original_text":"山口洋. 1997. 「「c=Rc 型」ネットワーク点中心性指標の彫琢」井上寛 ( 編)『 科研費補助金研究成果報告書 ( 課題番号 06301028)』43-60."}]}}