{"status":"OK","apiType":"doi","apiVersion":"1.0.0","message":{"total":1,"rows":1,"totalPages":1,"page":1},"data":{"siteId":"SI/JST.JSTAGE","content_type":"JA","doi":"10.11218/ojjams.3.2_115","url":"https://doi.org/10.11218/ojjams.3.2_115","ra":"JaLC","prefix":"10.11218","site_name":"J-STAGE","publisher_list":[{"publisher_name":"Japanese Association For Mathematical Sociology","lang":"en"},{"publisher_name":"数理社会学会","lang":"ja"}],"title_list":[{"lang":"en","title":"Special Section : Meaning and Self-Organity"},{"title":"特集　意味と自己組織性"}],"creator_list":[{"sequence":"1","type":"person","names":[{"lang":"en","first_name":"the Editorial Board of the Japanese Association for Mathematical Sociology"},{"lang":"ja","first_name":"編集委員会"}]}],"publication_date":{"publication_year":"1988"},"relation_list":[{"content":"http://www.jstage.jst.go.jp/article/ojjams/3/2/3_2_2_115/_pdf","type":"URL","relation":"fullTextPdf"}],"updated_date":"2014-12-09","article_type":"pub","journal_id_list":[{"journal_id":"0913-1442","type":"ISSN","issn_type":"print"},{"journal_id":"1881-6495","type":"ISSN","issn_type":"online"},{"journal_id":"ojjams","type":"JID"}],"journal_title_name_list":[{"journal_title_name":"Sociological Theory and Methods","type":"full","lang":"en"},{"journal_title_name":"Sociological Theory and Methods","type":"abbreviation","lang":"en"},{"journal_title_name":"理論と方法","type":"full","lang":"ja"},{"journal_title_name":"理論と方法","type":"abbreviation","lang":"ja"}],"journal_classification":"01","recorded_year":"1986-2013","volume":"3","issue":"2","first_page":"115","last_page":"2_115","date":"2009-03-06"}}