{"status":"OK","apiType":"doi","apiVersion":"1.0.0","message":{"total":1,"rows":1,"totalPages":1,"page":1},"data":{"siteId":"SI/JST.JSTAGE","content_type":"JA","doi":"10.11218/ojjams.16.211","url":"https://doi.org/10.11218/ojjams.16.211","ra":"JaLC","prefix":"10.11218","site_name":"J-STAGE","publisher_list":[{"publisher_name":"Japanese Association For Mathematical Sociology","lang":"en"},{"publisher_name":"数理社会学会","lang":"ja"}],"title_list":[{"lang":"ja","title":"高齢者の社会的地位の転換","subtitle":"―SSM調査による高年齢層の職歴・所得・家族に関する分析―"},{"lang":"en","title":"Changes in the Social Status of the Elderly :","subtitle":"An Analysis of their Work History, Income, and Family using SSM Data"}],"creator_list":[{"sequence":"1","type":"person","names":[{"lang":"ja","last_name":"岩井","first_name":"八郎"},{"lang":"en","last_name":"IWAI","first_name":"Hachiro"}],"affiliation_list":[{"affiliation_name":"Kyoto University","sequence":"1","lang":"en"},{"affiliation_name":"京都大学","sequence":"1","lang":"ja"}]}],"publication_date":{"publication_year":"2001"},"relation_list":[{"content":"https://www.jstage.jst.go.jp/article/ojjams/16/2/16_211/_pdf","type":"URL","relation":"fullTextPdf"}],"content_language":"ja","updated_date":"2016-09-29","article_type":"pub","journal_id_list":[{"journal_id":"0913-1442","type":"ISSN","issn_type":"print"},{"journal_id":"1881-6495","type":"ISSN","issn_type":"online"},{"journal_id":"ojjams","type":"JID"}],"journal_title_name_list":[{"journal_title_name":"Sociological Theory and Methods","type":"full","lang":"en"},{"journal_title_name":"Sociological Theory and Methods","type":"abbreviation","lang":"en"},{"journal_title_name":"理論と方法","type":"full","lang":"ja"},{"journal_title_name":"理論と方法","type":"abbreviation","lang":"ja"}],"journal_classification":"01","recorded_year":"1986-2013","volume":"16","issue":"2","first_page":"211","last_page":"227","date":"2016-09-30","keyword_list":[{"keyword":"aging","sequence":"1","lang":"en"},{"keyword":"加齢","sequence":"1","lang":"ja"},{"keyword":"exit from the labor force","sequence":"2","lang":"en"},{"keyword":"退職","sequence":"2","lang":"ja"},{"keyword":"pension","sequence":"3","lang":"en"},{"keyword":"年金制度","sequence":"3","lang":"ja"},{"keyword":"family forms","sequence":"4","lang":"en"},{"keyword":"家族形態","sequence":"4","lang":"ja"}],"citation_list":[{"sequence":"1","original_text":"Campbel, John C. 1992. <I>How Policies Change: The Japanese Government and the Aging Society</I>. Princeton: Princeton University Press.=1995. 三浦文夫・坂田周一監訳『日本政府と高齢化社会－政策転換の理論と検証－』中央法規."},{"sequence":"2","original_text":"舟岡史雄・鮎沢光明. 2000.「高齢者の同居の決定要因の分析―家族の生活状況と保障機能―」国立社会保障・人口問題研究所編『家族・世帯の変容と生活保障機能』東京大学出版会: 第8章."},{"sequence":"3","original_text":"岩井八郎. 1998.「加齢とライフコース―高年齢層の職業経歴・所得・家族に関する分析―」岩井八郎編『ジェンダーとライフコース 1995年SSM調査シリーズ13』1995年SSM調査研究会: 87-112."},{"sequence":"4","original_text":"人口・世帯研究会監修(嵯峨座晴夫著). 1997. 『人口高齢化と高齢者―最新国勢調査からみる高齢化社会―』大蔵省印刷局."},{"sequence":"5","original_text":"Kohli, Martin, Martin Rein, Anne-Marie Guillemard, and Herman van Gunsteren. 1991. <I>Time for Retirement: Comparative Studies of Early Exit from the Labor Force</I>. Cambridge: Cambridge University Press."},{"sequence":"6","original_text":"毎日新聞社人口問題調査会編. 1998. 『「家族」の未来―&ldquo;ジェンダー&rdquo;を越えて―毎日新聞社第24回全国家族計画世論調査報告書』毎日新聞社人口問題調査会."},{"sequence":"7","original_text":"三谷直紀. 2001.「高齢者雇用政策と労働需要」猪木武徳・大竹文雄編『雇用政策の経済分析』東京大学出版会: 第11章."},{"sequence":"8","original_text":"宮島洋. 1992.『高齢化時代の社会経済学』岩波書店."},{"sequence":"9","original_text":"OECD (Organization for Economic Co-operation and Development). 2000. <I>Labor Force Statistics 1979-2000</I>. Paris: OECD."},{"sequence":"10","original_text":"Ogawa, Naohiro, and Robert D. Retherford. 1997. &ldquo;Shifting Costs of Caring for the Elderly Back to Families in Japan: Will it Work?&rdquo; <I>Population and Development Review</I> 23(1): 59-94."},{"sequence":"11","original_text":"岡村清子. 1987.「定年退職者の就業・不就業状態とその規定要因―東京都内の60歳代前半層の場合―」『社会老年学』26: 1-17."},{"sequence":"12","original_text":"労働省編. 1997.『平成9年版　労働白書』日本労働研究機構."},{"sequence":"13","original_text":"清家篤. 1993.『高齢化社会の労働市場―就業行動と公的年金』東洋経済新報社."},{"sequence":"14","original_text":"総務庁長官官房高齢社会対策室監修. 1997.『高齢者の生活と意識―第4回国際比較調査結果報告書―』中央法規."},{"sequence":"15","original_text":"橘木俊詔・下野恵子. 1994.『個人貯蓄とライフサイクル―生涯収支の実証分析―』日本経済新聞社."},{"sequence":"16","original_text":"八代尚宏. 1993.「高齢者世帯の経済的地位」『日本経済研究』25: 34-57."},{"sequence":"17","original_text":"八代尚宏・伊藤由紀子. 1995.「高齢者保護政策の経済的帰結」八田達夫・八代尚宏編『「弱者」保護政策の経済分析』日本経済新聞社: 第8章."}]}}