{"status":"OK","apiType":"doi","apiVersion":"1.0.0","message":{"total":1,"rows":1,"totalPages":1,"page":1},"data":{"siteId":"SI/JST.JSTAGE","content_type":"JA","doi":"10.11218/ojjams.15.75","url":"https://doi.org/10.11218/ojjams.15.75","ra":"JaLC","prefix":"10.11218","site_name":"J-STAGE","publisher_list":[{"publisher_name":"Japanese Association For Mathematical Sociology","lang":"en"},{"publisher_name":"数理社会学会","lang":"ja"}],"title_list":[{"lang":"ja","title":"カルチュラル･スタディーズが問いかけるもの"},{"lang":"en","title":"&ldquo;Roots&rdquo; and Perspectives of Cultural Studies"}],"creator_list":[{"sequence":"1","type":"person","names":[{"lang":"ja","last_name":"伊藤","first_name":"公雄"},{"lang":"en","last_name":"ITO","first_name":"Kimio"}],"affiliation_list":[{"affiliation_name":"Graduate School of Human Sciences<BR>Osaka University","sequence":"1","lang":"en"},{"affiliation_name":"大阪大学","sequence":"1","lang":"ja"}]}],"publication_date":{"publication_year":"2000"},"relation_list":[{"content":"https://www.jstage.jst.go.jp/article/ojjams/15/1/15_75/_pdf","type":"URL","relation":"fullTextPdf"}],"content_language":"ja","updated_date":"2016-09-29","article_type":"pub","journal_id_list":[{"journal_id":"0913-1442","type":"ISSN","issn_type":"print"},{"journal_id":"1881-6495","type":"ISSN","issn_type":"online"},{"journal_id":"ojjams","type":"JID"}],"journal_title_name_list":[{"journal_title_name":"Sociological Theory and Methods","type":"full","lang":"en"},{"journal_title_name":"Sociological Theory and Methods","type":"abbreviation","lang":"en"},{"journal_title_name":"理論と方法","type":"full","lang":"ja"},{"journal_title_name":"理論と方法","type":"abbreviation","lang":"ja"}],"journal_classification":"01","recorded_year":"1986-2013","volume":"15","issue":"1","first_page":"75","last_page":"88","date":"2016-09-30","keyword_list":[{"keyword":"cultural studies","sequence":"1","lang":"en"},{"keyword":"カルチュラル・スタディーズ","sequence":"1","lang":"ja"},{"keyword":"new left","sequence":"2","lang":"en"},{"keyword":"ニュー・レフト","sequence":"2","lang":"ja"},{"keyword":"culturalism","sequence":"3","lang":"en"},{"keyword":"hegemony","sequence":"4","lang":"en"},{"keyword":"ヘゲモニー","sequence":"4","lang":"ja"}],"citation_list":[{"sequence":"1","original_text":"Barker, C. 2000. <I>Cultural Studies: Theory and Practice</I>. Sage."},{"sequence":"2","original_text":"Collins, R. ,Curran, J. , Garnham, N. ,Scannel, P. , Schlesinger, P. and Sparka, C. (eds.) 1986. <I>Media,Culture and Society: A Critical Reader</I>. Sage."},{"sequence":"3","original_text":"Gramsci, A. (a cura di Gerratana,V.) 1975. <I>Quaderni del Carcere</I>. Einaudi"},{"sequence":"4","original_text":"Grossberg, L. ,Nelson, C. and Treichler, P.A. (eds.) 1992. <I>Cultural Studies</I>, Routledge."},{"sequence":"5","original_text":"Gurevitch, M. ,Bennett, T. , Curran, J. and Woollacott, J. (eds.) 1982. <I>Culture, Society and the Media</I>. Methuen."},{"sequence":"6","original_text":"花田達朗・吉見俊哉・コリン・スパーク(編). 1999.『カルチュラル･スタディーズとの対話』新曜社."},{"sequence":"7","original_text":"ホガート,Ｒ. 1986.『読み書き能力の効用』香内三郎(訳) 晶文社."},{"sequence":"8","original_text":"イーグルトン,Ｔ(他). 1996.『民族主義･植民地主義と文学』増渕正史他(訳) 法政大学出版局."},{"sequence":"9","original_text":"伊藤公雄. 1981.「アントニオ・グラムシの知識人論をめぐって: &laquo;常識 senso comune&raquo;概念との関連で」『イタリア学会誌』30."},{"sequence":"10","original_text":"伊藤公雄. 1983.「『日常生活』と『世界像』の選択的親和性: 価値理念と利害関心の連結と媒介をめぐって」『社会学評論』133."},{"sequence":"11","original_text":"伊藤公雄. 1988.「『支配』の文化・歴史社会学に向けて: C・ギンズブルグからA・グラムシへ」石堂清倫他(編)『生きているグラムシ』社会評論社."},{"sequence":"12","original_text":"伊藤公雄. 1992.「リソルジメント・大衆文学・ファシズム: 民族的・大衆的(ナツィオナーレ・ポポラーレ)概念をめぐって」片桐薫他(編)『グラムシの思想空間』社会評論社."},{"sequence":"13","original_text":"伊藤公雄. 1993.「グラムシと文化支配の現在」片桐薫他(編)『グラムシと現代世界』社会評論社."},{"sequence":"14","original_text":"伊藤公雄. 1997.「グラムシとカルチュラルスタディーズ」『月刊フォーラム』1997.11. 社会評論社."},{"sequence":"15","original_text":"伊藤公雄. 1996.「権力と対抗権力: ヘゲモニー論の射程」井上俊他(編)『岩波講座 現代社会学16 権力と支配の社会学』岩波書店."},{"sequence":"16","original_text":"Long, E.(eds.) 1997. <I>From Sociology to Cultural Studies</I>. Blackwell."},{"sequence":"17","original_text":"Morley, D. and Chen, D.K.(eds.) 1996. <I>Stuart Hall</I>. Routledge."},{"sequence":"18","original_text":"Nelson, C. and Gaonkar, D.P.(eds.) 1996. <I>Disciplinarity and Dissent in Cultural Studies</I>. Routledge."},{"sequence":"19","original_text":"Nelson, C. and Grossberg, L.(eds.). 1988. <I>Marxism and the Interpretation of Culture</I>. University of Illinois Press."},{"sequence":"20","original_text":"O'Sullivan, T. ,Hartley, J. ,Saunders, D. ,Montogomery, M. and Fiske, J. 1994. <I>Key Concepts in Ocation and Cultural Studies</I>. Routledge."},{"sequence":"21","original_text":"Storey, J. 1993. <I>An Introductory Guide to Cultural Theory and Popular Culture</I>. Harvester/Wheatsheaf."},{"sequence":"22","original_text":"ターナー,Ｇ. 1999.『カルチュラルスタディーズ入門』毛利嘉孝他(訳) 作品社."},{"sequence":"23","original_text":"ウイリアムズ,Ｒ. 1968.『文化と社会』若松繁信・長谷川光昭(訳) ミネルヴァ書房."},{"sequence":"24","original_text":"ウイリアムズ,Ｒ. 1983.『長い革命』 若松繁信・妹尾剛光・長谷川光昭(訳) ミネルヴァ書房."},{"sequence":"25","original_text":"吉見俊哉(編). 2000.『メディア・スタディーズ』せりか書房."}]}}