{"status":"OK","apiType":"doi","apiVersion":"1.0.0","message":{"total":1,"rows":1,"totalPages":1,"page":1},"data":{"siteId":"SI/JST.JSTAGE","content_type":"JA","doi":"10.11218/ojjams.26.253","url":"https://doi.org/10.11218/ojjams.26.253","ra":"JaLC","prefix":"10.11218","site_name":"J-STAGE","publisher_list":[{"publisher_name":"Japanese Association For Mathematical Sociology","lang":"en"},{"publisher_name":"数理社会学会","lang":"ja"}],"title_list":[{"lang":"en","title":"Analytic Models in Mathematical Sociology and Game Theory in Economics"},{"lang":"ja","title":"数理社会学の数理モデルと経済学のゲーム理論"}],"creator_list":[{"sequence":"1","type":"person","names":[{"lang":"en","last_name":"SHICHIJO","first_name":"Tatsuhiro"},{"lang":"ja","last_name":"七條","first_name":"達弘"}],"affiliation_list":[{"affiliation_name":"Osaka Prefecture niversity","sequence":"1","lang":"en"},{"affiliation_name":"大阪府立大学","sequence":"1","lang":"ja"}]}],"publication_date":{"publication_year":"2011"},"relation_list":[{"content":"https://www.jstage.jst.go.jp/article/ojjams/26/2/26_253/_pdf","type":"URL","relation":"fullTextPdf"}],"content_language":"ja","updated_date":"2014-12-09","article_type":"pub","journal_id_list":[{"journal_id":"0913-1442","type":"ISSN","issn_type":"print"},{"journal_id":"1881-6495","type":"ISSN","issn_type":"online"},{"journal_id":"ojjams","type":"JID"}],"journal_title_name_list":[{"journal_title_name":"Sociological Theory and Methods","type":"full","lang":"en"},{"journal_title_name":"Sociological Theory and Methods","type":"abbreviation","lang":"en"},{"journal_title_name":"理論と方法","type":"full","lang":"ja"},{"journal_title_name":"理論と方法","type":"abbreviation","lang":"ja"}],"journal_classification":"01","recorded_year":"1986-2013","volume":"26","issue":"2","first_page":"253","last_page":"270","date":"2012-09-01","keyword_list":[{"keyword":"数理モデル","sequence":"1","lang":"ja"},{"keyword":"analytic models","sequence":"1","lang":"en"},{"keyword":"ゲーム理論","sequence":"2","lang":"ja"},{"keyword":"game theory","sequence":"2","lang":"en"},{"keyword":"数理社会学","sequence":"3","lang":"ja"},{"keyword":"mathematical sociology","sequence":"3","lang":"en"}],"citation_list":[{"sequence":"1","original_text":"Fararo, T. J. and K. Kosaka. 1992. &ldquo;Generating Images of the Shape of a Class System.&rsquo; <I>Journal of Mathematical Sociology</I> 17(2-3): 195-216."},{"sequence":"2","original_text":"Homans, G. C. 1950. <I>The Human Group</I> Harcourt.（馬場明夫・早川浩一（共訳），1959　『The Human Group』誠信書房）"},{"sequence":"3","original_text":"Homans, G. C. [1961]1974.  <I>Social Behavior: Its Elementary Forms</I> Rutledge &amp;Kegan Paul. （橋本茂（訳），1978 『社会行動　その基本形態』新曜社）"},{"sequence":"4","doi":"10.2307/2951777","content_language":"ja","original_text":"Kandori M., Mailath G. and Rob R. 1993. &ldquo;Learning, mutation, and long run equilibria in games&rsquo;, <I>Econometrica</I> 61: 29-56."},{"sequence":"5","doi":"10.1080/0022250X.1986.9990003","title_list":[{"lang":"en","title":"A Model of Relative Deprivation"}],"volume":"12","first_page":"35","last_page":"48","publication_date":{"publication_year":"1986"},"original_text":"Kosaka, K. 1986. &ldquo;A Model of Relative Deprivation.&rsquo; <I>Journal of Mathematical Sociology</I> 12(1): 35-48."},{"sequence":"6","first_page":"8","publication_date":{"publication_year":"1991"},"original_text":"Kosaka, K. and T. J. Fararo. 1991. &ldquo;Self-location in a Class System: A Formal-Theoretical Analysis.&rsquo; Pp.29-66 in <I>Advances in Group Processes</I> Volume 8, Edited by E. J. Lawler, B. Markovsky, C. Ridgeway and H. A. Walker. JAI Press."},{"sequence":"7","original_text":"間々田孝夫．1990．「階層帰属意識―経済成長，平等化と「中」意識―」原純輔（編）『現代日本の階層構造(2)』東京大学出版会：23-45．"},{"sequence":"8","original_text":"盛山和夫．2011．『社会学とは何か』ミネルヴァ書房．"},{"sequence":"9","original_text":"七條達弘・小林盾．2004．「宗教倫理と資本主義の発達」三隅一人（編著）『社会学の古典理論』勁草書房：65-84．"},{"sequence":"10","doi":"10.11218/ojjams.18.169","title_list":[{"lang":"en","title":"An Analysis of Social Dilemma with Evolutionary Game Theory of Cultural Evolution"},{"title":"文化進化系進化ゲーム理論による社会的ジレンマ分析"}],"volume":"18","issue":"2","first_page":"169","last_page":"183","publication_date":{"publication_year":"2003"},"creator_list":[{"sequence":"1","type":"person","names":[{"lang":"en","last_name":"SHICHIJO","first_name":"Tatsuhiro"},{"lang":"ja","last_name":"七條","first_name":"達弘"}],"affiliation_list":[{"affiliation_name":"Osaka Prefecture University","sequence":"1","lang":"en"},{"affiliation_name":"大阪府立大学","sequence":"1","lang":"ja"}]}],"original_text":"七條達弘．2003．「文化進化系進化ゲーム理論による社会的ジレンマ分析」『理論と方法』18：169-184．"},{"sequence":"11","original_text":"シュッツ，A．1984．佐藤嘉一（訳）『社会的世界の意味構成』木鐸社．"},{"sequence":"12","original_text":"ウェーバー，M．1972．清水幾太郎（訳）『社会学の根本概念』岩波書店．"},{"sequence":"13","original_text":"ウェーバー，M．1990．海老原明夫・中野敏男（訳）『理解社会学のカテゴリー』未来社．"},{"sequence":"14","original_text":"与謝野有紀．1996．「階層評価の多様化と階層意識」『理論と方法』11：21-36．"}]}}