{"status":"OK","apiType":"doi","apiVersion":"1.0.0","message":{"total":1,"rows":1,"totalPages":1,"page":1},"data":{"siteId":"SI/JST.JSTAGE","content_type":"JA","doi":"10.11218/ojjams.28.187","url":"https://doi.org/10.11218/ojjams.28.187","ra":"JaLC","prefix":"10.11218","site_name":"J-STAGE","publisher_list":[{"publisher_name":"Japanese Association For Mathematical Sociology","lang":"en"},{"publisher_name":"数理社会学会","lang":"ja"}],"title_list":[{"lang":"en","title":"Mobile Social Dilemmas in an Experiment","subtitle":"Mobility Accelerates the Cycle, but does not Change Cooperation"}],"creator_list":[{"sequence":"1","type":"person","names":[{"lang":"en","last_name":"KOBAYASHI","first_name":"Jun"},{"lang":"ja","last_name":"小林","first_name":"盾"}],"affiliation_list":[{"affiliation_name":"Seikei University","sequence":"1","lang":"en"},{"affiliation_name":"成蹊大学","sequence":"1","lang":"ja"}]}],"publication_date":{"publication_year":"2013"},"relation_list":[{"content":"https://www.jstage.jst.go.jp/article/ojjams/28/2/28_187/_pdf","type":"URL","relation":"fullTextPdf"}],"content_language":"ja","updated_date":"2014-12-09","article_type":"pub","journal_id_list":[{"journal_id":"0913-1442","type":"ISSN","issn_type":"print"},{"journal_id":"1881-6495","type":"ISSN","issn_type":"online"},{"journal_id":"ojjams","type":"JID"}],"journal_title_name_list":[{"journal_title_name":"Sociological Theory and Methods","type":"full","lang":"en"},{"journal_title_name":"Sociological Theory and Methods","type":"abbreviation","lang":"en"},{"journal_title_name":"理論と方法","type":"full","lang":"ja"},{"journal_title_name":"理論と方法","type":"abbreviation","lang":"ja"}],"journal_classification":"01","recorded_year":"1986-2013","volume":"28","issue":"2","first_page":"187","last_page":"202","date":"2014-09-01","keyword_list":[{"keyword":"Social Dilemmas","sequence":"1","lang":"en"},{"keyword":"Mobility","sequence":"2","lang":"en"},{"keyword":"Experiment","sequence":"3","lang":"en"},{"keyword":"Cycle","sequence":"4","lang":"en"},{"keyword":"Group Size","sequence":"5","lang":"en"},{"keyword":"Cooperation","sequence":"6","lang":"en"},{"keyword":"Free-rider","sequence":"7","lang":"en"}],"citation_list":[{"sequence":"1","original_text":"Axelrod, Robert. 1984. <I>The Evolution of Cooperation.</I> New York: Basic Books."},{"sequence":"2","original_text":"Dawes, Robyn M. 1980. &ldquo;Social Dilemmas.&rdquo; <I>Annual Review of Psychology</I> 31: 169-93."},{"sequence":"3","original_text":"Ehrhart, Karl-Martin and Claudia Keser. 1999. &ldquo;Mobility and Cooperation: On the Run.&rdquo; CIRANO Working Papers 99s-24."},{"sequence":"4","original_text":"Fujiyama, Hideki, Jun Kobayashi, Yuhsuke Koyama, and Hirokuni Oura. 2008. &ldquo;Estimation of Exit Behaviors: Panel Data Analysis of an Experiment with Intergroup Mobility.&rdquo; <I>Statistics</I> 94: 26-35."},{"sequence":"5","original_text":"Hirschman, Albert O. 1970. <I>Exit, Voice, and Loyalty: Responses to Decline in Firms, Organizations and States.</I> Cambridge, MA: Harvard University Press."},{"sequence":"6","original_text":"Kanai, Masayuki, Jun Kobayashi, and Hirokuni Oura. 2007. &ldquo;Reducing Free?riders in Modern Organizations: How do Partner Change Costs Promote Cooperative Behavior?&rdquo; <I>Sociological Theory and Methods</I> 22(2): 205-25 (In Japanese)."},{"sequence":"7","original_text":"Kobayashi, Jun. 2001. &ldquo;Unanimous Opinions in Social Influence Networks.&rdquo; <I>Journal of Mathematical Sociology</I> 25:285-97."},{"sequence":"8","original_text":"Kobayashi, Jun. 2007. &ldquo;Organizational Behavior and Labor Mobility: Effects of Job Changes on Free-riders.&rdquo; <I>Bulletin of the Faculty of Humanities, Seikei University</I> 42: 53-66 (In Japanese)."},{"sequence":"9","original_text":"Kobayashi, Jun. 2013. &ldquo;Cyclic Dynamics in Social Dilemmas: An Experiment with Intergroup Mobility.&rdquo; Presented at American Sociological Association annual meeting, August 13, New York."},{"sequence":"10","original_text":"Kollock, Peter. 1998. &ldquo;Social Dilemmas: The Anatomy of Cooperation.&rdquo; <I>Annual Review of Sociology</I> 24: 183-214."},{"sequence":"11","original_text":"March, James G. and Herbert Simon. 1958. <I>Organizations.</I> New York: John Wiley and Son."},{"sequence":"12","original_text":"Messick, David M. and Charles Graham McClintock. 1968. &ldquo;Motivational Bases of Choice in Experimental Games.&rdquo; <I>Journal of Experimental Social Psychology</I> 4(1): 1-25."},{"sequence":"13","original_text":"Olson, Mancur. 1965. <I>The Logic of Collective Action: Public Goods and the Theory of Groups.</I> Cambridge, MA: Harvard University Press."},{"sequence":"14","original_text":"Orbell, John M. and Robyn M. Dawes. 1993. &ldquo;Social Welfare, Cooperators' Advantage, and the Option of Not Playing the Game.&ldquo; <I>American Sociological Review</I> 58: 787-800."},{"sequence":"15","original_text":"Ostrom, Elinor. 1990. <I>Governing the Commons: The Evolution of Institutions for Collective Action.</I> New York: Cambridge University Press."},{"sequence":"16","original_text":"Takahashi, Nobuo. 2001. &ldquo;Effective Temperature Hypothesis and Lukewarm Feeling in Japanese Firms.&rdquo; <I>International Journal of Management Literature</I> 1: 127-42."},{"sequence":"17","original_text":"Tiebout, Charles M. 1956. &ldquo;A Pure Theory of Local Public Expenditures.&rdquo; <I>Journal of Political Economy</I> 64: 416-24."},{"sequence":"18","original_text":"Yamagishi, Toshio, Nahoko Hayashi, and Nobuhito Jin. 1994. &ldquo;Prisoner's Dilemma Network: Selection Strategy versus Action Strategy.&rdquo; In Ulrich Schulz, Wulf Alberts, and Ulrich Mueller (eds.), <I>Social Dilemmas and Cooperation,</I> pp.233-50, Berlin: Springer-Verlag."}]}}