{"status":"OK","apiType":"doi","apiVersion":"1.0.0","message":{"total":1,"rows":1,"totalPages":1,"page":1},"data":{"siteId":"SI/JST.JSTAGE","content_type":"JA","doi":"10.11218/ojjams.21.333","url":"https://doi.org/10.11218/ojjams.21.333","ra":"JaLC","prefix":"10.11218","site_name":"J-STAGE","publisher_list":[{"publisher_name":"Japanese Association For Mathematical Sociology","lang":"en"},{"publisher_name":"数理社会学会","lang":"ja"}],"title_list":[{"lang":"ja","title":"不平等度の高い集団の比率とジニ係数の変化"},{"lang":"en","title":"How Does Relative Size of High-inequality Subgroup Affect Gini Coefficient?"}],"creator_list":[{"sequence":"1","type":"person","names":[{"lang":"ja","last_name":"盛山","first_name":"和夫"},{"lang":"en","last_name":"Seiyama","first_name":"Kazuo"}],"affiliation_list":[{"affiliation_name":"Graduate School of Humanity and Sociology University of Tokyo","sequence":"1","lang":"en"},{"affiliation_name":"東京大学","sequence":"1","lang":"ja"}]}],"publication_date":{"publication_year":"2006"},"relation_list":[{"content":"https://www.jstage.jst.go.jp/article/ojjams/21/2/21_2_333/_pdf","type":"URL","relation":"fullTextPdf"}],"content_language":"ja","updated_date":"2017-03-23","article_type":"pub","journal_id_list":[{"journal_id":"0913-1442","type":"ISSN","issn_type":"print"},{"journal_id":"1881-6495","type":"ISSN","issn_type":"online"},{"journal_id":"ojjams","type":"JID"}],"journal_title_name_list":[{"journal_title_name":"Sociological Theory and Methods","type":"full","lang":"en"},{"journal_title_name":"Sociological Theory and Methods","type":"abbreviation","lang":"en"},{"journal_title_name":"理論と方法","type":"full","lang":"ja"},{"journal_title_name":"理論と方法","type":"abbreviation","lang":"ja"}],"journal_classification":"01","recorded_year":"1986-2013","volume":"21","issue":"2","first_page":"333","last_page":"342","date":"2007-08-02","keyword_list":[{"keyword":"Gini coefficient","sequence":"1","lang":"en"},{"keyword":"ジニ係数","sequence":"1","lang":"ja"},{"keyword":"relative size of subgroup","sequence":"2","lang":"en"},{"keyword":"集団の相対的規模","sequence":"2","lang":"ja"},{"keyword":"intra-subgroup distribution","sequence":"3","lang":"en"},{"keyword":"集団内分布","sequence":"3","lang":"ja"}],"citation_list":[{"sequence":"1","original_text":"Dagum, Camilo, 1997, \"A New Approach to the Decomposition of the Gini Income Inequality Ratio,\" Empirical Economics.22:515-31."},{"sequence":"2","original_text":"Hamada, Hiroshi, 2005, \"Parametric Decomposition of the Gini Coefficient: How Change of Subgroup Affect an Overall Inequality,\"『理論と方法』38, vol.20, No.2:241-56."},{"sequence":"3","original_text":"大竹文雄, 2003, 「所得格差の拡大はあったのか」樋口美雄＋財務省財務総合政策研究所編著『日本の所得格差と社会階層』日本評論社:3-19."},{"sequence":"4","original_text":"大竹文雄, 2005,『日本の不平等－格差社会の幻想と未来』日本経済新聞社."}]}}