{"status":"OK","apiType":"doi","apiVersion":"1.0.0","message":{"total":1,"rows":1,"totalPages":1,"page":1},"data":{"siteId":"SI/JST.JSTAGE","content_type":"JA","doi":"10.11218/ojjams.3.27","url":"https://doi.org/10.11218/ojjams.3.27","ra":"JaLC","prefix":"10.11218","site_name":"J-STAGE","publisher_list":[{"publisher_name":"Japanese Association For Mathematical Sociology","lang":"en"},{"publisher_name":"数理社会学会","lang":"ja"}],"title_list":[{"lang":"ja","title":"リーダーシップのジレンマ","subtitle":"─ゲーム理論的考察─"},{"lang":"en","title":"Dilemma of Leadership :","subtitle":"A Game Theoretic Analysis"}],"creator_list":[{"sequence":"1","type":"person","names":[{"lang":"ja","last_name":"木村","first_name":"邦博"},{"lang":"en","last_name":"KIMURA","first_name":"Kunihiro"}],"affiliation_list":[{"affiliation_name":"Niigata University","sequence":"1","lang":"en"},{"affiliation_name":"新潟大学","sequence":"1","lang":"ja"}]}],"publication_date":{"publication_year":"1988"},"relation_list":[{"content":"https://www.jstage.jst.go.jp/article/ojjams/3/1/3_1_27/_pdf","type":"URL","relation":"fullTextPdf"}],"content_language":"ja","updated_date":"2017-03-24","article_type":"pub","journal_id_list":[{"journal_id":"0913-1442","type":"ISSN","issn_type":"print"},{"journal_id":"1881-6495","type":"ISSN","issn_type":"online"},{"journal_id":"ojjams","type":"JID"}],"journal_title_name_list":[{"journal_title_name":"Sociological Theory and Methods","type":"full","lang":"en"},{"journal_title_name":"Sociological Theory and Methods","type":"abbreviation","lang":"en"},{"journal_title_name":"理論と方法","type":"full","lang":"ja"},{"journal_title_name":"理論と方法","type":"abbreviation","lang":"ja"}],"journal_classification":"01","recorded_year":"1986-2013","volume":"3","issue":"1","first_page":"27","last_page":"41","date":"2009-03-06","keyword_list":[{"keyword":"Power","sequence":"1","lang":"en"},{"keyword":"Leadership","sequence":"2","lang":"en"},{"keyword":"Bargaining power","sequence":"3","lang":"en"},{"keyword":"Game theory","sequence":"4","lang":"en"}],"citation_list":[{"sequence":"1","original_text":"Blau, Peter M. 1963. <I>The Dynamics of Bureaucracy</I>, revised ed., Chicago: University of Chicago Press. (First edition published 1955.)"},{"sequence":"2","original_text":"Blau, Peter M. 1964. <I>Exchange and Power in Social Life</I>, New York: John Wiley &amp; Sons.『交換と権力』、間場寿一・居安正・塩原勉共訳、新曜社、1974."},{"sequence":"3","original_text":"Hamburger. Henry. 1969. &ldquo;Separable Games,&rdquo; <I>Behavioral Science</I>, 14(2): 121-132."},{"sequence":"4","original_text":"Harsanyi, J. C. 1962. &ldquo;Measurement of Social Power, Opportunity Costs, and the Theory of Two Person Bargaining Games,&rdquo; <I>Behavioral Science</I>, 7(1): 67-80."},{"sequence":"5","original_text":"Jones. Edward E., Kenneth G. Gergen, and Robert G. Jones. 1963. &ldquo;Tactics of Ingratiation among Leaders and Subordinates in a Status Hierarchy.&rdquo; <I>Psychological Monographs</I>. 77(3. Whole No. 566)."},{"sequence":"6","original_text":"Nash. John F. 1950. &ldquo;The Bargaining Problem.&rdquo; <I>Econometrica</I>. 18(2): 155-162."},{"sequence":"7","original_text":"Nash. John F. 1953. &ldquo;Two-Person Cooperative Games,&rdquo; <I>Econometrica</I>. 21(1): 128-140."},{"sequence":"8","original_text":"鈴木光男. 1981.『ゲーム理論入門』、共立出版（共立全書239）."},{"sequence":"9","original_text":"Wallace, Ruth A., and Alison Wolf. 1980. <I>Contemporary Sociological Theory</I>, Englewood Cliffs, New Jersey: Prentice-Hall.『現代社会学理論』、濱屋正男・寺田篤弘・藤原 孝・八幡康貞共訳、新泉社、1986."}]}}