{"status":"OK","apiType":"doi","apiVersion":"1.0.0","message":{"total":1,"rows":1,"totalPages":1,"page":1},"data":{"siteId":"SI/JST.JSTAGE","content_type":"JA","doi":"10.11218/ojjams.28.107","url":"https://doi.org/10.11218/ojjams.28.107","ra":"JaLC","prefix":"10.11218","site_name":"J-STAGE","publisher_list":[{"publisher_name":"Japanese Association For Mathematical Sociology","lang":"en"},{"publisher_name":"数理社会学会","lang":"ja"}],"title_list":[{"lang":"en","title":"Why Does Communication resolve Social Dilemmas?","subtitle":"Equilibrium Refinement in Iterated N-person Prisoner's Dilemma"},{"lang":"ja","title":"なぜコミュニケーションは社会的ジレンマを解決させるのか？","subtitle":"繰り返しN人囚人のジレンマの均衡精緻化"}],"creator_list":[{"sequence":"1","type":"person","names":[{"lang":"en","last_name":"KIRA","first_name":"Yosuke"},{"lang":"ja","last_name":"吉良","first_name":"洋輔"}],"affiliation_list":[{"affiliation_name":"Tohoku University","sequence":"1","lang":"en"},{"affiliation_name":"東北大学","sequence":"1","lang":"ja"}]}],"publication_date":{"publication_year":"2013"},"relation_list":[{"content":"https://www.jstage.jst.go.jp/article/ojjams/28/1/28_107/_pdf","type":"URL","relation":"fullTextPdf"}],"content_language":"ja","updated_date":"2014-12-09","article_type":"pub","journal_id_list":[{"journal_id":"0913-1442","type":"ISSN","issn_type":"print"},{"journal_id":"1881-6495","type":"ISSN","issn_type":"online"},{"journal_id":"ojjams","type":"JID"}],"journal_title_name_list":[{"journal_title_name":"Sociological Theory and Methods","type":"full","lang":"en"},{"journal_title_name":"Sociological Theory and Methods","type":"abbreviation","lang":"en"},{"journal_title_name":"理論と方法","type":"full","lang":"ja"},{"journal_title_name":"理論と方法","type":"abbreviation","lang":"ja"}],"journal_classification":"01","recorded_year":"1986-2013","volume":"28","issue":"1","first_page":"107","last_page":"124","date":"2014-09-01","keyword_list":[{"keyword":"コミュニケーション","sequence":"1","lang":"ja"},{"keyword":"Communication","sequence":"1","lang":"en"},{"keyword":"社会的ジレンマ","sequence":"2","lang":"ja"},{"keyword":"Social dilemma","sequence":"2","lang":"en"},{"keyword":"強ナッシュ均衡","sequence":"3","lang":"ja"},{"keyword":"Strong Nash equilibrium","sequence":"3","lang":"en"},{"keyword":"繰り返しN人囚人のジレンマ","sequence":"4","lang":"ja"},{"keyword":"Iterated N-person prisoner' dilemma","sequence":"4","lang":"en"},{"keyword":"均衡精緻化","sequence":"5","lang":"ja"},{"keyword":"Equilibrium refinement","sequence":"5","lang":"en"}],"citation_list":[{"sequence":"1","original_text":"Asheim, Geir. B., Camilla BrettevilleFroyn, Jon Hovi, and Fredric C. Menz. 2005. &ldquo;Regional versus Global Cooperation for Climate Control.&rdquo; <I>Journal of Environmental Economics and Management</I> 51(1): 93-109."},{"sequence":"2","original_text":"Aumann, Robert. 1959. &ldquo;Acceptable points in general cooperative n-person games&rdquo; in <I>Contributions to the Theory of Games IV.</I> Princeton, N.J: Princeton University Press."},{"sequence":"3","original_text":"Axelrod, Robert. 1997. <I>The Complexity of Cooperation.</I> Princeton, NJ: Princeton University Press."},{"sequence":"4","original_text":"Balliet, Daniel. 2010. &ldquo;Communication and Cooperation in Social Dilemmas: A Meta-Analytic Review.&rdquo; <I>Journal of Conflict Resolution</I> 54(1): 39-57."},{"sequence":"5","original_text":"Barrett, Scott. 1999. &ldquo;A Theory of Full International Cooperation: A Theory of Full International Cooperation.&rdquo; <I>Journal of Theoretical Politics</I> 11(4):519-541."},{"sequence":"6","original_text":"Bernheim, Douglas B. and Debraj Ray. 1989. &ldquo;Collective Dynamic Consistency in Repeated Games.&rdquo; <I>Games and Economic Behavior</I> 1:295-326."},{"sequence":"7","original_text":"Boyd, Robert and Peter J. Richerson. 1988. &ldquo;The evolution of reciprocity in sizable groups.&rdquo; <I>Journal of Theoretical Biology</I> 132: 337-356."},{"sequence":"8","original_text":"Dawes, Robyn M. 1975. &ldquo;Formal models of dilemma in social decision making.&rdquo; pp.87-107 in <I>Human Judgment and Social Processes,</I> edited by Martin Kaplan and Steven Schwartz. New York: Academic Press."},{"sequence":"9","original_text":"Farrell, Joseph and Eric Maskin. 1989. &ldquo;Renegotiation in Repeated Games&rdquo; <I>Games and Economic Behavior</I> 1:327-360."},{"sequence":"10","original_text":"Fudenberg, Drew., and Eric Maskin. 1986. &ldquo;The Folk Theorem in Repeated Games with Discounting or with Incomplete Information.&rdquo; <I>Econometrica</I> 54(3):533-554."},{"sequence":"11","original_text":"グレーヴァ香子. 2011. 『非協力ゲーム理論』知泉書館."},{"sequence":"12","original_text":"Hardin, Garrett. 1968. &ldquo;The Tragedy of commons.&rdquo; <I>Science</I> 162:1243-1248."},{"sequence":"13","original_text":"Helland, Leif. and Jon Hovi. 2008. &ldquo;Renegotiation Proofness and Climate Agreements: Some Experimental Evidence.&rdquo; <I>Nordic Journal of Political Economy</I> 34:1-26."},{"sequence":"14","original_text":"Kerr, L. Norbert, and Cynthia M. Kaufman-Gilliland. 1994. &ldquo;Communication. Commitment. and Cooperation in Social Dilemma.&rdquo; <I>Journal of Personality and Social Psychology</I> 66(3):513-529."},{"sequence":"15","original_text":"Ostrom, Elinor. 1990. <I>Governing the Commons: The Evolution of Institutions for Collective Action.</I> New York: Cambridge University Press."},{"sequence":"16","original_text":"Ostrom, Elinor, James Walker and Roy Gardner. 1992. &ldquo;Covenants With and Without a Sword: Self-Governance is Possible.&rdquo; <I>American Political Science Review</I> 86(2):404-417."},{"sequence":"17","original_text":"Raub, Werner. 1988. &ldquo;Problematic Social Situations and the Large Number Dilemma: A Game-theoretical Analysis.&rdquo; <I>Journal of Mathematical Sociology</I> 13(4):311-357."},{"sequence":"18","original_text":"Rubinstein, Ariel. 1979. &ldquo;Equilibrium in Supergames with the Overtaking Criterion.&rdquo; <I>Journal of Economic Theory</I> 21: 1-9."},{"sequence":"19","original_text":"Rubinstein, Ariel. 1980. &ldquo;Strong perfect equilibrium in supergames.&ldquo; <I>International Journal of Game Theory</I> 9(1):1-12."},{"sequence":"20","original_text":"鈴木鉄忠. 2006. 「集合行為のジレンマにおける「連帯集団」の効果――「n人チキンゲーム」によるゲーム理論的分析」『理論と方法』21(1):49-61."},{"sequence":"21","original_text":"Taylor, Michael. 1987. <I>The Possibility of Cooperation.</I> New York: Cambridge University Press."}]}}