{"status":"OK","apiType":"doi","apiVersion":"1.0.0","message":{"total":1,"rows":1,"totalPages":1,"page":1},"data":{"siteId":"SI/JST.JSTAGE","content_type":"JA","doi":"10.11218/ojjams.1.101","url":"https://doi.org/10.11218/ojjams.1.101","ra":"JaLC","prefix":"10.11218","site_name":"J-STAGE","publisher_list":[{"publisher_name":"Japanese Association For Mathematical Sociology","lang":"en"},{"publisher_name":"数理社会学会","lang":"ja"}],"title_list":[{"lang":"ja","title":"誤答効果と非回答バイアス","subtitle":"―投票率を例として―"},{"lang":"en","title":"Nonresponse Bias and &lsquo;Misreport Effect&rsquo; in Sample Survey"}],"creator_list":[{"sequence":"1","type":"person","names":[{"lang":"ja","last_name":"宮野","first_name":"勝"},{"lang":"en","last_name":"MIYANO","first_name":"Masaru"}],"affiliation_list":[{"affiliation_name":"Hokkaido University","sequence":"1","lang":"en"},{"affiliation_name":"北海道大学","sequence":"1","lang":"ja"}]}],"publication_date":{"publication_year":"1986"},"relation_list":[{"content":"https://www.jstage.jst.go.jp/article/ojjams/1/1/1_1_101/_pdf","type":"URL","relation":"fullTextPdf"}],"content_language":"ja","updated_date":"2017-03-23","article_type":"pub","journal_id_list":[{"journal_id":"0913-1442","type":"ISSN","issn_type":"print"},{"journal_id":"1881-6495","type":"ISSN","issn_type":"online"},{"journal_id":"ojjams","type":"JID"}],"journal_title_name_list":[{"journal_title_name":"Sociological Theory and Methods","type":"full","lang":"en"},{"journal_title_name":"Sociological Theory and Methods","type":"abbreviation","lang":"en"},{"journal_title_name":"理論と方法","type":"full","lang":"ja"},{"journal_title_name":"理論と方法","type":"abbreviation","lang":"ja"}],"journal_classification":"01","recorded_year":"1986-2013","volume":"1","issue":"1","first_page":"101","last_page":"114","date":"2009-03-01","citation_list":[{"sequence":"1","original_text":"明るい選挙推進協会 1980『第35回衆議院議員総選挙の実態』"},{"sequence":"2","original_text":"明るい選挙推進協会 1981『第36回衆議院議員総選挙の実態』"},{"sequence":"3","original_text":"Bailar B.A. et al. 1978 &ldquo;A Comparison of Some Adjustment and Weighting Procedures for Survey Data&rdquo; In Namboodiri N.K. (ed) <I>Survey Sampling and Measurement</I> Academic Press. ch.12."},{"sequence":"4","original_text":"Clausen A.R. 1969 &ldquo;Response Validity: Vote Report&rdquo; <I>Public Opinion Quarterly</I> 32:588-606."},{"sequence":"5","original_text":"Daniel W.W. 1975 &ldquo;Nonresponse in Sociological Surveys&rdquo; <I>Sociological Methods &amp; Research</I> 3:291-307."},{"sequence":"6","original_text":"Demaio T.J. 1980 &ldquo;Refusals: Who, Where and Why&rdquo; <I>Public Opinion Quarterly</I> 44:223-233."},{"sequence":"7","original_text":"Dunkelberg W.C. &amp; Day G.S. 1973 &ldquo;Nonresponse Bias and Callbacks in Sample Surveys&rdquo; <I>Journal of Marketing Research</I> 10:160-168."},{"sequence":"8","original_text":"Fitzgerald R. &amp; Fuller L. 1982 &ldquo;I Hear You Knocking But You Can't Come in&rdquo; <I>Sociological Methods &amp; Research</I> 11:3-32."},{"sequence":"9","original_text":"Fuller H. 1974 &ldquo;Weighting to Adjust for Survey Nonresonse&rdquo; <I>Public Opinion Quarterly</I> 38:239-246."},{"sequence":"10","original_text":"Goudy W.J. 1976 &ldquo;Nonresponse Effects on Relationships between Variables&rdquo; <I>Public Opinion Quarterly</I> 40:360-369."},{"sequence":"11","original_text":"Hawkins D.F. 1975 &ldquo;Estimation of Nonresponse Bias&rdquo; <I>Sociological Methods &amp; Research</I> 3:461-488."},{"sequence":"12","original_text":"林知己夫 1984『調査の科学』講談社"},{"sequence":"13","original_text":"Katosh J.P. &amp; Traugott M.W. 1981 &ldquo;The Consequences of Validated and Self-Reported Voting Measures&rdquo; <I>Public Opinion Quarterly</I> 45:519-535."},{"sequence":"14","original_text":"Kish L. 1965 <I>Survey Sample</I> Wiley."},{"sequence":"15","original_text":"自治省選挙部 1980『昭和54年10月執行衆議院議員総選挙結果調』"},{"sequence":"16","original_text":"自治省選挙部 1981『昭和55年6月執行衆議院議員総選挙結果調』"},{"sequence":"17","original_text":"Mandell L. 1974 &ldquo;When to Weight: Determining Nonresponse Bias in Survey Data&rdquo; <I>Public Opinion Quarterly</I> 38:247-252."},{"sequence":"18","original_text":"Platek R. et al. 1978 &ldquo;Adjustment for Nonresponse in Surveys&rdquo; In Namboodiri N.K. (ed) <I>Survey Sampling and Measurement</I> Academic Press. Ch.11."},{"sequence":"19","original_text":"Sigelman L. 1982 &ldquo;The Nonvoting Voter in Voting Research&rdquo; <I>American Journal of Political Science</I> 26:47-56."},{"sequence":"20","original_text":"Smith T.W. 1983 &ldquo;The Hidden 25 Percent: An Analysis of Nonresponse on the 1980 General Social Survey&rdquo; <I>Public Opinion Quarterly</I> 47:386-404."},{"sequence":"21","original_text":"Steeh C.G. 1981 &ldquo;Trends in Nonresponse Rates, 1952-1979&rdquo; <I>Public Opinion Quarterly</I> 45:40-57."},{"sequence":"22","original_text":"Stinchcombe A.L. et al. 1981 &ldquo;Nonresponse Bias for Attitude Questions&rdquo; <I>Public Opinion Quarterly</I> 45:359-375."},{"sequence":"23","original_text":"杉山明子 1970「サンプリングをめぐる諸問題（2）調査不能の実態とその調整の効果」『NHK文研月報』7月号:15-25."},{"sequence":"24","original_text":"杉山明子・塙融 1973「調査不能の研究1～3」『NHK文研月報』10,11,12月号"},{"sequence":"25","original_text":"杉山明子 1980『社会調査の基本』 朝倉書店"},{"sequence":"26","original_text":"Traugott M.W. &amp; Katosh J.P. 1979 &ldquo;Response Validity in Surveys of Voting Behavior&rdquo; <I>Public Opinion Quarterly</I> 44:359-377."},{"sequence":"27","original_text":"Wolfinger R.E. &amp; Rosenstone S.T. 1980 <I>Who Votes?</I> Yale U.P."}]}}