{"status":"OK","apiType":"doi","apiVersion":"1.0.0","message":{"total":1,"rows":1,"totalPages":1,"page":1},"data":{"siteId":"SI/JST.JSTAGE","content_type":"JA","doi":"10.11218/ojjams.29.17","url":"https://doi.org/10.11218/ojjams.29.17","ra":"JaLC","prefix":"10.11218","site_name":"J-STAGE","publisher_list":[{"publisher_name":"Japanese Association For Mathematical Sociology","lang":"en"},{"publisher_name":"数理社会学会","lang":"ja"}],"title_list":[{"lang":"ja","title":"特集　準拠集団と相対的剥奪の数理・計量社会学"},{"lang":"en","title":"Special Section"}],"creator_list":[{"sequence":"1","type":"person","names":[{"lang":"ja","last_name":"石田","first_name":"淳"},{"lang":"en","last_name":"ISHIDA","first_name":"Atsushi"}],"affiliation_list":[{"affiliation_name":"Editor of Special Section","sequence":"1","lang":"en"},{"affiliation_name":"特集編集担当","sequence":"1","lang":"ja"}]}],"publication_date":{"publication_year":"2014"},"relation_list":[{"content":"https://www.jstage.jst.go.jp/article/ojjams/29/1/29_17/_pdf","type":"URL","relation":"fullTextPdf"}],"content_language":"ja","updated_date":"2016-07-09","article_type":"pub","journal_id_list":[{"journal_id":"0913-1442","type":"ISSN","issn_type":"print"},{"journal_id":"1881-6495","type":"ISSN","issn_type":"online"},{"journal_id":"ojjams","type":"JID"}],"journal_title_name_list":[{"journal_title_name":"Sociological Theory and Methods","type":"full","lang":"en"},{"journal_title_name":"Sociological Theory and Methods","type":"abbreviation","lang":"en"},{"journal_title_name":"理論と方法","type":"full","lang":"ja"},{"journal_title_name":"理論と方法","type":"abbreviation","lang":"ja"}],"journal_classification":"01","recorded_year":"1986-2013","volume":"29","issue":"1","first_page":"17","last_page":"18","date":"2016-07-10","citation_list":[{"sequence":"1","original_text":"Boudon, R. 1982. <I>The Unintended Consequences of Social Action</I>. London: The Macmillan Press."},{"sequence":"2","original_text":"[written in non-displayable characters.]"},{"sequence":"3","original_text":"Ishida, A., K. Kosaka, and H. Hamada. in press. &ldquo;A Paradox of Economic Growth and Relative Deprivation.&rdquo; <I>Journal of Mathematical Sociology</I>."},{"sequence":"4","original_text":"Kosaka, K. 1986. &ldquo;A Model of Relative Deprivation.&rdquo; <I>Journal of Mathematical Sociology</I> 12(1):35-48."},{"sequence":"5","original_text":"Stouffer, S. A., E. A. Suchman, L. C. DeVinney, S. A. Star, and R. M. Williams Jr. 1949. <I>The American Soldier: Adjustment During Army Life</I>. Princeton: Princeton University Press."},{"sequence":"6","original_text":"Yitzhaki, S. 1979. &ldquo;Relative Deprivation and the Gini Coefficient.&rdquo; <I>Quarterly Journal of Economics</I> 93(2): 321-4."}]}}