{"status":"OK","apiType":"doi","apiVersion":"1.0.0","message":{"total":1,"rows":1,"totalPages":1,"page":1},"data":{"siteId":"SI/JST.JSTAGE","content_type":"JA","doi":"10.11218/ojjams.15.313","url":"https://doi.org/10.11218/ojjams.15.313","ra":"JaLC","prefix":"10.11218","site_name":"J-STAGE","publisher_list":[{"publisher_name":"Japanese Association For Mathematical Sociology","lang":"en"},{"publisher_name":"数理社会学会","lang":"ja"}],"title_list":[{"lang":"ja","title":"階層と経済発展","subtitle":"―結果の平等、機会の平等および効率―"},{"lang":"en","title":"Social Stratification and Economic Development :","subtitle":"Opportunity, Equality and Efficiency"}],"creator_list":[{"sequence":"1","type":"person","names":[{"lang":"ja","last_name":"与謝野","first_name":"有紀"},{"lang":"en","last_name":"YOSANO","first_name":"Arinori"}],"affiliation_list":[{"affiliation_name":"Faculty of Sociology<BR>Kansai University","sequence":"1","lang":"en"},{"affiliation_name":"関西大学","sequence":"1","lang":"ja"}]}],"publication_date":{"publication_year":"2000"},"relation_list":[{"content":"https://www.jstage.jst.go.jp/article/ojjams/15/2/15_313/_pdf","type":"URL","relation":"fullTextPdf"}],"content_language":"ja","updated_date":"2016-09-29","article_type":"pub","journal_id_list":[{"journal_id":"0913-1442","type":"ISSN","issn_type":"print"},{"journal_id":"1881-6495","type":"ISSN","issn_type":"online"},{"journal_id":"ojjams","type":"JID"}],"journal_title_name_list":[{"journal_title_name":"Sociological Theory and Methods","type":"full","lang":"en"},{"journal_title_name":"Sociological Theory and Methods","type":"abbreviation","lang":"en"},{"journal_title_name":"理論と方法","type":"full","lang":"ja"},{"journal_title_name":"理論と方法","type":"abbreviation","lang":"ja"}],"journal_classification":"01","recorded_year":"1986-2013","volume":"15","issue":"2","first_page":"313","last_page":"330","date":"2016-09-30","keyword_list":[{"keyword":"social stratification","sequence":"1","lang":"en"},{"keyword":"社会階層","sequence":"1","lang":"ja"},{"keyword":"equality of opportunity","sequence":"2","lang":"en"},{"keyword":"結果の平等","sequence":"2","lang":"ja"},{"keyword":"equality of result","sequence":"3","lang":"en"},{"keyword":"機会の平等","sequence":"3","lang":"ja"},{"keyword":"economic development","sequence":"4","lang":"en"},{"keyword":"経済発展","sequence":"4","lang":"ja"},{"keyword":"efficiency","sequence":"5","lang":"en"},{"keyword":"効率","sequence":"5","lang":"ja"},{"keyword":"the low-level equilibrium trap","sequence":"6","lang":"en"},{"keyword":"低水準均衡の罠","sequence":"6","lang":"ja"}],"citation_list":[{"sequence":"1","original_text":"Alesina, A. and D. Rodrik. 1994. &ldquo;Distributive Politics and Economic Growth.&rdquo; <I>Quarterly Journal of Economics</I>, 109:465-490."},{"sequence":"2","original_text":"Dore, R. P. 1976. <I>The Diploma Disease</I>. George Allen &amp; Unwin Ltd.: London.= 松井弘道（訳）『学歴社会 新しい文明病』岩波書店."},{"sequence":"3","original_text":"Galbraith, J.K. 1979. <I>The Affluent Society</I>. 3rd ed. Perican Books."},{"sequence":"4","original_text":"Nelson, R. R. 1956. &ldquo;A Theory of the Low-level Equilibrium Trap&rdquo;, <I>American Economic Review</I>, 46(5):894-908."},{"sequence":"5","original_text":"Persson, T. and G. Tabellini, 1994. &ldquo;Is Inequality Harmful to Growth?&rdquo;, <I>American Economic Review</I>, 84:600-621."},{"sequence":"6","original_text":"Stuart, A. aｎd J. K. Ord. 1987. <I>Kendall's Advanced Theory of Statistics</I>. 5th ed. Charles Griffin &amp; Co.; London."},{"sequence":"7","original_text":"高木保興.1992.『開発経済学』有斐閣."},{"sequence":"8","original_text":"渡辺利夫.1986.『開発経済学』日本評論社."}]}}