{"status":"OK","apiType":"doi","apiVersion":"1.0.0","message":{"total":1,"rows":1,"totalPages":1,"page":1},"data":{"siteId":"SI/JST.JSTAGE","content_type":"JA","doi":"10.11218/ojjams.1.57","url":"https://doi.org/10.11218/ojjams.1.57","ra":"JaLC","prefix":"10.11218","site_name":"J-STAGE","publisher_list":[{"publisher_name":"Japanese Association For Mathematical Sociology","lang":"en"},{"publisher_name":"数理社会学会","lang":"ja"}],"title_list":[{"lang":"ja","title":"質的比較静学、二色点法とSimon-Homansモデル"},{"lang":"en","title":"Jeffries' Color Point Method and Simon-Homans Model"}],"creator_list":[{"sequence":"1","type":"person","names":[{"lang":"ja","last_name":"白倉","first_name":"幸男"},{"lang":"en","last_name":"SHIRAKURA","first_name":"Yukio"}],"affiliation_list":[{"affiliation_name":"Hokkaido University","sequence":"1","lang":"en"},{"affiliation_name":"北海道大学","sequence":"1","lang":"ja"}]}],"publication_date":{"publication_year":"1986"},"relation_list":[{"content":"https://www.jstage.jst.go.jp/article/ojjams/1/1/1_1_57/_pdf","type":"URL","relation":"fullTextPdf"}],"content_language":"ja","updated_date":"2017-03-23","article_type":"pub","journal_id_list":[{"journal_id":"0913-1442","type":"ISSN","issn_type":"print"},{"journal_id":"1881-6495","type":"ISSN","issn_type":"online"},{"journal_id":"ojjams","type":"JID"}],"journal_title_name_list":[{"journal_title_name":"Sociological Theory and Methods","type":"full","lang":"en"},{"journal_title_name":"Sociological Theory and Methods","type":"abbreviation","lang":"en"},{"journal_title_name":"理論と方法","type":"full","lang":"ja"},{"journal_title_name":"理論と方法","type":"abbreviation","lang":"ja"}],"journal_classification":"01","recorded_year":"1986-2013","volume":"1","issue":"1","first_page":"57","last_page":"70","date":"2009-03-01","citation_list":[{"sequence":"1","original_text":"Anderson, William N. 1975. &ldquo;Maximum Matching and the Rank of a Matrix,&rdquo; <I>SIAM Journal of Applied Mathematics</I> 28(1), pp.114-123."},{"sequence":"2","original_text":"青木統夫・白岩謙一. 1985.『力学系とエントロピー』共立出版"},{"sequence":"3","original_text":"Basset, Lowell. John Maybee and James Quirk. 1968. &ldquo;Qualitative Economics and the Scope of the Correspondence Principle,&rdquo; <I>Econometrica</I> 36, pp.544-563."},{"sequence":"4","original_text":"Blalock, Herbert. 1969. <I>Theory Construction: From Verbal to Mathematical Formulations</I>, Englewood Cliffs, Prentice-Hall."},{"sequence":"5","original_text":"Bonacich, Phillip. 1973. &ldquo;Using the Sign Rule,&rdquo; <I>Sociological Methods and Research</I> 1(3), pp.347-353."},{"sequence":"6","original_text":"Bonacich, Phillip and Kenneth D. Bailey. 1971. &ldquo;Key Variables,&rdquo; in Costner, H. L. (ed.), <I>Sociological Methodology 1971</I>, San Francisco, Jossey-Bass, pp.221-235."},{"sequence":"7","original_text":"Busacker, Robert G. and Thomas L. Saaty. 1965. <I>Finite Graphs and Networks</I>, New York, McGraw-Hill. 矢野健太郎・伊理正夫訳 1970.『グラフ理論とネットワーク』培風館"},{"sequence":"8","original_text":"Coleman, James S. 1960. &ldquo;The Mathematical Study of Small Groups,&rdquo; in H. Solomon (ed.), <I>Mathematical Thinking in the Measurement of Behavior</I>, New York, Free Press, pp.15-46."},{"sequence":"9","original_text":"Costner, H. L. and R. K. Leik. 1964. &ldquo;Deductions from &lsquo;Axiomatic Theory&rsquo;,&rdquo; <I>American Sociological Review</I> 29, pp.819-835."},{"sequence":"10","original_text":"Dantzig, George B. 1963. <I>Linear Programming and Its Extensions, Princeton</I>, Princeton University Press.小野明雄訳 1983.『線形計画法とその周辺』ホルト・サウンダース・ジャパン"},{"sequence":"11","original_text":"Edmonds, J. 1965. &ldquo;Paths, Trees and Flowers,&rdquo; <I>Canadian Journal of Mathematics</I> 17, pp.449-467."},{"sequence":"12","original_text":"Fararo, Thomas J. 1973.<I>Mathematical Sociology: An Introduction to Fundamentals</I>, New York, Wiley Interscience. 西田春彦・安田三郎監訳.1977.『数理社会学』I, II 紀伊国屋書店"},{"sequence":"13","original_text":"藤原松三郎. 1974. 『代数学』第一巻 内田老鶴圃新社"},{"sequence":"14","original_text":"Gantmacher, F. R. 1959. <I>The Theory of Matrices</I> vol II, New York, Chelsea."},{"sequence":"15","original_text":"Haberman, Richard. 1977. <I>Mathematical Models</I>, Englewood Cliffs, Prentice Hall. 稲垣宣生訳 1981.『個体群成長の数字モデル』現代数学社"},{"sequence":"16","original_text":"Hicks, John R.1946. <I>Value and Capital</I>, Oxford, Clarendon Press. 安井琢磨・熊谷尚夫訳. 1951.『価値と資本』I, II 岩波書店"},{"sequence":"17","original_text":"Hirsch, Morris W. and Stephen Smale. 1974. <I>Differential Equations, Dynamical Systems, and Linear Algebra</I>, New York, Academic Press. 田村一郎・水谷忠良・新井紀久子訳.1974.『力学系入門』岩波書店"},{"sequence":"18","original_text":"Homans, G. C. 1950. <I>The Human Group</I>, New York, Harcourt, Brace and Company. 馬場明男・早川浩一訳. 1959.『ヒューマン・グループ』誠信書房"},{"sequence":"19","original_text":"Hopkins, Terence K. 1964. <I>The Exercise of Influence in Small Groups</I>, Totowa, Bedminister Press."},{"sequence":"20","original_text":"伊理正夫・白川功・梶谷洋司・篠田庄司ほか 1983.『演習グラフ理論』コロナ社"},{"sequence":"21","original_text":"Jeffries, Clarke. 1974. &ldquo;Qualitative Stability and Digraphs in Model Ecosystems,&rdquo; <I>Ecology</I> 55(6), pp.1415-1419."},{"sequence":"22","original_text":"Jeffries, Clarke. 1979. &ldquo;Stability of Holistic Ecosystem Models,&rdquo; in E. Halfon(ed.) <I>Theoretical System Ecology</I>. New York, Academic Press."},{"sequence":"23","original_text":"Jeffries, Clarke., Victor Klee and Van den Driessche, Pauline. 1977. &ldquo;When is a Matrix Sign Stable?&rdquo; <I>Canadian Journal of Mathematics</I> 29(2), pp.315-326."},{"sequence":"24","original_text":"Klee, Victor and Pauline van den Drissche. 1977. &ldquo;Linear Algorithms for Testing the Sign Stability of a Matrix and for Finding Z-Maximum Matchings in Acyclic Graphs,&rdquo; <I>Numerische Mathematik</I> 28,pp.273-285."},{"sequence":"25","original_text":"Lancaster, Kelvin. 1965.&ldquo;The Theory of Qualitative Linear Systems,&rdquo; <I>Econometrica</I> 33,pp.395-408"},{"sequence":"26","original_text":"Lancaster, Kelvin. 1966.&ldquo;The Solution of Qualitative Comparative Static Problems,&rdquo; <I>Quarterly Journal of Economics</I> 80, pp.278-295."},{"sequence":"27","original_text":"Land, K. 1978. &ldquo;Comparative Statics in Sociology,&rdquo; in H. Blalock et al. (eds.), <I>Quantitative Sociology</I> New York, Academic Press, pp.475-510."},{"sequence":"28","original_text":"May, Robert M. 1973. &ldquo;Qualitative Stability in Model Ecosystems,&rdquo; <I>Ecology</I> 54(3), pp.638-641."},{"sequence":"29","original_text":"Maybee, John. 1981. &ldquo;Sign Solvability,&rdquo; in Harvey J. Greenberg and John Maybee(eds.) <I>Computer Assisted Analysis and Model Specification</I>, New York, Academic Press, pp.201-257."},{"sequence":"30","original_text":"Maybee, John and James Quirk. 1969. &ldquo;Qualitative Problems in Matrix Theory,&rdquo; <I>SIAM Review</I> 11, pp.31-51."},{"sequence":"31","original_text":"Quirk, John and Richard Ruppert. 1965. &ldquo;Qualitative Economics and the Stability of Equilibrium,&rdquo; <I>Review of Economic Studies</I> 32, pp.311-326."},{"sequence":"32","original_text":"Simon, Herbert A. 1957. <I>Models of Man: Social and Rational</I>, New York, John Wiley And Sons. 宮沢光一監訳 1970.『人間行動のモデル』同文館"},{"sequence":"33","original_text":"白倉幸男. 1981.「質的比較静学の社会学的意義をめぐって」『大阪大学人間科学部紀要』第7巻 173-188頁"},{"sequence":"34","original_text":"白倉幸男. 1982.「Blalockの安定条件およびBonacich=Baileyの&ldquo;Key Variables&rdquo;をめぐって」『大阪大学人間科学部紀要』第8巻 329-526頁"},{"sequence":"35","original_text":"Tyson, John J. 1975. &ldquo;Classification of Instabilities in Chemical Reaction Systems,&rdquo; <I>Journal of Chemical Physics</I> 62(3), pp.1010-1015."},{"sequence":"36","original_text":"安井琢磨. 1971.『安井琢磨著作集』第三巻 創文社"}]}}