{"status":"OK","apiType":"doi","apiVersion":"1.0.0","message":{"total":1,"rows":1,"totalPages":1,"page":1},"data":{"siteId":"SI/JST.JSTAGE","content_type":"JA","doi":"10.11218/ojjams.29.261","url":"https://doi.org/10.11218/ojjams.29.261","ra":"JaLC","prefix":"10.11218","site_name":"J-STAGE","publisher_list":[{"publisher_name":"Japanese Association For Mathematical Sociology","lang":"en"},{"publisher_name":"数理社会学会","lang":"ja"}],"title_list":[{"lang":"ja","title":"コモンズの過少利用がもたらす生態系サービスの劣化"},{"lang":"en","title":"Degradation of Ecosystem Services caused by the Underuse of Commons"}],"creator_list":[{"sequence":"1","type":"person","names":[{"lang":"ja","last_name":"森野","first_name":"真理"},{"lang":"en","last_name":"MORINO","first_name":"Mari"}],"affiliation_list":[{"affiliation_name":"Kibi International University","sequence":"1","lang":"en"},{"affiliation_name":"吉備国際大学","sequence":"1","lang":"ja"}]}],"publication_date":{"publication_year":"2014"},"relation_list":[{"content":"https://www.jstage.jst.go.jp/article/ojjams/29/2/29_261/_pdf","type":"URL","relation":"fullTextPdf"}],"content_language":"ja","updated_date":"2016-07-09","article_type":"pub","journal_id_list":[{"journal_id":"0913-1442","type":"ISSN","issn_type":"print"},{"journal_id":"1881-6495","type":"ISSN","issn_type":"online"},{"journal_id":"ojjams","type":"JID"}],"journal_title_name_list":[{"journal_title_name":"Sociological Theory and Methods","type":"full","lang":"en"},{"journal_title_name":"Sociological Theory and Methods","type":"abbreviation","lang":"en"},{"journal_title_name":"理論と方法","type":"full","lang":"ja"},{"journal_title_name":"理論と方法","type":"abbreviation","lang":"ja"}],"journal_classification":"01","recorded_year":"1986-2013","volume":"29","issue":"2","first_page":"261","last_page":"276","date":"2016-07-10","keyword_list":[{"keyword":"underuse of CPRs, ecosystem services, enlargement of stakeholders","sequence":"1","lang":"en"},{"keyword":"過少利用, 生態系サービス, 受益の変容, ステークホルダーの拡張","sequence":"1","lang":"ja"}],"citation_list":[{"sequence":"1","original_text":"浅子和美・國則守生. 1994. 「コモンズの経済学理論」. 宇沢弘文・茂木愛一郎(編)『社会的共通資本―コモンズと都市―』東京大学出版会:74-76."},{"sequence":"2","original_text":"De Groot, RS., Wilson, MA., and Boumans, RM. 2002. &ldquo;A typology for the classification, description and valuation ecosystem functions, goods and services.&rdquo; <I>Ecological Economics</I> 41:393-408."},{"sequence":"3","original_text":"Hardin, G. 1968. &ldquo;The tragedy of the commons.&rdquo; <I>Science</I> 162:1243-1248."},{"sequence":"4","original_text":"藤村忠志. 1994. 「多摩丘陵における農用林的利用衰退による二次林の植生変化」『造園雑誌』57(5):211-216."},{"sequence":"5","original_text":"グラウンドワーク真庭・真庭遺産研究会・吉備国際大学. 2009. 『ふるさと真庭の川の風景に関するアンケート調査報告書』."},{"sequence":"6","original_text":"井上真. 2001. 「自然資源の共同管理制度としてのコモンズ」. 井上真・宮内泰介(編)『コモンズの社会学』新耀社:9-12."},{"sequence":"7","original_text":"巌佐庸・松本忠夫・菊沢喜八郎：日本生態学会(編). 2003. 『生態学辞典』共立出版."},{"sequence":"8","original_text":"Kobayashi, T., Saito, A., and Hori, Y. 1999. &ldquo;Species diversity of the understory dominated by dwarf-bamboo Pleioblastus chino Makino in a secondary forest with different numbers of years after the last mowing.&rdquo; <I>The Japanese Society of Revegetation Technology</I> 24(3/4): 201-207."},{"sequence":"9","original_text":"楜澤能生. 2010. 「持続的生産活動を通じた自然資源の維持管理」. 日本法社会学会(編)『コモンズと法法社会学 73』有斐閣:204-228."},{"sequence":"10","original_text":"Laurance, W.F., Laurance, S.G., Ferreira, L.V., Rnkin-de Merona, J.M., Gascon, C., and Lovejoy, T.E. 1997. &ldquo;Biomass collapse on Amazonian forest fragments.&rdquo; <I>Science</I> 278:1117-1118."},{"sequence":"11","original_text":"Millennium Ecosystem Assessment. 2005. <I>Ecosystems and Human Well-being: Biodiversity Synthesis</I>. Washington, DC: World Resources Institute. （和訳参照：環境省 https://www.env.go.jp/policy/hakusyo/zu/h19/html/vk0701020100.html.2014.8.25）"},{"sequence":"12","original_text":"森野真理・堀内史朗. 2010. 「森林利用履歴と立地条件が小規模個人有林の管理状況に与える影響」『地域学研究』40:143-155."},{"sequence":"13","original_text":"森野真理・堀内史朗・中川公太. 2009. 「河川利用の経験が地域住民の保全意識に与える影響」『日本地域学会第46回年次大会学術論文集』"},{"sequence":"14","original_text":"森野真理・山崎きよ子・秋葉敏夫. 2014. 「宮崎県若手就農者における農地問題の実態と農地所有者の意識」『定住自立圏フィールド調査事業調査報告書』5:18-37."},{"sequence":"15","original_text":"西粟倉村史編纂委員会(編). 1977. 『西粟倉村史（後編）』岡山県西粟倉村."},{"sequence":"16","original_text":"西粟倉村史編纂委員会(編). 1984. 『西粟倉村史（前編）』岡山県西粟倉村."},{"sequence":"17","original_text":"Ostrom, E. 1990. <I>Governing the Commons: The Evolution of Institutions for Collective Action</I>. Cambridge: Cambridge University Press."},{"sequence":"18","original_text":"須賀丈. 2010. 「日本列島の半自然草原：ひとが維持した氷期の遺産」. 須賀丈・岡本透・丑丸敦史『草地と日本人―日本列島1万年の旅―』築地書館:19-98."},{"sequence":"19","original_text":"菅豊. 2001. 「コモンズとしての「水辺」」. 井上真・宮内泰介(編)『コモンズの社会学』新耀社:96-119."},{"sequence":"20","original_text":"杉浦真治. 2012. 「種数-面積関係の展開：種間相互作用ネットワークと生息地面積との関係」『日本生態学会誌』62(3): 347-359."},{"sequence":"21","original_text":"高崎洋子・竹中千里・吉田智弘. 2010. 「ヒノキ人工林において間伐施業が土壌動物の群集構成と個体数密度に与える影響三重県度会郡大紀町における事例」『日本森林学会誌』92:167-170."},{"sequence":"22","original_text":"上原三知・重松敏則・朝廣和夫 . 2003. 「都市近郊農村における里山林の管理・利用実態とその公益的機能に関する研究」『ランドスケープ研究』66(5):573-578."}]}}