{"status":"OK","apiType":"doi","apiVersion":"1.0.0","message":{"total":1,"rows":1,"totalPages":1,"page":1},"data":{"siteId":"SI/JST.JSTAGE","content_type":"JA","doi":"10.11218/ojjams.28.319","url":"https://doi.org/10.11218/ojjams.28.319","ra":"JaLC","prefix":"10.11218","site_name":"J-STAGE","publisher_list":[{"publisher_name":"Japanese Association For Mathematical Sociology","lang":"en"},{"publisher_name":"数理社会学会","lang":"ja"}],"title_list":[{"lang":"en","title":"On a Game Theory based on the Maximin Principle"},{"lang":"ja","title":"Maximin原理に基づくゲーム理論構築の試み"}],"creator_list":[{"sequence":"1","type":"person","names":[{"lang":"en","last_name":"K&Otilde;NO","first_name":"Norio"},{"lang":"ja","last_name":"河野","first_name":"敬雄"}],"affiliation_list":[{"affiliation_name":"No Affiliation","sequence":"1","lang":"en"},{"affiliation_name":"無所属","sequence":"1","lang":"ja"}]}],"publication_date":{"publication_year":"2013"},"relation_list":[{"content":"https://www.jstage.jst.go.jp/article/ojjams/28/2/28_319/_pdf","type":"URL","relation":"fullTextPdf"}],"content_language":"ja","updated_date":"2014-12-09","article_type":"pub","journal_id_list":[{"journal_id":"0913-1442","type":"ISSN","issn_type":"print"},{"journal_id":"1881-6495","type":"ISSN","issn_type":"online"},{"journal_id":"ojjams","type":"JID"}],"journal_title_name_list":[{"journal_title_name":"Sociological Theory and Methods","type":"full","lang":"en"},{"journal_title_name":"Sociological Theory and Methods","type":"abbreviation","lang":"en"},{"journal_title_name":"理論と方法","type":"full","lang":"ja"},{"journal_title_name":"理論と方法","type":"abbreviation","lang":"ja"}],"journal_classification":"01","recorded_year":"1986-2013","volume":"28","issue":"2","first_page":"319","last_page":"336","date":"2014-09-01","keyword_list":[{"keyword":"マックスミニ原理","sequence":"1","lang":"ja"},{"keyword":"Maximin Principle","sequence":"1","lang":"en"},{"keyword":"マックスミニ合理性","sequence":"2","lang":"ja"},{"keyword":"Maximin Rationality","sequence":"2","lang":"en"},{"keyword":"ナッシュ合理性","sequence":"3","lang":"ja"},{"keyword":"Nash Rationality","sequence":"3","lang":"en"},{"keyword":"合理的選択理論","sequence":"4","lang":"ja"},{"keyword":"Rational Choice Theorem","sequence":"4","lang":"en"},{"keyword":"Security level","sequence":"5","lang":"ja"},{"keyword":"Security Level","sequence":"5","lang":"en"}],"citation_list":[{"sequence":"1","original_text":"Aumann, R. J. 1976. &ldquo;Agreeing to Disagree.&rdquo; <I>The Annals of Statistics</I> 4 (6): 1236-39."},{"sequence":"2","original_text":"Aumann, R. J., and A. Brandenburger. 1995. &ldquo;Epistemic Conditions for Nash Equilibrium.&rdquo; <I>Econometrica</I> 63 (5): 1161-80."},{"sequence":"3","original_text":"Aumann, R. J., and M. Maschler. 1972. &ldquo;Some Thoughts on the Minimax Principle.&rdquo; <I>Management Science</I> 18 (5): 54-63."},{"sequence":"4","original_text":"Aumann, R. J., and M. Maschler. 1974. &ldquo;Response to Taylor's &ldquo;Resolution of a Paradox: Mini-Max Rehabilitated&rdquo;.&rdquo; <I>Management Science</I> 20 (9): 1316."},{"sequence":"5","original_text":"Bernheim, B. D. 1984. &ldquo;Rationalizable Strategic Behavior.&rdquo; <I>Econometrica</I> 52(4): 1007-28."},{"sequence":"6","original_text":"Brams, S. J., and D. Wittman. 1981. &ldquo;Nonmyopic Equilibria in 2 &times; 2 Games.&rdquo; <I>Conflict Management and Peace Science</I> 6 (1): 39-62."},{"sequence":"7","original_text":"Davis, M. 1974. &ldquo;Some Further Thoughts on the Minimax Principle.&rdquo; <I>Management Science</I> 20 (9): 1305-10."},{"sequence":"8","original_text":"Gintis, H. 2009. <I>The Bounds of Reason.</I> Princeton: Princeton University Press. =2011. 成田悠輔他訳『ゲーム理論による社会科学の統合』NTT出版．"},{"sequence":"9","original_text":"Greenberg, J. 1990. <I>The Theory of Social Situations.</I> Cambridge: Cambridge University Press."},{"sequence":"10","original_text":"河野敬雄. 2013.「Nash Equilibrium vs. Maximin Strategy―Extensive Game Revisited―」南就将編『確率論シンポジウム:2012年12月18日～21日』 数理解析研究所講究録 京都大学."},{"sequence":"11","original_text":"Luce, R. D., and H. Raiffa. 1957. <I>Games and Decisions.</I> New York: John Wiley &amp; Sons."},{"sequence":"12","original_text":"Milgrom, F. 1981. &ldquo;An Axiomatic Characterization of Common Knowledge.&rdquo; <I>Econometrica</I> 49 (1): 219-22."},{"sequence":"13","original_text":"Myerson, R. B. 1978. &ldquo;Refinements of the Nash Equilibrium Concept.&rdquo; <I>International Journal of Game Theory</I> 7 (2): 73-80."},{"sequence":"14","original_text":"Nash, J. F. 1950. &ldquo;Equilibrium Points in n-Person Games.&rdquo; <I>Proceedings of the National Academy of Sciences, U.S.A.</I> 36: 48-49."},{"sequence":"15","original_text":"Nash, J. F. 1951. &ldquo;Non-cooperative Games.&ldquo; <I>Annals of Mathematics</I> 54 (2): 286-95."},{"sequence":"16","original_text":"Nash, J. F. 1996. <I>Essays on Game Theory.</I> Cheltenham: Edward Elgar."},{"sequence":"17","original_text":"岡田章. 2011.『ゲーム理論[新版]』有斐閣."},{"sequence":"18","original_text":"Pearce, D. G. 1984. &ldquo;Rationalizable Strategic Behavior and the Problem of Perfection.&rdquo; <I>Econometrica</I> 52 (4): 1029-50."},{"sequence":"19","original_text":"佐藤嘉倫. 1987.「対抗的分業論のゲーム論的定式化―2 人チキン・ゲームによる定式化の可能性と限界―」『理論と方法』2 (1): 1-14."},{"sequence":"20","original_text":"Selten, R. 1975. &ldquo;Reexamination of the Perfectness Concept for Equilibrium Points in Extensive Games.&rdquo; <I>International Journal of Game Theory</I> 4 (1): 25-55."},{"sequence":"21","original_text":"鈴木光男. 1983a.「非協力ゲーム理論の性格」『数理科学』11: 76-82."},{"sequence":"22","original_text":"鈴木光男. 1983b.「協力ゲーム理論の性格」『数理科学』12: 77-83."},{"sequence":"23","original_text":"鈴木光男. 1999.『ゲーム理論の世界』勁草書房．"},{"sequence":"24","original_text":"Taylor, P. T. 1972. &ldquo;Resolution of a Paradox: Mini-Max Rehabilitated.&ldquo; <I>Management Science</I> 19(4): 466-67."},{"sequence":"25","original_text":"von Neumann, J. 1928. &ldquo;Zur Theorie der Gessellschaftsspeile.&rdquo; <I>Mathematische Annalen</I> 100: 295-320. =1959. &ldquo;On the Theory of Games of Strategy&rdquo; Pp.13-42 in <I>Contributions to the Theory of Games IV,</I> edited by A. W. Tucker and R.D. Luce. Princeton: Princeton University Press."},{"sequence":"26","original_text":"von Neumann, J., and O. Morgenstern. [1944]1953. <I>Theory of Games and Economic Behavior</I>. Princeton: Princeton University Press. =2009. 銀林浩他（監訳）『ゲームの理論と経済行動 I,II,III』ちくま学芸文庫."},{"sequence":"27","original_text":"山田雄三. 1950.「ミニ・マクス原則の要點」『季刊　理論経済學』1 (2): 160-74."}]}}