{"status":"OK","apiType":"doi","apiVersion":"1.0.0","message":{"total":1,"rows":1,"totalPages":1,"page":1},"data":{"siteId":"SI/JST.JSTAGE","content_type":"JA","doi":"10.11218/ojjams.22.227","url":"https://doi.org/10.11218/ojjams.22.227","ra":"JaLC","prefix":"10.11218","site_name":"J-STAGE","publisher_list":[{"publisher_name":"Japanese Association For Mathematical Sociology","lang":"en"},{"publisher_name":"数理社会学会","lang":"ja"}],"title_list":[{"lang":"ja","title":"リプライ","subtitle":"―宇佐美氏と土場氏に答える―"},{"lang":"en","title":"Book Reviews Reply"}],"creator_list":[{"sequence":"1","type":"person","names":[{"lang":"ja","last_name":"盛山","first_name":"和夫"},{"lang":"en","last_name":"SEIYAMA","first_name":"Kazuo"}],"affiliation_list":[{"affiliation_name":"The University of Tokyo","sequence":"1","lang":"en"},{"affiliation_name":"東京大学","sequence":"1","lang":"ja"}]}],"publication_date":{"publication_year":"2007"},"relation_list":[{"content":"https://www.jstage.jst.go.jp/article/ojjams/22/2/22_2_227/_pdf","type":"URL","relation":"fullTextPdf"}],"content_language":"ja","updated_date":"2017-03-23","article_type":"pub","journal_id_list":[{"journal_id":"0913-1442","type":"ISSN","issn_type":"print"},{"journal_id":"1881-6495","type":"ISSN","issn_type":"online"},{"journal_id":"ojjams","type":"JID"}],"journal_title_name_list":[{"journal_title_name":"Sociological Theory and Methods","type":"full","lang":"en"},{"journal_title_name":"Sociological Theory and Methods","type":"abbreviation","lang":"en"},{"journal_title_name":"理論と方法","type":"full","lang":"ja"},{"journal_title_name":"理論と方法","type":"abbreviation","lang":"ja"}],"journal_classification":"01","recorded_year":"1986-2013","volume":"22","issue":"2","first_page":"227","last_page":"228","date":"2008-01-08","citation_list":[{"sequence":"1","original_text":"1) Daniels, Norman. 1996. <I>Justice and Justification: Reflective Equilibrium in Theory and Practice</I>. Cambridge University Press."},{"sequence":"2","original_text":"2) Scanlon, T. M. 2004. &ldquo;Rawls on Justification.&rdquo; pp.139-169, in Samuel Freeman ed. <I>The Cambridge Companion to Rawls</I>. Cambridge University Press."}]}}