{"status":"OK","apiType":"doi","apiVersion":"1.0.0","message":{"total":1,"rows":1,"totalPages":1,"page":1},"data":{"siteId":"SI/JST.JSTAGE","content_type":"JA","doi":"10.11218/ojjams.26.67","url":"https://doi.org/10.11218/ojjams.26.67","ra":"JaLC","prefix":"10.11218","site_name":"J-STAGE","publisher_list":[{"publisher_name":"Japanese Association For Mathematical Sociology","lang":"en"},{"publisher_name":"数理社会学会","lang":"ja"}],"title_list":[{"lang":"ja","title":"環境適応による文化形成への社会ネットワークの影響"},{"lang":"en","title":"Effect of Dynamics of Social Network on Culture Formation driven by Adaptation to Environmental Conditions:"}],"creator_list":[{"sequence":"1","type":"person","names":[{"lang":"ja","last_name":"大垣","first_name":"俊朗"},{"lang":"en","last_name":"OGAKI","first_name":"Toshiro"}],"affiliation_list":[{"affiliation_name":"Faculty of Engineering<BR>The University of Tokyo","sequence":"1","lang":"en"},{"affiliation_name":"東京大学大学院工学系研究科","sequence":"1","lang":"ja"}]},{"sequence":"2","type":"person","names":[{"lang":"ja","last_name":"本田","first_name":"利器"},{"lang":"en","last_name":"HONDA","first_name":"Riki"}],"affiliation_list":[{"affiliation_name":"Faculty of Engineering<BR>The University of Tokyo","sequence":"1","lang":"en"},{"affiliation_name":"東京大学大学院工学系研究科","sequence":"1","lang":"ja"}]}],"publication_date":{"publication_year":"2011"},"relation_list":[{"content":"https://www.jstage.jst.go.jp/article/ojjams/26/1/26_1_67/_pdf","type":"URL","relation":"fullTextPdf"}],"content_language":"ja","updated_date":"2017-03-23","article_type":"pub","journal_id_list":[{"journal_id":"0913-1442","type":"ISSN","issn_type":"print"},{"journal_id":"1881-6495","type":"ISSN","issn_type":"online"},{"journal_id":"ojjams","type":"JID"}],"journal_title_name_list":[{"journal_title_name":"Sociological Theory and Methods","type":"full","lang":"en"},{"journal_title_name":"Sociological Theory and Methods","type":"abbreviation","lang":"en"},{"journal_title_name":"理論と方法","type":"full","lang":"ja"},{"journal_title_name":"理論と方法","type":"abbreviation","lang":"ja"}],"journal_classification":"01","recorded_year":"1986-2013","volume":"26","issue":"1","first_page":"67","last_page":"81","date":"2012-01-31","keyword_list":[{"keyword":"network dynamics","sequence":"1","lang":"en"},{"keyword":"ネットワークダイナミクス","sequence":"1","lang":"ja"},{"keyword":"culture","sequence":"2","lang":"en"},{"keyword":"文化","sequence":"2","lang":"ja"},{"keyword":"environment adaptation","sequence":"3","lang":"en"},{"keyword":"環境適合","sequence":"3","lang":"ja"},{"keyword":"homophily","sequence":"4","lang":"en"},{"keyword":"同類選好","sequence":"4","lang":"ja"},{"keyword":"polarization","sequence":"5","lang":"en"},{"keyword":"極化","sequence":"5","lang":"ja"}],"citation_list":[{"sequence":"1","original_text":"Axelrod, Robert. 1997. &ldquo;The Dissemination of Culture - A model with local convergence and global polarization.&rdquo; <I>The Journal of Conflict Resolution</I> 41:203-226."},{"sequence":"2","original_text":"Axelrod, Robert and Michael D. Cohen. 2000. <I>Harnessing Complexity - Organizational Implications of a Scientific Frontier</I>. Basic Books."},{"sequence":"3","original_text":"Baldassarri, Delia and Peter Bearman. 2007. &ldquo;Dynamics of Political Polarization.&rdquo; <I>American Sociological Review</I> 72:784-811."},{"sequence":"4","original_text":"Blau, P.M. 1977. <I>Heterogeneity and Inequality</I>. Free Press."},{"sequence":"5","original_text":"Brown, John Seely, Allan Collins, and Paul Duguid. 1989. &ldquo;Situated Cognition and the Culture of Learning.&rdquo; <I>Educational Researcher</I> 18:32-42."},{"sequence":"6","original_text":"Carley, Kathleen. 1991. &ldquo;A Theory of Group Stability.&rdquo; <I>American Sociological Review</I> 56:331-354."},{"sequence":"7","original_text":"Centola, Damon and Juan Carlos Gonzalez-Avella. 2007. &ldquo;Homophily, Cultural Drift and the Co-Evolution of Cultural Groups.&rdquo; <I>Journal of Conflict Resolution</I> 51:905-929."},{"sequence":"8","original_text":"Fischer, Claude S. 1975. &ldquo;Toward a subcultural theory of urbanism.&rdquo; <I>The American Journal of Sociology</I> 80:1319-1341."},{"sequence":"9","original_text":"Friedkin, Noah E. and Eugene C. Johnsen. 1990. &ldquo;Social Influence and Opinions.&rdquo; <I>The Journal of Mathematical Sociology</I> 15:193-206."},{"sequence":"10","original_text":"Lave, Jean and Etienne Wenger. 1991. <I>Situated Learning: Legitimate Peripheral, Participation</I>. Cambridge University Press."},{"sequence":"11","original_text":"Lazarsfeld, P.F. and R.K. Merton. 1954. &ldquo;Friendship as social process: a substantive and methodological analysis.&rdquo; <I>Freedom and Control in Modern Society</I>. Van Nostrand. pp.18-66."},{"sequence":"12","original_text":"Macy, Michael W. and Robert Willer. 2002. &ldquo;From Factors To Actors: Computational Sociology and Agent-Based Modeling.&rdquo; <I>Annual Review of Sociology</I> 28:143-166."},{"sequence":"13","original_text":"Marsden, Peter V. 1988. &ldquo;Homogeneity in confiding relations.&rdquo; <I>Social Networks</I> 10:57-76."},{"sequence":"14","original_text":"Marsden, Peter V. and Noah E. Friedkin. 1993. &ldquo;Network Studies of social influence.&rdquo; <I>Sociological Methods Research</I> 22:127-151."},{"sequence":"15","original_text":"McPherson, Miller, Lynn Smith-lovin, and James M. Cook. 2001. &ldquo;Birds of A Feather: Homophily in Social Networks.&rdquo; <I>Annual Review of Sociology</I> 27:415-444."},{"sequence":"16","original_text":"Nowak, Andrzej, Jacek Szamrej, and Bibb Latane,. 1990. &ldquo;From Private Attitude to Public Opinion: A Dynamic Theory of Social Impact.&rdquo; <I>Psychological Review</I> 97:362-376."},{"sequence":"17","original_text":"Shibanai, Yasufumi, Satoko Yasuno, and Itaru Ishiguro. 2001. &ldquo;Effects of Global Information Feedback on Diversity.&rdquo; <I>Journal of Conflict Resolution</I> 45:80-96."},{"sequence":"18","original_text":"Wellman, Barry. 1979. &ldquo;The Community Question: The Intimate Networks of East Yorkers.&rdquo; <I>The American Journal of Sociology</I> 84:1201-1231."}]}}