{"status":"OK","apiType":"doi","apiVersion":"1.0.0","message":{"total":1,"rows":1,"totalPages":1,"page":1},"data":{"siteId":"SI/JST.JSTAGE","content_type":"JA","doi":"10.11218/ojjams.16.47","url":"https://doi.org/10.11218/ojjams.16.47","ra":"JaLC","prefix":"10.11218","site_name":"J-STAGE","publisher_list":[{"publisher_name":"Japanese Association For Mathematical Sociology","lang":"en"},{"publisher_name":"数理社会学会","lang":"ja"}],"title_list":[{"lang":"ja","title":"思い出の持続と置き換わり","subtitle":"―ライフイベント分析からの試み―"},{"lang":"en","title":"Memorized Life Events and their Replacement :","subtitle":"from a Survey of Life Events"}],"creator_list":[{"sequence":"1","type":"person","names":[{"lang":"ja","last_name":"高橋","first_name":"正樹"},{"lang":"en","last_name":"TAKAHASHI","first_name":"Masaki"}],"affiliation_list":[{"affiliation_name":"University of Tokyo","sequence":"1","lang":"en"},{"affiliation_name":"東京大学","sequence":"1","lang":"ja"}]},{"sequence":"2","type":"person","names":[{"lang":"ja","last_name":"岸野","first_name":"洋久"},{"lang":"en","last_name":"KISHINO","first_name":"Hirohisa"}],"affiliation_list":[{"affiliation_name":"University of Tokyo","sequence":"2","lang":"en"},{"affiliation_name":"東京大学","sequence":"2","lang":"ja"}]}],"publication_date":{"publication_year":"2001"},"relation_list":[{"content":"https://www.jstage.jst.go.jp/article/ojjams/16/1/16_47/_pdf","type":"URL","relation":"fullTextPdf"}],"content_language":"ja","updated_date":"2016-09-29","article_type":"pub","journal_id_list":[{"journal_id":"0913-1442","type":"ISSN","issn_type":"print"},{"journal_id":"1881-6495","type":"ISSN","issn_type":"online"},{"journal_id":"ojjams","type":"JID"}],"journal_title_name_list":[{"journal_title_name":"Sociological Theory and Methods","type":"full","lang":"en"},{"journal_title_name":"Sociological Theory and Methods","type":"abbreviation","lang":"en"},{"journal_title_name":"理論と方法","type":"full","lang":"ja"},{"journal_title_name":"理論と方法","type":"abbreviation","lang":"ja"}],"journal_classification":"01","recorded_year":"1986-2013","volume":"16","issue":"1","first_page":"47","last_page":"60","date":"2016-09-30","keyword_list":[{"keyword":"stressful life event","sequence":"1","lang":"en"},{"keyword":"ライフイベント","sequence":"1","lang":"ja"},{"keyword":"memorized events","sequence":"2","lang":"en"},{"keyword":"出来事の記憶化","sequence":"2","lang":"ja"},{"keyword":"survival time","sequence":"3","lang":"en"},{"keyword":"思い出の持続","sequence":"3","lang":"ja"},{"keyword":"replacement","sequence":"4","lang":"en"},{"keyword":"思い出の置き換わり","sequence":"4","lang":"ja"},{"keyword":"questionnaire","sequence":"5","lang":"en"},{"keyword":"質問紙調査","sequence":"5","lang":"ja"}],"citation_list":[{"sequence":"1","original_text":"藺牟田洋美・下仲順子・中里克治・河合千恵子・佐藤眞一・石原治・権藤恭之. 1996.「中高年におけるライフイベントの主観的評価・予測性と心理的適応との関連」『老年社会科学』18(1): 63-73."},{"sequence":"2","original_text":"岸野洋久. 1999. 『生のデータを料理する』日本評論社."},{"sequence":"3","original_text":"高年齢層研究委員会. 1978. 『思い出は遠くまた近く――高齢者聴取り調査』財団法人地域社会研究所."},{"sequence":"4","original_text":"正岡寛治. 1996.「ライフコース研究の課題」『ライフコースの社会学』岩波書店: 1898-221."},{"sequence":"5","original_text":"正岡寛治.・嶋崎尚子. 1999. 『近代社会と人生経験』放送大学教育振興会."},{"sequence":"6","original_text":"水野節夫. 1986.「生活史研究とその多様な展開」『社会学の歴史的展開』サイエンス社: 147-208."},{"sequence":"7","original_text":"中野卓（編著）. 1977. 『口述の生活史』御茶ノ水書房（&rarr;1995. 増補版）."},{"sequence":"8","original_text":"中野卓（編著）. 1981.「個人の社会学的調査研究について」『社会学評論』32(1): 2-12."},{"sequence":"9","original_text":"岡村清子. 1994.「配偶者との死別に関する縦断研究」『老年社会科学』15(2): 157-65"},{"sequence":"10","original_text":"岡林秀樹・杉澤秀博・矢冨直実・中田に陽明・高梨薫。深谷太郎・柴田博. 1997.「配偶者との死別が高齢者の健康に及ぼす影響と社会的支援の緩衝効果」『心理学研究』68(3): 147-54."},{"sequence":"11","original_text":"坂田周一・Jersey Liang・前田大作. 1990.「高齢者における社会支援のストレス・バッファ効果――肯定的側面と否定的側面」『社会老年学』31: 80-90."},{"sequence":"12","original_text":"佐藤徳. 1999.「自己表象の複雑性が抑鬱及びライフイベントに対する情緒反応に及ぼす緩衝効果について」『教育心理学研究』47(2): 131-40."},{"sequence":"13","original_text":"下仲順子・中里国治・河合千恵子・佐藤眞一・石原治・権藤恭之. 1995.「中高年期におけるライフイベントとその影響に関する心理学的研究」『老年社会科学』17(1): 40-56."}]}}