{"status":"OK","apiType":"doi","apiVersion":"1.0.0","message":{"total":1,"rows":1,"totalPages":1,"page":1},"data":{"siteId":"SI/JST.JSTAGE","content_type":"JA","doi":"10.11218/ojjams.3.1","url":"https://doi.org/10.11218/ojjams.3.1","ra":"JaLC","prefix":"10.11218","site_name":"J-STAGE","publisher_list":[{"publisher_name":"Japanese Association For Mathematical Sociology","lang":"en"},{"publisher_name":"数理社会学会","lang":"ja"}],"title_list":[{"lang":"ja","title":"自己言及性と有限回帰的構成：柄谷のゲーデル不完全性定理把握","subtitle":"─近代社会における形式化の探求のために─"},{"lang":"en","title":"Self-referance and Finite Recursive Construction: Karatani on G&ouml;del's Proof :","subtitle":"For a Study of Formalizations in Modern Society"}],"creator_list":[{"sequence":"1","type":"person","names":[{"lang":"ja","last_name":"国崎","first_name":"敬一"},{"lang":"en","last_name":"KUNISAKI","first_name":"Keiichi"}],"affiliation_list":[{"affiliation_name":"Matsuyama University","sequence":"1","lang":"en"},{"affiliation_name":"松山商科大学","sequence":"1","lang":"ja"}]}],"publication_date":{"publication_year":"1988"},"relation_list":[{"content":"https://www.jstage.jst.go.jp/article/ojjams/3/1/3_1_1/_pdf","type":"URL","relation":"fullTextPdf"}],"content_language":"ja","updated_date":"2017-03-23","article_type":"pub","journal_id_list":[{"journal_id":"0913-1442","type":"ISSN","issn_type":"print"},{"journal_id":"1881-6495","type":"ISSN","issn_type":"online"},{"journal_id":"ojjams","type":"JID"}],"journal_title_name_list":[{"journal_title_name":"Sociological Theory and Methods","type":"full","lang":"en"},{"journal_title_name":"Sociological Theory and Methods","type":"abbreviation","lang":"en"},{"journal_title_name":"理論と方法","type":"full","lang":"ja"},{"journal_title_name":"理論と方法","type":"abbreviation","lang":"ja"}],"journal_classification":"01","recorded_year":"1986-2013","volume":"3","issue":"1","first_page":"1","last_page":"25","date":"2009-03-06","keyword_list":[{"keyword":"G&ouml;del","sequence":"1","lang":"en"},{"keyword":"incompleteness theorem","sequence":"2","lang":"en"},{"keyword":"formalism","sequence":"3","lang":"en"},{"keyword":"formalization","sequence":"4","lang":"en"}],"citation_list":[{"sequence":"1","original_text":"福山　克, 1980,『数理論理学』, 培風館."},{"sequence":"2","original_text":"G&ouml;del, Kurt, 1931. &ldquo;&Uuml;ber formal unentscheidbare S&auml;tze der Principia Mathematica und verwandter Systeme I.&rdquo; <I>Monatshefte f&uuml;r Mathematik und Physik</I>. 38: 17-198."},{"sequence":"3","original_text":"Hilbert. D.,(1930), <I>Grundlagen der Geometrie</I> (7. Aufl.) 中村幸四郎訳『幾何学基礎論』弘文堂書房"},{"sequence":"4","original_text":"Hofstadter. Douglas R., 1979. <I>G&ouml;del, Escher, Bach: An Eternal Golden Braid</I>, Basic Books."},{"sequence":"5","original_text":"柄谷行人, 1983,『隠喩としての建築』, 講談社."},{"sequence":"6","original_text":"国崎敬一, 1986,「柄谷行人のゲーデル不完全性定理把握─ゲーデルの証明と近代社会における形式化のプロブレマティーク」, 『松山商科大学論集』, 37-5: 49-78."},{"sequence":"7","original_text":"国崎敬一, 1987,「ゲーデル不完全性定理の存立諸契機に関する柄谷行人の見解─形式化の社会学のために」, 『松山商科大学論集』, 37-6: 113-131."},{"sequence":"8","original_text":"前原昭二, 1977,『数学基礎論入門』, 朝倉書店."},{"sequence":"9","original_text":"Spencer-Brown, G., 1969. <I>Laws of Form</I>, George Allen and Unwin."},{"sequence":"10","original_text":"末木剛博, 坂井秀寿, 大出晁, 1978,『現代論理学』, 弘文堂."},{"sequence":"11","original_text":"Wilden, Anthony. 1972. <I>System and Structure</I>, Tavistock Publication."}]}}