{"status":"OK","apiType":"doi","apiVersion":"1.0.0","message":{"total":1,"rows":1,"totalPages":1,"page":1},"data":{"siteId":"SI/JST.JSTAGE","content_type":"JA","doi":"10.11218/ojjams.15.61","url":"https://doi.org/10.11218/ojjams.15.61","ra":"JaLC","prefix":"10.11218","site_name":"J-STAGE","publisher_list":[{"publisher_name":"Japanese Association For Mathematical Sociology","lang":"en"},{"publisher_name":"数理社会学会","lang":"ja"}],"title_list":[{"lang":"ja","title":"一つの社会科学の考え方","subtitle":"―経験的データをもちいた概念分析としての相互行為分析―"},{"lang":"en","title":"The Idea of a Social Science:","subtitle":"Interaction Analysis as Conceptual Analysis with Empirical Data"}],"creator_list":[{"sequence":"1","type":"person","names":[{"lang":"ja","last_name":"西阪","first_name":"仰"},{"lang":"en","last_name":"NISHIZAKA","first_name":"Aug"}],"affiliation_list":[{"affiliation_name":"Department of Sociology<BR>Meiji Gakuin University","sequence":"1","lang":"en"},{"affiliation_name":"明治学院大学","sequence":"1","lang":"ja"}]}],"publication_date":{"publication_year":"2003"},"relation_list":[{"content":"https://www.jstage.jst.go.jp/article/ojjams/15/1/15_61/_pdf","type":"URL","relation":"fullTextPdf"}],"content_language":"ja","updated_date":"2016-09-29","article_type":"pub","journal_id_list":[{"journal_id":"0913-1442","type":"ISSN","issn_type":"print"},{"journal_id":"1881-6495","type":"ISSN","issn_type":"online"},{"journal_id":"ojjams","type":"JID"}],"journal_title_name_list":[{"journal_title_name":"Sociological Theory and Methods","type":"full","lang":"en"},{"journal_title_name":"Sociological Theory and Methods","type":"abbreviation","lang":"en"},{"journal_title_name":"理論と方法","type":"full","lang":"ja"},{"journal_title_name":"理論と方法","type":"abbreviation","lang":"ja"}],"journal_classification":"01","recorded_year":"1986-2013","volume":"15","issue":"1","first_page":"61","last_page":"74","date":"2016-09-30","keyword_list":[{"keyword":"grammar","sequence":"1","lang":"en"},{"keyword":"文法","sequence":"1","lang":"ja"},{"keyword":"concepts","sequence":"2","lang":"en"},{"keyword":"概念","sequence":"2","lang":"ja"},{"keyword":"actionconceptual analysis","sequence":"3","lang":"en"},{"keyword":"概念分析","sequence":"3","lang":"ja"},{"keyword":"action","sequence":"4","lang":"en"},{"keyword":"行為","sequence":"4","lang":"ja"},{"keyword":"interaction analysis","sequence":"5","lang":"en"},{"keyword":"相互行為分析","sequence":"5","lang":"ja"}],"citation_list":[{"sequence":"1","original_text":"Austin, J. L. 1962/1975. <I>How to Do Things with Words</I>. Second Edition. Cambridge, MA: Harvard University Press."},{"sequence":"2","original_text":"Coulter J. 1983. &ldquo;Contingent and a priori Structures in Sequential Analysis&rdquo;. <I>Human Studies</I> 6:361-376."},{"sequence":"3","original_text":"Hacker, P. M. S. 1996. <I>Wittgenstein's Place in Twentieth-Century Analytic Philosophy</I>. Oxford: Basil Blackwell."},{"sequence":"4","original_text":"浜 日出夫. 1999.「シュッツ科学論とエスノメソドロジー」『文化と社会』1:132-53."},{"sequence":"5","original_text":"Luhmann, N. 1984. <I>Sociale Systeme: Grundri&beta; der allgemeinen Theorie</I>. Frankfurt am Main: Suhrkamp Verlag."},{"sequence":"6","original_text":"Lynch, M. and Bogen,D. 1994. &ldquo;Harvey Sacks's Primitive Natural Science&rdquo;. <I>Theory, Culture &amp; Society</I> 11:65-104."},{"sequence":"7","original_text":"MacIntyre, A. 1962. &ldquo;A Mistake about Causality in Social Science&rdquo;. In P. Laslett and Runciman,W.G. (eds.) <I>Philosophy, Politics and Society</I>, Vol.2, pp.48-70. Oxford: Basil Blackwell."},{"sequence":"8","original_text":"西原和久. 1998.『意味の社会学 - 現象学的社会学の冒険』弘文堂."},{"sequence":"9","original_text":"Ryle, G. 1949. <I>The Concept of Mind</I>. Middlesex: Peregrine Books."},{"sequence":"10","original_text":"Sacks, H. 1972. &ldquo;An Initial Investigation of the Usability of Conversational Data for Doing Sociology&rdquo;. In D. Sudnow (ed.), 1972. <I>Studies in Social Interaction</I>, pp.31-74. New York: Free Press. =1989. 北澤裕・西阪仰（訳）「会話データの利用法: 会話分析事始め」北澤裕・西阪仰（編訳）『日常性の解剖学』マルジュ社. 93-174.）"},{"sequence":"11","original_text":"Sacks, H. 1992. <I>Lectures on Conversation</I>. 2 vols. Oxford: Basil Blackwell."},{"sequence":"12","original_text":"Sacks, H. Schegloff,E.A. and Jefferson,G. 1978. &ldquo;A Simplest Systematics for the Organization of Turn-Taking in Conversation&rdquo;. In Schenkein,J.N. (ed.) 1978. <I>Studies in the Organization of Conversational Interaction</I>. pp.7-55. New York: Academic Press."},{"sequence":"13","original_text":"Schegloff, E. A. 1991. &ldquo;Reflections on Talk and Social Structure&rdquo;. In D. Boden and Zimmerman,D.H. (eds.) 1991. <I>Talk and Social Structure: Studies in Ethnomethodology and Conversation Analysis</I>. pp.44-71. Cambridge: Polity Press."},{"sequence":"14","original_text":"Schutz, A. 1932/1974. <I>Der sinnhafte Aufbau der sozialen Welt: Eine Einleitung in die verstehende Soziologie</I>. Frankfurt am Main: Suhrkamp Verlag."},{"sequence":"15","original_text":"Schutz, A. 1973. <I>Collected Papers I: The Problem of Social Reality</I>. The Hague: Martinus Nijhoff."},{"sequence":"16","original_text":"Searle, J. 1969. <I>Speech Acts</I>. Cambridge: Cambridge University Press."},{"sequence":"17","original_text":"Searle, J. 1975. &ldquo;Indirect Speech Acts&rdquo;. In P. Cole and J. Morgan. (eds.) <I>Syntax and Semantics</I>, Vol.3, <I>Speech Acts</I>. pp.59-82. New York: Academic Press."},{"sequence":"18","original_text":"Williams, M. 1999. <I>Wittgenstein, Mind and Meaning: Toward a Social Conception of Mind</I>. London: Routledge."},{"sequence":"19","original_text":"Winch, P. 1958/1990. <I>The Idea of a Social Science and its Relation to Philosophy</I>, Second Edition. Atlantic Highlands, N.J.: Humanities Press."},{"sequence":"20","original_text":"Wittgenstein, L. 1958. <I>Philosophische Untersuchungen</I>. Werkausgabe Bd. 1. Frankfurt am Main: Suhrkamp Verlag, 1980."}]}}