{"status":"OK","apiType":"doi","apiVersion":"1.0.0","message":{"total":1,"rows":1,"totalPages":1,"page":1},"data":{"siteId":"SI/JST.JSTAGE","content_type":"JA","doi":"10.11218/ojjams.18.237","url":"https://doi.org/10.11218/ojjams.18.237","ra":"JaLC","prefix":"10.11218","site_name":"J-STAGE","publisher_list":[{"publisher_name":"Japanese Association For Mathematical Sociology","lang":"en"},{"publisher_name":"数理社会学会","lang":"ja"}],"title_list":[{"lang":"en","title":"Tips on Greeting and Processing Data"},{"title":"データの作成・公開と実査時の注意点"}],"creator_list":[{"sequence":"1","type":"person","names":[{"lang":"en","last_name":"NAKANO","first_name":"Yasuto"},{"lang":"ja","last_name":"中野","first_name":"康人"}],"affiliation_list":[{"affiliation_name":"Kwansei Gakuin University","sequence":"1","lang":"en"},{"affiliation_name":"関西学院大学","sequence":"1","lang":"ja"}]},{"sequence":"2","type":"person","names":[{"lang":"en","last_name":"KOMATSU","first_name":"Hiroshi"},{"lang":"ja","last_name":"小松","first_name":"洋"}],"affiliation_list":[{"affiliation_name":"Matsuyama University","sequence":"1","lang":"en"},{"affiliation_name":"松山大学","sequence":"1","lang":"ja"}]}],"publication_date":{"publication_year":"2003"},"relation_list":[{"content":"http://www.jstage.jst.go.jp/article/ojjams/18/2/18_2_237/_pdf","type":"URL","relation":"fullTextPdf"}],"updated_date":"2014-12-09","article_type":"pub","journal_id_list":[{"journal_id":"0913-1442","type":"ISSN","issn_type":"print"},{"journal_id":"1881-6495","type":"ISSN","issn_type":"online"},{"journal_id":"ojjams","type":"JID"}],"journal_title_name_list":[{"journal_title_name":"Sociological Theory and Methods","type":"full","lang":"en"},{"journal_title_name":"Sociological Theory and Methods","type":"abbreviation","lang":"en"},{"journal_title_name":"理論と方法","type":"full","lang":"ja"},{"journal_title_name":"理論と方法","type":"abbreviation","lang":"ja"}],"journal_classification":"01","recorded_year":"1986-2013","volume":"18","issue":"2","first_page":"237","last_page":"251","date":"2009-01-20","citation_list":[{"sequence":"1","doi":"10.11218/ojjams.17.227","title_list":[{"lang":"en","title":"What We Should Know about Sampling Frames"}],"volume":"17","issue":"2","first_page":"227","last_page":"236","publication_date":{"publication_year":"2002"},"creator_list":[{"sequence":"1","type":"person","names":[{"lang":"en","last_name":"KOMATSU","first_name":"Hiroshi"},{"lang":"ja","last_name":"小松","first_name":"洋"}]}],"original_text":"小松洋. 2002. 「入門セミナー実践講座社会調査（1）サンプリング台帳の活用法と注意点」『理論と方法』17(2):227-236."}]}}