{"status":"OK","apiType":"doi","apiVersion":"1.0.0","message":{"total":1,"rows":1,"totalPages":1,"page":1},"data":{"siteId":"SI/JST.JSTAGE","content_type":"JA","doi":"10.11218/ojjams.16.3","url":"https://doi.org/10.11218/ojjams.16.3","ra":"JaLC","prefix":"10.11218","site_name":"J-STAGE","publisher_list":[{"publisher_name":"Japanese Association For Mathematical Sociology","lang":"en"},{"publisher_name":"数理社会学会","lang":"ja"}],"title_list":[{"lang":"ja","title":"「実証主義」の興亡","subtitle":"―科学哲学の視点から―"},{"lang":"en","title":"The Rise and Fall of &ldquo;Positivism&rdquo; :","subtitle":"From a Viewpoint of the Philosophy of Science"}],"creator_list":[{"sequence":"1","type":"person","names":[{"lang":"ja","last_name":"野家","first_name":"啓一"},{"lang":"en","last_name":"NOE","first_name":"Keiichi"}],"affiliation_list":[{"affiliation_name":"Tohoku University","sequence":"1","lang":"en"},{"affiliation_name":"東北大学","sequence":"1","lang":"ja"}]}],"publication_date":{"publication_year":"2001"},"relation_list":[{"content":"https://www.jstage.jst.go.jp/article/ojjams/16/1/16_3/_pdf","type":"URL","relation":"fullTextPdf"}],"content_language":"ja","updated_date":"2016-09-29","article_type":"pub","journal_id_list":[{"journal_id":"0913-1442","type":"ISSN","issn_type":"print"},{"journal_id":"1881-6495","type":"ISSN","issn_type":"online"},{"journal_id":"ojjams","type":"JID"}],"journal_title_name_list":[{"journal_title_name":"Sociological Theory and Methods","type":"full","lang":"en"},{"journal_title_name":"Sociological Theory and Methods","type":"abbreviation","lang":"en"},{"journal_title_name":"理論と方法","type":"full","lang":"ja"},{"journal_title_name":"理論と方法","type":"abbreviation","lang":"ja"}],"journal_classification":"01","recorded_year":"1986-2013","volume":"16","issue":"1","first_page":"3","last_page":"17","date":"2016-09-30","keyword_list":[{"keyword":"仮説演繹法","sequence":"2","lang":"ja"},{"keyword":"positivism","sequence":"1","lang":"en"},{"keyword":"実証主義","sequence":"1","lang":"ja"},{"keyword":"hypothetico-deductive method","sequence":"2","lang":"en"},{"keyword":"the theory-ladenness of observations","sequence":"3","lang":"en"},{"keyword":"観察の理論負荷性","sequence":"3","lang":"ja"},{"keyword":"the impossibility of crucial experiments","sequence":"4","lang":"en"},{"keyword":"決定実験の不可能性","sequence":"4","lang":"ja"},{"keyword":"holism","sequence":"5","lang":"en"},{"keyword":"ホーリズム","sequence":"5","lang":"ja"}],"citation_list":[{"sequence":"1","original_text":"Bechtel, William. 1988. <I>Philosophy of Science: An Overview for Cognitive Science</I>. Hillsdale, N.J.: L. Erlbaum."},{"sequence":"2","original_text":"Hacking, Ian. ed. 1981. <I>Scientific Revolutions</I>, Oxford; New York: Oxford University Press."},{"sequence":"3","original_text":"Hanson, Norwood. [1958] 1969. <I>Patterns of Discovery: An Inquiry into the Conceptual foundations of Science</I>. Cambridge: Cambridge University Press. =, 1986. 村上陽一郎（訳）『科学的発見のパターン』講談社."},{"sequence":"4","original_text":"Hempel, Carl. 1965. <I>Aspects of Scientific Explanation</I>. New York: Free Press."},{"sequence":"5","original_text":"Herschel, John. [1830] 1987. <I>A Preliminary Discourse on the Study of Natural Philosophy</I>, Chicago: University of Chicago Press."},{"sequence":"6","original_text":"Hughes, Stuart. 1977. <I>Consciousness and Society: The Reorientation of European Social Thought, 1890-1930</I>. Revised ed. New York: Vintage. =1970. 生松敬三・荒川幾男（訳）『意識と社会―ヨーロッパ社会思想1890-1930』みすず書房."},{"sequence":"7","original_text":"Hume, David. [1888] 1968. <I>A Treatise of Human Nature</I>. Oxford: Clarendon Press."},{"sequence":"8","original_text":"Lakatos, Imre. 1978. <I>The methodology of scientific research programmes</I>, Cambridge: Cambridge University Press."},{"sequence":"9","original_text":"Laplace, Pierre-Simon. [1825] 1968. <I>Essai philosophique sur les probabilit&eacute;s</I>, 5th. ed. Paris: Christian Bourgois Editeur. =1997. 内井惣七（訳）『確率の哲学的試論』岩波書店."},{"sequence":"10","original_text":"Lewes, George H. [1853] 1996. <I>Comte's Philosophy of the Sciences</I>. London:Routledge/Themmes Press."},{"sequence":"11","original_text":"Machlup, Fritz. 1994. &ldquo;Are the Social Science Really Inferior?&rdquo; Pp. 5-19.in <I>Readings in the Philosophy of Social Science</I>, edited by Michael Martin and Lee C. McIntyre. Cambridge, Mass.: MIT Press."},{"sequence":"12","original_text":"馬渡尚憲. 1990.『経済学のメソドロジー』日本評論社."},{"sequence":"13","original_text":"Neurath, Otto. 1959. &ldquo;Sociology and Physicalism.&rdquo; Pp. 282-317. in <I>Logical Positivism</I>, edited by A. J. Ayer. New York: Free Press."},{"sequence":"14","original_text":"Neurath, Otto. 1979. <I>Wissenschaftliche Weltauffassung, Sozialismus und Logischer Empirismus</I>, Frankfurt am Main: Suhrkamp."},{"sequence":"15","original_text":"Newton, Issac. [1687] 1966. <I>Sir Issac Newton's Mathematical Principles of Natural Philosophy and his System of the World</I>, translated by A. Motte and revised by F. Cajori. 2 vols. Berkeley; Los Angeles: University of California Press. =1977. 中野猿人（訳）『プリンシピア』講談社."},{"sequence":"16","original_text":"Nidditch, Peter H., ed. 1968. <I>The Philosophy of Science</I>. Oxford: Oxford University Press."},{"sequence":"17","original_text":"野家啓一. 2000.「現代科学論とサイエンス・ウォーズ」『アソシエ』3: 297-310."},{"sequence":"18","original_text":"Pascal, Blaise. 1985 &ldquo;Pr&eacute;face au Traite du vide.&rdquo; Pp. 55-64. in <I>De l'esprit g&eacute;om&eacute;trique</I>, Paris: Flammarion. =1966. 前田陽一・由木康（訳）「新空論序言」『世界の名著第24巻パスカル』所収、中央公論社."},{"sequence":"19","original_text":"Popper, Karl. 1970. &ldquo;Normal Science and its Dangers.&rdquo; Pp. 51-58. in <I>Criticism and the Growth of Knowledge</I>, edited by Imre Lakatos and Alan Musgrave. Cambridge: Cambridge University Press. =1985. 森博（監訳）『批判と知識の成長』木鐸社."},{"sequence":"20","original_text":"Popper, Karl. 1972. <I>Objective Knowledge: An Evolutionary Approach</I>. Oxford:Clarendon Press. =1974. 森博（訳）『客観的知識』木鐸社."},{"sequence":"21","original_text":"Quine, Willard V. O. [1953] 1963. <I>From a Logical Point of View</I>. New York: Harper &amp; Row. =1992. 飯田隆（訳）『論理的観点から』勁草書房."},{"sequence":"22","original_text":"The Committee of Science, Engineering and Public Policy of the National Academy of Sciences of the United States (National Academy of SciencesU.S.), ed. 1995. <I>On Being a Scientist</I>. Washington D. C.: National Academy Press. =1996. 池内了（訳）『科学者をめざす君たちへ―科学者の責任ある行動とは』化学同人."},{"sequence":"23","original_text":"富永健一. 1984.『現代の社会科学者（人類の知的遺産第79巻）』講談社."},{"sequence":"24","original_text":"Whewell, William. [1840] 1996. <I>The philosophy of the Inductive Sciences</I> vol.1. London: Routledge/Thoemmes Press."}]}}