{"status":"OK","apiType":"doi","apiVersion":"1.0.0","message":{"total":1,"rows":1,"totalPages":1,"page":1},"data":{"siteId":"SI/JST.JSTAGE","content_type":"JA","doi":"10.11218/ojjams.26.271","url":"https://doi.org/10.11218/ojjams.26.271","ra":"JaLC","prefix":"10.11218","site_name":"J-STAGE","publisher_list":[{"publisher_name":"Japanese Association For Mathematical Sociology","lang":"en"},{"publisher_name":"数理社会学会","lang":"ja"}],"title_list":[{"lang":"en","title":"Mathematical Sociology as an Inquiry of Structural Essence"},{"lang":"ja","title":"構造的エッセンスの学としての数理社会学"}],"creator_list":[{"sequence":"1","type":"person","names":[{"lang":"en","last_name":"SEIYAMA","first_name":"Kazuo"},{"lang":"ja","last_name":"盛山","first_name":"和夫"}],"affiliation_list":[{"affiliation_name":"University of Tokyo","sequence":"1","lang":"en"},{"affiliation_name":"東京大学","sequence":"1","lang":"ja"}]}],"publication_date":{"publication_year":"2011"},"relation_list":[{"content":"https://www.jstage.jst.go.jp/article/ojjams/26/2/26_271/_pdf","type":"URL","relation":"fullTextPdf"}],"content_language":"ja","updated_date":"2014-12-09","article_type":"pub","journal_id_list":[{"journal_id":"0913-1442","type":"ISSN","issn_type":"print"},{"journal_id":"1881-6495","type":"ISSN","issn_type":"online"},{"journal_id":"ojjams","type":"JID"}],"journal_title_name_list":[{"journal_title_name":"Sociological Theory and Methods","type":"full","lang":"en"},{"journal_title_name":"Sociological Theory and Methods","type":"abbreviation","lang":"en"},{"journal_title_name":"理論と方法","type":"full","lang":"ja"},{"journal_title_name":"理論と方法","type":"abbreviation","lang":"ja"}],"journal_classification":"01","recorded_year":"1986-2013","volume":"26","issue":"2","first_page":"271","last_page":"286","date":"2012-09-01","keyword_list":[{"keyword":"数理モデル","sequence":"1","lang":"ja"},{"keyword":"mathematical model","sequence":"1","lang":"en"},{"keyword":"フォーマライゼーション","sequence":"2","lang":"ja"},{"keyword":"formalization","sequence":"2","lang":"en"},{"keyword":"経験的一般化","sequence":"3","lang":"ja"},{"keyword":"empirical generalization","sequence":"3","lang":"en"},{"keyword":"意味世界","sequence":"4","lang":"ja"},{"keyword":"meaning-world","sequence":"4","lang":"en"}],"citation_list":[{"sequence":"1","first_page":"16","publication_date":{"publication_year":"1971"},"original_text":"Abell, Peter. 1971. <I>Model Building in Sociology.</I> Schocken Books."},{"sequence":"2","original_text":"Arrow, Kenneth J. 1951=1963. <I>Social Choice and Individual Values:</I> second ed. Yale University Press.（長名寛明（訳）1977．『社会的選択と個人的評価』日本経済新聞社．）"},{"sequence":"3","original_text":"Arrow, Kenneth J. and F. H. Hahn. 1971. <I>General Competitive Analysis.</I> Holden-Day."},{"sequence":"4","original_text":"Axelrod, Robert. 1984. <I>The Evolution of Cooperation.</I> Basic Books."},{"sequence":"5","original_text":"Bachrach, Peter. and Morton S. Baratz. 1962. &ldquo;Two Faces of Power,&rsquo; <I>American Political Science Review,</I> 56:947-52."},{"sequence":"6","original_text":"Bachrach, Peter. and Morton S. Baratz. 1963. &ldquo;Decisions and Nondecisions: An Analytical Framework,&rsquo; <I>American Political Science Review,</I> 57: 632-42."},{"sequence":"7","original_text":"Becker, Howard, S. 1963. <I>Outsiders.</I> New York: Free Press.（村上直之（訳）1978．『アウトサイダーズ』新泉社．）"},{"sequence":"8","original_text":"Berger, J., M. Zeldtitch, Jr. and B. Anderson. eds. 1966. <I>Sociological Theories in Progress,</I> Vol. 1. Houghton Mifflin."},{"sequence":"9","original_text":"Blau, Peter M. 1964. <I>Exchange and Power in Social Life.</I> John Wiley.（間場寿一・居安正・塩原勉（訳）1974．『交換と権力―社会過程の弁証法社会学』新曜社．）"},{"sequence":"10","original_text":"Blau, Peter M. and Richard A. Schoenher. 1971. <I>The Structure of Organization.</I> Basic Books."},{"sequence":"11","original_text":"Boorman, Scott A. 1975. &ldquo;A Combinatorial Optimization Model for Transmission of Job Information through Contact Networks.&rsquo; <I>Bell Journal of Economics,</I> 6: 216-249."},{"sequence":"12","original_text":"Boorman, Scott A. and Harrison C. White. 1976. &ldquo;Social Structure and Multiple Networks II: Role Structure,&rsquo; <I>American Journal of Sociology,</I> 81(6): 1384-1446."},{"sequence":"13","original_text":"Boudon, Raymond. 1973. <I>Education, Opportunity, and Social Inequality.</I> Wiley."},{"sequence":"14","original_text":"Boudon, Raymond. 1982. <I>The Unintended Consequences of Social Action.</I> The Macmillan Press."},{"sequence":"15","doi":"10.1177/104346397009003002","volume":"9","first_page":"275","publication_date":{"publication_year":"1997"},"original_text":"Breen, Richard. and John H. Goldthorpe. 1997. &ldquo;Explaining Educational Differentials: Towards a Formal Rational Action Theory.&rsquo; <I>Rationality and Society,</I> 9(3):275-305 ."},{"sequence":"16","first_page":"272","publication_date":{"publication_year":"1964"},"original_text":"Coleman, James S. 1964. <I>Introduction to Mathematical Sociology.</I> Free Press."},{"sequence":"17","original_text":"Coleman, James S. 1990. <I>Foundations of Social Theory.</I> Cambridge: The Belknap Press of Harvard University Press.（久慈利武（監訳）2004，2006．『社会理論の基礎　上・下』青木書店．）"},{"sequence":"18","original_text":"Ekeh, Peter P. 1974. <I>Social Exchange Theory: The Two Traditions.</I> Harvard University Press.（小川浩一（訳）1980．『社会的交換理論』新泉社．）"},{"sequence":"19","volume":"9","issue":"in Japanese","first_page":"41","publication_date":{"publication_year":"1980"},"original_text":"Fararo, Thomas J. 1973. <I>Mathematical Sociology: An Introduction to Fundamentals.</I> Wiley.（西田春彦・安田三郎（監訳）1980．『数理社会学』紀伊國屋書店．）"},{"sequence":"20","volume":"13","first_page":"173","last_page":"179","publication_date":{"publication_year":"1996"},"original_text":"Fararo, Thomas J. 1989. <I>The Meaning of General Theoretical Sociology: Tradition and Formalization.</I> Cambridge University Press.（高坂健次（訳）1996．『一般理論社会学の意味―伝統とフォーマライゼーション』ハーベスト社．）"},{"sequence":"21","original_text":"Fararo, Thomas J. and Kenji Kosaka. 1992. &ldquo;Generating Images of the Shape of a Class System.&rsquo; <I>Journal of Mathematical Sociology,</I> 17(2-3): 195-218."},{"sequence":"22","original_text":"Freeman, Linton C. 2004. <I>The Development of Social Network Analysis: A Study in the Sociology of Science.</I> Empirical Press.（辻竜平（訳）2007．『社会ネットワーク分析の発展』NTT出版．）"},{"sequence":"23","original_text":"Goffman, E. 1969. <I>The Presentation of Self in Everyday Life.</I> Doubleday Anchor.（石黒毅（訳）1974．『行為と演技』誠信書房．）"},{"sequence":"24","doi":"10.1086/225469","volume":"78","first_page":"1360","publication_date":{"publication_year":"1973"},"original_text":"Granovetter, Mark S. 1973. &ldquo;The Strength of Weak Tie.&rsquo; <I>American Journal of Sociology,</I> 78: 1360-1380."},{"sequence":"25","original_text":"Granovetter, Mark S. 1974. <I>Getting A Job: A Study of Contacts and Careers.</I> Harvard University Press.（渡辺深（訳）1998.『転職―ネットワークとキャリアの研究』ミネルヴァ書房．）"},{"sequence":"26","original_text":"浜田宏．2007．『格差のメカニズム―数理社会学的アプローチ』勁草書房．"},{"sequence":"27","original_text":"Harary, F., R. Z. Norman. and D. Cartwright. 1965. <I>Structural Models: An Introduction to the Theory of Directed Graphs.</I> Wiley."},{"sequence":"28","original_text":"Heath, Anthony. 1976. <I>Rational Choice and Social Exchange: A Critique of Exchange Theory.</I> Cambridge University Press."},{"sequence":"29","original_text":"Homans, G. C. 1950. <I>The Human Group.</I> Harcourt.（馬場明夫・早川浩一（訳）1959．『Human group』誠信書房．）"},{"sequence":"30","original_text":"Homans, G. C. 1961. <I>Social Behavior: Its Elementary Forms.</I> Routledge &amp; Kegan Paul.(Revised ed. 1974,New York: Harcourt Brace Javanovich.)（橋本茂（訳）1978．『社会行動―その基本形態』誠信書房．）"},{"sequence":"31","original_text":"今田高俊．2005．「数理社会学への招待」数土直紀・今田高俊（編著）『数理社会学入門（数理社会学シリーズ1）』勁草書房：3-26．"},{"sequence":"32","doi":"10.1080/0022250X.1986.9990003","title_list":[{"lang":"en","title":"A Model of Relative Deprivation"}],"volume":"12","first_page":"35","last_page":"48","publication_date":{"publication_year":"1986"},"original_text":"Kosaka, Kenji. 1986. &ldquo;A Model of Relative Deprivation.&rsquo; <I>Journal of Mathematical Sociology,</I> 12: 35-48."},{"sequence":"33","original_text":"高坂健次．1991．「階層構造の分布イメージに関する原始モデル」『関西学院大学社会学部紀要』63：319-336．"},{"sequence":"34","first_page":"8","publication_date":{"publication_year":"1991"},"original_text":"Kosaka, Kenji. and Thomasu J. Fararo. 1991. &ldquo;Self-Location in a Class System: A Formal Theoretical Analysis.&rsquo; Pp. 29-66 in E. J. Lawler, B. Markovsky, C. Ridgeway, and H. A. Walker eds. <I>Advances in Group Processes,</I> Vol. 8, JAI Press."},{"sequence":"35","original_text":"小室直樹．1974．「構造―機能分析の論理と方法」青井和夫（編）『社会学講座1　理論社会学』東京大学出版会：15-80．"},{"sequence":"36","original_text":"L&eacute;vi-Strauss, Claude. 1949=1967. <I>Les Structures &eacute;l&eacute;mentaires de la parent&eacute;,</I> Deuxi&eacute;me &eacute;d., Mouton &amp; Co.（馬渕東一・田島節夫（監訳）1977．『親族の基本構造』番町書房．）"},{"sequence":"37","original_text":"Merton, Robert K. 1957. <I>Social Theory and Social Structure,</I> revised ed. Free Press.（森東吾ほか（訳）1961．『社会理論と社会構造』みすず書房．）"},{"sequence":"38","original_text":"Olson, Mancur. 1965. <I>The Logic of Collective Action: Public Goods and the Theory of Groups.</I> Harvard University Press.（依田博・森脇俊雅（訳）1983．『集合行為論―公共財と集団理論』ミネルヴァ書房．）"},{"sequence":"39","original_text":"Parsons, Talcott. 1969. <I>Politics and Social Structure.</I> Free Press.（新明正道（監訳）1973．『政治と社会構造　上・下』誠信書房．）"},{"sequence":"40","original_text":"Putnam, Robert D. 1994. <I>Making Democracy Work: Civic Traditions in Modern Italy.</I> Princeton University Press.（河田潤一（訳）2001．『哲学する民主主義―伝統と改革の市民的構造』NTT出版．）"},{"sequence":"41","original_text":"Rawls, John. 1971. <I>A Theory of Justice.</I> Harvard University Press.（川本隆史他（訳）2010．『正義論』紀伊國屋書店．）"},{"sequence":"42","original_text":"Rawls, John. 1993. <I>Political Liberalism.</I> Harvard University Press."},{"sequence":"43","original_text":"Schelling, Thomas C. 1971. &ldquo;Dynamic Models of Segregation.&rsquo; <I>Journal of Mathematical Sociology,</I> 1: 143-86.(Reprinted in Pp. 135-66, <I>Micromotives and Macrobehavior</I> 1978, Norton.)"},{"sequence":"44","original_text":"Seiyama, Kazuo. 1977. &ldquo;The Weak Tie Predominance in Obtaining a Job.&rsquo; <I>Mimeo.</I>"},{"sequence":"45","original_text":"Seiyama, Kazuo. 1989. &ldquo;A Continuous Model for the Theory of Organizational Structure.&rsquo; <I>Journal of Mathematical Sociology,</I> 14(4): 223-235."},{"sequence":"46","original_text":"盛山和夫．1997．「ネットワーク権力実験における交渉力」井上寛（編）『社会ネットワークの新たな理論に向けて』（科学研究費報告書）：79-98."},{"sequence":"47","doi":"10.11218/ojjams.21.199","title_list":[{"lang":"en","title":"From Empiricism to Normative Science"}],"volume":"21","issue":"2","first_page":"199","last_page":"214","publication_date":{"publication_year":"2006"},"creator_list":[{"sequence":"1","type":"person","names":[{"lang":"en","last_name":"Seiyama","first_name":"Kazuo"},{"lang":"ja","last_name":"盛山","first_name":"和夫"}]}],"original_text":"盛山和夫．2006．「経験主義から規範科学へ―数理社会学はなんの役に立つのか」『理論と方法』21(2)：199-214．"},{"sequence":"48","original_text":"盛山和夫・海野道郎（編）．1991．『秩序問題と社会的ジレンマ』ハーベスト社．"},{"sequence":"49","original_text":"Stouffer, Samuel A., Edward A. Suchman., Leland C. DeVinney., Shirley A. Star., and Robin M. Williams, Jr.1949. <I>The American Soldier: Adjustment during Army Life.</I> Princeton University Press."},{"sequence":"50","original_text":"Taylor, Michael. 1987. <I>The Possibility of Cooperation.</I> Cambridge University Press."},{"sequence":"51","original_text":"White, Harrison C. 1963. <I>An Anatomy of Kinship: mathematical models for structures of cumulated roles.</I> Prentice-Hall."},{"sequence":"52","doi":"10.1086/226141","title_list":[{"lang":"en","title":"Social Structure for Multiple Networks"}],"volume":"81","first_page":"730","last_page":"781","publication_date":{"publication_year":"1976"},"original_text":"White, Harrison C., Scott A. Boorman. and Ronald L. Breiger. 1976. &ldquo;Social Structure from Multiple Networks I: Blockmodels of Roles and Positions.&rsquo; <I>American Journal of Sociology,</I> 81(4):730-780."},{"sequence":"53","original_text":"安田三郎（編）．1973．『社会学講座17　数理社会学』東京大学出版会．"}]}}