{"status":"OK","apiType":"doi","apiVersion":"1.0.0","message":{"total":1,"rows":1,"totalPages":1,"page":1},"data":{"siteId":"SI/JST.JSTAGE","content_type":"JA","doi":"10.11218/ojjams.18.53","url":"https://doi.org/10.11218/ojjams.18.53","ra":"JaLC","prefix":"10.11218","site_name":"J-STAGE","publisher_list":[{"publisher_name":"Japanese Association For Mathematical Sociology","lang":"en"},{"publisher_name":"数理社会学会","lang":"ja"}],"title_list":[{"lang":"ja","title":"ネットワーク認知の「正確さ」とは何か","subtitle":"―政治家ネットワークにおけるCSとLASの分析的有効性の比較研究―"},{"lang":"en","title":"What is the &ldquo;Accuracy&rdquo; of Social Network Cognition :","subtitle":"A Comparative Study of Analytic Effectiveness of Consensus Structure and Locally Aggregated Structure in Local Politician's Networks"}],"creator_list":[{"sequence":"1","type":"person","names":[{"lang":"ja","last_name":"大西","first_name":"康雄"},{"lang":"en","last_name":"OHNISHI","first_name":"Yasuo"}],"affiliation_list":[{"affiliation_name":"Yamanashi Women's Junior College","sequence":"1","lang":"en"},{"affiliation_name":"山梨県立女子短期大学","sequence":"1","lang":"ja"}]}],"publication_date":{"publication_year":"2003"},"relation_list":[{"content":"https://www.jstage.jst.go.jp/article/ojjams/18/1/18_1_53/_pdf","type":"URL","relation":"fullTextPdf"}],"content_language":"ja","updated_date":"2017-03-23","article_type":"pub","journal_id_list":[{"journal_id":"0913-1442","type":"ISSN","issn_type":"print"},{"journal_id":"1881-6495","type":"ISSN","issn_type":"online"},{"journal_id":"ojjams","type":"JID"}],"journal_title_name_list":[{"journal_title_name":"Sociological Theory and Methods","type":"full","lang":"en"},{"journal_title_name":"Sociological Theory and Methods","type":"abbreviation","lang":"en"},{"journal_title_name":"理論と方法","type":"full","lang":"ja"},{"journal_title_name":"理論と方法","type":"abbreviation","lang":"ja"}],"journal_classification":"01","recorded_year":"1986-2013","volume":"18","issue":"1","first_page":"53","last_page":"70","date":"2009-01-20","keyword_list":[{"keyword":"cognitive social structure","sequence":"1","lang":"en"},{"keyword":"認知社会ネットワーク","sequence":"1","lang":"ja"},{"keyword":"social network analysis","sequence":"2","lang":"en"},{"keyword":"社会ネットワーク分析","sequence":"2","lang":"ja"},{"keyword":"social cognition","sequence":"3","lang":"en"},{"keyword":"社会認知","sequence":"3","lang":"ja"},{"keyword":"inter-subjectivity","sequence":"4","lang":"en"},{"keyword":"共同主観性","sequence":"4","lang":"ja"},{"keyword":"community power structure","sequence":"5","lang":"en"},{"keyword":"地域権力構造研究","sequence":"5","lang":"ja"}],"citation_list":[{"sequence":"1","original_text":"Batchelder, E. 2002. &ldquo;Comparing three simultaneous measurements of socio-cognitive network.&rdquo; <I>Social Network</I> 24:261-77."},{"sequence":"2","original_text":"Banks, D., and K. Carley. 1994. &ldquo;Metric inference for social networks.&rdquo; <I>Journal of Classification</I> 11:121-49."},{"sequence":"3","original_text":"Bernard, H. R., and P. Killworth. 1977. &ldquo;Informant accuracy in social network data II.&rdquo; <I>Human Communications Research</I> 4:3-18."},{"sequence":"4","original_text":"Bernard, H. R., P. Killworth, and L. Sailer. 1979. &ldquo;Informant accuracy in social network data IV: A compalison of clique-level structure in behavioral and cognitive network data.&rdquo; <I>Social Networks</I> 2:191-218."},{"sequence":"5","original_text":"Bernard, H. R., P. Killworth, and L. Sailer. 1982. &ldquo;Informant accuracy in social network data V: An Experimental attempt to predict actual communication from recall data.&rdquo; <I>Social Science Research</I> 11:30-66."},{"sequence":"6","original_text":"Bernard, H. R., P. Killworth, and L. Sailer. 1984. &ldquo;The problem of informant accuracy: the validity of retrospective data.&rdquo; <I>Annual Review of Social Anthropology</I> 13:495-517."},{"sequence":"7","original_text":"Bonacich, P. 1987. &ldquo;Power and Centrality: A Family of Measures.&rdquo; <I>American Journal of Sociology</I> 92:1170-82."},{"sequence":"8","original_text":"Bondonio, D. 1998. &ldquo;Predictors of accuracy in perceiving informal social networks.&rdquo; <I>Social Networks</I> 20:301-30."},{"sequence":"9","original_text":"Boster, J. S., J. C. Johnson, and S. C. Weller. 1987. &ldquo;Social position and shared knowledge: Actor's perceptions of status, role, and social structure.&rdquo; <I>Social Networks</I> 9:375-87."},{"sequence":"10","original_text":"Burt, R. S. 1982. <I>Toward a Structural Theory of Action</I>. New York: Academic Press."},{"sequence":"11","original_text":"Casciaro, T. 1998. &ldquo;Seeing things clearly: social structure, personality, and accuracy in social network perception.&rdquo; <I>Social Networks</I> 20:331-51."},{"sequence":"12","original_text":"Durkheim, E. 1895. <I>Les regles de la methode sociologique</I>. =1978. 宮島喬（訳） 『社会学的方法の規準』 岩波書店."},{"sequence":"13","original_text":"Freeman, L., A. K. Romney, and S. C. Freeman. 1987. &ldquo;Cognitive structure and informant accuracy.&rdquo; <I>American Anthropologist</I> 89:310-25."},{"sequence":"14","original_text":"Freeman, L., and C. Webster. 1994. &ldquo;Interpersonal proximity in social and cognitive space.&rdquo; <I>Social Cognition</I> 12(3):223-47."},{"sequence":"15","original_text":"Kameda, T., Y. Ohtsubo, and M. Takezawa. 1997. &ldquo;Centrality in sociocognitive networks and social influence: an illustration in a group decision-making context.&rdquo; <I>Journal of Personality and Social Psychology</I> 73(2):296-309."},{"sequence":"16","original_text":"Kenny, D. A. 1994. <I>Interpersonal Perception: A Social Relations Analysis</I>. New York: Guilford Press."},{"sequence":"17","original_text":"Kilduff, M., and D. Krackhardt. 1994. &ldquo;Bringing the individual back in: A structural analysis of the internal market for reputation in organizations.&rdquo; <I>Academy of Management Journal</I> 37(1):87-108."},{"sequence":"18","original_text":"Krackhardt, D. 1987. &ldquo;Cognitive social structure.&rdquo; <I>Social Networks</I> 9:109-34."},{"sequence":"19","original_text":"Krackhardt, D. 1990. &ldquo;Assessing the political landscape: structure, cognition and power in organizations.&rdquo; <I>Administrative Science Quarterly</I> 35:342-69."},{"sequence":"20","original_text":"Krackhardt, D., and M. Kilduff. 1999. &ldquo;Whether close or far: Social distance effects on perceived balance in friendship networks.&rdquo; <I>Journal of Personality and Social Psychology</I> 76(5):770-82."},{"sequence":"21","original_text":"Krackhardt, D., and M. Kilduff. 2002. &ldquo;Structure, culture and Simmelian ties in entrepreneurial firms.&rdquo; <I>Social Networks</I> 24:279-90."},{"sequence":"22","original_text":"Kumbasar, E. 1996. &ldquo;Methods for analyzing three-way cognitive network data.&rdquo; <I>Journal of Quantitative Anthropology</I> 6:15-34."},{"sequence":"23","original_text":"Kumbasar, E., A. K. Romney, and W. H. Batchelder. 1994. &ldquo;Systematic biases in social perception.&rdquo; <I>American Journal of Sociology</I> 100(2):477-505."},{"sequence":"24","original_text":"Newcomb, T. M. 1961. <I>The Acquaintance Process</I>. New York: Holt, Rinehart &amp; Winston."},{"sequence":"25","original_text":"大西康雄. 1992. 「認知社会ネットワーク－その可能性の中心－」 『社会学論考』13."},{"sequence":"26","original_text":"高橋和宏・大西康雄（編）. 1994. 『自己組織化過程のネット分析』 八千代出版."},{"sequence":"27","original_text":"山口洋・荻野達史. 1994. 「ネット分析の技法」 高橋和宏・大西康雄（編） 『自己組織化過程のネット分析』 八千代出版."},{"sequence":"28","original_text":"安田三郎・海野道郎. 1977. 『社会統計学』改訂2版 丸善."}]}}