{"status":"OK","apiType":"doi","apiVersion":"1.0.0","message":{"total":1,"rows":1,"totalPages":1,"page":1},"data":{"siteId":"SI/JST.JSTAGE","content_type":"JA","doi":"10.11218/ojjams.25.275","url":"https://doi.org/10.11218/ojjams.25.275","ra":"JaLC","prefix":"10.11218","site_name":"J-STAGE","publisher_list":[{"publisher_name":"Japanese Association For Mathematical Sociology","lang":"en"},{"publisher_name":"数理社会学会","lang":"ja"}],"title_list":[{"lang":"ja","title":"社会学におけるエージェント・ベース・シミュレーション"},{"lang":"en","title":"Agent-Based Simulation and Sociology"}],"creator_list":[{"sequence":"1","type":"person","names":[{"lang":"ja","last_name":"中井","first_name":"豊"},{"lang":"en","last_name":"NAKAI","first_name":"Yutaka"}],"affiliation_list":[{"affiliation_name":"Shibaura institute of technology","sequence":"1","lang":"en"},{"affiliation_name":"芝浦工業大学","sequence":"1","lang":"ja"}]}],"publication_date":{"publication_year":"2010"},"relation_list":[{"content":"https://www.jstage.jst.go.jp/article/ojjams/25/2/25_2_275/_pdf","type":"URL","relation":"fullTextPdf"}],"content_language":"ja","updated_date":"2017-03-23","article_type":"pub","journal_id_list":[{"journal_id":"0913-1442","type":"ISSN","issn_type":"print"},{"journal_id":"1881-6495","type":"ISSN","issn_type":"online"},{"journal_id":"ojjams","type":"JID"}],"journal_title_name_list":[{"journal_title_name":"Sociological Theory and Methods","type":"full","lang":"en"},{"journal_title_name":"Sociological Theory and Methods","type":"abbreviation","lang":"en"},{"journal_title_name":"理論と方法","type":"full","lang":"ja"},{"journal_title_name":"理論と方法","type":"abbreviation","lang":"ja"}],"journal_classification":"01","recorded_year":"1986-2013","volume":"25","issue":"2","first_page":"275","last_page":"285","date":"2011-03-12","keyword_list":[{"keyword":"Agent-Based Simulation","sequence":"1","lang":"en"},{"keyword":"エージェント・ベース・シミュレーション","sequence":"1","lang":"ja"},{"keyword":"Sociology","sequence":"2","lang":"en"},{"keyword":"社会学","sequence":"2","lang":"ja"}],"citation_list":[{"sequence":"1","original_text":"Axelrod, Robert. 1997. 寺野監訳. 『対立と協調の科学』ダイヤモンド社."},{"sequence":"2","original_text":"Axelrod, Robert. 1995. &ldquo;A Model of the Emergence of New Political Actors&rdquo;. N. Gilbert (eds.) <I>Artificial Societies:The Computer Simulation of Social Life</I>. London: University College Press."},{"sequence":"3","original_text":"Gilbert, Nigel and Klaus G. Troitzsch. 井庭・岩村・高部訳. 『社会シミュレーションの技法』日本評論社."},{"sequence":"4","original_text":"今田高俊. 1995.『自己組織性』創文社."},{"sequence":"5","original_text":"金子邦彦・津田一郎. 1996. 『複雑系のカオス的シナリオ』朝倉書店."},{"sequence":"6","original_text":"Nakai, Yutaka and Masayoshi Muto. 2008. &ldquo;Emergence and Collapse of Peace with Friend Selection Strategies&rdquo;.<I>Journal of Artificial Societies and Social Simulation</I> 11(3)."},{"sequence":"7","original_text":"中井 豊. 2009.『熱狂するシステム』ミネルヴァ書房."},{"sequence":"8","original_text":"Schelling, Thomas C. 1971. &ldquo;Dynamic Models of Segregation.&rdquo; <I>Journal of Mathematical Sociology</I> 1. 86-143."},{"sequence":"9","original_text":"山影 進. 2007.『人工社会構築指南』書籍工房早山."}]}}