{"status":"OK","apiType":"doi","apiVersion":"1.0.0","message":{"total":1,"rows":1,"totalPages":1,"page":1},"data":{"siteId":"SI/JST.JSTAGE","content_type":"JA","doi":"10.11218/ojjams.18.89","url":"https://doi.org/10.11218/ojjams.18.89","ra":"JaLC","prefix":"10.11218","site_name":"J-STAGE","publisher_list":[{"publisher_name":"Japanese Association For Mathematical Sociology","lang":"en"},{"publisher_name":"数理社会学会","lang":"ja"}],"title_list":[{"lang":"ja","title":"ロジット型離散選択に基づいた流行現象モデル"},{"lang":"en","title":"A Fashion Model Based on LOGIT Type Discrete Choice"}],"creator_list":[{"sequence":"1","type":"person","names":[{"lang":"ja","last_name":"中山","first_name":"晶一朗"},{"lang":"en","last_name":"NAKAYAMA","first_name":"Shoichiro"}],"affiliation_list":[{"affiliation_name":"Faculty of Engineering<BR>Kanazawa University","sequence":"1","lang":"en"},{"affiliation_name":"金沢大学","sequence":"1","lang":"ja"}]}],"publication_date":{"publication_year":"2003"},"relation_list":[{"content":"https://www.jstage.jst.go.jp/article/ojjams/18/1/18_1_89/_pdf","type":"URL","relation":"fullTextPdf"}],"content_language":"ja","updated_date":"2017-03-23","article_type":"pub","journal_id_list":[{"journal_id":"0913-1442","type":"ISSN","issn_type":"print"},{"journal_id":"1881-6495","type":"ISSN","issn_type":"online"},{"journal_id":"ojjams","type":"JID"}],"journal_title_name_list":[{"journal_title_name":"Sociological Theory and Methods","type":"full","lang":"en"},{"journal_title_name":"Sociological Theory and Methods","type":"abbreviation","lang":"en"},{"journal_title_name":"理論と方法","type":"full","lang":"ja"},{"journal_title_name":"理論と方法","type":"abbreviation","lang":"ja"}],"journal_classification":"01","recorded_year":"1986-2013","volume":"18","issue":"1","first_page":"89","last_page":"102","date":"2009-01-20","keyword_list":[{"keyword":"chaos","sequence":"4","lang":"en"},{"keyword":"fashion","sequence":"1","lang":"en"},{"keyword":"流行","sequence":"1","lang":"ja"},{"keyword":"diffusion","sequence":"2","lang":"en"},{"keyword":"普及","sequence":"2","lang":"ja"},{"keyword":"LOGIT model","sequence":"3","lang":"en"},{"keyword":"ロジットモデル","sequence":"3","lang":"ja"},{"keyword":"カオス","sequence":"4","lang":"ja"}],"citation_list":[{"sequence":"1","original_text":"Ben-Akiva, M., and S. R. Lerman. 1985. <I>Discrete Choice Analysis: Theory and Application to Travel Demand</I>. Cambridge, Massachusetts: MIT Press."},{"sequence":"2","original_text":"Granovetter, M. 1978. &ldquo;Threshold Models of Collective Behavior.&rdquo; <I>American Journal of Sociology</I> 83(6):1420-43."},{"sequence":"3","original_text":"Granovetter, M., and R. Soong. 1986. &ldquo;Threshold Models of Interpersonal Effects in Consumer Demand.&rdquo; <I>Journal of Economic Behavior and Organization</I> 7:83-99."},{"sequence":"4","original_text":"石井健一. 1984. 「微分方程式モデルによる普及現象の分析」『行動計量学』 12(1):11-19."},{"sequence":"5","original_text":"石井健一. 1987. 「世論形成の閾値モデル」『理論と方法』 2(1):15-28"},{"sequence":"6","original_text":"松田光司. 1996. 「流行現象とベクトル型閾値モデル」『理論と方法』 11(2):113-28."},{"sequence":"7","original_text":"七條達弘. 1998. 「時間遅れのある伝播モデル」『理論と方法』 13(1):75-91."},{"sequence":"8","original_text":"Weibull, J. M. 1995. <I>Evolutionary Game Theory</I>. Cambridge, Massachusetts: MIT Press."}]}}