{"status":"OK","apiType":"doi","apiVersion":"1.0.0","message":{"total":1,"rows":1,"totalPages":1,"page":1},"data":{"siteId":"SI/JST.JSTAGE","content_type":"JA","doi":"10.11218/ojjams.23.131","url":"https://doi.org/10.11218/ojjams.23.131","ra":"JaLC","prefix":"10.11218","site_name":"J-STAGE","publisher_list":[{"publisher_name":"Japanese Association For Mathematical Sociology","lang":"en"},{"publisher_name":"数理社会学会","lang":"ja"}],"title_list":[{"lang":"ja","title":"『人文・社会科学のためのカテゴリカル・データ解析入門』太郎丸博著"}],"creator_list":[{"sequence":"1","type":"person","names":[{"lang":"ja","last_name":"小島","first_name":"秀夫"},{"lang":"en","last_name":"KOJIMA","first_name":"Hideo"}],"affiliation_list":[{"affiliation_name":"Ibaraki University","sequence":"1","lang":"en"},{"affiliation_name":"茨城大学","sequence":"1","lang":"ja"}]}],"publication_date":{"publication_year":"2008"},"relation_list":[{"content":"https://www.jstage.jst.go.jp/article/ojjams/23/1/23_1_131/_pdf","type":"URL","relation":"fullTextPdf"}],"content_language":"ja","updated_date":"2017-03-23","article_type":"pub","journal_id_list":[{"journal_id":"0913-1442","type":"ISSN","issn_type":"print"},{"journal_id":"1881-6495","type":"ISSN","issn_type":"online"},{"journal_id":"ojjams","type":"JID"}],"journal_title_name_list":[{"journal_title_name":"Sociological Theory and Methods","type":"full","lang":"en"},{"journal_title_name":"Sociological Theory and Methods","type":"abbreviation","lang":"en"},{"journal_title_name":"理論と方法","type":"full","lang":"ja"},{"journal_title_name":"理論と方法","type":"abbreviation","lang":"ja"}],"journal_classification":"01","recorded_year":"1986-2013","volume":"23","issue":"1","first_page":"131","last_page":"133","date":"2008-08-11","citation_list":[{"sequence":"1","original_text":"Agresti, A. 2002. <I>Categorical Data Analysis</I> (2nd ed). Wiley."},{"sequence":"2","original_text":"Long, S. 1997. <I>Models for Categorical and Limited Dependent Variables</I>. Sage."},{"sequence":"3","original_text":"Powers, D.A. and Xie, Y. 2000. <I>Statistical Methods for Categorical Data Analysis</I>. Academic Press."},{"sequence":"4","original_text":"盛山和夫編．1988．『社会移動分析のコンピュータ・プログラムII』（東京大学文学部社会学研究室）．"}]}}