{"status":"OK","apiType":"doi","apiVersion":"1.0.0","message":{"total":1,"rows":1,"totalPages":1,"page":1},"data":{"siteId":"SI/JST.JSTAGE","content_type":"JA","doi":"10.11218/ojjams.27.41","url":"https://doi.org/10.11218/ojjams.27.41","ra":"JaLC","prefix":"10.11218","site_name":"J-STAGE","publisher_list":[{"publisher_name":"Japanese Association For Mathematical Sociology","lang":"en"},{"publisher_name":"数理社会学会","lang":"ja"}],"title_list":[{"lang":"en","title":"The mediated effect of sense of coherence in causal relation between psycho-social work characteristics and mental health for general male workers","subtitle":"4-year 3point cross-lagged analysis in Japanese life course survey"},{"title":"一般成人男性における心理社会的職場特性と精神健康との関係におけるsense of coherenceの媒介効果","subtitle":"JLPS調査データによる3時点cross-lagged modelを用いた検討"}],"creator_list":[{"sequence":"1","type":"person","names":[{"lang":"en","last_name":"TOGARI","first_name":"Taisuke"},{"lang":"ja","last_name":"戸ケ里","first_name":"泰典"}],"affiliation_list":[{"affiliation_name":"The Open University of Japan","sequence":"1","lang":"en"},{"affiliation_name":"放送大学","sequence":"1","lang":"ja"}]}],"publication_date":{"publication_year":"2012"},"relation_list":[{"content":"https://www.jstage.jst.go.jp/article/ojjams/27/1/27_41/_pdf","type":"URL","relation":"fullTextPdf"}],"content_language":"ja","updated_date":"2014-12-09","article_type":"pub","journal_id_list":[{"journal_id":"0913-1442","type":"ISSN","issn_type":"print"},{"journal_id":"1881-6495","type":"ISSN","issn_type":"online"},{"journal_id":"ojjams","type":"JID"}],"journal_title_name_list":[{"journal_title_name":"Sociological Theory and Methods","type":"full","lang":"en"},{"journal_title_name":"Sociological Theory and Methods","type":"abbreviation","lang":"en"},{"journal_title_name":"理論と方法","type":"full","lang":"ja"},{"journal_title_name":"理論と方法","type":"abbreviation","lang":"ja"}],"journal_classification":"01","recorded_year":"1986-2013","volume":"27","issue":"1","first_page":"41","last_page":"62","date":"2013-03-18","keyword_list":[{"keyword":"心理社会的職場特性","sequence":"1","lang":"ja"},{"keyword":"Salutogenesis","sequence":"1","lang":"en"},{"keyword":"sense of coherence","sequence":"2","lang":"ja"},{"keyword":"Psychosocial work characteristics","sequence":"2","lang":"en"},{"keyword":"精神健康","sequence":"3","lang":"ja"},{"keyword":"Sense of Coherence","sequence":"3","lang":"en"},{"keyword":"構造方程式モデリング","sequence":"4","lang":"ja"},{"keyword":"Mental Health","sequence":"4","lang":"en"},{"keyword":"パネル調査","sequence":"5","lang":"ja"},{"keyword":"Structural Equation Modeling","sequence":"5","lang":"en"},{"keyword":"Panel Survey","sequence":"6","lang":"en"}],"citation_list":[{"sequence":"1","doi":"10.1080/02678370110066562","title_list":[{"lang":"en","title":"The Danish psychosocial work environment and symptoms of stress: the main, mediating and moderating role of sense of coherence."}],"volume":"15","issue":"3","first_page":"241","last_page":"253","publication_date":{"publication_year":"2001"},"content_language":"en","original_text":"Albertsen, K., M.L. Nielsen, and V. Borg. 2001. &ldquo;The Danish psychosocial work environment and symptoms of stress: the main, mediating and moderating role of sense of coherence&rdquo;, <I>Work Stress,</I> 15(3): 241-53."},{"sequence":"2","original_text":"Antonovsky, A. 1979. <I>Health, Stress, and Coping: New perspectives on mental and physical well-being,</I> San Francisco: Jossey-Bass Publishers."},{"sequence":"3","original_text":"Antonovsky, A. 1987. <I>Unraveling the mystery of health: How people manage stress and stay well,</I> San Francisco: Jossey-Bass Publishers. ＝2001, 山崎喜比古・吉井清子（監訳）『ストレス対処と健康保持のメカニズム』有信堂高文社．"},{"sequence":"4","original_text":"Braitman, L.E., and P.R. Rosenbaum, 2002. &ldquo;Rare outcomes, common treatments: Analytic strategies using propensity scores&rdquo;, <I>Annual Internal Medicine</I> 137(8): 693-95."},{"sequence":"5","original_text":"Brainin, M., and J. Tuomilehto. 2006. &ldquo;No Sense of Coherence; An Odd New Risk for Stroke?&rdquo;, <I>Stroke,</I> 38(5): 1425-26."},{"sequence":"6","original_text":"Browne, M.W., and R. Cudeck. 1993. &ldquo;Alternative ways of assessing model fit.&rdquo; Pp. 136-62 in <I>Testing structural equation models,</I> edited by Kenneth A. Bollen, and J. Scott Long. Newbury Park: SAGE Publishers."},{"sequence":"7","original_text":"Besser, A., and Y. Neria. 2010. &ldquo;The effects of insecure attachment orientations and perceived social support on posttraumatic stress and depressive symptoms among civilians exposed to the 2009 Israel-Gaza war: A follow-up Cross-Lagged panel design study&rdquo;, <I>Journal of Research in Personality,</I> 44(3): 335-41."},{"sequence":"8","original_text":"D&prime;Agostino, R.B. 1998. &ldquo;Propensity score method for bias reduction in the comparison of a treatment to a non-randomized control group&rdquo;, <I>Statistics in Medicine,</I> 17(19): 2265-81."},{"sequence":"9","original_text":"Dunn, E.C., C. Neighbors, N. Fossos, and M.E. Larimer. 2008. &ldquo;A cross-lagged evaluation of eating disorder; Symptomatology and substance-use problems&rdquo;, <I>Journal of Studies on Alcohol and Drugs,</I> 70(1): 106-16."},{"sequence":"10","original_text":"Eriksson, M., and B. Lindsrr&ouml;m. 2006. &ldquo;Antonovsky's sense of coherence scale and the relation with health: a systematic review&rdquo;, <I>Journal of Epidemiology and Community Health,</I> 60(5): 376-81."},{"sequence":"11","doi":"10.1093/heapro/dan014","volume":"23","first_page":"190","publication_date":{"publication_year":"2008"},"original_text":"Eriksson, M., and B. Lindsrr&ouml;m. 2008. &ldquo;A salutogenic interpretation of the Ottawa Charter&rdquo; <I>Health Promotion International,</I> 23(2): 190-99."},{"sequence":"12","doi":"10.1002/(SICI)1099-1379(200006)21:4<461::AID-JOB11>3.0.CO;2-T","volume":"21","first_page":"461","last_page":"476","publication_date":{"publication_year":"2000"},"original_text":"Feldt, T., U. Kinnunen, and S. Mauno. 2000. &ldquo;A mediational model of sense of coherence in the work context: a one-year follow-up study&rdquo;, <I>Journal of Organizational Behavior,</I> 21(4): 461-76."},{"sequence":"13","doi":"10.1348/0963179041752655","volume":"77","first_page":"323","last_page":"342","publication_date":{"publication_year":"2004"},"original_text":"Feldt, T., M. Kivim&auml;ki A. Rantala, and A. Tolvanen. 2004. &ldquo;Sense of coherence and work characteristics: A cross-lagged structural equation model among managers&rdquo;, <I>Journal of Occupational and Organizational Psychology,</I> 77(3): 323-42."},{"sequence":"14","doi":"10.1027/1016-9040.10.4.298","volume":"10","first_page":"298","publication_date":{"publication_year":"2005"},"original_text":"Feldt, T., K. Kokko, U. Kinnunen, and L. Pulkkinen. 2005. &ldquo;The role of family background, school success, and career orientation in the development of sense of coherence&rdquo;, <I>European Psychologist,</I> 10(4): 298-308."},{"sequence":"15","original_text":"Finkel, S.E. 1995. <I>Causal analysis with panel data,</I> Thousand Oaks: SAGE Publications."},{"sequence":"16","original_text":"原谷隆史．2000．「最近の職業性ストレス研究の動向」『予防医学』(42)：7-15."},{"sequence":"17","original_text":"Hurrell, J.J., and M.A. McLaney. 1988. &ldquo;Exposure to job stress: A new psychometric instrument&rdquo;, <I>Scandinavian Journal of Work, Environment &amp; Health,</I> 14(suppl1): 27-28."},{"sequence":"18","doi":"10.1027/1015-5759.20.4.227","volume":"20","first_page":"227","publication_date":{"publication_year":"2004"},"original_text":"Holmberg, S., A. Thelin, and E. Stiernstr&ouml;m. 2004. &ldquo;Relationship of sense of coherence to other psychosocial indices&rdquo;, <I>European Journal of Psychological Assessment,</I> 20(4): 227-36."},{"sequence":"19","original_text":"狩野裕・三浦麻子．2002．『グラフィカル多変量解析―AMOS，EQS，CALISによる 目で見る共分散構造分析―増補版』現代数学社．"},{"sequence":"20","doi":"10.1037//1076-8998.3.4.322","original_text":"Karasek, R., C. Brisson, N. Kawakami, I. houtman, P. Bongers, and B. Amick. 1998. &ldquo;The Job Content Questionnaire (JCQ): An instrument for internationally comparative assessments of psychosocial job characteristics&rdquo;, <I>Journal of Occupational Health Psychology,</I> 3(4): 322-55."},{"sequence":"21","original_text":"Katz, M.H. 2006. <I>Multivariate Analysis: A Practical Guide for Clinicians 2nd Edition,</I> Cambridge: Cambridge University Press."},{"sequence":"22","doi":"10.1093/heapro/11.1.5","title_list":[{"lang":"en","title":"Tribute to Aaron Antonovsky: &lsquo;What creates health?&rsquo;"}],"volume":"11","first_page":"5","last_page":"6","publication_date":{"publication_year":"1996"},"original_text":"Kickbush, I., 1996, &ldquo; Tribute to Aaron Antonovsky-&lsquo;What creates health&rsquo;&rdquo;, <I>Health Promotion International,</I> 11(1): 5-6."},{"sequence":"23","original_text":"Kivim&auml;ki, M., T. Feldt, J. Vahtera, and J. Nurmi. 2000. &ldquo;Sense of coherence and health: evidence from two crosslagged longtudinal samples&rdquo; <I>Social Science &amp; Medicine,</I> 50(4): 583-97."},{"sequence":"24","original_text":"Kohn, M.L., and C. Schooler. 1983. <I>Work and Personality: An Inquiry into the impact of social stratification,</I> Norwood: Ablex."},{"sequence":"25","volume":"8","first_page":"46","publication_date":{"publication_year":"2008"},"original_text":"Kouvonen, A.M, A. V&auml;&auml;n&auml;nen., S.A. Woods, T. Heponiemi, A. Koskinen, and S. Toppinen-Tanner. 2008. &ldquo;Sense of coherence and diabetes: A prospective occupational cohort study&rdquo;, <I>BMC Public Health,</I> 8: 46."},{"sequence":"26","original_text":"Landsbergs, P.A., P.L.Schnall, K.L.Belkic, D. Baker, J. Schwartz, and T.G. Pickering. 2001. &ldquo;Work stressors and cardiovascular disease&rdquo;, <I>Work,</I> 17(3): 191-208."},{"sequence":"27","original_text":"Luyckx, K., I. Seiffge-Krenke, and S.E. Hampson. 2010. &ldquo;Glycemic Control, Coping, and Internalizing and Externalizing Symptoms in Adolescents With Type 1 Diabetes&rdquo;, <I>Diabetes Care,</I> 33(7): 1424-29."},{"sequence":"28","original_text":"Markland, S., M. Bolin, and J. Essen. 2008. &ldquo;Can individual health differences be explained by workplace characteristics?: A multilevel analysis&rdquo;. <I>Social Science &amp; Medicine,</I> 66(3): 650-62."},{"sequence":"29","volume":"97","first_page":"562","publication_date":{"publication_year":"1985"},"original_text":"Marsh, H.K., and W. Hocevar. 1985. &ldquo;Application of confirmatory factor analysis to the study of self-comcept: First- and higher-order factor models and their invariance across groups.&rdquo; <I>Psychological Bulletin,</I> 97(3): 562-82."},{"sequence":"30","original_text":"三輪哲．2008．「働き方とライフスタイルの変化に関する全国調査2007 における標本特性と欠票についての基礎分析」『東京大学社会科学研究所 パネル調査プロジェクトディスカッションペーパーシリーズ』 10."},{"sequence":"31","original_text":"Poppius, E., L. R. Tenkanen, R. Kalimo, and P. Heinsalmi. 1999. &ldquo;The sense of coherence, occupation and the risk of coronary heart disease in the Helsinki Heart Study&rdquo;, <I>Social Science &amp; Medicine,</I> 49(1): 109-20."},{"sequence":"32","doi":"10.1023/A:1024213427147","volume":"18","first_page":"389","last_page":"393","publication_date":{"publication_year":"2003"},"original_text":"Poppius, E., L. Tenkanen, M. Hakama, R. Kalimo, and T. Pitk&auml;nen. 2003. &ldquo;The sense of coherence, occupation and all-cause mortality in the Helsinki Heart Study&rdquo;, <I>European Journal of Epidemiology,</I> 18(5): 389-93."},{"sequence":"33","original_text":"Poppius, E., H. Virllunen, M. Hakama, and L. Tenkanen. 2006. &ldquo;The sense of coherence and incidence of cancer - role of follow-up time and age at baseline&rdquo; <I>Journal of Psychosocial Research,</I> 61(2): 205-11."},{"sequence":"34","doi":"10.7326/0003-4819-127-8_Part_2-199710151-00064","journal_title_name_list":[{"journal_title_name":"Annals of Internal Medicine","lang":"en"}],"title_list":[{"lang":"en","title":"Estimating causal effects from large data sets using propensity scores"}],"volume":"127","issue":"8-2","first_page":"757","last_page":"763","publication_date":{"publication_year":"1997"},"creator_list":[{"sequence":"1","type":"person","names":[{"lang":"en","last_name":"Rubin","first_name":"D. B."}]}],"content_language":"en","original_text":"Rubin, D.B. 1997. &ldquo;Estimating causal effects from large data sets using propensity scores&rdquo;, <I>Annals of Internal Medicine,</I> 127(8): 757-63."},{"sequence":"35","original_text":"Rumpf, H.,C. Meyer, U. Hapke, and U. John. 2001. &ldquo;Screening for mental health: validity of the MHI-5 using DSM-IV Axis I psychiatric disorders as gold standard&rdquo;, <I>Psychiatry Research,</I> 105(3): 243-53."},{"sequence":"36","doi":"10.1007/s00127-003-0654-z","volume":"38","first_page":"475","publication_date":{"publication_year":"2003"},"original_text":"Smith, S.M., F.C. Breslin, and D.E. Beaton. 2003. &ldquo;Questioning the stability of sense of coherence The impact of socio-economic status and working conditions in the Canadian population&rdquo;, <I>Social Psychiatry and Psychiatric Epidemiology,</I> 38(9): 475-84."},{"sequence":"37","original_text":"Sobel, M. E. 1982. &ldquo;Asymptotic confidence intervals for indirect effects in structural equations models&rdquo; Pp. 290-312 in <I>Sociological methodology 1982</I>, edited by S. Leinhart. San Francisco: Jossey-Bass."},{"sequence":"38","original_text":"Stansfeld, S.A., R. Fuhrer, M.J. Shipley, and M.G. Matmot. 1999. &ldquo;Work characteristics predict psychiatric disorder: prospective results from the Whitehall II Study&rdquo;, <I>Occupational and Environmental Medicine,</I> 56(5): 302-7."},{"sequence":"39","doi":"10.1016/S0022-3999(00)00216-6","journal_title_name_list":[{"journal_title_name":"Journal of Psychosomatic Research","lang":"en"}],"title_list":[{"lang":"en","title":"Sense of coherence asa predictor of subjective state of health Result of 4 years of follow-up of adults"}],"volume":"50","first_page":"77","last_page":"86","publication_date":{"publication_year":"2001"},"creator_list":[{"sequence":"1","type":"person","names":[{"lang":"en","last_name":"SUOMINEN","first_name":"Sakari"}]}],"content_language":"en","original_text":"Suominen, S., H. Helenius, H. Blomberg, A. Uutela, and M. Koskenvuo. 2001. &ldquo;Sence of coherence as a predictor of subjective state of health. Result of 4year of follow-up adults&rdquo;, <I>Journal of Psychosomatic Research,</I> 50(2): 77-86."},{"sequence":"40","doi":"10.1093/aje/kwg272","volume":"158","first_page":"1202","publication_date":{"publication_year":"2003"},"original_text":"Surtees, P., N. Wainwright, R. Luben, K.T. Khaw, and N. Day. 2003. &ldquo;Sence of Coherence and mortality in men and women in the EPIC-Norfolk United Kingdom prospective cohort study&rdquo;, <I>American Journal of Epidemiology,</I> 158(12): 1202-9."},{"sequence":"41","doi":"10.1161/STROKEAHA.106.473116","volume":"38","first_page":"1447","last_page":"1453","publication_date":{"publication_year":"2007"},"original_text":"Surtees, P., N. W. J. Wainwright, R.L. Luben, N.J. Wareham, S.A. Bingham, and K.T. Khaw. 2007. &ldquo;Adaptation to social adversity is associated with stroke incidence: Evidence from the EPIC-Norfork prospective cohort study&rdquo; <I>Stroke,</I> 38(5): 1447-53."},{"sequence":"42","doi":"10.1539/sangyoeisei.45.20","journal_title_name_list":[{"journal_title_name":"産業衛生学雑誌","lang":"ja"}],"title_list":[{"lang":"ja","title":"情報サービス産業における労働職場環境特性が労働者の心身の健康，職務不満足及び離職意向に及ぼす影響"}],"volume":"45","issue":"1","first_page":"20","last_page":"30","publication_date":{"publication_year":"2003"},"content_language":"ja","original_text":"鄭真己・山崎喜比古．2003.「情報サービス産業における労働職場環境特性が労働者の心身の健康, 職務不満足及び離職意向に及ぼす影響」『産業衛生学雑誌』45(1): 20-30."},{"sequence":"43","original_text":"Togari, T., Y. Yamazaki, K. Nakayama, and J. Shimizu. 2007, &ldquo;Development of a short version of the sense of coherence scale for population survey&rdquo; <I>Journal of Epidemiology and Community Health,</I> 61(10): 921-22."},{"sequence":"44","original_text":"Togari, T., and Y. Yamazaki. 2011. &ldquo;A causal relationship between sense of coherence and psycho-social work environment: from 1-year follow-up data among Japanese young adult workers&rdquo;, <I>Global Health Promotion,</I> in press."},{"sequence":"45","original_text":"戸ヶ里泰典．2011．「大規模多目的一般住民調査向け東大健康社会学版SOC3項目スケール（University of Tokyo Health Sociology version of the SOC3 scale）の信頼性と妥当性の検討」『東京大学社会科学研究所パネル調査プロジェクトディスカッションペーパーシリーズ』45．"},{"sequence":"46","original_text":"豊田秀樹．1998．『共分散構造分析 入門編―構造方程式モデリング』朝倉書店．"},{"sequence":"47","original_text":"Tsutsumi, A., and N. Kawakami. 2004. &ldquo;A review of empirical studies on the model of effort-reward imbalance at work: reducing occupational stress by implementing a new theory&rdquo;, <I>Social Science &amp; Medicine,</I> 59(11): 2335-59."},{"sequence":"48","doi":"10.1186/1477-7525-3-48","volume":"3","first_page":"48","publication_date":{"publication_year":"2005"},"original_text":"Yamazaki, S., S. Fukuhara, and J. Green. 2005. &ldquo;Usefulness of five -item and three-item Mental Health Inventories to screen for depressive symptoms in the general population of Japan&rdquo;, <I>Health and Quality of Life Outcomes,</I> 3, 48."},{"sequence":"49","doi":"10.1007/s11136-004-0015-8","volume":"14","first_page":"1455","publication_date":{"publication_year":"2005"},"original_text":"Veenstra, M., T. Moum, and E. Roysamb. 2005. &ldquo;Relationships between health domains and sense of coherence: A two-year cross-lagged study in patients with chronic illness&rdquo;, <I>Quality of Life Research,</I> 14(6), 1455-65."},{"sequence":"50","original_text":"V&auml;&auml;n&auml;nen, A., A. Kouvonen, M. Kivim&auml;ki, T. Oksanen, M. Elovainio, M. Virtanen, J. Pentti, and J. Vahtera. 2009. &ldquo;Workplace social capital and co-occurrence of lifestyle risk factors: the Finnish public sector study&rdquo;, <I>Occupational and Environmental Medicine,</I> 66(7): 432-37."},{"sequence":"51","volume":"34","first_page":"515","publication_date":{"publication_year":"2006"},"original_text":"Volanen, S.M., S. Suominen, E. Lahelma, M. Koskenvuo, and K. Silventoinen. 2006. &ldquo;Sense of coherence and its determinants: A comparative study of the Finnish-speaking majority and the Swedish-speaking minority in Finland&rdquo;, <I>Scandinavian Journal of Public Health,</I> 34(5): 515-25."},{"sequence":"52","original_text":"Watkins, M.W., P. Lei, and G.L. Canivez. 2007. &ldquo;Psychometric intelligence and achievement: A cross-lagged panel analysis&rdquo;, <I>Intelligence,</I> 35(1), 59-68."},{"sequence":"53","original_text":"山崎喜比古．2008.「ストレス対処能力SOCとは」山崎喜比古・戸ヶ里泰典・坂野純子（編）『ストレス対処能力SOC』有信堂高文社：3-24."}]}}