{"status":"OK","apiType":"doi","apiVersion":"1.0.0","message":{"total":1,"rows":1,"totalPages":1,"page":1},"data":{"siteId":"SI/JST.JSTAGE","content_type":"JA","doi":"10.11218/ojjams.29.115","url":"https://doi.org/10.11218/ojjams.29.115","ra":"JaLC","prefix":"10.11218","site_name":"J-STAGE","publisher_list":[{"publisher_name":"Japanese Association For Mathematical Sociology","lang":"en"},{"publisher_name":"数理社会学会","lang":"ja"}],"title_list":[{"lang":"ja","title":"数理社会学を社会調査の授業に埋め込む？"}],"creator_list":[{"sequence":"1","type":"person","names":[{"lang":"ja","last_name":"太郎丸","first_name":"博"},{"lang":"en","last_name":"TAROMARU","first_name":"Hiroshi"}],"affiliation_list":[{"affiliation_name":"Kyoto University","sequence":"1","lang":"en"},{"affiliation_name":"京都大学","sequence":"1","lang":"ja"}]}],"publication_date":{"publication_year":"2014"},"relation_list":[{"content":"https://www.jstage.jst.go.jp/article/ojjams/29/1/29_115/_pdf","type":"URL","relation":"fullTextPdf"}],"content_language":"ja","updated_date":"2016-07-09","article_type":"pub","journal_id_list":[{"journal_id":"0913-1442","type":"ISSN","issn_type":"print"},{"journal_id":"1881-6495","type":"ISSN","issn_type":"online"},{"journal_id":"ojjams","type":"JID"}],"journal_title_name_list":[{"journal_title_name":"Sociological Theory and Methods","type":"full","lang":"en"},{"journal_title_name":"Sociological Theory and Methods","type":"abbreviation","lang":"en"},{"journal_title_name":"理論と方法","type":"full","lang":"ja"},{"journal_title_name":"理論と方法","type":"abbreviation","lang":"ja"}],"journal_classification":"01","recorded_year":"1986-2013","volume":"29","issue":"1","first_page":"115","last_page":"122","date":"2016-07-10","citation_list":[{"sequence":"1","original_text":"Charles, M. and K. Bradley. 2009. &ldquo;Indulging Our Gendered Selves? Sex Segregation by Field of Study in 44 Countries.&rdquo; <I>American Journal of Sociology</I> 114(4): 924-76."},{"sequence":"2","original_text":"Doreian, P., V. Batagelj and A. Ferligoj. 2004. <I>Generalized Blockmodeling</I>. Cambridge University Press."},{"sequence":"3","original_text":"浜田宏. 2013. 「数理社会学の普及に関する数理社会学的考察」『ソシオロジ』57(3): 127-34."},{"sequence":"4","original_text":"高坂健次. 2012. 「数理社会学の展望」『関西学院大学社会学部紀要』114:37-63."},{"sequence":"5","original_text":"Ragin, C. C. 1992. <I>Comparative Method</I>. University of California Press =1993. 鹿又伸夫監訳『社会科学における比較研究――質的分析と計量的分析の統合にむけて』ミネルヴァ書房."},{"sequence":"6","original_text":"Rihoux, B. and C. C. Ragin. 2008. <I>Configurational Comparative Methods: Qualitative Comparative Analysis (QCA) and Related Techniques</I>. SAGE."},{"sequence":"7","original_text":"太郎丸博. 2010. 「数理社会学・リベラル・公共社会学――プロ社会学者は社会のために何が言えるのか？」『フォーラム現代社会学』9: 52-9."},{"sequence":"8","original_text":"太郎丸博・阪口祐介・宮田尚子. 2009. 「ソシオロジと社会学評論に見る社会学の方法のトレンド 1952-2008」(URL:http://tarohmaru.web.fc2.com/documents/journal.pdf)"},{"sequence":"9","original_text":"太郎丸博・阪口祐介・宮田尚子. 2009. 「ソシオロジと社会学評論に見る社会学の方法のトレンド 1952-2008」(URL:http://tarohmaru.web.fc2.com/documents/journal.pdf)"},{"sequence":"10","original_text":"Wasserman, S. and K. Faust. 1994. <I>Social Network Analysis: Methods and Applications</I>. Cambridge University Press."},{"sequence":"11","original_text":"渡邊勉. 2013. 「数理社会学教育の課題と展望」JAMS ラウンドテーブル主意書."},{"sequence":"12","original_text":"White, H.C., S.A. Boorman and R.L. Breiger. 1976. &ldquo;Social Structure from Multiple Networks. I: Blockmodels of Roles and Positions.&rdquo; <I>American Journal of Sociology</I> 81 (4): 730-80."},{"sequence":"13","original_text":"Ylijoki, O.-H. 2003. &ldquo;Entangled in Academic Capitalism? A Case-Study on Changing Ideals and Practices of University Research.&rdquo; <I>Higher Education</I> 45(3): 307-335."}]}}