{"status":"OK","apiType":"doi","apiVersion":"1.0.0","message":{"total":1,"rows":1,"totalPages":1,"page":1},"data":{"siteId":"SI/JST.JSTAGE","content_type":"JA","doi":"10.11218/ojjams.28.247","url":"https://doi.org/10.11218/ojjams.28.247","ra":"JaLC","prefix":"10.11218","site_name":"J-STAGE","publisher_list":[{"publisher_name":"Japanese Association For Mathematical Sociology","lang":"en"},{"publisher_name":"数理社会学会","lang":"ja"}],"title_list":[{"lang":"en","title":"Various Patterns of Risk to Victims of the Great East Japan Earthquake"},{"lang":"ja","title":"散乱するモデルの中にたたずむ","subtitle":"東日本大震災における複数のリスク構造"}],"creator_list":[{"sequence":"1","type":"person","names":[{"lang":"en","last_name":"NIHEI","first_name":"Norihiro"},{"lang":"ja","last_name":"仁平","first_name":"典宏"}],"affiliation_list":[{"affiliation_name":"Hosei University","sequence":"1","lang":"en"},{"affiliation_name":"法政大学","sequence":"1","lang":"ja"}]}],"publication_date":{"publication_year":"2013"},"relation_list":[{"content":"https://www.jstage.jst.go.jp/article/ojjams/28/2/28_247/_pdf","type":"URL","relation":"fullTextPdf"}],"content_language":"ja","updated_date":"2014-12-09","article_type":"pub","journal_id_list":[{"journal_id":"0913-1442","type":"ISSN","issn_type":"print"},{"journal_id":"1881-6495","type":"ISSN","issn_type":"online"},{"journal_id":"ojjams","type":"JID"}],"journal_title_name_list":[{"journal_title_name":"Sociological Theory and Methods","type":"full","lang":"en"},{"journal_title_name":"Sociological Theory and Methods","type":"abbreviation","lang":"en"},{"journal_title_name":"理論と方法","type":"full","lang":"ja"},{"journal_title_name":"理論と方法","type":"abbreviation","lang":"ja"}],"journal_classification":"01","recorded_year":"1986-2013","volume":"28","issue":"2","first_page":"247","last_page":"268","date":"2014-09-01","keyword_list":[{"keyword":"脆弱性","sequence":"1","lang":"ja"},{"keyword":"vulnerability","sequence":"1","lang":"en"},{"keyword":"陸前高田市","sequence":"2","lang":"ja"},{"keyword":"Rikuzen-takata","sequence":"2","lang":"en"},{"keyword":"予防原則","sequence":"3","lang":"ja"},{"keyword":"precautionary principle","sequence":"3","lang":"en"},{"keyword":"リスクの再配分","sequence":"4","lang":"ja"},{"keyword":"redistribution of risk","sequence":"4","lang":"en"}],"citation_list":[{"sequence":"1","original_text":"阿部晃士・堀篭義裕・茅野恒秀. 2013.「大船渡市における震災9ヶ月後の生活と意識――復興過程におけるパネル調査の起点」『総合政策』14（2）:149-160."},{"sequence":"2","original_text":"Beck, Ulrich. 1986. <I>Riskogesellshaft: Auf dem Weg in eine andere Moderne.</I> Suhrkamp Verlag. ＝1998 東廉・伊藤美登里訳『危険社会―新しい近代への道』法政大学出版局."},{"sequence":"3","original_text":"橋本摂子. 2013.「原発事故による「被災避難者」の分断と多層性――双葉八町村災害復興実態調査から」数理社会学会第55回大会要旨."},{"sequence":"4","original_text":"早川和男. 2001.『災害と居住福祉――神戸失策行政を未来に生かすために』三五館."},{"sequence":"5","original_text":"Horishna, Olha Vasilivna. 2006. <I>Chornobyl's Long Shadow: Health Consequence of the Chornobyl Nuclear Disaster.</I> CCRDF. ＝西谷内博美・吉川成美訳. 2013.『チェルノブイリの長い影―現場のデータが語るチェルノブイリ原発事故の影響被害』新泉社．"},{"sequence":"6","original_text":"一ノ瀬正樹. 2013.『放射能問題に立ち向かう哲学』筑摩書房."},{"sequence":"7","original_text":"今井照. 2011.「原発災害避難者の実態調査（１次）」『自治総研通巻』393:1-37."},{"sequence":"8","original_text":"今井照. 2012.「原発災害避難者の実態調査（３次）」『自治総研通巻』402:24-56."},{"sequence":"9","original_text":"いのうえせつこ. 2008. 『地震は貧困に襲いかかる――「阪神・淡路大震災」死者6437人の叫び』花伝社."},{"sequence":"10","original_text":"岩田正美. 2012.「基調報告：震災と貧困への基本視角――貧困は「あぶり出され」たのか？」『貧困研究』8：4-12."},{"sequence":"11","original_text":"開沼博. 2012.「「難民」として原発避難を考える」山下・開沼編:332-360."},{"sequence":"12","original_text":"加納光子. 2010.「災害時要援護者」西尾祐吾・大塚保信・古川隆司編著『災害福祉とは何か――災害支援体制の構築に向けて』ミネルヴァ書房:10-24."},{"sequence":"13","original_text":"葛西リサ・近藤民代. 2009.「災害時における母子世帯の居住リスク脆弱性――阪神・淡路大震災を事例にして」日本建築学会大会学術講演梗概集."},{"sequence":"14","original_text":"加藤尚武. 2011.『災害論――安全性工学への疑問』現代思想社."},{"sequence":"15","original_text":"菊地隆. 2012.「震災後の釜石市近郊の貧困問題」『貧困研究』8:13-17."},{"sequence":"16","original_text":"宮城孝・藤賀雅人・山本俊哉・仁平典宏・廣瀬克哉. 2013.「被災住民のエンパワメント形成支援による地域再生の可能性と課題 II――震災 2 年目を迎えた岩手県陸前高田市仮設住宅のインタビュー調査」法政大学現代福祉学部『現代福祉研究』13: 99-125."},{"sequence":"17","original_text":"仁平典宏. 2012.「〈災間〉の思考――繰り返す3・11の日付のために」赤坂憲雄・小熊英二編『「辺境」からはじまる――東京/東北論』明石書店:122-158."},{"sequence":"18","original_text":"仁平典宏. 2013.「「災間」における支援の条件――〈3.11〉と〈3.12〉のねじれの中で」早稲田社会学会編『社会学年誌』54:3-20."},{"sequence":"19","original_text":"日本弁護士連合会（高齢社会対策本部，高齢者・障害者の権利に関する委員会）編. 2012.『災害時における高齢者・障がい者支援に関する課題――東日本大震災から検証する』あけび書房."},{"sequence":"20","original_text":"大阪市環境保健局. 1995.『阪神・淡路大震災支援活動記録』."},{"sequence":"21","original_text":"澤宗則. 1998.「阪神大震災被災者の居住地移動から見た社会階層間格差の拡大」森川洋編『都市と地域構造』大明堂　pp.40-63."},{"sequence":"22","original_text":"下村幸仁. 2012.「福島県における震災・原発事故と貧困」『貧困研究』8:24-30."},{"sequence":"23","original_text":"Shrader-Frechette, Kristin. 1991. <I>Risk and Rationality: Philosophical Foundations for Populist Reforms.</I> University of California Press.＝松田毅訳. 2007.『環境リスクと合理的意思決定――市民参加の哲学』昭和堂."},{"sequence":"24","original_text":"鈴木篤. 2013.『居住長期化する応急仮設住宅の居住者意識と問題対策――陸前高田市の住宅供給タイプの違いに着目して』明治大学大学院理工学研究科2012年度修士論文."},{"sequence":"25","original_text":"丹波史紀・除本理史・根本志保子・土井妙子. 2012.「福島原発事故による双葉郡避難住民の実態調査」『経営研究』63 ( 2 ) :27-41."},{"sequence":"26","original_text":"竹信三恵子・赤石千衣子. 2012.『災害支援に女性の視点を！』岩波書店."},{"sequence":"27","original_text":"竹内啓. 2010.『偶然とは何か――その積極的意味』岩波書店."},{"sequence":"28","original_text":"滝沢秀樹. 1995.「被災の階層性――弱者はこのように直撃された」『世界』1995年10月号:60-66."},{"sequence":"29","original_text":"谷謙二. 2012.「小地域別にみた東日本大震災被災地における死亡者および死亡率の分布」『埼玉大学教育学部地理学研究報告』32:1-26."},{"sequence":"30","original_text":"Wisner, Ben, Piers Blaikie, Terry Cannon and Ian Davis. 2003. <I>At Risk: Natural Hazards, People's Vulnerability and Disasters.</I> Routledge."},{"sequence":"31","original_text":"矢部史郎. 2012.『3・12の思想』以文社."},{"sequence":"32","original_text":"矢部史郎・池上善彦. 2012.『放射能を食えというならそんな社会はいらない，ゼロベクレル派宣言』新評論."},{"sequence":"33","original_text":"山野良一. 2008.『子どもの最貧国・日本』光文社新書."},{"sequence":"34","original_text":"山下祐介・開沼博編. 2012.『「原発避難」論――避難の実像からセカンドタウン，故郷再生まで』明石書店."},{"sequence":"35","original_text":"山下祐介・吉田耕平・原田峻. 2012.「ある聞き書きから――原発から追われた町，富岡の記録」山下・開沼編:57-90."},{"sequence":"36","original_text":"吉田耕平. 2012.「原発避難と家族――移動・再会・離散の背景と経験」山下・開沼編:138-197"}]}}