{"status":"OK","apiType":"doi","apiVersion":"1.0.0","message":{"total":1,"rows":1,"totalPages":1,"page":1},"data":{"siteId":"SI/JST.JSTAGE","content_type":"JA","doi":"10.11218/ojjams.25.145","url":"https://doi.org/10.11218/ojjams.25.145","ra":"JaLC","prefix":"10.11218","site_name":"J-STAGE","publisher_list":[{"publisher_name":"Japanese Association For Mathematical Sociology","lang":"en"},{"publisher_name":"数理社会学会","lang":"ja"}],"title_list":[{"lang":"ja","title":"Free Riders とZealots の均衡"},{"lang":"en","title":"Equilibrium by Free Riders and Zealots"}],"creator_list":[{"sequence":"1","type":"person","names":[{"lang":"ja","last_name":"金子","first_name":"太郎"},{"lang":"en","last_name":"KANEKO","first_name":"Taro"}],"affiliation_list":[{"affiliation_name":"Facutly of Law<BR>Kagawa University","sequence":"1","lang":"en"},{"affiliation_name":"香川大学","sequence":"1","lang":"ja"}]}],"publication_date":{"publication_year":"2010"},"relation_list":[{"content":"https://www.jstage.jst.go.jp/article/ojjams/25/1/25_1_145/_pdf","type":"URL","relation":"fullTextPdf"}],"content_language":"ja","updated_date":"2017-03-23","article_type":"pub","journal_id_list":[{"journal_id":"0913-1442","type":"ISSN","issn_type":"print"},{"journal_id":"1881-6495","type":"ISSN","issn_type":"online"},{"journal_id":"ojjams","type":"JID"}],"journal_title_name_list":[{"journal_title_name":"Sociological Theory and Methods","type":"full","lang":"en"},{"journal_title_name":"Sociological Theory and Methods","type":"abbreviation","lang":"en"},{"journal_title_name":"理論と方法","type":"full","lang":"ja"},{"journal_title_name":"理論と方法","type":"abbreviation","lang":"ja"}],"journal_classification":"01","recorded_year":"1986-2013","volume":"25","issue":"1","first_page":"145","last_page":"160","date":"2010-10-03","keyword_list":[{"keyword":"N-person Chicken game","sequence":"1","lang":"en"},{"keyword":"Ｎ人チキンゲーム","sequence":"1","lang":"ja"},{"keyword":"types of preference","sequence":"2","lang":"en"},{"keyword":"選好のタイプ","sequence":"2","lang":"ja"},{"keyword":"Bayesian Nash equilibrium","sequence":"3","lang":"en"},{"keyword":"ベイアン・ナッシュ均衡","sequence":"3","lang":"ja"}],"citation_list":[{"sequence":"1","original_text":"Coleman,J.S. 1987. &ldquo;Free Riders and Zealots.&rdquo; in <I>Social Exchange Theory.</I>  ed.,by Karen S. Cook. Sage Publications."},{"sequence":"2","original_text":"Coleman,J.S. 1988. &ldquo;Free Riders and Zealots: The Role of Social Networks.&rdquo; <I>Sociological Theory,</I> Vol,6: 52-57"},{"sequence":"3","original_text":"Coleman,J.S. 1990. <I>Foundations of Social Theory.</I> The Belknap Press of Harvard University Press, Cambridge Massachusetts.（久慈利武（監訳）『社会理論の基礎』青木書店）"},{"sequence":"4","original_text":"金子太郎 2008 「バンドワゴンタイプ有権者と投票率」『公共選択の研究』 第50号 13-25"},{"sequence":"5","original_text":"木村邦博　2002 『大集団のジレンマ』 ミネルヴァ書房"},{"sequence":"6","original_text":"Marwell,Gerald and Pamela Oliver. 1993. <I>The Critical Mass in Collective Action A Micro-Social Theory.</I>  Cambridge University Press."},{"sequence":"7","original_text":"Oliver,Pamela E. 1993. &ldquo;Formal Models of Collective Action.&rdquo; <I>Annual Review of Sociology</I> 19 : 271-300"},{"sequence":"8","original_text":"Olson,M. 1971. <I>The Logic of Collective Action.</I> Harvard University Press.（依田博・森脇俊雅（訳）『集合行為論』 ミネルヴァ書房）"},{"sequence":"9","original_text":"Palfrey, Thomas and Howard Rosenthal. 1984. &ldquo;Participation and the Provision of Discrete Public Goods : A Strategic Analysis.&rdquo; <I>Journal of Public Economics.</I>24: 171-193."},{"sequence":"10","original_text":"Palfrey, Thomas and Howard Rosenthal. 1988. &ldquo;Private Incentives in Social Dilemmas  The Effects of Incomplete Information and Altruism.&rdquo; <I>Journal of Public Economics</I> 35: 309-332"},{"sequence":"11","original_text":"鈴木鉄忠 2006 「集合行為のジレンマにおける「連帯集団」の効果－「ｎ人チキンゲーム」によるゲーム理論的分析」『理論と方法』39 : 49-60"},{"sequence":"12","original_text":"Taylor,Michael and Hugh Ward. 1982. &ldquo;Chickens,Whales and Lumpy Goods : Alternative Models of Public Goods Provision.&rdquo; <I>Political Studies</I> 30(3): 350-370"}]}}