{"status":"OK","apiType":"doi","apiVersion":"1.0.0","message":{"total":1,"rows":1,"totalPages":1,"page":1},"data":{"siteId":"SI/JST.JSTAGE","content_type":"JA","doi":"10.11218/ojjams.21.199","url":"https://doi.org/10.11218/ojjams.21.199","ra":"JaLC","prefix":"10.11218","site_name":"J-STAGE","publisher_list":[{"publisher_name":"Japanese Association For Mathematical Sociology","lang":"en"},{"publisher_name":"数理社会学会","lang":"ja"}],"title_list":[{"lang":"ja","title":"経験主義から規範科学へ","subtitle":"数理社会学はなんの役に立つか"},{"lang":"en","title":"From Empiricism to Normative Science","subtitle":"What is Mathematical Sociology for?"}],"creator_list":[{"sequence":"1","type":"person","names":[{"lang":"ja","last_name":"盛山","first_name":"和夫"},{"lang":"en","last_name":"Seiyama","first_name":"Kazuo"}],"affiliation_list":[{"affiliation_name":"Graduate School of Humanity and Sociology University of Tokyo","sequence":"1","lang":"en"},{"affiliation_name":"東京大学","sequence":"1","lang":"ja"}]}],"publication_date":{"publication_year":"2006"},"relation_list":[{"content":"https://www.jstage.jst.go.jp/article/ojjams/21/2/21_2_199/_pdf","type":"URL","relation":"fullTextPdf"}],"content_language":"ja","updated_date":"2017-03-23","article_type":"pub","journal_id_list":[{"journal_id":"0913-1442","type":"ISSN","issn_type":"print"},{"journal_id":"1881-6495","type":"ISSN","issn_type":"online"},{"journal_id":"ojjams","type":"JID"}],"journal_title_name_list":[{"journal_title_name":"Sociological Theory and Methods","type":"full","lang":"en"},{"journal_title_name":"Sociological Theory and Methods","type":"abbreviation","lang":"en"},{"journal_title_name":"理論と方法","type":"full","lang":"ja"},{"journal_title_name":"理論と方法","type":"abbreviation","lang":"ja"}],"journal_classification":"01","recorded_year":"1986-2013","volume":"21","issue":"2","first_page":"199","last_page":"214","date":"2007-08-02","keyword_list":[{"keyword":"事実的秩序","sequence":"1","lang":"ja"},{"keyword":"factual order","sequence":"1","lang":"en"},{"keyword":"normative order","sequence":"2","lang":"en"},{"keyword":"規範的秩序","sequence":"2","lang":"ja"},{"keyword":"interpretation","sequence":"3","lang":"en"},{"keyword":"解釈","sequence":"3","lang":"ja"},{"keyword":"meaning-world","sequence":"4","lang":"en"},{"keyword":"意味世界","sequence":"4","lang":"ja"}],"citation_list":[{"sequence":"1","original_text":"Berger, Peter L., and Hansfried Kellner, 1981, Sociology Reinterpreted: An Essay on Methods and Vocation. Anchor Press. (森下伸也訳, 1987,『社会学再考－方法としての解釈』新曜社.)"},{"sequence":"2","original_text":"Coleman, James S., 1990, Foundations of Social Theory. Cambridge: The Belknap Press of Harvard University Press.(久慈武利訳, 2004,『社会理論の基礎 上』(前半の訳)青木書店.)"},{"sequence":"3","original_text":"Derrida, Jacques, 1990, Limited Inc. Editions Galil&eacute;e. (高橋哲哉他訳,2002,『有限責任会社』法政大学出版局.)"},{"sequence":"4","original_text":"土場学 他編(数理社会学会監修), 2004, 『社会を〈モデル〉でみる－数理社会学への招待』勁草書房．"},{"sequence":"5","original_text":"Dworkin, Ronald, 1986, Law's Empire. Harvard University Press.(小林公訳, 1995,『法の帝国』未来社.)"},{"sequence":"6","original_text":"Gadamer, Hans-Georg, 1960, Wahrheit und Methode: Grundz&uuml;ge einer philosophischen Hermeneutik. (轡田収・麻生建・三島憲一・北川東子・我田広之・大石紀一郎訳, 1986,『真理と方法I』法政大学出版局.)"},{"sequence":"7","original_text":"Parsons, Talcott, 1937, The Structure of Social Action, MacGraw-Hill. （稲上毅・厚東洋輔・溝部明男訳, 1974-1989,『社会的行為の構造 １～５』木鐸社.）"},{"sequence":"8","original_text":"Parsons, Talcott, 1978. Action Theory and the Human Condition. New York: Free Press. (徳安　彰 他訳,2002,『宗教の社会学』; 富永健一 他訳,2002,『人間条件のパラダイム』勁草書房.)"},{"sequence":"9","original_text":"Rorty, Richard, 1999, Philosophy and Social Hope. Penguin Books.(須藤訓任・渡辺啓真訳,2002,『リベラル・ユートピアという希望』岩波書店.)"},{"sequence":"10","original_text":"Sch&uuml;tz, Alfred, 1932, Der Sinnhafte Aufbau der Sozialen Welt. Wien: Springer Verlag.(佐藤嘉一訳, 1982,『社会的世界の意味構成』木鐸社.)"},{"sequence":"11","original_text":"Sch&uuml;tz, Alfred, 1973, Collected Papers I: The Problem of Social Reality. Hauge: Martinus Nijhoff.(渡部光 他訳,1985,『アルフレッド・シュッツ著作集 第２巻:社会的現実の問題［II］』マルジュ社.)"},{"sequence":"12","original_text":"Searle, John R., 1983, Intentionality: An Essay in the Philosophy of Mind. Cambridge University Press.(坂本百大監訳,1997,『志向性－心の哲学』誠信書房.)"},{"sequence":"13","original_text":"盛山和夫,1995,『制度論の構図』創文社."},{"sequence":"14","original_text":"盛山和夫, 2005,「構想としての探究－理論社会学の再生」,盛山・土場・野宮・織田編著『〈社会〉への知/現代社会学の理論と方法(上)』勁草書房."},{"sequence":"15","original_text":"盛山和夫, 2006,『リベラリズムとは何か－ロールズと正義の論理』勁草書房."},{"sequence":"16","original_text":"数土直紀・今田高俊編著, 2005,『数理社会学入門』(数理社会学シリーズ１)勁草書房."},{"sequence":"17","original_text":"Weber, Max, 1904, Die &raquo;Objeklivit&auml;t&laquo; Sozialwissenschaftlicher und Sozialpolitisher Erkenntnis.(富永祐治・立部保男訳, 折原 浩補訳,1998,『社会科学と社会政策に関わる認識の「客観性」』岩波文庫.)"},{"sequence":"18","original_text":"Weber, Max, 1920, Die Protestantische Ethik und der &raquo;Geist&laquo; des Kapitalismus.(大塚久雄訳, 1989,『プロテスタンティズムの倫理と資本主義の精神』岩波文庫.)"},{"sequence":"19","original_text":"Weber, Max, 1921, \"Soziologische Grundbegriffe,\" Wirtschaft und Gesellshaft, J. C. B. Mohr: I, 1-30. （阿閉・内藤訳, 1968, 『社会学の基礎概念』角川書店; 清水幾太郎訳, 1972, 『社会学の根本的概念』岩波書店.）"},{"sequence":"20","original_text":"Wrong, Dennis H., 1994, The Problem of Order: What Unites and Divides Society. Harvard University Press."}]}}