{"status":"OK","apiType":"doi","apiVersion":"1.0.0","message":{"total":1,"rows":1,"totalPages":1,"page":1},"data":{"siteId":"SI/JST.JSTAGE","content_type":"JA","doi":"10.11218/ojjams.10.1","url":"https://doi.org/10.11218/ojjams.10.1","ra":"JaLC","prefix":"10.11218","site_name":"J-STAGE","publisher_list":[{"publisher_name":"Japanese Association For Mathematical Sociology","lang":"en"},{"publisher_name":"数理社会学会","lang":"ja"}],"title_list":[{"lang":"ja","title":"非対称クラスター分析法による大学進学における都道府県間の関連の分析"},{"lang":"en","title":"An Asymmetric Cluster Analysis Study on University Enrollment Flow among Japanese Prefectures"}],"creator_list":[{"sequence":"1","type":"person","names":[{"lang":"ja","last_name":"岡太","first_name":"彬訓"},{"lang":"en","last_name":"OKADA","first_name":"Akinori"}],"affiliation_list":[{"affiliation_name":"School of Social Relations<BR>Rikkyo [St. Paul's] University","sequence":"1","lang":"en"},{"affiliation_name":"立教大学","sequence":"1","lang":"ja"}]},{"sequence":"2","type":"person","names":[{"lang":"ja","last_name":"岩本","first_name":"健良"},{"lang":"en","last_name":"IWAMOTO","first_name":"Takeyoshi"}],"affiliation_list":[{"affiliation_name":"Faculty of Letters<BR>Kanazawa University","sequence":"2","lang":"en"},{"affiliation_name":"金沢大学","sequence":"2","lang":"ja"}]}],"publication_date":{"publication_year":"1995"},"relation_list":[{"content":"https://www.jstage.jst.go.jp/article/ojjams/10/1/10_1/_pdf","type":"URL","relation":"fullTextPdf"}],"content_language":"ja","updated_date":"2016-08-25","article_type":"pub","journal_id_list":[{"journal_id":"0913-1442","type":"ISSN","issn_type":"print"},{"journal_id":"1881-6495","type":"ISSN","issn_type":"online"},{"journal_id":"ojjams","type":"JID"}],"journal_title_name_list":[{"journal_title_name":"Sociological Theory and Methods","type":"full","lang":"en"},{"journal_title_name":"Sociological Theory and Methods","type":"abbreviation","lang":"en"},{"journal_title_name":"理論と方法","type":"full","lang":"ja"},{"journal_title_name":"理論と方法","type":"abbreviation","lang":"ja"}],"journal_classification":"01","recorded_year":"1986-2013","volume":"10","issue":"1","first_page":"1","last_page":"13","date":"2016-08-26","keyword_list":[{"keyword":"university migration","sequence":"1","lang":"en"},{"keyword":"大学進学移動","sequence":"1","lang":"ja"},{"keyword":"asymmetric similarity","sequence":"2","lang":"en"},{"keyword":"非対称類似度","sequence":"2","lang":"ja"},{"keyword":"self similarity","sequence":"3","lang":"en"},{"keyword":"自己類似度","sequence":"3","lang":"ja"}],"citation_list":[{"sequence":"1","original_text":"Arabie, P., and L. Hubert. in press. &ldquo;Cluster Analysis in Marketing Research.&rdquo; In <O>Handbook of Marketing Research</I>, edited by R.P. Bagozzi. Oxford: Blackwell."},{"sequence":"2","original_text":"馬場康雄. 1992.「親近性に基づく分析法の応用」駒沢勉（編）『数量化理論』放送大学教育振興会：121-133."},{"sequence":"3","original_text":"Baker, F. B. 1974. &ldquo;Stability of Two Hierarchical Grouping Techniques, Case I: Sensitivity to Data Errors.&rdquo; <I>Journal of the American Statistical Association</I> 69: 440-445."},{"sequence":"4","original_text":"Baker, F. B., and L. Hubert. 1975. &ldquo;Measuring the Power of Hierarchical Clustering.&rdquo; <I>Journal of the American Statistical Association</I> 70: 31-38."},{"sequence":"5","original_text":"Blashfield, R. K. 1976. &ldquo;Mixture Model Tests of Cluster Analysis: Accuracy of Four Agglomerative Hierarchical Methods.&rdquo; <I>Psychological Bulletin</I> 83: 377-388."},{"sequence":"6","original_text":"Feger, H., and D. P. Boeck. 1993. &ldquo;Categories and Concepts: Introduction to Data Analysis.&rdquo; In <I>Categories and Concepts: Theoretical Views and Inductive Data Analysis</I>. edited by I. V. Mechelen, J. Hampton, &amp; R. S. Michalski. London: Academic Press: 203-223,"},{"sequence":"7","original_text":"藤原秀雄. 1980.「非対称測度と等質性係数を用いたクラスタ分析法」『行動計量学』7 (2): 12-21."},{"sequence":"8","original_text":"Hubert, L. 1973. &ldquo;Min and Max Hierarchical Clustering Using Asymmetric Similarity Measures.&rdquo; <I>Psychometrika</I> 38: 63-72."},{"sequence":"9","original_text":"Ishikawa, Y. 1987. &ldquo;An Empirical Study of the Computing Destinations Model Using Japanese Interaction Data.&rdquo; <I>Environment and Planning A</I> 19: 1359-1373."},{"sequence":"10","original_text":"石川義孝. 1988.『空間的相互作用モデル―その系譜と体系―』地人書房."},{"sequence":"11","original_text":"岩田弘三・岩坪秀一. 1988.「受験機会の複数化にともなう地理的流動性―昭和61年度以前の地理的志願動向との比較をとおして―」『大学入試センター研究紀要』17: 29-100."},{"sequence":"12","original_text":"Johnson, S. C. 1967. &ldquo;Hierarchical Clustering Schemes.&rdquo; <I>Psychometrika</I> 32: 241-254."},{"sequence":"13","original_text":"Knoke, D., and J. H. Kuklinski. 1982. <I>Network Analysis</I>. Beverly Hills, CA: Sage."},{"sequence":"14","original_text":"丸山哲央. 1987.「高校卒業者の進学と地域移動」『金城学院大学論集社会科学編』30: 39-77."},{"sequence":"15","original_text":"三上美智子. 1979.「進学移動」伊東達也・内藤博夫・山口不二雄（編著）『人口移動の地域構造』大明堂, pp. 94-105."},{"sequence":"16","original_text":"Milligan, G. W. 1981. &ldquo;A Monte Carlo Study of Thirty Internal Criteron Measures for Cluster Analysis.&rdquo; <I>Psychometrika</I> 46: 187-199."},{"sequence":"17","original_text":"Milligan, G. W., and M. C. Cooper. 1988. &ldquo;A Study of Standardization of Variables in Cluster Analysis.&rdquo; <I>Journal of Classification</I> 5: 181-204."},{"sequence":"18","original_text":"文部省. 1976.『昭和49年度学校基本調査報告書（高等教育機関）』大蔵省印刷局."},{"sequence":"19","original_text":"文部省. 1977.『昭和50年度学校基本調査報告書（高等教育機関）』大蔵省印刷局."},{"sequence":"20","original_text":"文部省. 1978.『昭和51年度学校基本調査報告書（高等教育機関）』大蔵省印刷局."},{"sequence":"21","original_text":"文部省. 1979.『昭和52年度学校基本調査報告書（高等教育機関）』大蔵省印刷局."},{"sequence":"22","original_text":"文部省. 1983a.『昭和56年度学校基本調査報告書（高等教育機関）』大蔵省印刷局."},{"sequence":"23","original_text":"文部省. 1983b.『昭和57年度学校基本調査報告書（高等教育機関）』大蔵省印刷局."},{"sequence":"24","original_text":"文部省. 1984.『昭和58年度学校基本調査報告書（高等教育機関）』大蔵省印刷局."},{"sequence":"25","original_text":"文部省. 1985.『昭和59年度学校基本調査報告書（高等教育機関）』大蔵省印刷局."},{"sequence":"26","original_text":"牟田博光. 1986.「大学・短大進学に伴う地域間移動の時系列分析」『大学論集』16: 181-197."},{"sequence":"27","original_text":"長坂政伸. 1990.「大学入学者の地域的動向からみた特色」『教育論叢』2(1): 1-16."},{"sequence":"28","original_text":"岡太彬訓. 1992.「非対称データのクラスター分析の表現法」『第60回日本統計学会講演報告集』157-158."},{"sequence":"29","original_text":"岡太彬訓・荒川治久. 1993.「自己類似度を含む非対称データ法―都道府県間電話通話量の分析への応用―」『第15回数理社会学会研究報告要旨集』21-24."},{"sequence":"30","original_text":"岡太彬訓・岩本健良. 1993.「非対称クラスター分析法―樹状図への表現―」『第61回日本統計学会講演報告集』35-36."},{"sequence":"31","original_text":"岡村幸一郎・甲元陽一. 1980.「大学入学時学生流動の分析」『都市計画』112: 87-92."},{"sequence":"32","original_text":"大藪和雄・正岡利朗. 1988.「人口移動のデータ分析―最近の新規高卒者の進学・就職動向―」『香川大学経済論叢』61: 363-386."},{"sequence":"33","original_text":"Slater, P. B. 1976a. &ldquo;A Hierarchical Regionalization of Japanese Prefectures Using 1972 Interprefectural Migration Flows.&rdquo; <I>Regional Studies</I> 10: 123-132."},{"sequence":"34","original_text":"Slaer, P. B. 1976b. &ldquo;The Use of State-to-State College Migration Data in Developing a Hierarchy of Higher Educational Regions.&rdquo; <I>Research in Higher Education</I> 4: 305-315."},{"sequence":"35","original_text":"Sneath, P. H. A. 1957. &ldquo;The application of computers to taxonomy.&rdquo; <I>Journal of General Microbiology</I> 17: 201-226."},{"sequence":"36","original_text":"Sokal, R. R., and P. H. A. Sneath. 1963. <I>Principles of Numerical Taxonomy</I>. San Francisco, CA: W. H. Freeman."},{"sequence":"37","original_text":"矢野眞和・小林信一. 1989.「大学立地の分析―偏在性と階層性―」『大学研究』4: 129-164."},{"sequence":"38","original_text":"吉本圭一. 1993.「都道府県別にみた大学・短大進学と地域移動」『教育と情報』420: 2-9."}]}}