{"status":"OK","apiType":"doi","apiVersion":"1.0.0","message":{"total":1,"rows":1,"totalPages":1,"page":1},"data":{"siteId":"SI/JST.JSTAGE","content_type":"JA","doi":"10.11218/ojjams.25.81","url":"https://doi.org/10.11218/ojjams.25.81","ra":"JaLC","prefix":"10.11218","site_name":"J-STAGE","publisher_list":[{"publisher_name":"Japanese Association For Mathematical Sociology","lang":"en"},{"publisher_name":"数理社会学会","lang":"ja"}],"title_list":[{"lang":"ja","title":"社会階層と食生活","subtitle":"―健康への影響の分析―"},{"lang":"en","title":"Social Stratification and Food:","subtitle":"Analyses of Effects on Health"}],"creator_list":[{"sequence":"1","type":"person","names":[{"lang":"ja","last_name":"小林","first_name":"盾"},{"lang":"en","last_name":"KOBAYASHI","first_name":"Jun"}],"affiliation_list":[{"affiliation_name":"Depatment of Contemporary Societies<BR>Seikei University","sequence":"1","lang":"en"},{"affiliation_name":"成蹊大学","sequence":"1","lang":"ja"}]}],"publication_date":{"publication_year":"2010"},"relation_list":[{"content":"https://www.jstage.jst.go.jp/article/ojjams/25/1/25_1_81/_pdf","type":"URL","relation":"fullTextPdf"}],"content_language":"ja","updated_date":"2017-03-23","article_type":"pub","journal_id_list":[{"journal_id":"0913-1442","type":"ISSN","issn_type":"print"},{"journal_id":"1881-6495","type":"ISSN","issn_type":"online"},{"journal_id":"ojjams","type":"JID"}],"journal_title_name_list":[{"journal_title_name":"Sociological Theory and Methods","type":"full","lang":"en"},{"journal_title_name":"Sociological Theory and Methods","type":"abbreviation","lang":"en"},{"journal_title_name":"理論と方法","type":"full","lang":"ja"},{"journal_title_name":"理論と方法","type":"abbreviation","lang":"ja"}],"journal_classification":"01","recorded_year":"1986-2013","volume":"25","issue":"1","first_page":"81","last_page":"93","date":"2010-10-03","keyword_list":[{"keyword":"Social stratification","sequence":"1","lang":"en"},{"keyword":"社会階層","sequence":"1","lang":"ja"},{"keyword":"food","sequence":"2","lang":"en"},{"keyword":"食生活","sequence":"2","lang":"ja"},{"keyword":"health","sequence":"3","lang":"en"},{"keyword":"健康","sequence":"3","lang":"ja"},{"keyword":"health","sequence":"4","lang":"en"},{"keyword":"野菜","sequence":"4","lang":"ja"},{"keyword":"health seaweed","sequence":"5","lang":"en"},{"keyword":"海藻","sequence":"5","lang":"ja"}],"citation_list":[{"sequence":"1","original_text":"秋永雄一. 1991. 「文化のヒエラルキーと教育の機能」宮島喬・藤田英典（編）『文化と社会―差異化・構造化・再生産―』有信堂高文社. 21-34."},{"sequence":"2","original_text":"Bourdieu, P. 1979. <I>La Distinction: Critique Social du Jugement.</I> Minuit. ＝1990. 石井洋二郎（訳）『ディスタンクシオン─社会的判断力批判─』I，II. 藤原書店."},{"sequence":"3","original_text":"Bourdieu, P. 1986. &ldquo;The Forms of Capital.&rdquo; Pp. 241-58 in <I>Handbook of Theory and Research for the Sociology of Education,</I> edited by J. G. Richardson. Greenwood."},{"sequence":"4","original_text":"Bourdieu, P. and J. Passeron. 1970. <I>La Reproduction: &Eacute;l&eacute;ments pour une th&eacute;orie du syst&eacute;me d&rsquo;enseignement.</I> Minuit. ＝1991. 宮島喬（訳）『再生産─教育・社会・文化─』藤原書店."},{"sequence":"5","original_text":"Brillat-Savarin, J. A. 1825. <I>Physiologie du Go&ucirc;t.</I> ＝1967. 関根秀雄・戸部松実（訳）『美味礼讃』上下. 岩波書店."},{"sequence":"6","original_text":"福原俊一・鈴鴨よしみ. 2005. 「健康関連QOL尺度―SF-8とSF-36―」『医学の歩み』213: 133-36."},{"sequence":"7","original_text":"五明紀春（監修）. 2009. 『食材の基本がわかる図解事典』成美堂出版."},{"sequence":"8","original_text":"橋本健二. 2008. 『居酒屋ほろ酔い考現学』毎日新聞社."},{"sequence":"9","original_text":"石田浩. 2006. 「健康と格差―少子高齢化の背後にあるもの―」白波瀬佐和子（編）『変化する社会の不平等─少子高齢化にひそむ格差─』東京大学出版会. 137-63."},{"sequence":"10","original_text":"片岡栄美. 2000. 「文化的寛容性と象徴的境界─現代の文化資本と階層再生産─」今田高俊（編）『社会階層のポストモダン』東京大学出版会. 181-220."},{"sequence":"11","original_text":"片瀬一男. 2008. 「学歴階層と健康リスク関連行動」菅野剛（編）『階層と生活格差』2005年SSM調査シリーズ10. 29-41."},{"sequence":"12","original_text":"Kawachi, I. and B. P. Kennedy. 2002. <I>The Health of Nations: Why Inequality Is Harmful to Your Health.</I> New Press. ＝2004. 西信雄・高尾総司・中山健夫（監訳）『不平等が健康を損なう』日本評論社."},{"sequence":"13","original_text":"小林盾. 2008. 「学歴か縁故か―初職と転職への効果―」『成蹊大学文学部紀要』43: 121-34."},{"sequence":"14","original_text":"小林盾. 2010. 「社会階層と海藻格差─文化資本としての食生活─」『第49回数理社会学会大会研究報告要旨集』76-9."},{"sequence":"15","original_text":"Mennell, S., A. Murcott, and A. H. Van Otterloo. 1993. <I>The Sociology of Food: Eating, Diet and Culture.</I> Sage."},{"sequence":"16","original_text":"三浦展. 2009. 『貧困肥満─下流ほど太る新階級社会─』扶桑社."},{"sequence":"17","original_text":"宮島喬・藤田英典（編）. 1991. 『文化と社会―差異化・構造化・再生産―』有信堂高文社."},{"sequence":"18","original_text":"中井美樹. 2008. 「階層化，ジェンダー化された消費ライフスタイルと文化資本」菅野剛（編）『階層と生活格差』2005年SSM調査シリーズ10. 1-28."},{"sequence":"19","original_text":"大房剛. 1985. 『シー・ベジタブル―健康のための海藻読本―』講談社."},{"sequence":"20","original_text":"Peterson, R. A. and R. M. Kern. 1996. &ldquo;Changing Highbrow Taste: From Snob to Omnivore.&rdquo; <I>American Sociological Review</I> 61: 900-7."},{"sequence":"21","original_text":"Peterson, R. A. and A. Simkus. 1992. &ldquo;How Musical Tastes Mark Occupational Status Groups.&rdquo; Pp. 152-86 in <I>Cultivating Differences,</I> edited by M. Lamont and M. Fournier. University of Chicago Press."},{"sequence":"22","original_text":"佐藤裕子・山根真理. 2008. 「『食』と社会階層に関する研究―高校生に対する『食生活と家族関係』についての調査から―」『愛知教育大学家政教育講座研究紀要』38: 83-98."},{"sequence":"23","original_text":"高橋素子・篠原温. 2001. 『Q＆A野菜の全疑問―八百屋さんも知らないその正体―』講談社."},{"sequence":"24","original_text":"Veblen, T. 1899. <I>The Theory of the Leisure Class: An Economic Study in the Evolution of Institutions.</I> ＝1998. 高哲男（訳）『有閑階級の理論―制度の進化に関する経済学的研究―』筑摩書房."}]}}