{"status":"OK","apiType":"doi","apiVersion":"1.0.0","message":{"total":1,"rows":1,"totalPages":1,"page":1},"data":{"siteId":"SI/JST.JSTAGE","content_type":"JA","doi":"10.11218/ojjams.25.31","url":"https://doi.org/10.11218/ojjams.25.31","ra":"JaLC","prefix":"10.11218","site_name":"J-STAGE","publisher_list":[{"publisher_name":"Japanese Association For Mathematical Sociology","lang":"en"},{"publisher_name":"数理社会学会","lang":"ja"}],"title_list":[{"lang":"ja","title":"中学生の人間関係の認知・評価と一般的信頼"},{"lang":"en","title":"Junior High School Students&rsquo; Recognition and Evaluation of Human Relations and General Trust"}],"creator_list":[{"sequence":"1","type":"person","names":[{"lang":"ja","last_name":"辻","first_name":"竜平"},{"lang":"en","last_name":"TSUJI","first_name":"Ryuhei"}],"affiliation_list":[{"affiliation_name":"Shinshu University","sequence":"1","lang":"en"},{"affiliation_name":"信州大学","sequence":"1","lang":"ja"}]},{"sequence":"2","type":"person","names":[{"lang":"ja","last_name":"針原","first_name":"素子"},{"lang":"en","last_name":"HARIHARA","first_name":"Motoko"}],"affiliation_list":[{"affiliation_name":"Japan Society for the Promotion of Science","sequence":"2","lang":"en"},{"affiliation_name":"日本学術振興会","sequence":"2","lang":"ja"}]}],"publication_date":{"publication_year":"2010"},"relation_list":[{"content":"https://www.jstage.jst.go.jp/article/ojjams/25/1/25_1_31/_pdf","type":"URL","relation":"fullTextPdf"}],"content_language":"ja","updated_date":"2017-03-23","article_type":"pub","journal_id_list":[{"journal_id":"0913-1442","type":"ISSN","issn_type":"print"},{"journal_id":"1881-6495","type":"ISSN","issn_type":"online"},{"journal_id":"ojjams","type":"JID"}],"journal_title_name_list":[{"journal_title_name":"Sociological Theory and Methods","type":"full","lang":"en"},{"journal_title_name":"Sociological Theory and Methods","type":"abbreviation","lang":"en"},{"journal_title_name":"理論と方法","type":"full","lang":"ja"},{"journal_title_name":"理論と方法","type":"abbreviation","lang":"ja"}],"journal_classification":"01","recorded_year":"1986-2013","volume":"25","issue":"1","first_page":"31","last_page":"47","date":"2010-10-03","keyword_list":[{"keyword":"中学生","sequence":"1","lang":"ja"},{"keyword":"一般的信頼","sequence":"2","lang":"ja"},{"keyword":"還元アプローチ","sequence":"3","lang":"ja"},{"keyword":"トライアド・テスト","sequence":"4","lang":"ja"},{"keyword":"認知と評価","sequence":"5","lang":"ja"}],"citation_list":[{"sequence":"1","original_text":"Bernard, H. R. 2007. <I>Research Methods in Anthropology</I> (4th Edition). Walnut Creek, CA: AltaMira Press."},{"sequence":"2","original_text":"Borgatti, S. 1992. <I>Anthropac</I>. 4.0. Columbia, SC: Analytic Technologies."},{"sequence":"3","original_text":"Burton, M. L. and S. B. Nerlove. 1976. &ldquo;Balanced Design for Triad Tests,&rdquo; <I>Social Science Research,</I> 5: 247-267."},{"sequence":"4","original_text":"Fiske, S. T. 1980. &ldquo;Attention and Weight in Person Perception: The Impact of Negative and Extreme Information,&rdquo; <I>Journal of Personality and Social Psychology,</I> 38: 889-906."},{"sequence":"5","original_text":"稲垣佑典．2009．「都市部と村落部における信頼生成過程の検討」『社会心理学研究』25(2): 92-102."},{"sequence":"6","original_text":"石黒格．2003．「スノーボール・サンプリング法による大規模調査とその有効性について：02弘前調査データを用いた一般的信頼概念の検討」『弘前大学人文学部人文社会論叢（社会科学篇）』9: 85-98."},{"sequence":"7","original_text":"Kelly, G. A. 1955. <I>The Psychology of Personal Constructs.</I> NY: Norton."},{"sequence":"8","original_text":"菊地雅子・渡邊席子・山岸俊男．1997．「他者の信頼性判断の正確さと一般的信頼：実験研究」『実験社会心理学研究』37(1): 23-36."},{"sequence":"9","original_text":"清成透子・山岸俊男．1996．「コミットメント形成による部外者に対する信頼の低下」『実験社会心理学研究』36(1): 56-67."},{"sequence":"10","original_text":"小杉素子・山岸俊男．1998．「一般的信頼と信頼性判断」『心理学研究』69(5): 349-357."},{"sequence":"11","original_text":"三宅一郎．1998．「信頼感」．統計数理研究所・国民性交際調査委員会編．『国民性七か国比較』出光書店，133-140."},{"sequence":"12","original_text":"Romney, A. K. and R. G. D'Andrade. 1964. &ldquo;Cognitive Aspects of English Kin Terms,&rdquo; <I>American Anthropologist,</I> 66: 146-170."},{"sequence":"13","original_text":"辻竜平・針原素子．2002．「都市と村落の社会的ネットワークと一般的信頼」日本社会心理学会第43回大会．"},{"sequence":"14","original_text":"辻竜平・針原素子．2003．「『小さな世界』における信頼関係と社会秩序」『理論と方法』18(1): 15-31．"},{"sequence":"15","original_text":"辻竜平．2004．「ゲマインシャフトとゲゼルシャフトの構造：テンニースの2概念をつなぐネットワーク・モデル」．三隅一人編．『社会学の古典理論：数理で蘇る巨匠たち』勁草書房，39-63．"},{"sequence":"16","original_text":"辻竜平・針原素子．2008．「新潟県中越地震におけるパーソナル・ネットワークと一般的信頼の変化：震災前後のパネル調査を用いて」『社会学研究』84: 69-102．"},{"sequence":"17","original_text":"山岸俊男．1998．『信頼の構造：こころと社会の進化ゲーム』東京大学出版会．"},{"sequence":"18","original_text":"Yamagishi, T., Cook, K. S., and Watabe, M. 1998. &ldquo;Uncertainty, Trust and Commitment Formation in the United States and Japan,&rdquo; <I>American Journal of Sociology,</I> 104(1): 165-194."},{"sequence":"19","original_text":"Yamagishi, T., and Yamagishi, M. 1994. &ldquo;Trust and Commitment in the United States and Japan,&rdquo; <I>Motivation and Emotion,</I> 18(2): 129-166."},{"sequence":"20","original_text":"Yosano, A. and Hayashi, N. 2005. &ldquo;Social Stratification, Intermediary Groups and Creation of Trustfulness,&rdquo; <I>Sociological Theory and Methods, </I>20(1): 27-44."}]}}