{"status":"OK","apiType":"doi","apiVersion":"1.0.0","message":{"total":1,"rows":1,"totalPages":1,"page":1},"data":{"siteId":"SI/JST.JSTAGE","content_type":"JA","doi":"10.11218/ojjams.24.301","url":"https://doi.org/10.11218/ojjams.24.301","ra":"JaLC","prefix":"10.11218","site_name":"J-STAGE","publisher_list":[{"publisher_name":"Japanese Association For Mathematical Sociology","lang":"en"},{"publisher_name":"数理社会学会","lang":"ja"}],"title_list":[{"lang":"ja","title":"二者関係における社会的動機の公理論的導出","subtitle":"―利他性と平等性の潜在性―"},{"lang":"en","title":"An Axiomatic System of Social Motivations in Dyadic Relation:","subtitle":"Potential Existence of Altruism and Egalitarianism"}],"creator_list":[{"sequence":"1","type":"person","names":[{"lang":"ja","last_name":"武藤","first_name":"正義"},{"lang":"en","last_name":"MUTO","first_name":"Masayoshi"}],"affiliation_list":[{"affiliation_name":"College of Systems Engineering and Science<BR>Shibaura Institute of Technology","sequence":"1","lang":"en"},{"affiliation_name":"芝浦工業大学","sequence":"1","lang":"ja"}]}],"publication_date":{"publication_year":"2009"},"relation_list":[{"content":"https://www.jstage.jst.go.jp/article/ojjams/24/2/24_2_301/_pdf","type":"URL","relation":"fullTextPdf"}],"content_language":"ja","updated_date":"2017-03-23","article_type":"pub","journal_id_list":[{"journal_id":"0913-1442","type":"ISSN","issn_type":"print"},{"journal_id":"1881-6495","type":"ISSN","issn_type":"online"},{"journal_id":"ojjams","type":"JID"}],"journal_title_name_list":[{"journal_title_name":"Sociological Theory and Methods","type":"full","lang":"en"},{"journal_title_name":"Sociological Theory and Methods","type":"abbreviation","lang":"en"},{"journal_title_name":"理論と方法","type":"full","lang":"ja"},{"journal_title_name":"理論と方法","type":"abbreviation","lang":"ja"}],"journal_classification":"01","recorded_year":"1986-2013","volume":"24","issue":"2","first_page":"301","last_page":"316","date":"2010-03-30","keyword_list":[{"keyword":"caring","sequence":"1","lang":"en"},{"keyword":"他者への配慮","sequence":"1","lang":"ja"},{"keyword":"interpersonal payoff comparison","sequence":"2","lang":"en"},{"keyword":"利得の個人間比較","sequence":"2","lang":"ja"},{"keyword":"increasing affine transformation","sequence":"3","lang":"en"},{"keyword":"正アフィン変換","sequence":"3","lang":"ja"}],"citation_list":[{"sequence":"1","original_text":"Bolle, F. 2002. &ldquo;Altruism, Beckerian Altruism, or Intended Reciprocity: Remarks on an Experiment by Selten and Ockenfes.&rdquo; Discussion Paper 182. mimeo."},{"sequence":"2","original_text":"Bolton, G. 1991. &ldquo;A Comparative Model of Bargaining: Theory and Evidence.&rdquo; <I>American Economic review</I> 81: 1096-1136."},{"sequence":"3","original_text":"Bolton, G. and A. Ockenfels. 2001. &ldquo;A Theory of Equity, Reciprocity and Competition.&rdquo; <I>American Economic Review</I> 90: 166-193."},{"sequence":"4","original_text":"土場学. 1995. 「社会的価値と合理性」『理論と方法』10(2): 115-132."},{"sequence":"5","original_text":"Edgeworth, F.Y.1881. <I>Mathematical Physics</I>. London: P. Kegan."},{"sequence":"6","original_text":"Fehr, E. and K. M. Schmidt. 1999. &ldquo;A Theory of Fairness, Competition, and Cooperation.&rdquo; <I>Quarterly Journal of Economics</I> 114(3): 817-868."},{"sequence":"7","original_text":"Friedkin, Noah E. and Eugene C. Johnsen. 1990. &ldquo;Social Influence and Opinions.&rdquo; <I>Journal of Mathematical Sociology</I> 15(3-4): 195-205."},{"sequence":"8","original_text":"Griesinger, D. W. and  J. W. Livingstone Jr. 1973. &ldquo;Toward a Model of Interpersonal Motivation in Experimental Games.&rdquo; <I>Behavioral Science</I>, 18:173-188."},{"sequence":"9","original_text":"小林盾. 1999. 「多様な評価原理からの全員一致」『理論と方法』14(1):125-140."},{"sequence":"10","original_text":"小林盾. 2000. 「合意形成における評価戦略の進化」『理論と方法』15(1):181-196."},{"sequence":"11","original_text":"Kerry, H. H. and J. Thibaut. 1978. <I>Interpersonal Relations: A Theory of Interdependence</I>. New York: Wiley."},{"sequence":"12","original_text":"Knight, G. P., A. F. Dubro and C. Chao. 1985. &ldquo;Information Processing and the Development of Cooperative, Competitive, and Individualistic Social Values.&rdquo; <I>Developmental Psychology</I> 21: 37-45."},{"sequence":"13","original_text":"Levine, D. K. 1998. &ldquo;Modeling Altruism and Spitefulness in Experiments.&rdquo; <I>Review of Economic Dynamics</I>, 1: 593-622."},{"sequence":"14","original_text":"McClintock, C. G. 1972. &ldquo;Social Motivation: A Set of Propositions.&rdquo; <I>Behavioral Science</I> 17: 438-454."},{"sequence":"15","original_text":"McClintock, C. G. and E. van Avermaet 1982. &ldquo;Social Values and Rules of Fairness: A theoretical Perspective.&rdquo; V. J. Derlga and J. Grzelak (eds.) <I>Cooperation and Helping Behavior: Theories and Research</I>. New York: Academic Press: 43-71."},{"sequence":"16","original_text":"Messick, D and C, McClintock 1968, &ldquo;Motivational Bases of Choice in Experimental Games,&rdquo; <I>Journal of Experimental Social Psychology</I> 4:1-25."},{"sequence":"17","original_text":"森久美子. 1998. 「囚人のジレンマゲームにおける社会的価値志向性と利得構造認知」『実験社会心理学研究』38(1): 48-62."},{"sequence":"18","original_text":"森久美子. 2006. 『社会的交換における協力生起過程―囚人のジレンマを用いた実験研究による検討』風間書房."},{"sequence":"19","original_text":"武藤正義. 2006a.「二者関係における配慮の仕方の公理論的導出」今田高俊・武藤正義編『エージェントベースの社会システム理論をめざして』（CABSSS講究録シリーズ Vol.1） 東京工業大学: 63-75．"},{"sequence":"20","original_text":"武藤正義. 2006b. 「多様な社会的動機の基礎理論―利他性と平等性の視点から」『理論と方法』21(1): 63-76."},{"sequence":"21","original_text":"Neilson, W. 2003. &ldquo;An Axiomatic Characterization of the Fehr-Schmidt Model of Inequity Aversion.&rdquo; Working Paper, Texas A&amp;M University."},{"sequence":"22","original_text":"岡田章. 1996. 『ゲーム理論』有斐閣."},{"sequence":"23","original_text":"Sen, A. K. 1977. &ldquo;Rational Fools: A Critique of the Behavioral Foundations of Economic Theory.&rdquo; <I>Philosophy and Public Affairs</I> 6, reprinted in 1982, <I>Choice, Welfare and Measurement</I>, Oxford: Blackwell. =1989.大庭健・川本隆史訳.「合理的な愚か者」『合理的な愚か者』第4章 勁草書房.）"},{"sequence":"24","original_text":"Shulz, U and T. May. 1989. &ldquo;The Recording of Social Orientations with Ranking and Pair Comparison Procedures.&rdquo; <I>European Journal of Social Psychology</I> 19: 41-59."},{"sequence":"25","original_text":"海野道郎. 1993. 「合理的選択理論の基礎概念」海野道朗編『社会的ジレンマに関する数理社会学的研究』科学研究費補助金研究成果報告書: 1-18."}]}}