{"status":"OK","apiType":"doi","apiVersion":"1.0.0","message":{"total":1,"rows":1,"totalPages":1,"page":1},"data":{"siteId":"SI/JST.JSTAGE","content_type":"JA","doi":"10.11218/ojjams.28.337","url":"https://doi.org/10.11218/ojjams.28.337","ra":"JaLC","prefix":"10.11218","site_name":"J-STAGE","publisher_list":[{"publisher_name":"Japanese Association For Mathematical Sociology","lang":"en"},{"publisher_name":"数理社会学会","lang":"ja"}],"title_list":[{"lang":"en","title":"Risk Aversion or Simple Entering?","subtitle":"Considering Relative Risk Aversion in Inequality of Educational Attainment"},{"lang":"ja","title":"下降回避か, 単純進学か","subtitle":"教育達成の階層間格差における下降回避仮説の検討"}],"creator_list":[{"sequence":"1","type":"person","names":[{"lang":"en","last_name":"KEZUKA","first_name":"Kazuhiro"},{"lang":"ja","last_name":"毛塚","first_name":"和宏"}],"affiliation_list":[{"affiliation_name":"No Affiliation","sequence":"1","lang":"en"},{"affiliation_name":"無所属","sequence":"1","lang":"ja"}]}],"publication_date":{"publication_year":"2013"},"relation_list":[{"content":"https://www.jstage.jst.go.jp/article/ojjams/28/2/28_337/_pdf","type":"URL","relation":"fullTextPdf"}],"content_language":"ja","updated_date":"2014-12-09","article_type":"pub","journal_id_list":[{"journal_id":"0913-1442","type":"ISSN","issn_type":"print"},{"journal_id":"1881-6495","type":"ISSN","issn_type":"online"},{"journal_id":"ojjams","type":"JID"}],"journal_title_name_list":[{"journal_title_name":"Sociological Theory and Methods","type":"full","lang":"en"},{"journal_title_name":"Sociological Theory and Methods","type":"abbreviation","lang":"en"},{"journal_title_name":"理論と方法","type":"full","lang":"ja"},{"journal_title_name":"理論と方法","type":"abbreviation","lang":"ja"}],"journal_classification":"01","recorded_year":"1986-2013","volume":"28","issue":"2","first_page":"337","last_page":"354","date":"2014-09-05","keyword_list":[{"keyword":"相対的リスク回避","sequence":"1","lang":"ja"},{"keyword":"relative risk aversion","sequence":"1","lang":"en"},{"keyword":"教育達成の不平等","sequence":"2","lang":"ja"},{"keyword":"inequality of educational attainment","sequence":"2","lang":"en"},{"keyword":"学歴インフレ","sequence":"3","lang":"ja"},{"keyword":"credential inflation","sequence":"3","lang":"en"}],"citation_list":[{"sequence":"1","original_text":"荒牧草平. 2010.「教育の階級差生成メカニズムに関する研究の検討――相対的リスク回避仮説に注目して」『群馬大学教育学部紀要（人文・社会科学編）』59: 167-180."},{"sequence":"2","original_text":"Boudon, Raymond. 1973. <I>L&prime;In&eacute;galit&eacute; des Chances,La mobilit&eacute; sociale dans les soci&eacute;t&eacute;s industriellse.</I> Paris:Librarie Armad Colin. = 1983. 杉本一郎・山本剛郎・草壁八郎訳『機会の不平等――産業社会における教育と社会移動』新曜社."},{"sequence":"3","original_text":"Breen, Richard and John H. Goldthorpe. 1997. &ldquo;Explaining Educational Differentials:Toward a Formal Rational Action Theory.&rdquo; <I>Rationality and Society</I> 9 (3): 275-305."},{"sequence":"4","original_text":"Breen, Richard and Meir Yaish. 2006. &ldquo;Testing the Breen-Goldthorpe Model of Educational Decision Making.&rdquo; Stephen L. Morgen, David B. Grusky and Gary S. Fields eds., <I>Mobility and Inequality,</I> California:Stanford University Press, 232-258."},{"sequence":"5","original_text":"Davies, Richard, Eskil Heinesen and Anders Holm. 2002. &ldquo;The Relative Risk Aversion Hypothesis of Educational Choice.&rdquo; <I>Journal of Population Economics</I>15 (4): 683-713."},{"sequence":"6","original_text":"Dore, Ronald P. 1976. <I>The Diploma Disease: Education, Qualification and Development.</I> London:George Allen &amp; Unwin. = 1978. 松居弘道訳『学歴社会――新しい文明病』岩波書店."},{"sequence":"7","original_text":"藤原翔. 2011.「Breen and Goldthorpe の相対的リスク回避仮説の検証――父親の子どもに対する職業・教育期待を用いた計量分析」『社会学評論』62 (1): 18-35."},{"sequence":"8","original_text":"浜田宏. 2009.「相対リスク回避モデルの再検討――Breen and Goldthorpe モデルの一般化」『理論と方法』24 (1): 57-75."},{"sequence":"9","original_text":"原純輔・盛山和夫. 1999. 『社会階層――豊かさの中の不平等』東京大学出版会."},{"sequence":"10","original_text":"J&aelig;ger, Mads M. and Anders Holm, 2012, &ldquo;Conformists or rebels? Rerative risk aversion,educational decisions and social class reproduction.&rdquo; <I>Rationality and Society</I> 24(2):221-253."},{"sequence":"11","original_text":"苅谷剛彦. 1995.『大衆教育社会のゆくえ――学歴主義と平等神話の戦後史』中央公論社."},{"sequence":"12","original_text":"吉川徹. 2006.『学歴と格差・不平等――成熟する日本型学歴社会』東京大学出版会."},{"sequence":"13","original_text":"近藤博之・古田和久. 2009.「教育達成の社会経済的格差――趨勢とメカニズムの分析」『社会学評論』59 (4): 683-697."},{"sequence":"14","original_text":"中澤渉. 2010.「JGSS-2009 ライフコース調査にみる高等教育進学行動の分析――日本における相対リスク回避説の検証」『日本版総合的社会調査共同研究拠点研究論文集』10(7):217-227."},{"sequence":"15","original_text":"Need, Ariana and Unlkje de Jong. 2000. &ldquo;Educational differentials in the Netherlands:Testing Rational Action Theory.&rdquo; <I>Rationality and Society</I> 13 (1): 71-98."},{"sequence":"16","original_text":"瀧川裕貴. 2011.「持続する不平等を説明する――相対リスク回避モデルを中心に」『理論と方法』26 (1): 215-223."},{"sequence":"17","original_text":"太郎丸博. 2007. 「大学進学率の階級間格差に関する合理的選択理論の検討― ― 相対リスク回避仮説の1995 年SSM 調査データによる分析」『大阪大学大学院人間科学研究科紀要』33: 201-212."}]}}