{"status":"OK","apiType":"doi","apiVersion":"1.0.0","message":{"total":1,"rows":1,"totalPages":1,"page":1},"data":{"siteId":"SI/JST.JSTAGE","content_type":"JA","doi":"10.11218/ojjams.14.2_19","url":"https://doi.org/10.11218/ojjams.14.2_19","ra":"JaLC","prefix":"10.11218","site_name":"J-STAGE","publisher_list":[{"publisher_name":"Japanese Association For Mathematical Sociology","lang":"en"},{"publisher_name":"数理社会学会","lang":"ja"}],"title_list":[{"lang":"ja","title":"ヒューリスティックのもたらす商品の競争力の強化"},{"lang":"en","title":"Amplificatiion of the products' competing power from heuristics"}],"creator_list":[{"sequence":"1","type":"person","names":[{"lang":"ja","last_name":"小山","first_name":"友介"},{"lang":"en","last_name":"Koyama","first_name":"Yuhsuke"}],"affiliation_list":[{"affiliation_name":"Graduate Student of Economics<BR>Kyoto University","sequence":"1","lang":"en"},{"affiliation_name":"京都大学経済学研究科","sequence":"1","lang":"ja"}]}],"publication_date":{"publication_year":"1999"},"relation_list":[{"content":"https://www.jstage.jst.go.jp/article/ojjams/14/2/14_2_19/_pdf","type":"URL","relation":"fullTextPdf"}],"content_language":"ja","updated_date":"2016-09-29","article_type":"pub","journal_id_list":[{"journal_id":"0913-1442","type":"ISSN","issn_type":"print"},{"journal_id":"1881-6495","type":"ISSN","issn_type":"online"},{"journal_id":"ojjams","type":"JID"}],"journal_title_name_list":[{"journal_title_name":"Sociological Theory and Methods","type":"full","lang":"en"},{"journal_title_name":"Sociological Theory and Methods","type":"abbreviation","lang":"en"},{"journal_title_name":"理論と方法","type":"full","lang":"ja"},{"journal_title_name":"理論と方法","type":"abbreviation","lang":"ja"}],"journal_classification":"01","recorded_year":"1986-2013","volume":"14","issue":"2","first_page":"2_19","last_page":"2_31","date":"2016-09-30","keyword_list":[{"keyword":"simulation","sequence":"1","lang":"en"},{"keyword":"シミュレーション","sequence":"1","lang":"ja"},{"keyword":"bounded rationality","sequence":"2","lang":"en"},{"keyword":"限定合理性","sequence":"2","lang":"ja"},{"keyword":"heuristic","sequence":"3","lang":"en"},{"keyword":"ヒューリスティック","sequence":"3","lang":"ja"},{"keyword":"low-involvement products","sequence":"4","lang":"en"},{"keyword":"低関与商品","sequence":"4","lang":"ja"},{"keyword":"increasing returns","sequence":"5","lang":"en"},{"keyword":"収穫逓増","sequence":"5","lang":"ja"}],"citation_list":[{"sequence":"1","original_text":"飽戸弘（編著）1994. 『消費行動の社会心理学』福村出版"},{"sequence":"2","original_text":"Arthur, W. Brian. 1994. <I>INCREASING RETURNS AND PATH DEPENDENSE IN THE ECONOMY</I>, The University of Michigan Press"},{"sequence":"3","original_text":"Axelrod, R. 1998. <I>The Complexity of Cooperation</I>, Princeton University Press"},{"sequence":"4","original_text":"Dickson, P. R., and Sawyer, A. G. 1990. &ldquo;The Price Knowledge and Search of Supermarket Shoppers&rdquo;, <I>Journal of Marketing</I>, vol54, 42-53"},{"sequence":"5","original_text":"Dreze, Xavier., Hoch, Stephan. J., &amp; Purk, Mary. E. 1994. &ldquo;Shelf Management and Space Elasticity.&rdquo; <I>Journal of Retailing</I> 70: 301-326"},{"sequence":"6","original_text":"Frank, Robert. H. &amp; Cook, Phillip. J. 1995. <I>THE WINNER-TAKE-ALL SOCIETY</I> 香西泰(監訳)(1998)『ウィナー・テーク・オール──「ひとり勝ち」社会の到来』日本経済新聞社"},{"sequence":"7","original_text":"Katz, M. &amp; Shapiro, K. 1986. &ldquo;Technology Adoption in the Presence of Network Externalities.&rdquo; <I>Journal of Political Economy</I> 94: 822-841"},{"sequence":"8","original_text":"Hayek, F. 1964. &ldquo;The Meaning of Competition.&rdquo;, <I>Individualism and Economic Order</I>, Routledge &amp; Kegan Paul LTD 田中正治・田中秀雄編訳(1986)『市場・知識・自由』ミネルヴァ書房"},{"sequence":"9","original_text":"HEY, John. D. 1982. &ldquo;SEARCH FOR RULES FOR SEARCH.&rdquo; <I>Journal of Economic Behavior And Organization</I> 3: 65-81"},{"sequence":"10","original_text":"池田謙一&amp;村田光二 1991.『こころと社会──認知社会心理学への招待』東京大学出版会"},{"sequence":"11","original_text":"Lave, Jean. 1988. <I>COGNITION IN PRACTICE mind, mathematics and culture in everyday life</I>. 無藤隆・山下清美・中野茂・中村美代子訳(1995)『日常生活の認知行動──人は日常生活でどう計算し、実践するか』新曜社"},{"sequence":"12","original_text":"Rubinstein, Ariel. 1998. <I>Modeling Bounded Rationality</I>, MIT PRESS, Cambridge, Massachusetts"},{"sequence":"13","original_text":"Simon, Herbert. A. 1996. <I>The Science of the Artificial (3rd Edition)</I>, MIT PRESS, Cambridge, Massachusetts"},{"sequence":"14","original_text":"杉本徹雄（編著）1997.『消費者理解のための心理学』福村出版"}]}}