{"status":"OK","apiType":"doi","apiVersion":"1.0.0","message":{"total":1,"rows":1,"totalPages":1,"page":1},"data":{"siteId":"SI/JST.JSTAGE","content_type":"JA","doi":"10.11218/ojjams.22.205","url":"https://doi.org/10.11218/ojjams.22.205","ra":"JaLC","prefix":"10.11218","site_name":"J-STAGE","publisher_list":[{"publisher_name":"Japanese Association For Mathematical Sociology","lang":"en"},{"publisher_name":"数理社会学会","lang":"ja"}],"title_list":[{"lang":"ja","title":"近代組織におけるフリーライダーの抑制","subtitle":"―対戦相手変更コストが協力行動の促進に果たす役割―"},{"lang":"en","title":"Reducing Free-riders in Modern Organizations :","subtitle":"How do Partner Change Costs Promote Cooperative Behavior?"}],"creator_list":[{"sequence":"1","type":"person","names":[{"lang":"ja","last_name":"金井","first_name":"雅之"},{"lang":"en","last_name":"KANAI","first_name":"Masayuki"}],"affiliation_list":[{"affiliation_name":"Faculty of Education, Art and Science<BR>Yamagata University","sequence":"1","lang":"en"},{"affiliation_name":"山形大学","sequence":"1","lang":"ja"}]},{"sequence":"2","type":"person","names":[{"lang":"ja","last_name":"小林","first_name":"盾"},{"lang":"en","last_name":"KOBAYASHI","first_name":"Jun"}],"affiliation_list":[{"affiliation_name":"Faculty of Humanities<BR>Seikei University","sequence":"2","lang":"en"},{"affiliation_name":"成蹊大学","sequence":"2","lang":"ja"}]},{"sequence":"3","type":"person","names":[{"lang":"ja","last_name":"大浦","first_name":"宏邦"},{"lang":"en","last_name":"OURA","first_name":"Hirokuni"}],"affiliation_list":[{"affiliation_name":"Faculty of Economics<BR>Teikyo University","sequence":"3","lang":"en"},{"affiliation_name":"帝京大学","sequence":"3","lang":"ja"}]}],"publication_date":{"publication_year":"2007"},"relation_list":[{"content":"https://www.jstage.jst.go.jp/article/ojjams/22/2/22_2_205/_pdf","type":"URL","relation":"fullTextPdf"}],"content_language":"ja","updated_date":"2017-03-23","article_type":"pub","journal_id_list":[{"journal_id":"0913-1442","type":"ISSN","issn_type":"print"},{"journal_id":"1881-6495","type":"ISSN","issn_type":"online"},{"journal_id":"ojjams","type":"JID"}],"journal_title_name_list":[{"journal_title_name":"Sociological Theory and Methods","type":"full","lang":"en"},{"journal_title_name":"Sociological Theory and Methods","type":"abbreviation","lang":"en"},{"journal_title_name":"理論と方法","type":"full","lang":"ja"},{"journal_title_name":"理論と方法","type":"abbreviation","lang":"ja"}],"journal_classification":"01","recorded_year":"1986-2013","volume":"22","issue":"2","first_page":"205","last_page":"225","date":"2008-01-08","keyword_list":[{"keyword":"Social Dilemmas","sequence":"1","lang":"en"},{"keyword":"社会的ジレンマ","sequence":"1","lang":"ja"},{"keyword":"Multi-Person Prisoners' Dilemma","sequence":"2","lang":"en"},{"keyword":"多人数囚人のジレンマ","sequence":"2","lang":"ja"},{"keyword":"Public Goods Game","sequence":"3","lang":"en"},{"keyword":"公共財ゲーム","sequence":"3","lang":"ja"},{"keyword":"Evolutionary Game","sequence":"4","lang":"en"},{"keyword":"進化ゲーム","sequence":"4","lang":"ja"},{"keyword":"Job Change","sequence":"5","lang":"en"},{"keyword":"転職","sequence":"5","lang":"ja"}],"citation_list":[{"sequence":"1","original_text":"Ando, A. and F. Modigliani. 1963. &ldquo;The &lsquo;Life Cycle&rsquo; Hypothesis of Saving: Aggregate Implications and Tests.&rdquo; <I>American Economic Review</I> 53: 55-84."},{"sequence":"2","original_text":"Axelrod, R. 1984. <I>The Evolution of Cooperation</I>. New York: Basic Books. =1998. 松田裕之（訳）『つきあい方の科学―バクテリアから国際関係まで―』ミネルヴァ書房."},{"sequence":"3","original_text":"Bowles S. and H. Gintis. 2004. &ldquo;The Evolution of Strong Reciprocity: Cooperation in Heterogeneous Populations.&rdquo; <I>Theoretical Population Biology</I> 65: 17-28."},{"sequence":"4","original_text":"Brandt, H. and K. Sigmund. 2006. &ldquo;The Good, the Bad and the Discriminator: Errors in Direct and Indirect Reciprocity.&rdquo; <I>Journal of Theoretical Biology</I> 239: 183-94."},{"sequence":"5","original_text":"Dawes, R. M. 1980. &ldquo;Social Dillemmas.&rdquo; <I>Annual Review of Psychology</I> 31: 169-93."},{"sequence":"6","original_text":"Doeringer, P. B. and M. I. Piore. 1971. <I>Internal Labor Markets and Manpower Analysis</I>. Lexington, Mass.: Heath."},{"sequence":"7","original_text":"Fehr, E. and S. G&auml;chter. 2002. &ldquo;Altruistic Punishment in Humans.&rdquo; <I>Nature</I> 415: 137-40."},{"sequence":"8","original_text":"Friedman. M. 1957. <I>A Theory of the Consumption Function</I>. Princeton: Princeton University Press."},{"sequence":"9","original_text":"Gintis, H. 2000. &ldquo;Strong Reciprocity and Human Sociality.&rdquo; <I>Journal of Theoretical Biology</I> 206: 169-79."},{"sequence":"10","original_text":"Ghosh, P. and D. Ray. 1996. &ldquo;Cooperation in Community Interaction without Information Flows.&rdquo; <I>The Review of Economic Studies</I> 63: 491-519."},{"sequence":"11","original_text":"原純輔（編）. 2000. 『日本の階層システム1　近代化と社会階層』東京大学出版会."},{"sequence":"12","original_text":"Hauert, C., S. de Monte, J. Hofbauer, and K. Sigmund. 2002a. &ldquo;Volunteering as Red Queen Mechanism for Cooperation in Public Goods Games.&rdquo; <I>Science</I> 296: 1129-32."},{"sequence":"13","original_text":"Hauert, C., S. de Monte, J. Hofbauer, and K. Sigmund. 2002b. &ldquo;Replicator Dynamics for Optimal Public Good Games.&rdquo; <I>Journal of Theoretical Biology</I> 218: 187-94."},{"sequence":"14","original_text":"林直保子. 1993. 「TIT-FOR-TATからOUT-FOR-TATへ―ネットワーク型囚人のジレンマにおける戦略選手権―」『理論と方法』8(1): 19-32."},{"sequence":"15","original_text":"Hayashi, N. and T. Yamagishi. 1998. &ldquo;Selective Play: Choosing Partners in an Uncertain World,&rdquo; <I>Personality and Social Psychology Review</I> 2: 276-89."},{"sequence":"16","original_text":"Hirschman, A. O. 1970. <I>Exit, Voice, and Loyalty: Responses to Decline in Firms, Organizations and States</I>. Cambridge, MA: Harvard University Press. =2005. 矢野修一（訳）『離脱・発言・忠誠―企業・組織・国家における衰退への反応―』ミネルヴァ書房."},{"sequence":"17","original_text":"金井雅之. 2000. 「多水準淘汰による協力の進化」東京大学大学院博士論文."},{"sequence":"18","original_text":"金井雅之. 2003. 「進化ゲームにおける選択的相互作用モデルの意義と課題」『理論と方法』18(2): 153-67."},{"sequence":"19","original_text":"金井雅之・小林盾・大浦宏邦. 2005. 「移動可能なN人囚人のジレンマにおける協力の進化―移動コストと関係の長期性の効果―」大浦宏邦（編）『秩序問題への進化ゲーム理論的アプローチ』平成14～16年度科学研究費補助金　基盤研究　(B)(1)　研究成果報告書: 42-52."},{"sequence":"20","original_text":"Killingback, T., J. Bieri, and T. Flatt. 2006. &ldquo;Evolution in Group-structured Populations Can Resolve the Tragedy of the Commons.&rdquo; <I>Proceedings of the Royal Society B</I> 273: 1477-81."},{"sequence":"21","original_text":"木村邦博. 2002. 『大集団のジレンマ―集合行為と集団規模の数理―』ミネルヴァ書房."},{"sequence":"22","original_text":"小林盾. 2005. 「職場のゲーム―フリーライダー問題のゲーム理論的予測と組織調査―」大浦宏邦（編）『秩序問題への進化ゲーム理論的アプローチ』平成14～16年度科学研究費補助金　基盤研究　(B)(1)　研究成果報告書: 287-98."},{"sequence":"23","original_text":"小林盾. 2007. 「組織活性化と労働移動―フリーライダーへの転職の効果―」『成蹊大学文学部紀要』42: 53-66."},{"sequence":"24","original_text":"Kollock, P. 1998. &ldquo;Social Dilemma: The Anatomy of Cooperation.&rdquo; <I>Annual Review of Sociology</I> 24: 183-214."},{"sequence":"25","original_text":"小山友介・小林盾・藤山英樹・針原素子・谷口尚子・大浦宏邦. 2004. 「社会的ジレンマ問題への学際的接近」『オペレーションズ・リサーチ』49(12): 733-40."},{"sequence":"26","original_text":"Ledyard, J. O. 1995. &ldquo;Public Goods: A Survey of Experimental Research.&rdquo; pp.111-94 in <I>The Handbook of Experimental Economics</I>. edited by J. H. Kagel and A. E. Roth. Princeton: Princeton University Press."},{"sequence":"27","original_text":"MacIver, R. M. 1917. <I>Community: A Sociological Study</I>. Manchester: Ayer Co Publishing."},{"sequence":"28","original_text":"Milinski, M., D. Semmann, and H-J. Krambeck. 2002. &ldquo;Reputation Helps Solve the &lsquo;Tragedy of the Commons&rsquo;.&rdquo; <I>Nature</I> 415: 424-26."},{"sequence":"29","original_text":"武藤正義. 2005. 「社会的ジレンマと協力概念―フリーライドの視点によるN人ゲームの構造分析I―」大浦宏邦（編）『秩序問題への進化ゲーム理論的アプローチ』平成14～16年度科学研究費補助金　基盤研究　(B)(1)　研究成果報告書: 75-97."},{"sequence":"30","original_text":"Nowak, M. A. and K. Sigmund. 1998. &ldquo;Evolution of Indirect Reciprocity by Image Scoring.&rdquo; <I>Nature</I> 393: 573-77."},{"sequence":"31","original_text":"Nowak, M. A. and K. Sigmund. 2005. &ldquo;Evolution of Indirect Reciprocity.&rdquo; <I>Nature</I> 437: 1292-98."},{"sequence":"32","original_text":"沼上幹. 2003. 『組織戦略の考え方―企業経営の健全性のために―』筑摩書房."},{"sequence":"33","original_text":"Olson, M. 1965. <I>The Logic of Collective Action: Public Goods and the Theory of Groups</I>. Cambridge, Mass.: Harvard University Press. =1983. 依田博・森脇俊雅（訳）『集合行為論―公共財と集団理論―』ミネルヴァ書房."},{"sequence":"34","original_text":"Orbell, J. M. and R. M. Dawes. 1993. &ldquo;Social Welfare, Cooperators' Advantage, and the Option of Not Playing the Game.&rdquo; <I>American Sociological Review</I> 58: 787-800."},{"sequence":"35","original_text":"Ostrom, E. 1998. &ldquo;A Behavioral Approach to the Rational Choice Theory of Collective Action: Presidential Address, American Political Science Association, 1997.&rdquo; <I>American Political Science Review</I> 92(1): 1-22."},{"sequence":"36","original_text":"大浦宏邦. 2003. 「秩序問題への進化ゲーム理論的アプローチ」『理論と方法』18(2): 133-52."},{"sequence":"37","original_text":"大浦宏邦. 2005. 「サンクションの進化モデル」『帝京社会学』18: 61-89."},{"sequence":"38","original_text":"大浦宏邦（編）. 2005. 『秩序問題への進化ゲーム理論的アプローチ』平成14～16年度科学研究費補助金　基盤研究　(B)(1)　研究成果報告書."},{"sequence":"39","original_text":"Sandler, T. 1992. <I>Collective Action: Theory and Applications</I>. Ann Arbor: University of Michigan Press."},{"sequence":"40","original_text":"盛山和夫・海野道郎（編）. 1991. 『秩序問題と社会的ジレンマ』ハーベスト社."},{"sequence":"41","original_text":"Semmann, D., H-J. Krambeck, and M. Milinski. 2003. &ldquo;Volunteering Leads to Rock-Paper-Scissors Dynamics in a Public Goods Game.&rdquo; <I>Nature</I> 425: 390-93."},{"sequence":"42","original_text":"Semmann, D., H-J. Krambeck, and M. Milinski. 2004. &ldquo;Strategic Investment in Reputation.&rdquo; <I>Behavioral Ecology and Sociobiology</I> 56: 248-52."},{"sequence":"43","original_text":"七條達弘. 2005. 「囚人のジレンマゲームにおける移動コストと協力の進化」大浦宏邦（編）『秩序問題への進化ゲーム理論的アプローチ』平成14～16年度科学研究費補助金　基盤研究　(B)(1)　研究成果報告書: 53-59."},{"sequence":"44","original_text":"七條達弘. 2007. 「囚人のジレンマゲームにおけるパートナー変更コストと協力の進化」『理論と方法』22(1): 87-103."},{"sequence":"45","original_text":"S&oslash;rensen, A. B. and N. B. Tuma. 1981. &ldquo;Labor Market Structures and Job Mobility.&rdquo; <i>Social Stratification and Mobility</I> 1: 67-94."},{"sequence":"46","original_text":"高橋伸夫. 1997. 『日本企業の意思決定原理』東京大学出版会."},{"sequence":"47","original_text":"Trivers, R. L. 1971. &ldquo;The Evolution of Reciprocal Altruism.&rdquo; <I>Quarterly Review of Biology</I> 46: 35-57."},{"sequence":"48","original_text":"Wilson, D. S. 1975. &ldquo;A Theory of Group Selection.&rdquo; <I>Proceedings of the National Academy of Sciences of the United States of America</I> 72: 143-46."},{"sequence":"49","original_text":"Wilson, D. S. 1998. &ldquo;Hunting, Sharing, and Multilevel Selection.&rdquo; <I>Current Anthropology</I> 31: 73-97."},{"sequence":"50","original_text":"Wilson, D. S., and E. Sober. 1994. &ldquo;Reintroducing Group Selection to the Human Behavioral Science.&rdquo; <I>Behavioral and Brain Sciences</I> 17: 585-654."}]}}