{"status":"OK","apiType":"doi","apiVersion":"1.0.0","message":{"total":1,"rows":1,"totalPages":1,"page":1},"data":{"siteId":"SI/JST.JSTAGE","content_type":"JA","doi":"10.11218/ojjams.24.95","url":"https://doi.org/10.11218/ojjams.24.95","ra":"JaLC","prefix":"10.11218","site_name":"J-STAGE","publisher_list":[{"publisher_name":"Japanese Association For Mathematical Sociology","lang":"en"},{"publisher_name":"数理社会学会","lang":"ja"}],"title_list":[{"lang":"en","title":"Cultural Polarization in Increasingly Nonlocal Societies"}],"creator_list":[{"sequence":"1","type":"person","names":[{"lang":"en","last_name":"SHIOMURA","first_name":"Takashi"}],"affiliation_list":[{"affiliation_name":"Faculty of Informatics<BR>Kansai University","sequence":"1","lang":"en"}]}],"publication_date":{"publication_year":"2009"},"relation_list":[{"content":"https://www.jstage.jst.go.jp/article/ojjams/24/1/24_1_95/_pdf","type":"URL","relation":"fullTextPdf"}],"content_language":"en","updated_date":"2017-03-23","article_type":"pub","journal_id_list":[{"journal_id":"0913-1442","type":"ISSN","issn_type":"print"},{"journal_id":"1881-6495","type":"ISSN","issn_type":"online"},{"journal_id":"ojjams","type":"JID"}],"journal_title_name_list":[{"journal_title_name":"Sociological Theory and Methods","type":"full","lang":"en"},{"journal_title_name":"Sociological Theory and Methods","type":"abbreviation","lang":"en"},{"journal_title_name":"理論と方法","type":"full","lang":"ja"},{"journal_title_name":"理論と方法","type":"abbreviation","lang":"ja"}],"journal_classification":"01","recorded_year":"1986-2013","volume":"24","issue":"1","first_page":"95","last_page":"108","date":"2010-01-08","keyword_list":[{"keyword":"cultural dissemination","sequence":"1","lang":"en"},{"keyword":"polarization","sequence":"2","lang":"en"},{"keyword":"agent-based model","sequence":"3","lang":"en"}],"citation_list":[{"sequence":"1","original_text":"Axelrod, R. 1997. &ldquo;The Dissemination of Culture.&rdquo; <I>Journal of Conflict Resolution</I> 41(2): 203-226."},{"sequence":"2","original_text":"Flache, A. and M. W. Macy. 2006. &ldquo;What Sustains Stable Cultural Diversity and What Undermines It? Axelrod and beyond.&rdquo;: http://arxiv.org/abs/phisics/0609213."},{"sequence":"3","original_text":"Gonzalez-Avella, J. C., M.G. Cosenza, K. Klemm, V. M. Eguiluz, and M. S. Miguel. 2007. &ldquo;Information Feedback and Mass Media Effects in Cultural Dynamics.&rdquo; <I>Journal of Artificial Societies and Social Simulation</I> 10(39): http://jasss.soc.surrey.ac.uk/10/3/9.html."},{"sequence":"4","original_text":"Greig, J. M. 2002. &ldquo;The End of Geography? Globalization, Communications, and Culture in the International System.&rdquo; <I>Journal of Conflict Resolution</I> 46(2): 225-243."},{"sequence":"5","original_text":"Hegselmann, R. and U. Krause. 2002. &ldquo;Opinion Dynamics and Bounded Confidence: Models, Analysis and Simulation.&rdquo; <I>Journal of Artificial Societies and Social Simulation</I> 5(3): http://jasss.soc.surrey.ac.uk/5/3/2.html."},{"sequence":"6","original_text":"Kennedy, J. 1998. &ldquo;Thinking Is Social: Experiments with the Adaptive Culture Model.&rdquo; <I>Journal of Conflict Resolution</I> 42(1): 56-76."},{"sequence":"7","original_text":"Latan&eacute;, B. and A. Nowak. 1994. &ldquo;Attitudes as Catastrophes: From Dimensions to Categories with Increasing Involvement&rdquo; Pp. 219-249 in <I>Dynamic Systems in Social Psychology</I>, edited by R. R. Vallacher and A. Nowak. New York: Academic Press."},{"sequence":"8","original_text":"Latan&eacute;, B., A. Nowak and J. H. Liu. 1994. &ldquo;Measuring Emergent Social Phenomena: Dynamism, Polarization, and Clustering as Order Parameters of Social systems.&rdquo; <I>Behavioral Science</I> 39: 1-24."},{"sequence":"9","original_text":"Latan&eacute;, B. and A. Nowak. 1997. &ldquo;Self-organizing Social Systems: Necessary and Sufficient Conditions for Emergence of Clustering, Consolidation, and Continuing Diversity.&rdquo; <I>Progress in Communication Sciences</I> 13: 43-74."},{"sequence":"10","original_text":"Nowak, A., J. Szamrej and B. Latane. 1990. &ldquo;From Private Attitude to Public Opinion: A Dynamic Theory of Social Impact.&rdquo; <I>Psychological Review</I> 97(3): 362-376."},{"sequence":"11","original_text":"Parisi, D., F. Cecconi, and F. Natale. 2003. &ldquo;Cultural Change in Spatial Environments.&rdquo; <I>Journal of Conflict Resolution</I> 47(2): 163-179."},{"sequence":"12","original_text":"Shibanai, T., S. Yasuno, and I. Ishiguro. 2001. &ldquo;Effects of Global Information Feedback on Diversity: Extensions to Axelrod's Adaptive Culture Model.&rdquo; <I>Journal of Conflict Resolution</I> 45(1): 80-96."}]}}