{"status":"OK","apiType":"doi","apiVersion":"1.0.0","message":{"total":1,"rows":1,"totalPages":1,"page":1},"data":{"siteId":"SI/JST.JSTAGE","content_type":"JA","doi":"10.11218/ojjams.26.389","url":"https://doi.org/10.11218/ojjams.26.389","ra":"JaLC","prefix":"10.11218","site_name":"J-STAGE","publisher_list":[{"publisher_name":"Japanese Association For Mathematical Sociology","lang":"en"},{"publisher_name":"数理社会学会","lang":"ja"}],"title_list":[{"lang":"en","title":"A Quantile Regression Analysis of Acquaintance Volume"},{"lang":"ja","title":"分位点回帰分析を用いた知人数の分析","subtitle":"分布の差異を予測する"}],"creator_list":[{"sequence":"1","type":"person","names":[{"lang":"en","last_name":"ISHIGURO","first_name":"Itaru"},{"lang":"ja","last_name":"石黒","first_name":"格"}],"affiliation_list":[{"affiliation_name":"Japan Women&prime;s University","sequence":"1","lang":"en"},{"affiliation_name":"日本女子大学","sequence":"1","lang":"ja"}]}],"publication_date":{"publication_year":"2011"},"relation_list":[{"content":"https://www.jstage.jst.go.jp/article/ojjams/26/2/26_389/_pdf","type":"URL","relation":"fullTextPdf"}],"content_language":"ja","updated_date":"2014-12-09","article_type":"pub","journal_id_list":[{"journal_id":"0913-1442","type":"ISSN","issn_type":"print"},{"journal_id":"1881-6495","type":"ISSN","issn_type":"online"},{"journal_id":"ojjams","type":"JID"}],"journal_title_name_list":[{"journal_title_name":"Sociological Theory and Methods","type":"full","lang":"en"},{"journal_title_name":"Sociological Theory and Methods","type":"abbreviation","lang":"en"},{"journal_title_name":"理論と方法","type":"full","lang":"ja"},{"journal_title_name":"理論と方法","type":"abbreviation","lang":"ja"}],"journal_classification":"01","recorded_year":"1986-2013","volume":"26","issue":"2","first_page":"389","last_page":"404","date":"2012-09-01","keyword_list":[{"keyword":"知人数","sequence":"1","lang":"ja"},{"keyword":"acquaintance volume","sequence":"1","lang":"en"},{"keyword":"電話帳法","sequence":"2","lang":"ja"},{"keyword":"telephone book method","sequence":"2","lang":"en"},{"keyword":"ネットワーク・ハブ","sequence":"3","lang":"ja"},{"keyword":"network hub","sequence":"3","lang":"en"},{"keyword":"パーソナル・ネットワーク","sequence":"4","lang":"ja"},{"keyword":"personal network","sequence":"4","lang":"en"},{"keyword":"分位点回帰分析","sequence":"5","lang":"ja"},{"keyword":"quantile regression","sequence":"5","lang":"en"}],"citation_list":[{"sequence":"1","original_text":"Barab&aacute;si, Albert-Laz&aacute;l&oacute;. 2002. <I>Linked: The new science of networks.</I> New York: Basic Books."},{"sequence":"2","original_text":"Chay, K. Y., and B. E. Honore. 1998. &ldquo;Estimation of semiparametric censored regression models: an application to changes in black-white earnings inequality during the 1960s.&rdquo; <I>The Journal of Human Resources,</I> 33:4-38."},{"sequence":"3","original_text":"Fischer, Claude. S. 1982. <I>To dwell among friends: personal networks in town and city.</I> Chicago, IL: University of Chicago Press."},{"sequence":"4","original_text":"Fortin, N. M., and T. Lemieux. 1998. &ldquo;Rank regressions, wage distributions, and the gender gap.&rdquo; <I>The Journal of Human Resources,</I> 33:610-643."},{"sequence":"5","original_text":"Freeman, L. C. and C. R. Thompson. 1989. &ldquo;Estimating acquaintanceship volume&rdquo;. Pp.147-158 in <I>The Small World,</I> edited by Kochen,M. NJ: Ablex."},{"sequence":"6","doi":"10.1086/225469","volume":"78","first_page":"1360","publication_date":{"publication_year":"1973"},"original_text":"Granovetter, Mark S. 1973. &ldquo;The strength of weak ties.&rdquo; <I>American Journal of Sociology,</I> 78:1360-1380."},{"sequence":"7","original_text":"濱岡豊．2008．「携帯電話は消費者行動をどう変えたか？―情報行動，購買行動，創造行動，社会関係資本を中心に―」『Keio/Kyoto Global COE Discussion Paper Series』6：1-34．"},{"sequence":"8","original_text":"Hao, Lingxin and Daniel Q. Naiman. 2007. <I>Quantile Regression.</I> Newbury Park, CA: Sage Publications."},{"sequence":"9","volume":"25","issue":"2","first_page":"92","publication_date":{"publication_year":"2009"},"original_text":"稲垣佑典．2009．「都市部と村落部における信頼生成過程の検討」『社会心理学研究』25：92-102．"},{"sequence":"10","doi":"10.11218/ojjams.21.295","title_list":[{"lang":"en","title":"&ldquo;Address book&rdquo; of cellular phones as index of the size of personal network"},{"title":"アドレス帳の利用率と登録人数のネットワーク・サイズの指標としての妥当性"}],"volume":"21","issue":"2","first_page":"295","last_page":"312","publication_date":{"publication_year":"2006"},"creator_list":[{"sequence":"1","type":"person","names":[{"lang":"en","last_name":"ISHIGURO","first_name":"Itaru"},{"lang":"ja","last_name":"石黒","first_name":"格"}],"affiliation_list":[{"affiliation_name":"Hirosaki University","sequence":"1","lang":"en"},{"affiliation_name":"弘前大学","sequence":"1","lang":"ja"}]},{"sequence":"2","type":"person","names":[{"lang":"en","last_name":"TSUJI","first_name":"Ryuhei"},{"lang":"ja","last_name":"辻","first_name":"竜平"}],"affiliation_list":[{"affiliation_name":"Meijigakuin University","sequence":"1","lang":"en"},{"affiliation_name":"明治学院大学","sequence":"1","lang":"ja"}]}],"original_text":"石黒格・辻竜平．2006．「アドレス帳の利用率と登録人数のネットワーク・サイズの指標としての妥当性」『理論と方法』21：295-312．"},{"sequence":"11","volume":"12","first_page":"289","publication_date":{"publication_year":"1990"},"original_text":"Killworth, Peter D., Eugene C. Johnsen, H. Russell Bernard, Gene Ann Shelley, and Christopher McCarty. 1990. &ldquo;Estimating the size of personal networks.&rdquo; <I>Social Networks,</I> 12:289-312."},{"sequence":"12","original_text":"久木元真吾．2007．「広がらない世界―若者の相談ネットワーク・就業・意識―」堀有喜衣（編）『フリーターに滞留する若者たち』勁草書房：129-171．"},{"sequence":"13","original_text":"Lemieux, T. 2006. &ldquo;Post-secondary education and increasing wage inequality.&rdquo; <I>The American Economic Review,</I> 96:195-199."},{"sequence":"14","original_text":"馬欣欣．2010．「賃金分布からみた男女間賃金格差に関する日中比較」『三田商学研究』52：69-87．"},{"sequence":"15","original_text":"大戸紹子．2005．「日本における社会ネットワーク調査2004　結果報告」『赤門マネジメント・レビュー』4：313-322．"},{"sequence":"16","original_text":"Roberts, S. G. B., R. I. M. Dunbar, T. V. Pollet, and T. Kuppens. 2009. &ldquo;Exploring variation in active network size: Constraints and ego characteristics.&rdquo; <I>Social Networks,</I> 31:138-146."},{"sequence":"17","original_text":"Roberts, S. G. B., R. Wilson, P. Fedurek, and R. I. M. Dunbar. 2008. &ldquo;Individual differences and personal social network size and structure.&rdquo; <I>Personality and Individual Differences,</I> 44:954-964."},{"sequence":"18","original_text":"Russell Bernard, H., Eugene C. Johnsen, Peter D. Killworth, and Scott Robinson. 1991. &ldquo;Estimating the size of an average personal network and of an event subpopulation: Some empirical results.&ldquo; <I>Social Science Research,</I> 20:109-121."},{"sequence":"19","original_text":"Schug, J., M. Yuki, H. Horikawa, and K. Takemura. 2009. &ldquo;Similarity attraction and actually selecting similar others: How cross-societal differences in relational mobility affect interpersonal similarity in Japan and the USA.&rdquo; <I>Asian Journal of Social Psychology,</I> 12:95-103."},{"sequence":"20","original_text":"橘木俊詔・浦川邦夫．2006．『日本の貧困研究』東京大学出版会．"},{"sequence":"21","original_text":"辻竜平．2006．&ldquo;Psychological biases in estimating acquaintanceship volume.&rdquo;『明治学院大学心理学部付属研究所紀要』4：51-56．"},{"sequence":"22","original_text":"辻竜平．2007．&ldquo;The &ldquo;zero problem&rdquo; in estimating acquaintanceship volume and its solution.&rdquo;『明治学院大学心理学紀要』17：1-8．"},{"sequence":"23","doi":"10.11218/ojjams.18.15","title_list":[{"lang":"en","title":"Trust Relation in the &lsquo;Small World&rsquo; and Social Order"}],"volume":"18","issue":"1","first_page":"15","last_page":"31","publication_date":{"publication_year":"2003"},"creator_list":[{"sequence":"1","type":"person","names":[{"lang":"en","last_name":"TSUJI","first_name":"Ryuhei"},{"lang":"ja","last_name":"辻","first_name":"竜平"}]},{"sequence":"2","type":"person","names":[{"lang":"en","last_name":"HARIHARA","first_name":"Motoko"},{"lang":"ja","last_name":"針原","first_name":"素子"}]}],"original_text":"辻竜平・針原素子．2003a．「『小さな世界』における信頼関係と社会秩序」『理論と方法』18：15-31．"},{"sequence":"24","original_text":"辻竜平・針原素子．2003b．「日本人の人間関係と知人数の規定因―『小さな世界』モデルの検証」『日本社会心理学会第44回大会発表論文集』：298-299．"},{"sequence":"25","original_text":"辻竜平・針原素子．2005．「知人数の推定と補正」『日本社会心理学会第41回大会発表論文集』：60-63．"},{"sequence":"26","original_text":"山岸俊男．1998．『信頼の構造―こころと社会の進化ゲーム―』東京大学出版会．"},{"sequence":"27","original_text":"山岸俊男・吉開範章．2009．『ネット評判社会』NTT出版．"},{"sequence":"28","original_text":"李永俊・石黒格．2008．『青森県で生きる若者たち』弘前大学出版会．"},{"sequence":"29","original_text":"吉田暁生．2006．「ランダムサンプリングによる日本人の知人数推定―『連絡の取れる人』の数のインターネット調査都の比較」『赤門マネジメント・レビュー』5：381-392．"}]}}