{"status":"OK","apiType":"doi","apiVersion":"1.0.0","message":{"total":1,"rows":1,"totalPages":1,"page":1},"data":{"siteId":"SI/JST.JSTAGE","content_type":"JA","doi":"10.11218/ojjams.26.13","url":"https://doi.org/10.11218/ojjams.26.13","ra":"JaLC","prefix":"10.11218","site_name":"J-STAGE","publisher_list":[{"publisher_name":"Japanese Association For Mathematical Sociology","lang":"en"},{"publisher_name":"数理社会学会","lang":"ja"}],"title_list":[{"lang":"ja","title":"特集　エージェント・ベースト・モデルの社会学的展開"},{"lang":"en","title":"Special Section : Developments of Agent Based Model in Sociology"}],"creator_list":[{"sequence":"1","type":"person","names":[{"lang":"ja","last_name":"中井","first_name":"豊"},{"lang":"en","last_name":"NAKAI","first_name":"Yutaka"}],"affiliation_list":[{"affiliation_name":"Shibaura Institute of Technology","sequence":"1","lang":"en"},{"affiliation_name":"芝浦工業大学","sequence":"1","lang":"ja"}]},{"sequence":"2","type":"person","names":[{"lang":"ja","last_name":"武藤","first_name":"正義"},{"lang":"en","last_name":"MUTO","first_name":"Masayoshi"}],"affiliation_list":[{"affiliation_name":"Shibaura Institute of Technology","sequence":"1","lang":"en"},{"affiliation_name":"芝浦工業大学","sequence":"1","lang":"ja"}]}],"publication_date":{"publication_year":"2011"},"relation_list":[{"content":"https://www.jstage.jst.go.jp/article/ojjams/26/1/26_1_13/_pdf","type":"URL","relation":"fullTextPdf"}],"content_language":"ja","updated_date":"2017-03-23","article_type":"pub","journal_id_list":[{"journal_id":"0913-1442","type":"ISSN","issn_type":"print"},{"journal_id":"1881-6495","type":"ISSN","issn_type":"online"},{"journal_id":"ojjams","type":"JID"}],"journal_title_name_list":[{"journal_title_name":"Sociological Theory and Methods","type":"full","lang":"en"},{"journal_title_name":"Sociological Theory and Methods","type":"abbreviation","lang":"en"},{"journal_title_name":"理論と方法","type":"full","lang":"ja"},{"journal_title_name":"理論と方法","type":"abbreviation","lang":"ja"}],"journal_classification":"01","recorded_year":"1986-2013","volume":"26","issue":"1","first_page":"13","last_page":"16","date":"2012-01-31","citation_list":[{"sequence":"1","original_text":"Axelrod, R. 1984. <I>The Evolution of Cooperation</I>. Basic Books."},{"sequence":"2","original_text":"Cohen, M. D., J., March, and J., Olsen. 1972. &ldquo;A Garbage Can Model of Organizational Choice.&rdquo; <I>Administrative Science Quarterly</I> 17: 1-25."},{"sequence":"3","original_text":"Coleman, J. S. 1991. &ldquo;Matching Processes in the Labor Market&rdquo;. <I>Acta Sociologica</I> 34: 3-12."},{"sequence":"4","original_text":"Macy, M. and R.Willer. 2002. &ldquo;From Factors to Actors: Computational Sociology and Agent-Based Modelling. &rdquo; <I>Annual Review of Sociology</I> 28: 143-166."},{"sequence":"5","original_text":"Schelling, T. 1971. &ldquo;Dynamic Models of Segregation.&rdquo; <I>Journal of Mathematical Sociology</I> 1: 143-186."},{"sequence":"6","original_text":"Watts, Duncan J. 1999. &ldquo;Networks, dynamics and the small world phenomenon.&rdquo; <I>American Journal of Sociology</I> 105(2): 493-527."},{"sequence":"7","original_text":"辻竜平・渡邊勉編. 2004.「社会科学におけるエージェント・ベースト・モデルの最前線」『理論と方法』19(1): 17-20."}]}}