{"status":"OK","apiType":"doi","apiVersion":"1.0.0","message":{"total":1,"rows":1,"totalPages":1,"page":1},"data":{"siteId":"SI/JST.JSTAGE","content_type":"JA","doi":"10.11218/ojjams.15.117","url":"https://doi.org/10.11218/ojjams.15.117","ra":"JaLC","prefix":"10.11218","site_name":"J-STAGE","publisher_list":[{"publisher_name":"Japanese Association For Mathematical Sociology","lang":"en"},{"publisher_name":"数理社会学会","lang":"ja"}],"title_list":[{"lang":"ja","title":"批判的なるものの再興","subtitle":"―ポスト・ハーバーマスの批判的社会学へ向けて―"},{"lang":"en","title":"The Return of the Critical :","subtitle":"Toward a Post-Habermasian Critical Sociology"}],"creator_list":[{"sequence":"1","type":"person","names":[{"lang":"ja","last_name":"土場","first_name":"学"},{"lang":"en","last_name":"DOBA","first_name":"Gaku"}],"affiliation_list":[{"affiliation_name":"Department of Social Engineering<BR>Tokyo Institute of Technology","sequence":"1","lang":"en"},{"affiliation_name":"東京工業大学","sequence":"1","lang":"ja"}]}],"publication_date":{"publication_year":"2000"},"relation_list":[{"content":"https://www.jstage.jst.go.jp/article/ojjams/15/1/15_117/_pdf","type":"URL","relation":"fullTextPdf"}],"content_language":"ja","updated_date":"2016-09-29","article_type":"pub","journal_id_list":[{"journal_id":"0913-1442","type":"ISSN","issn_type":"print"},{"journal_id":"1881-6495","type":"ISSN","issn_type":"online"},{"journal_id":"ojjams","type":"JID"}],"journal_title_name_list":[{"journal_title_name":"Sociological Theory and Methods","type":"full","lang":"en"},{"journal_title_name":"Sociological Theory and Methods","type":"abbreviation","lang":"en"},{"journal_title_name":"理論と方法","type":"full","lang":"ja"},{"journal_title_name":"理論と方法","type":"abbreviation","lang":"ja"}],"journal_classification":"01","recorded_year":"1986-2013","volume":"15","issue":"1","first_page":"117","last_page":"134","date":"2016-09-30","keyword_list":[{"keyword":"critical sociology","sequence":"1","lang":"en"},{"keyword":"批判的社会学","sequence":"1","lang":"ja"},{"keyword":"critical theory","sequence":"2","lang":"en"},{"keyword":"批判理論","sequence":"2","lang":"ja"},{"keyword":"struggle for recognition","sequence":"3","lang":"en"},{"keyword":"承認をめぐる闘争","sequence":"3","lang":"ja"},{"keyword":"Jurgen Habermas","sequence":"4","lang":"en"},{"keyword":"ユルゲン・ハーバーマス","sequence":"4","lang":"ja"}],"citation_list":[{"sequence":"1","original_text":"Benhabib,Seyla. 1997.「一般化された他者と具体的な他者: コールバーグ－ギリガン論争と道徳理論」竹内真澄(訳) マーティン・ジェイ(編) 竹内真澄(監訳)『ハーバーマスとアメリカ・フランクフルト学派』青木書店."},{"sequence":"2","original_text":"Benjamin,Jecica, 1988. <I>The Bonds of Love: Psychoanalysis, Feminism, and the Problem of Domination</I>. Pantheon Books. =1996. 寺沢みずほ(訳)『愛の拘束』青土社."},{"sequence":"3","original_text":"Berger,David M. 1987. <I>Clinical Empathy</I>. Jason Aronson. =1999. 角田豊他(訳)『臨床的共感の実際: 精神分析と自己心理学へのガイド』人文書院."},{"sequence":"4","original_text":"Bernstein,Richard J. 1976. <I>The Restructuring of Social and Political Theory</I>. Harcourt Brace Jovanovich."},{"sequence":"5","original_text":"Calhoun,Craig 1995. <I>Critical Social Theory: Culture, History, and the Challenge of Difference</I>. Blackwell."},{"sequence":"6","original_text":"土場 学. 1999.『ポスト・ジェンダーの社会理論』青弓社."},{"sequence":"7","original_text":"土場 学. 2000.「&lsaquo;階級&rsaquo;のレクイエム: ポスト&lsaquo;階級&rsaquo;社会の市民ポリティクス」高坂健次(編)『日本の階層システム６ 階層社会から新しい市民社会へ』東京大学出版会."},{"sequence":"8","original_text":"Eagleton,Terry. 1991. <I>Ideology: An Introduction</I>. Verso. =1999. 大橋洋一(訳)『イデオロギーとは何か』平凡社."},{"sequence":"9","original_text":"Erikson,Erik H. 1959. &ldquo;Identity and the Life Cycle,&rdquo; <I>Psychological Issues I(1)</I>, International University Press. =1973. 小此木啓吾(訳)『自我同一性： アイデンティティとライフサイクル』誠信書房."},{"sequence":"10","original_text":"Fraser,Nancy. 1995. &ldquo;From Redistribution to Recognition? Dilemmas of Justice in a &lsquo;Post-Socialist Age,&rdquo; <I>New LeftReview</I> 212:68-93."},{"sequence":"11","original_text":"Freud,Sigmund. 1921. <I>Massenpsychologie und Ich-Analyse</I>. =1970.小此木啓吾(訳).「集団心理学と自我の分析」『フロイト著作集6 自我論・不安本能論』人文書院."},{"sequence":"12","original_text":"Giddens,Anthony. 1987. <I>Social Theory and Modern Sociology</I>. Polity. =1998. 藤田弘夫(監訳)『社会理論と現代社会学』青木書店."},{"sequence":"13","original_text":"Habermas,Jurgen. 1962. <I>Strukturwandel der Offentlichkeit: Untersuchungen zu einer Kategorie der bugerlichen Gesellschaft</I>. Luchterhand. =1975. 細谷貞雄(訳)『公共性の構造転換』未来社."},{"sequence":"14","original_text":"Habermas,Jurgen. 1968. <I>Technik und Wissenschaft als &ldquo;Ideologie&rdquo;</I>. Suhrkamp. =1970. 長谷川宏(訳)『イデオロギーとしての技術と科学』紀伊國屋書店."},{"sequence":"15","original_text":"Habermas,Jurgen. 1970. <I>Zur Logik der Sozialwissenschften</I>. Suhrkamp. =1991. 清水多吉他(訳)『社会科学の論理によせて』国文社."},{"sequence":"16","original_text":"Habermas,Jurgen. 1971. <I>Theorie und Praxis: sozialphilosophische Studien</I>. Suhrkamp. =1999. 細谷貞雄(訳)『理論と実践』(新装版) 未来社."},{"sequence":"17","original_text":"Habermas,Jurgen. 1971. &ldquo;Vorbereitende Bemerkungen zu einer Theorie der kommunikativen Kompetenz.&rdquo; In Habermas,Jurgen &amp; Luhmann,Niklas, Theorie-Diskussion <I>Theorie der Gesellschaft oder Sozialtechnologie: Was leistet die Systemforschung?</I> Suhrkamp. =1987.「コミュニケーション能力の理論の ための予備的考察」佐藤嘉一・山口節郎・藤沢賢一郎(訳)『ハーバーマス＝ルーマン論争 批判理論と社会システム理論』木鐸社."},{"sequence":"18","original_text":"Habermas,Jurgen. 1973. <I>Erkenntnis und Interesse: mit einem neuen Nachwort</I>. Suhrkamp. =1981. 奥山次良・八木橋貢・渡辺祐邦 (訳)『認識と関心』未来社."},{"sequence":"19","original_text":"Habermas,Jurgen. 1981. <I>Theorie des kommunikativen Handelns</I>. Suhrkamp. =1985-87. 河上倫逸他(訳)『コミュニケイション的行為の理論』(上・中・下) 未来社."},{"sequence":"20","original_text":"Honneth,Axel. 1985. <I>Kritik der Macht: Reflexionsstufen einer kritishen Gesellschaftstheorie</I>. Suhrkamp. =1992. 河上倫逸(監訳)『権力の批判： 批判的社会理論の新たな地平』法政大学出版局."},{"sequence":"21","original_text":"Honneth,Axel. 1992. <I>Kampf um Anerkennung: zur moralischen Grammatik sozialer Konflikte</I>. Suhrkamp. =1992. Anderson,Joel. (trans.) <I>The Struggle for Recognition: The Moral Grammar of Social Conflicts</I>. Polity Press."},{"sequence":"22","original_text":"一丸藤太郎・名島潤慈・山本力(編著) 1998.『精神分析的心理療法の手引き』誠信書房."},{"sequence":"23","original_text":"井上摩耶子. 1998.『フェミニストカウンセリングへの招待』ユック舎."},{"sequence":"24","original_text":"Lobkowicz,Nikolaus. 1972. &ldquo;Interest and Objectivity: Review of <I>Knowledge and Human Interests</I>, by Jurgen Habermas.&rdquo; Philosophy of the Social Sciences 2:193-210. (in Jay Bernstein (ed.) 1994. <I>The Frankfurt School: Critical Assesments</I> Vol.V. Routledge.)"},{"sequence":"25","original_text":"McCarthy,Thomas. 1997.「多文化的普遍主義: 啓蒙のテーマについての変奏曲」(豊泉周治訳).マーティン・ジェイ(編) 竹内真澄(監訳)『ハーバーマスとアメリカ・フランクフルト学派』青木書店."},{"sequence":"26","original_text":"宮原 勇. 1998.『ディアロゴスの現象学: 対話的言語行為の構造と原理』晃洋書房."},{"sequence":"27","original_text":"Mouffe,Chantal. 1993. <I>The Return of the Political</I>. Verso. =1998. 千葉眞他(訳)『政治的なるものの再興』日本経済評論社."},{"sequence":"28","original_text":"中岡成文. 1996.『ハーバーマス： コミュニケーション行為』講談社."},{"sequence":"29","original_text":"大澤真幸. 2000.「責任論： 自由な社会の倫理的根拠として」『論座』2000.1:158-199."},{"sequence":"30","original_text":"Popper,Karl R. 1950. <I>The Open Society and Its Enemies</I>. Princeton University Press. = 1980. 小河原誠・内田詔夫(訳)『開かれた社会とその敵』未来社."},{"sequence":"31","original_text":"Popper,Karl R. 1994. <I>The Myth of the Framework</I>. Routledge. =1998. ポパー哲学研究会(訳)『フレームワークの神話： 科学と合理性の擁護』未来社."},{"sequence":"32","original_text":"Rorty,Richard. 1984. &ldquo;Habermas and Lyotard on Postmodernity.&rdquo; <I>Praxis International</I> 4(1). ＝ 1986. 冨田恭彦(訳).「ポストモダンについて: ハーバーマスとリオタール」『思想』744:126-143."},{"sequence":"33","original_text":"澤田瑞也. 1998.『カウンセリングと共感』. 世界思想社."},{"sequence":"34","original_text":"Schmidt,James. 1979. &ldquo;Offensive Critical Theory?: Reply to Honneth.&rdquo; <I>Telos</I> 39:62-70 (in Jay Bernstein (ed.) 1994. <I>The Frankfurt School: Critical Assesments</I> Vol.VI. Routledge.)"},{"sequence":"35","original_text":"高田 純. 1994.『承認と自由: ヘーゲル実践哲学の再構成』未来社."},{"sequence":"36","original_text":"Taylor,Charles K. 1994. <I>Multiculturalism: Examining the Polotics of Recognition</I>. Princeton University Press. =1996. 佐々木毅・辻康夫・向山恭一(訳)『マルチカルチュラリズム』岩波書店."},{"sequence":"37","original_text":"豊泉周治. 2000.『ハーバーマスの社会理論』世界思想社."},{"sequence":"38","original_text":"塚本正明. 1995.『現代の解釈学: ディルタイおよびそれ以降の展開』世界思想社."},{"sequence":"39","original_text":"Watzlawick,Paul,Janet, Bavelas,B & Jackson,Don,D. 1967. <I>Pragmatics of Human Communication: A Study of Interactional Patterns, Pathologies, and Paradoxes</I>. W.W.Norton &amp; Company. =1998. 山本和郎(監訳)『人間コミュニケーションの語用論: 相互作用パターン、病理とパラドックスの研究』二瓶社."}]}}