{"status":"OK","apiType":"doi","apiVersion":"1.0.0","message":{"total":1,"rows":1,"totalPages":1,"page":1},"data":{"siteId":"SI/JST.JSTAGE","content_type":"JA","doi":"10.11218/ojjams.19.53","url":"https://doi.org/10.11218/ojjams.19.53","ra":"JaLC","prefix":"10.11218","site_name":"J-STAGE","publisher_list":[{"publisher_name":"Japanese Association For Mathematical Sociology","lang":"en"},{"publisher_name":"数理社会学会","lang":"ja"}],"title_list":[{"lang":"ja","title":"法学におけるエージェント・ベースト・モデルの可能性"},{"lang":"en","title":"The Perspectives of Agent Based Models in Law"}],"creator_list":[{"sequence":"1","type":"person","names":[{"lang":"ja","last_name":"太田","first_name":"勝造"},{"lang":"en","last_name":"OTA","first_name":"Shozo"}],"affiliation_list":[{"affiliation_name":"Graduate School of Law<BR>The University of Tokyo","sequence":"1","lang":"en"},{"affiliation_name":"東京大学","sequence":"1","lang":"ja"}]}],"publication_date":{"publication_year":"2004"},"relation_list":[{"content":"https://www.jstage.jst.go.jp/article/ojjams/19/1/19_1_53/_pdf","type":"URL","relation":"fullTextPdf"}],"content_language":"ja","updated_date":"2017-03-23","article_type":"pub","journal_id_list":[{"journal_id":"0913-1442","type":"ISSN","issn_type":"print"},{"journal_id":"1881-6495","type":"ISSN","issn_type":"online"},{"journal_id":"ojjams","type":"JID"}],"journal_title_name_list":[{"journal_title_name":"Sociological Theory and Methods","type":"full","lang":"en"},{"journal_title_name":"Sociological Theory and Methods","type":"abbreviation","lang":"en"},{"journal_title_name":"理論と方法","type":"full","lang":"ja"},{"journal_title_name":"理論と方法","type":"abbreviation","lang":"ja"}],"journal_classification":"01","recorded_year":"1986-2013","volume":"19","issue":"1","first_page":"53","last_page":"65","date":"2008-12-22","keyword_list":[{"keyword":"law","sequence":"1","lang":"en"},{"keyword":"法","sequence":"1","lang":"ja"},{"keyword":"agent based model","sequence":"2","lang":"en"},{"keyword":"エージェント・ベースト・モデル","sequence":"2","lang":"ja"},{"keyword":"evolutionary game theory","sequence":"3","lang":"en"},{"keyword":"進化ゲーム理論","sequence":"3","lang":"ja"},{"keyword":"signaling model","sequence":"4","lang":"en"},{"keyword":"シグナリング・モデル","sequence":"4","lang":"ja"}],"citation_list":[{"sequence":"1","original_text":"碧海純一. 2000.『新版・法哲学概論』［全訂第二版補正版］弘文堂."},{"sequence":"2","original_text":"Axelrod, R. 1997. &ldquo;Promoting Norms.&rdquo; in <I>The Complexity of Cooperation</I>. Princeton University press. Pp.40-68. =2003. 寺野隆雄（監訳）. 「規範の促進」 『対立と協調の科学：エージェント・ベース・モデルによる複雑系の解明』ダイヤモンド社:53-89."},{"sequence":"3","original_text":"Cooter, R. 1997. 太田勝造（編訳）. 『法と経済学の考え方：政策科学としての法律学』木鐸社."},{"sequence":"4","original_text":"Dnes, A. W. and R Rowthorn (eds.). 2002. <I>Law and Economics of Marriage and Divorce</I>. Cambridge: University Press."},{"sequence":"5","original_text":"平井宜雄. 1995. 『法政策学：法制度設計の理論と技法』［第２版］有斐閣."},{"sequence":"6","original_text":"川島武宜. 1964. 『科学としての法律学』弘文堂."},{"sequence":"7","original_text":"太田勝造. 1990. 『民事紛争解決手続論』信山社."},{"sequence":"8","original_text":"太田勝造. 1999a. 「分煙秩序の創発と規範：社会的影響モデル」 棚瀬孝雄（編）『たばこ訴訟の法社会学：現代の法と裁判の解読に向けて』世界思想社: 138-163."},{"sequence":"9","original_text":"太田勝造. 1999b. 「《学界展望》『The Complexity of Cooperation: Agent-Based Models of Competition and Collaboration』Robert Axelrod」 『国家学会雑誌』 112(5・6): 191-4."},{"sequence":"10","original_text":"太田勝造. 2000. 『社会科学の理論とモデル ７：法律』東京大学出版会."},{"sequence":"11","original_text":"太田勝造. 2001. 「消費者契約法制：善玉当事者と悪玉当事者」 細江守紀・太田勝造（編）『法の経済分析：契約・企業・政策』勁草書房: 119-155."},{"sequence":"12","original_text":"太田勝造. 2002. 「社会秩序とゲーム論：弱肉強食の消費者契約からいかにして取引秩序が生まれるか」 佐伯胖・亀田達也（編著）『進化ゲームとその展開』共立出版: 93-128."},{"sequence":"13","original_text":"太田勝造・藤田政博. 2003. 「弁護士報酬敗訴者負担制度の社会的影響：予備的実態調査の結果報告」 『自由と正義』54 (1): 20-37."},{"sequence":"14","original_text":"Posner, E. A. 2000. <I>Law and social norms</I>. Cambridge: Harvard University Press. =2002. 太田勝造（監訳）.『法と社会規範：制度と文化の経済分析』木鐸社."},{"sequence":"15","original_text":"Rasmusen, E. 1989. <I>Games and information: an introduction to game theory</I>. Oxford: Basil Blackwell. =1990-1991. 細江守紀・村田省三・有定愛展（訳）『ゲームと情報の経済分析』九州大学出版会."},{"sequence":"16","original_text":"榊東行. 1998. 『三本の矢（上）（下）』早川書房."},{"sequence":"17","original_text":"Schelling, T. C. 1978. <I>Micromotives and Macrobehavior</I>. New York: Norton."},{"sequence":"18","original_text":"司法制度改革審議会. 『意見書』（2001年6月12日）"},{"sequence":"19","original_text":"内田貴. 2000. 『民法I：総則・物権総論』［第２版・補訂版］東京大学出版会."},{"sequence":"20","original_text":"山岸俊男. 1990. 『社会的ジレンマのしくみ』サイエンス社."}]}}