{"status":"OK","apiType":"doi","apiVersion":"1.0.0","message":{"total":1,"rows":1,"totalPages":1,"page":1},"data":{"siteId":"SI/JST.JSTAGE","content_type":"JA","doi":"10.11218/ojjams.21.13","url":"https://doi.org/10.11218/ojjams.21.13","ra":"JaLC","prefix":"10.11218","site_name":"J-STAGE","publisher_list":[{"publisher_name":"Japanese Association For Mathematical Sociology","lang":"en"},{"publisher_name":"数理社会学会","lang":"ja"}],"title_list":[{"lang":"ja","title":"ライフコース研究の２０年と計量社会学の課題"},{"lang":"en","title":"After Twenty Years of Quantitative Life Course Research"}],"creator_list":[{"sequence":"1","type":"person","names":[{"lang":"ja","last_name":"岩井","first_name":"八郎"},{"lang":"en","last_name":"Iwai","first_name":"Hachiro"}],"affiliation_list":[{"affiliation_name":"Kyoto University Graduate School of Education","sequence":"1","lang":"en"},{"affiliation_name":"京都大学","sequence":"1","lang":"ja"}]}],"publication_date":{"publication_year":"2006"},"relation_list":[{"content":"https://www.jstage.jst.go.jp/article/ojjams/21/1/21_1_13/_pdf","type":"URL","relation":"fullTextPdf"}],"content_language":"ja","updated_date":"2017-03-23","article_type":"pub","journal_id_list":[{"journal_id":"0913-1442","type":"ISSN","issn_type":"print"},{"journal_id":"1881-6495","type":"ISSN","issn_type":"online"},{"journal_id":"ojjams","type":"JID"}],"journal_title_name_list":[{"journal_title_name":"Sociological Theory and Methods","type":"full","lang":"en"},{"journal_title_name":"Sociological Theory and Methods","type":"abbreviation","lang":"en"},{"journal_title_name":"理論と方法","type":"full","lang":"ja"},{"journal_title_name":"理論と方法","type":"abbreviation","lang":"ja"}],"journal_classification":"01","recorded_year":"1986-2013","volume":"21","issue":"1","first_page":"13","last_page":"32","date":"2007-08-01","keyword_list":[{"keyword":"life course","sequence":"1","lang":"en"},{"keyword":"ライフコース","sequence":"1","lang":"ja"},{"keyword":"quantitative life history data,","sequence":"2","lang":"en"},{"keyword":"計量的ライフヒストリー・データ","sequence":"2","lang":"ja"},{"keyword":"comparative studies","sequence":"3","lang":"en"},{"keyword":"比較研究","sequence":"3","lang":"ja"},{"keyword":"post Fordism","sequence":"4","lang":"en"},{"keyword":"ポスト・フォーディズム","sequence":"4","lang":"ja"}],"citation_list":[{"sequence":"1","original_text":"Amable, Bruno. 2003. The Diversity of Modern Capitalism. Oxford: Oxford University Press = 2005. 山田鋭夫・原田裕治ほか訳『五つの資本主義　グローバリズム時代における社会経済システムの多様性』藤原書店."},{"sequence":"2","original_text":"Beck, Ulrich. 1999. World Risk Society. Cambridge, UK: Polity Press."},{"sequence":"3","original_text":"Blossfeld, Hans-Peter. 1987. &ldquo;Labor-Market Entry and the Sexual Segregation of Careers in the Federal Republic of Germany.&rdquo; American Journal of Sociology 93(1): 89-118."},{"sequence":"4","original_text":"Blossfeld, Hans-Peter, Alfled Hamerle &amp; Karl U. Mayer. 1989. Event History Analysis.  Hillsdale, N.J.: Lawrence Erlbaum Associates."},{"sequence":"5","original_text":"Blossfeld, Hans-Peter, Klijzing, Erik &amp; Melinda Mills eds. 2005. Globalization, Uncertainty and Youth in Society. London: Routledge."},{"sequence":"6","original_text":"Br&uuml;ckner, Hannah &amp; Karl U. Mayer. 1998.  &ldquo;Collecting Life History Data. Experiences from German Life History Study.&rdquo; Pp.155-181 in Methods of Life Course Research: Qualitative and Quantitative Approaches, edited by J.Z.Giel &amp; G. H.Elder Jr. Thousand Oaks, CA: Sage Publications."},{"sequence":"7","original_text":"Br&uuml;ckner, Hannah &amp; Karl U. Mayer. 2005. &ldquo;The De-Standardization of the Life Course: What It Might Mean and If it Means Anything Whether It Actually Took Place.&rdquo; Advances in Life Course Research 9: 27-54."},{"sequence":"8","original_text":"Clausen John A. 1974. &ldquo;Foreword.&rdquo;Pp.xv-xix in Children of the Great Depression: Social Change in Life Experience, by G. H. Elder Jr. Chicago: University of Chicago Press."},{"sequence":"9","original_text":"Crouch, Colin. 2001. &ldquo;Welfare State Regimes and Industrial Relation System: the Questionable Roles of Path Dependency Theory.&rdquo;Pp.105-124 In Comparing Welfare Capitalism: Social policy and political economy in Europe, Japan and the USA, edited by B. Ebbinghaus &amp; P. Manow. London: Routledge."},{"sequence":"10","original_text":"Carroll Glen R. &amp; Karl U. Mayer. 1986. &ldquo;Job-Shift Patterns in the Federal Republic of German : the Effects of Social Class, Industrial Sectors, and Organizational Size.&rdquo; American Sociological Review 51(3): 323-341."},{"sequence":"11","original_text":"Ebbinghaus, Bernhard &amp; Philip Manow. 2001. &ldquo;Introduction: Studying Varieties of Welfare Capitalism.&rdquo; Pp.105-124 In Comparing Welfare Capitalism: Social Policy and Political Economy in Europe, Japan and the USA, edited by B. Ebbinghaus &amp; P. Manow. London: Routledge."},{"sequence":"12","original_text":"Elder, Glen.H.Jr. 1974. Children of the Great Depression: Social Change in Life Experience. University of Chicago Press. =1991．本田時雄（訳）『大恐慌の子どもたち：社会変動と人間発達』明石書店．"},{"sequence":"13","original_text":"Elder, Glen.H.Jr. 1999. &ldquo;Beyond &lsquo;Children of the Great Depression&rsquo; .&rdquo;Pp.301-343 in Children of the Great Depression: Social Change in Life Experience. 25th Anniversary Edition. Boulder, CO: Westview."},{"sequence":"14","original_text":"Esping-Andersen, Gosta 1987. &ldquo;Hybrid or Unique?: The Japanese Welfare State between Europe and America.&rdquo; Journal of European Social Policy 7(3): 179-189."},{"sequence":"15","original_text":"Esping-Andersen, Gosta 1999. Social Foundations of Postindustrial Economies. New York: Oxford University Press. =2000．渡辺雅男・渡辺景子訳『ポスト工業経済の社会的基礎市場・福祉国家・家族の政治経済学』桜井書店．"},{"sequence":"16","original_text":"Esping-Andersen, Gosta. 2002. &ldquo;Towards the Good Society, Once Again?&rdquo; Pp.1-25 in Why We Need a New Welfare State, edited by G. Esping-Andersen. Oxford: Oxford University Press."},{"sequence":"17","original_text":"Esping-Andersen, Gosta ed. 1993. Changing Classes: Stratification and Mobility in Post-Industrial Societies. London: Sage Publications."},{"sequence":"18","original_text":"Hillmert, Steffen. 2004. From Old to New Structures:  A Long-term Comparison of the Transition to Adulthood in West and East Germany. Working paper 8. Berlin: Max Planck Institute of Human development."},{"sequence":"19","original_text":"Hillmert, Seffen, &amp; Mayer, Karl. U. 2004. &ldquo;Die Geburstjahrg&auml;nge 1964 und 1971: Ein &Uuml;berblick.&rdquo;Pp. 17-22. in Geboren 1964 und 1971: Neuere Untersuchungen zu Ausbildungs- und Berufschancen in Westdeutschland, edited by S. Hillmert &amp; K. U. Mayer. Wiesbaden: VS - Verlag f&uuml;r Sozialwissenschaften."},{"sequence":"20","original_text":"Hillmert, Seffen, &amp; Mayer, Karl. U. eds. 2004. Geboren 1964 und 1971: Neuere Untersuchungen zu Ausbildungs- und Berufschancen in Westdeutschland. Wiesbaden: VS - Verlag f&uuml;r Sozialwissenschaften."},{"sequence":"21","original_text":"岩井八郎. 1997.「ジェンダーとライフコース」『研究紀要　教育・社会・文化』4 京都大学教育学部、教育社会学、生涯学習計画、社会教育、図書館学: 1-16．"},{"sequence":"22","original_text":"岩井八郎. 2000. 「近代階層理論の浸透－高度成長期以降のライフコースと教育」近藤博之編『戦後日本の教育社会』日本の階層システム３、東京大学出版会: 199－220."},{"sequence":"23","original_text":"岩井八郎.2002. 「ライフコース論からのアプローチ」石原邦雄編著『家族と職業』『シリーズ・現代の家族』第５巻、ミネルヴァ書房: 37-61."},{"sequence":"24","original_text":"Jacoby Sanford M. 2005. The Embedded Corporation: Corporate Governance and Employment Relations in Japan and the United States. Princeton: Princeton University Press. ＝2005.　鈴木良治・伊藤健市・堀龍二訳『日本の人事部・アメリカの人事部　日米企業のコーポレート・ガバナンスと雇用関係』東洋経済新報社."},{"sequence":"25","original_text":"Johnsson, Jan &amp; Colin Mills eds. 2001. Cradle to Grave: Life-Course Change in Modern Sweden. Durham: Sociologypress."},{"sequence":"26","original_text":"Laub, John H. &amp; Robert J. Sampson. 2003. Shared Beginnings, Divergent Lives: Delinquent Boys to Age 70. Cambridge, MA: Harvard University Press."},{"sequence":"27","original_text":"Kohli,Martin. 1986. &ldquo;The World We Forgot: A Historical Review of the Life Course.\" Pp.271-303 In Later life: The Social Psychology of Aging, edited by V. W. Marshall. Beverly Hills: Sage."},{"sequence":"28","original_text":"Max Planck Institute for Human Development. 2005. Annual Report 2003-2004."},{"sequence":"29","original_text":"Mayer, Karl U. 1997. &ldquo;Notes on a Comparative Political Economy of Life Courses.&rdquo; Comparative Social Research 16: 203-26."},{"sequence":"30","original_text":"Mayer, Karl U. 2001. &ldquo;The Paradox of Global Social Change and National Path Dependencies: Life Course Patterns in Advanced Societies.&rdquo; Pp.89-110 In Inclusions and Exclusions in European Societies, edited by A.E. Woodward and M.Kohli. London: Routledge."},{"sequence":"31","original_text":"Mayer, Karl U. 2005. &lsquo;Life Courses and Life Chances in a Comparative Perspective.&rsquo; Pp.17-55 in Analyzing Inequalities in Comparative Perspective, edited by S. Svallfors. Stanford,CA:University Press."},{"sequence":"32","original_text":"Mayer, Karl U. &amp; Steffen Hillmert. 2003. &ldquo;New Ways of Life or Old Rigidities? : Changes in Social Structures and Life Courses and their Political Impacts.&rdquo; West European Politics 26(4), edited by H.Kitschelt &amp; W.Streeck. London: Frank Cass: 79-100."},{"sequence":"33","original_text":"Mayer, Karl U. &amp; Glen R. Carroll. 1987. &ldquo;Jobs and Classes: Structural Constraints on Career Mobility.&rdquo; European Sociological Review 3(1): 14-38."},{"sequence":"34","original_text":"Mayer, Karl U. &amp; Nancy Tuma eds. 1990. Event History Analysis in Life Course Research. Madison, WC: University of Wisconsin Press."},{"sequence":"35","original_text":"Meyer, John, 1986a. &ldquo;The Self and the Life Course.&rdquo; Pp. 199-216 in Human Development and the Life Course, edited by A.B.Sorensen, F.E.Weinert, &amp; L.R.Sherrod. Hillsdale NJ: Erbaum."},{"sequence":"36","original_text":"Meyer, John. 1986b. &ldquo;Myths of Socialization and Personality.&rdquo; Pp.212-225 in Reconstructing Individualism, edited by T. Heller, M. Sosna, and D. Welly. Stanford, CA: Stanford University Press."},{"sequence":"37","original_text":"McAdam, Doug. 1988. Freedom Summer. New York: Oxford University Press."},{"sequence":"38","original_text":"McAdam, Doug. 1989. &ldquo;The Biological Consequences of Activism.&rdquo; American Sociological Review 54(5): 744-760."},{"sequence":"39","original_text":"Myles, John. 1992. &lsquo;Is There a Post-Fordist Life Course?&rsquo;  Pp.171-185 In Institutions and Gatekeeping in the Life Course, edited by W. R.Heinz. Weiheim: Deucher Studien Verlag."},{"sequence":"40","original_text":"森岡清美・青井和夫　編著. 1985．『ライフコースと世代　現代家族論再考』垣内出版．"},{"sequence":"41","original_text":"森岡清美・青井和夫  編著. 1991．『現代日本人のライフコース』日本学術振興会"},{"sequence":"42","original_text":"Mortimer, Jeylan. &amp; Michael J.Shanahan eds. 2003. Handbook of the Life Course. New York: Kluwer Academic/Plenum Publishers."},{"sequence":"43","original_text":"North, Douglass C. 1990. Institutions, Institutional Changes, and Economic Performance.  New York: Cambridge University Press. =1994. 竹下公視訳『制度・制度変化・経済効果』晃洋書房．"},{"sequence":"44","original_text":"Reimer, M. 2004. Collecting Event History Data about Work Careers Retrospectively: Mistakes that Occur and Ways to Prevent Them. Arbeitspapier des Projektes Kognition und Kommunikation bei der L&auml;ngsschnittdatenerhebung, No. 1. Berlin: Max-Planck-Institute f&uuml;r Bildungsforschung."},{"sequence":"45","original_text":"Riley, M.W. ed. 1988a. Social Structures &amp; Human Lives. Social Change and Life Course. Vol.1. Newbury Park, Ca: Sage Publications."},{"sequence":"46","original_text":"Riley, M.W. ed. 1988b. Sociological Lives. Social Change and Life Course, Vol.2. Newbury Park, Ca: Sage Publications."},{"sequence":"47","original_text":"Sampson,Robert J. &amp; John H. Laub. 1993. Crime in the Making: Pathways and Turning Points through Life. Cambridge, MA: Harvard University Press."},{"sequence":"48","original_text":"Sorensen, A.B., F.E. Weinert &amp; L.R. Sherrod eds. 1986. Human Development and the Life Course. Hillsdale NJ: Erbaum."}]}}