{"status":"OK","apiType":"doi","apiVersion":"1.0.0","message":{"total":1,"rows":1,"totalPages":1,"page":1},"data":{"siteId":"SI/JST.JSTAGE","content_type":"JA","doi":"10.11218/ojjams.13.209","url":"https://doi.org/10.11218/ojjams.13.209","ra":"JaLC","prefix":"10.11218","site_name":"J-STAGE","publisher_list":[{"publisher_name":"Japanese Association For Mathematical Sociology","lang":"en"},{"publisher_name":"数理社会学会","lang":"ja"}],"title_list":[{"lang":"ja","title":"行為者間に異質性が存在する社会的ジレンマ・モデル"},{"lang":"en","title":"Social Dilemma Models under the Heterogeneity of Actors"}],"creator_list":[{"sequence":"1","type":"person","names":[{"lang":"ja","last_name":"神山","first_name":"英紀"},{"lang":"en","last_name":"KAMIYAMA","first_name":"Hideki"}],"affiliation_list":[{"affiliation_name":"Graduate School of Humanities and Sociology<BR>The University of Tokyo","sequence":"1","lang":"en"},{"affiliation_name":"東京大学","sequence":"1","lang":"ja"}]}],"publication_date":{"publication_year":"1998"},"relation_list":[{"content":"https://www.jstage.jst.go.jp/article/ojjams/13/2/13_209/_pdf","type":"URL","relation":"fullTextPdf"}],"content_language":"ja","updated_date":"2016-09-29","article_type":"pub","journal_id_list":[{"journal_id":"0913-1442","type":"ISSN","issn_type":"print"},{"journal_id":"1881-6495","type":"ISSN","issn_type":"online"},{"journal_id":"ojjams","type":"JID"}],"journal_title_name_list":[{"journal_title_name":"Sociological Theory and Methods","type":"full","lang":"en"},{"journal_title_name":"Sociological Theory and Methods","type":"abbreviation","lang":"en"},{"journal_title_name":"理論と方法","type":"full","lang":"ja"},{"journal_title_name":"理論と方法","type":"abbreviation","lang":"ja"}],"journal_classification":"01","recorded_year":"1986-2013","volume":"13","issue":"2","first_page":"209","last_page":"224","date":"2016-09-30","keyword_list":[{"keyword":"social dilemme","sequence":"1","lang":"en"},{"keyword":"社会的ジレンマ","sequence":"1","lang":"ja"},{"keyword":"heretogeneity","sequence":"2","lang":"en"},{"keyword":"異質性","sequence":"2","lang":"ja"},{"keyword":"N-person game","sequence":"3","lang":"en"},{"keyword":"N人ゲーム","sequence":"3","lang":"ja"},{"keyword":"neglected bicycles","sequence":"4","lang":"en"},{"keyword":"放置自転車","sequence":"4","lang":"ja"}],"citation_list":[{"sequence":"1","original_text":"Granovetter, M. 1978. &ldquo;Threshold Models of Collective Behavior.&rdquo;. <I>American Journal of Sociology</I>. 83(6): 1420-1443."},{"sequence":"2","original_text":"Granovetter, M. and Soon, R. 1983. &ldquo;Threshold Models of Diffusion and Collective Behavior.&rdquo;. <I>Journal of Mathematical Sociology</I>. 9: 165-179."},{"sequence":"3","original_text":"長谷川計二. 1988.「共有地のジレンマにおける不均等所有と成員集団の4類型」. 海野道郎・原純輔・和田修一(編)『数理社会学の展開』. 数理社会学研究会: 77-90."},{"sequence":"4","original_text":"長谷川計二. 1993.「ネットワーク外部性と集合行為」. 海野道郎(編)『社会的ジレンマに関する数理社会科学的研究』（平成３～４年度科学研究費補助金（総合研究A）研究成果報告書）: 164-171."},{"sequence":"5","original_text":"石井健一. 1987.「世論過程の閾値モデル」.『理論と方法』2(1): 15-28."},{"sequence":"6","original_text":"岩本健良. 1993.「異質性を持つ社会的ジレンマへの閾値モデルの適用─文書サイズのA４版規格化の運動を事例として─」．海野道郎(編)『社会的ジレンマに関する数理社会科学研究』（平成３～４年度科学研究費補助金（総合研究A）研究成果報告書）: 152-163."},{"sequence":"7","original_text":"三隅一人. 1989.「社会的ジレンマと成員異質性についての覚書─社会的ジレンマ図式の拡張をめざして─」.『社会科学論集』（九州大学教養部社会科学研究室紀要）第29集: 1-36."},{"sequence":"8","original_text":"Raub, W. 1988. &ldquo;Problematic Social Situations and the Large Number Dilemma: A Game-theoretical Analysis.&rdquo; <I>Journal of Mathematical Sociology</I> 13(4): 311-357"},{"sequence":"9","original_text":"海野道郎. 1991.「社会的ジレンマ研究の射程」. 盛山和夫・海野道郎(編).『秩序問題と社会的ジレンマ』ハーベスト社."}]}}