{"status":"OK","apiType":"doi","apiVersion":"1.0.0","message":{"total":1,"rows":1,"totalPages":1,"page":1},"data":{"siteId":"SI/JST.JSTAGE","content_type":"JA","doi":"10.11218/ojjams.26.83","url":"https://doi.org/10.11218/ojjams.26.83","ra":"JaLC","prefix":"10.11218","site_name":"J-STAGE","publisher_list":[{"publisher_name":"Japanese Association For Mathematical Sociology","lang":"en"},{"publisher_name":"数理社会学会","lang":"ja"}],"title_list":[{"lang":"ja","title":"友だち関係ネットワークの階層化とスモールワールド性の入れ子構造について","subtitle":"―学生専用SNS のデータ分析とモデリングおよびシミュレーション―"},{"lang":"en","title":"Stratification and Nested Structure of Small World in a Friendship Network:","subtitle":"Data Analysis, Modeling, and Simulation on a Social Networking Service a.k.a &ldquo;Tomocom&rdquo;"}],"creator_list":[{"sequence":"1","type":"person","names":[{"lang":"ja","last_name":"友知","first_name":"政樹"},{"lang":"en","last_name":"TOMOCHI","first_name":"Masaki"}],"affiliation_list":[{"affiliation_name":"College of Economics and Environmental Policy<BR>Okinawa International University","sequence":"1","lang":"en"},{"affiliation_name":"沖縄国際大学","sequence":"1","lang":"ja"}]},{"sequence":"2","type":"person","names":[{"lang":"ja","last_name":"田中","first_name":"敦"},{"lang":"en","last_name":"TANAKA","first_name":"Atsushi"}],"affiliation_list":[{"affiliation_name":"Graduate School of Science and Engineering<BR>Yamagata University","sequence":"2","lang":"en"},{"affiliation_name":"山形大学","sequence":"2","lang":"ja"}]},{"sequence":"3","type":"person","names":[{"lang":"ja","last_name":"七條","first_name":"達弘"},{"lang":"en","last_name":"SHICHIJO","first_name":"Tatsuhiro"}],"affiliation_list":[{"affiliation_name":"College of Economics<BR>Osaka Prefecture University","sequence":"3","lang":"en"},{"affiliation_name":"大阪府立大学","sequence":"3","lang":"ja"}]}],"publication_date":{"publication_year":"2011"},"relation_list":[{"content":"https://www.jstage.jst.go.jp/article/ojjams/26/1/26_1_83/_pdf","type":"URL","relation":"fullTextPdf"}],"content_language":"ja","updated_date":"2017-03-23","article_type":"pub","journal_id_list":[{"journal_id":"0913-1442","type":"ISSN","issn_type":"print"},{"journal_id":"1881-6495","type":"ISSN","issn_type":"online"},{"journal_id":"ojjams","type":"JID"}],"journal_title_name_list":[{"journal_title_name":"Sociological Theory and Methods","type":"full","lang":"en"},{"journal_title_name":"Sociological Theory and Methods","type":"abbreviation","lang":"en"},{"journal_title_name":"理論と方法","type":"full","lang":"ja"},{"journal_title_name":"理論と方法","type":"abbreviation","lang":"ja"}],"journal_classification":"01","recorded_year":"1986-2013","volume":"26","issue":"1","first_page":"83","last_page":"97","date":"2012-01-31","keyword_list":[{"keyword":"Social network","sequence":"1","lang":"en"},{"keyword":"社会ネットワーク","sequence":"1","lang":"ja"},{"keyword":"Small world","sequence":"2","lang":"en"},{"keyword":"スモールワールド","sequence":"2","lang":"ja"},{"keyword":"Stratification","sequence":"3","lang":"en"},{"keyword":"階層化","sequence":"3","lang":"ja"},{"keyword":"Nested structure (self similarity)","sequence":"4","lang":"en"},{"keyword":"入れ子構造（自己相似性）","sequence":"4","lang":"ja"},{"keyword":"SNS","sequence":"5","lang":"en"},{"keyword":"SNS","sequence":"5","lang":"ja"}],"citation_list":[{"sequence":"1","original_text":"Bochner, Stephen, Duncan, Robert, Kennedy, Elizabeth, and Orr, Fred. 1976. &ldquo;Acquaintance links between residents of a high rise building: An application of the &lsquo;small world&rsquo; method.&rdquo; <I>Journal of Social Psychology</I> 100: 277-284."},{"sequence":"2","original_text":"Kamada, Tomihisa, and Kawai, Satoru. 1989. &ldquo;An algorithm for drawing general undirected graphs&rdquo; <I>Information Processing Letters</I> 31(1): 7-15."},{"sequence":"3","original_text":"Kleinfeld, Judith S. 2002a. &ldquo;Six Degrees of Separation: An Urban Myth?&rdquo; <I>Psychology Today</I> 35(2): 74."},{"sequence":"4","original_text":"Kleinfeld, Judith S. 2002b. &ldquo;The small world problem.&rdquo; <I>Society</I> 39(2): 61-66."},{"sequence":"5","original_text":"Korte, Charles, and Milgram, Stanley. 1970. &ldquo;Acquaintance links between White and Negro populations: Application of the small world method.&rdquo; <I>Journal of Personality and Social Psychology</I> 15(2): 101-108."},{"sequence":"6","original_text":"桑原健史・三好匠．2005. 「階層型スモールワールドを用いたP2P ネットワーク構成法」『電子情報通信学会技術研究報告. NS, ネットワークシステム』104(690), 303-306."},{"sequence":"7","original_text":"増田直紀・今野紀雄. 2010. 『複雑ネットワーク 基礎から応用まで』近代科学社.松尾豊・安田雪. 2007. 「SNS における関係形成原理 ―mixi のデータ分析―」『人工知能学会論文誌』 22(5): 531-541."},{"sequence":"8","original_text":"三隅譲二・木下冨雄. 1992. 「『世間は狭い』か？ ―日本社会の目に見えない人間関係ネットワークを推定する」『 社会心理学研究』7(1): 8-18."},{"sequence":"9","original_text":"Milgram, Stanley. 1967. &ldquo;The Small World Problem.&rdquo; <I>Psychology Today</I> 1: 61-67."},{"sequence":"10","original_text":"Tomochi, Masaki. 2010. &ldquo;A model of a nested small-world network.&rdquo;『理論と方法』25(1): 19-29."},{"sequence":"11","original_text":"Travers, Jeffrey and Milgram, Stanley. 1969. &ldquo;An experimental study of the small world problem.&rdquo; <I>Sociometry</I> 32: 425-443."},{"sequence":"12","original_text":"鳥海不二夫, 石田健, 石井健一郎. 2008. 「地域SNS のネットワーク構造分析」『電子情報通信学会技術研究報告』108(208): 33-38."},{"sequence":"13","original_text":"Watts, Duncan J. and Strogatz, Steven H. 1998. &ldquo;Collective dynamics of &lsquo;small-world&rsquo; networks.&rdquo; <I>Nature</I> 393: 440-442."},{"sequence":"14","original_text":"Watts, Duncan J. 1999a. &ldquo;Networks, dynamics and the small world phenomenon.&rdquo; <I>American Journal of Sociology</I> 105(2): 493-527."},{"sequence":"15","original_text":"Watts, Duncan J. 1999b. <I>Small World: The Dynamics of Networks between Order and Randomness. New Jersey</I>: Princeton University Press."},{"sequence":"16","original_text":"Watts, Duncan J. 2003. <I>Six Degrees: The Science of a Connected Age</I>. New York: WW Norton &amp; Co Inc."},{"sequence":"17","original_text":"Wong, Ling H., Pattison, Philippa, and Robins, Garry. 2006. &ldquo;A spatial model for social networks.&rdquo; <I>Phsyica</I> A 360: 99-120."},{"sequence":"18","original_text":"湯田聴夫・小野直亮・藤原義久. 2006. 「ソーシャル・ネットワーキング・サービスにおける人的ネットワークの構造」『情報処理学会論文誌』47(3): 865-874."}]}}