{"status":"OK","apiType":"doi","apiVersion":"1.0.0","message":{"total":1,"rows":1,"totalPages":1,"page":1},"data":{"siteId":"SI/JST.JSTAGE","content_type":"JA","doi":"10.11218/ojjams.14.75","url":"https://doi.org/10.11218/ojjams.14.75","ra":"JaLC","prefix":"10.11218","site_name":"J-STAGE","publisher_list":[{"publisher_name":"Japanese Association For Mathematical Sociology","lang":"en"},{"publisher_name":"数理社会学会","lang":"ja"}],"title_list":[{"lang":"ja","title":"電子会議室におけるコミュニケーション構造","subtitle":"─偏ネット･モデルによる分析─"},{"lang":"en","title":"The Structure of Communications in Electronic Bulletin Board :","subtitle":"The analysis by the biased networks model"}],"creator_list":[{"sequence":"1","type":"person","names":[{"lang":"ja","last_name":"木村","first_name":"泰之"},{"lang":"en","last_name":"KIMURA","first_name":"Yasuyuki"}],"affiliation_list":[{"affiliation_name":"Graduate School of Social Relations<BR>Rikkyo University","sequence":"1","lang":"en"}]},{"sequence":"2","type":"person","names":[{"lang":"ja","last_name":"山口","first_name":"和範"},{"lang":"en","last_name":"YAMAGUCHI","first_name":"Kazunori"}],"affiliation_list":[{"affiliation_name":"College of Social Relations<BR>Rikkyo University","sequence":"2","lang":"en"},{"affiliation_name":"立教大学","sequence":"2","lang":"ja"}]}],"publication_date":{"publication_year":"1999"},"relation_list":[{"content":"https://www.jstage.jst.go.jp/article/ojjams/14/1/14_75/_pdf","type":"URL","relation":"fullTextPdf"}],"content_language":"ja","updated_date":"2016-09-29","article_type":"pub","journal_id_list":[{"journal_id":"0913-1442","type":"ISSN","issn_type":"print"},{"journal_id":"1881-6495","type":"ISSN","issn_type":"online"},{"journal_id":"ojjams","type":"JID"}],"journal_title_name_list":[{"journal_title_name":"Sociological Theory and Methods","type":"full","lang":"en"},{"journal_title_name":"Sociological Theory and Methods","type":"abbreviation","lang":"en"},{"journal_title_name":"理論と方法","type":"full","lang":"ja"},{"journal_title_name":"理論と方法","type":"abbreviation","lang":"ja"}],"journal_classification":"01","recorded_year":"1986-2013","volume":"14","issue":"1","first_page":"75","last_page":"89","date":"2016-09-30","keyword_list":[{"keyword":"virtual network community","sequence":"1","lang":"en"},{"keyword":"電子ネットワーク・コミュニティ","sequence":"1","lang":"ja"},{"keyword":"ties theory","sequence":"2","lang":"en"},{"keyword":"紐帯の理論","sequence":"2","lang":"ja"},{"keyword":"connectivity","sequence":"3","lang":"en"},{"keyword":"結合度","sequence":"3","lang":"ja"}],"citation_list":[{"sequence":"1","original_text":"Friedkin, N. 1980. &ldquo;A test of structural features of Granovetter's strength of weak ties theory.&rdquo; <I>Social Networks</I>. 2: 411-422."},{"sequence":"2","original_text":"Granovetter, M. S. 1973. &ldquo;The strength of weak ties.&rdquo; <I>American Journal of Sociology</I>. 78: 1360-1380."},{"sequence":"3","original_text":"Granovetter, M. S. 1974. <I>Getting a job: a study of contacts and careers</I>. Harvard Univ. Press."},{"sequence":"4","original_text":"Hauben, M. &amp; Hauben R. 1997. <I>Netizens: On the History and Impact of Usenet and the Internet</I>. IEEE Computer Society Press. 井上博樹・小林統(訳). 1997.『ネティズン：インターネット、ユースネットの歴史と社会的インパクト』中央公論社"},{"sequence":"5","original_text":"平松闊編著 1990.『社会ネットワーク』福村出版"},{"sequence":"6","original_text":"平松闊 1988.「社会ネットワークの数理モデル：偏ネット･モデルを中心に」『理論と方法』3: 97-103"},{"sequence":"7","original_text":"木村泰之・都築誉史 1998.「集団意思決定とコミュニケーション・モード：対面条件とコンピュータ・コミュニケーション条件の差異に関する実験社会心理学的検討」『実験社会心理学研究』38: 183-192."},{"sequence":"8","original_text":"小林淳一・木村那博編著 1991.『考える社会学』ミネルヴァ書房"},{"sequence":"9","original_text":"Rapoport, A. &amp; Horvath, W. J. 1961. &ldquo;A study of a large sociogram.&rdquo; <I>Behavioral Science</I>. 6: 279-291."},{"sequence":"10","original_text":"盛山和夫 1985.「『弱い紐帯の強さ』再考」『数理社会学の現在』数理社会学研究会 pp. 163-174."},{"sequence":"11","original_text":"Seiyama, K. 1977. &ldquo;The weak tie predominance in obtaining a job.&rdquo; (mimeo.) Harvard University."},{"sequence":"12","original_text":"Skvoretz, J. 1985. &ldquo;Random and biased networks: simulatiion and approximation.&rdquo; <I>Social Networks</I>. 7: 225-261."}]}}