{"status":"OK","apiType":"doi","apiVersion":"1.0.0","message":{"total":1,"rows":1,"totalPages":1,"page":1},"data":{"siteId":"SI/JST.JSTAGE","content_type":"JA","doi":"10.11218/ojjams.25.249","url":"https://doi.org/10.11218/ojjams.25.249","ra":"JaLC","prefix":"10.11218","site_name":"J-STAGE","publisher_list":[{"publisher_name":"Japanese Association For Mathematical Sociology","lang":"en"},{"publisher_name":"数理社会学会","lang":"ja"}],"title_list":[{"lang":"ja","title":"家族構成と子どもの読解力形成","subtitle":"―ひとり親家族の影響に関する日米比較―"},{"lang":"en","title":"Family Structure and Children&rsquo;s Reading Literacy:","subtitle":"Academic Achievement of Children from Single-Parent Families in Japan and United States"}],"creator_list":[{"sequence":"1","type":"person","names":[{"lang":"ja","last_name":"白川","first_name":"俊之"},{"lang":"en","last_name":"SHIRAKAWA","first_name":"Toshiyuki"}],"affiliation_list":[{"affiliation_name":"Doshisha University","sequence":"1","lang":"en"},{"affiliation_name":"同志社大学","sequence":"1","lang":"ja"}]}],"publication_date":{"publication_year":"2010"},"relation_list":[{"content":"https://www.jstage.jst.go.jp/article/ojjams/25/2/25_2_249/_pdf","type":"URL","relation":"fullTextPdf"}],"content_language":"ja","updated_date":"2017-03-23","article_type":"pub","journal_id_list":[{"journal_id":"0913-1442","type":"ISSN","issn_type":"print"},{"journal_id":"1881-6495","type":"ISSN","issn_type":"online"},{"journal_id":"ojjams","type":"JID"}],"journal_title_name_list":[{"journal_title_name":"Sociological Theory and Methods","type":"full","lang":"en"},{"journal_title_name":"Sociological Theory and Methods","type":"abbreviation","lang":"en"},{"journal_title_name":"理論と方法","type":"full","lang":"ja"},{"journal_title_name":"理論と方法","type":"abbreviation","lang":"ja"}],"journal_classification":"01","recorded_year":"1986-2013","volume":"25","issue":"2","first_page":"249","last_page":"265","date":"2011-03-12","keyword_list":[{"keyword":"single-parent families","sequence":"1","lang":"en"},{"keyword":"ひとり親家族","sequence":"1","lang":"ja"},{"keyword":"PISA","sequence":"2","lang":"en"},{"keyword":"PISA","sequence":"2","lang":"ja"},{"keyword":"international comparison","sequence":"3","lang":"en"},{"keyword":"国際比較","sequence":"3","lang":"ja"}],"citation_list":[{"sequence":"1","original_text":"阿部彩．2008．『子どもの貧困....日本の不公平を考える』岩波書店．"},{"sequence":"2","original_text":"Amato, P. R. 1987. &ldquo;Family Processes in One-Parent, Stepparent, and Intact Families: The Child&rsquo;s Point of View.&rdquo; <I>Journal of Marriage and Family</I> 49(2): 327.37."},{"sequence":"3","original_text":"Astone, N. M. &amp; S. S. McLanahan. 1991. &ldquo;Family Structure, Parental Practices and High School Completion.&rdquo;<I>American Sociological Review</I> 56(3): 309.20."},{"sequence":"4","original_text":"Bassani, C. 2006. &ldquo;A Test of Social Capital Theory Outside of the American Context: Family and School Social Capital and Youths&rsquo; Math Scores in Canada, Japan, and the United States.&rdquo; <I>International Journal of Educational Research</I> 45(6): 380.403."},{"sequence":"5","original_text":"Biblarz, T. J. &amp; A. E. Raftery. 1999. &ldquo;Family Structure, Educational Attainment, and Socioeconomic Success: Rethinking the &lsquo;Pathology of Matriarchy&rsquo;.&rdquo; <I>American Journal of Sociology</I> 105(2): 321.65.citation=Borgers, N., J. Dronkers, &amp; B. M. S. van Praag. 1996. &ldquo;The Effects of Different Forms of Two- and Single-Parent Families on the Well-being of Their Children in Dutch Secondary Education.&rdquo; <I>Social Psychology of Education</I> 1(2): 147.69."},{"sequence":"6","original_text":"Downey, D. B. 1994. &ldquo;The School Performance of Children From Single-Mother and Single-Father Families: Economic or Interpersonal Deprivation?.&rdquo; <I>Journal of Family Issues</I> 15(1): 129.47."},{"sequence":"7","original_text":"Dronkers, J. 1994. &ldquo;The Changing Effects of Lone Parent Families on the Educational Attainment of their Children in a European Welfare State.&rdquo; <I>Sociology</I> 28(1): 171.91."},{"sequence":"8","original_text":"Entwisle, D. R. &amp; K. L. Alexander. 1995. &ldquo;A Parent&rsquo;s Economic Shadow: Family Structure versus Family Resources as Influences on Early School Achievement.&rdquo; <I>Journal of Marriage and Family</I> 57(2): 399.409."},{"sequence":"9","original_text":"Hampden-Thompson, G. 2009. &ldquo;Are Two Better than One? A Comparative Study of Achievement Gaps and Family Structure.&rdquo; <I>Compare: A Journal of Comparative and International Education</I> 39(4): 517.34."},{"sequence":"10","original_text":"Ho, E. S. C. 2003. &ldquo;Students&rsquo; Self-Esteem in an Asian Educational System: Contribution of Parental Involvement and Parental Investment.&rdquo; <I>School Community Journal</I> 13(1): 65.84."},{"sequence":"11","original_text":"Ho, E. S. C. 2006. &ldquo;Social Disparity of Family Involvement in Hong Kong: Effect of Family Resources and Family Network.&rdquo; <I>School Community Journal</I> 16(2): 7.26."},{"sequence":"12","original_text":"Ho, E. S. C. &amp; J. D. Willms. 1996. &ldquo;Effects of Parental Involvement on Eighth-Grade Achievement.&rdquo; <I>Sociology of Education</I> 69(2): 126.41."},{"sequence":"13","original_text":"稲葉昭英．2008．「『父のいない』子どもたちの教育達成....父早期不在者・早期死別者のライフコース」中井美樹・杉野勇編『2005 年SSM 調査シリーズ 9 ライフコース・ライフスタイルから見た社会階層』2005 年SSM 調査研究会，1.19．"},{"sequence":"14","original_text":"Judkins, D. R. 1990. &ldquo;Fay&rsquo;s Method for Variance Estimation.&rdquo; <I>Journal of Official Statistics</I> 6(3): 223.39."},{"sequence":"15","original_text":"神原文子．2007．「ひとり親家族と社会的排除」『家族社会学研究』18(2): 11.24．"},{"sequence":"16","original_text":"Klein, A. &amp; L. Pellerin. 2004. &ldquo;Academic Achievement of Children in Single Father Families.&rdquo; <I>Paper presented at the annual meeting of the American Sociological Association</I>."},{"sequence":"17","original_text":"小林淳一・鹿又伸夫・山本努・塚原修一．1990．「社会階層と通婚圏」直井優・盛山和夫編『現代日本の階層構造 1 社会階層の構造と過程』東京大学出版会，65.81．citation=国立教育政策研究所編．2004．『生きるための知識と技能 2 OECD 生徒の学習到達度調査(PISA) 2003年調査国際結果報告書』ぎょうせい．"},{"sequence":"18","original_text":"厚生労働省．2007．『平成18 年度全国母子世帯等調査結果報告』．"},{"sequence":"19","original_text":"Lee, J. &amp; N. K. Bowen. 2006. &ldquo;Parent Involvement, Cultural Capital, and the Achievement Gap Among Elementary School Children.&rdquo; <I>American Educational Research Journal</I> 43(2): 193.218."},{"sequence":"20","original_text":"McLanahan, S. 1985. &ldquo;Family Structure and the Reproduction of Poverty.&rdquo; <I>American Journal of Sociology</I>90(4): 873.901."},{"sequence":"21","original_text":"McLanahan, S. 2004. &ldquo;Diverging Destinies: How Children Are Faring Under the Second Demographic Transition.&rdquo;<I>Demography</I> 41(4) : 607.27."},{"sequence":"22","original_text":"McNeal Jr., R. B. 1999. &ldquo;Parental Involvement as Social Capital: Differential Effectiveness on Science Achievement, Truancy, and Dropping Out.&rdquo; <I>Social Forces</I> 78(1): 117.44."},{"sequence":"23","original_text":"Mulkey, L. M., R. L. Crain, &amp; A. J. C. Harrington. 1992. &ldquo;One-Parent Households and Achievement: Economic and Behavioral Explanations of a Small Effect.&rdquo; <I>Sociology of Education</I> 65(1): 48.65."},{"sequence":"24","original_text":"Murray, &Aring;. &amp; K. Sandqvist. 1990. &ldquo;Father Absence and Children&rsquo;s Achievement from Age 13 to 21.&rdquo;<I>Scandinavian Journal of Educational Research</I> 34(1): 3.28."},{"sequence":"25","original_text":"OECD. 2002. <I>Manual for the PISA 2000 Database</I>. Paris: Organisation for Economic Co-operation and Development."},{"sequence":"26","original_text":"OECD. 2005. <I>PISA 2003 Data Analysis Manual: SPSS Users</I>. Paris: Organisation for Economic Co-operation and Development."},{"sequence":"27","original_text":"Park, H. 2007. &ldquo;Single Parenthood and Children&rsquo;s Reading Performance in Asia.&rdquo; <I>Journal of Marriage and Family</I> 69(3): 863.77."},{"sequence":"28","original_text":"Park, H. 2008a. &ldquo;Effects of Single Parenthood on Educational Aspiration and Student Disengagement in Korea.&rdquo; <I>Demographic Research</I> 18(13): 377.408."},{"sequence":"29","original_text":"Park, H. 2008b. &ldquo;The Varied Educational Effects of Parent-Child Communication: A Comparative Study of Fourteen Countries.&rdquo; <I>Comparative Education Review</I> 52(2): 219.43."},{"sequence":"30","original_text":"Pong, S. 1996. &ldquo;School Participation of Children from Single-Mother Families in Malaysia.&rdquo; <I>Comparative Education Review</I> 40(3): 231.49."},{"sequence":"31","original_text":"Pong, S., J. Dronkers, &amp; G. Hampden-Thompson. 2003. &ldquo;Family Policies and Children&rsquo;s School Achievement in Single- versus Two-Parent Families.&rdquo; <I>Journal of Marriage and Family</I> 65(3): 681.99."},{"sequence":"32","original_text":"Reher, D. S. 1998. &ldquo;Family Ties in Western Europe: Persistent Contrasts.&rdquo; <I>Population and Development Review</I>24(2): 203.34."},{"sequence":"33","original_text":"Rust, K. F. &amp; J. N. K. Rao. 1996. &ldquo;Variance Estimation for Complex Surveys Using Replication Techniques.&rdquo;<I>Statistical Methods in Medical Research</I> 5(3): 283.310."},{"sequence":"34","original_text":"白川俊之．2009．「ひとり親家族と教育....母子家庭と父子家庭のちがいに注目したPISA2000 データの分析」尾嶋史章編『学校教育と社会的不平等に関する国際比較研究（第1 次報告書）』科学研究費補助金(基盤研究(B))(課題番号19330189)研究成果報告書，23.37．"},{"sequence":"35","original_text":"Tanaka, S. 2008. &ldquo; Career, Family, and Economic Risks: A Quantitative Analysis of Gender Gap in Post-Divorce Life.&rdquo; 中井美樹・杉野勇編『2005 年SSM 調査シリーズ 9 ライフコース・ライフスタイルから見た社会階層』2005 年SSM 調査研究会，21.33．"},{"sequence":"36","original_text":"Teachman, J. D. 1987. &ldquo;Family Background, Educational Resources, and Educational Attainment.&rdquo; <I>American Sociological Review</I> 52(4): 548.57."},{"sequence":"37","original_text":"U.S. Census Bureau. 2004. <I>Current Population Survey</I>: 2004 Annual Social and Economic Supplement. (Retrieved February 13, 2009, http://www.bls.census.gov/cps/asec/adsmain.htm)."},{"sequence":"38","original_text":"Warm, T. A. 1989. &ldquo;Weighted Likelihood Estimation of Ability in Item Response Theory.&rdquo; <I>Psychometrika</I>54(3): 427.50."},{"sequence":"39","original_text":"Westat. 2007. <I>WesVar 4.3 User&rsquo;s Guide</I>. Rockville, MD: Westat."},{"sequence":"40","original_text":"Wolter, S. C. 2003. &ldquo;Sibling Rivalry: A Six Country Comparison.&rdquo;<I>IZA Discussion Paper</I>, 734."},{"sequence":"41","original_text":"W&ouml;&szlig;mann, L. 2003. &ldquo;Schooling Resources, Educational Institutions and Student Performance: the International Evidence.&rdquo; <I>Oxford Bulletin of Economics and Statistics</I> 65(2): 117.70."}]}}