{"status":"OK","apiType":"doi","apiVersion":"1.0.0","message":{"total":1,"rows":1,"totalPages":1,"page":1},"data":{"siteId":"SI/JST.JSTAGE","content_type":"JA","doi":"10.11218/ojjams.29.191","url":"https://doi.org/10.11218/ojjams.29.191","ra":"JaLC","prefix":"10.11218","site_name":"J-STAGE","publisher_list":[{"publisher_name":"Japanese Association For Mathematical Sociology","lang":"en"},{"publisher_name":"数理社会学会","lang":"ja"}],"title_list":[{"lang":"ja","title":"若年男性の雇用形態とソーシャルスキル"},{"lang":"en","title":"The Effect of Social Skill on Employment Status among Japanese Young Men"}],"creator_list":[{"sequence":"1","type":"person","names":[{"lang":"ja","last_name":"塩谷","first_name":"芳也"},{"lang":"en","last_name":"SHIOTANI","first_name":"Yoshiya"}],"affiliation_list":[{"affiliation_name":"Japan Society for the Promotion of Sciences","sequence":"1","lang":"en"},{"affiliation_name":"日本学術振興会","sequence":"1","lang":"ja"}]}],"publication_date":{"publication_year":"2014"},"relation_list":[{"content":"https://www.jstage.jst.go.jp/article/ojjams/29/1/29_191/_pdf","type":"URL","relation":"fullTextPdf"}],"content_language":"ja","updated_date":"2016-07-09","article_type":"pub","journal_id_list":[{"journal_id":"0913-1442","type":"ISSN","issn_type":"print"},{"journal_id":"1881-6495","type":"ISSN","issn_type":"online"},{"journal_id":"ojjams","type":"JID"}],"journal_title_name_list":[{"journal_title_name":"Sociological Theory and Methods","type":"full","lang":"en"},{"journal_title_name":"Sociological Theory and Methods","type":"abbreviation","lang":"en"},{"journal_title_name":"理論と方法","type":"full","lang":"ja"},{"journal_title_name":"理論と方法","type":"abbreviation","lang":"ja"}],"journal_classification":"01","recorded_year":"1986-2013","volume":"29","issue":"1","first_page":"191","last_page":"206","date":"2016-07-10","keyword_list":[{"keyword":"Social skill","sequence":"1","lang":"en"},{"keyword":"ソーシャルスキル ","sequence":"1","lang":"ja"},{"keyword":"Employment status","sequence":"2","lang":"en"},{"keyword":"雇用形態","sequence":"2","lang":"ja"},{"keyword":"Selection","sequence":"3","lang":"en"},{"keyword":"選抜","sequence":"3","lang":"ja"},{"keyword":"KiSS-18","sequence":"4","lang":"en"},{"keyword":"KiSS-18","sequence":"4","lang":"ja"}],"citation_list":[{"sequence":"1","original_text":"Granovetter, M. 1973. &ldquo;The Strength of Weak Ties. &rdquo; <I>American Journal of Sociology</I> 78(6): 1360-1380."},{"sequence":"2","original_text":"本田由紀. 2003. 「若年労働市場における非典型雇用の拡大とその背景――JGSS-2000とJGSS-2001の統合データを用いて」『JGSS 研究論文集』2: 47-59."},{"sequence":"3","original_text":"本田由紀. 2005. 『多元化する「能力」と日本社会――ハイパー・メリトクラシー化のなかで』NTT出版."},{"sequence":"4","original_text":"本田由紀. 2011. 『軋む社会――教育・仕事・若者の現在』河出書房新社."},{"sequence":"5","original_text":"Hochschild, A. 1983. <I>The Managed Heart: Commercialization of Human Feeling</I>.University of California Press."},{"sequence":"6","original_text":"稲垣宏樹・河合千恵子・石原治・権藤恭之・下仲順子・中里克治・長田由紀子・蘭牟田洋美・高山緑. 2000. 「中高年期の対人関係スキルに関する研究」日本心理学会 64 回大会発表論文集: 1069."},{"sequence":"7","original_text":"Ito, T. 1994. &ldquo;Analysis of individual &ldquo;rhythm&rdquo; in face-to-face interaction.&rdquo; <I>Japanese Psychological Research</I> 36: 74-82."},{"sequence":"8","original_text":"菊池章夫. 1988. 『思いやりを科学する』川島書店."},{"sequence":"9","original_text":"菊池章夫. 2007. 『社会的スキルを測る：KiSS-18 ハンドブック』川島書店."},{"sequence":"10","original_text":"小杉礼子. 2010. 『若者と初期キャリア――「非典型」からの出発のために』勁草書房."},{"sequence":"11","original_text":"河野義章. 1996. 『文章問題解答中の非言語行動の表出と読み取りに関する研究』風間書房."},{"sequence":"12","original_text":"水野邦夫. 2004. 「良好な対人関係に及ぼす性格特性・社会的スキルの効果について」『聖泉論叢』12: 17-27."},{"sequence":"13","original_text":"成田健一・下仲順子・中里克治・河合千恵子・佐藤眞一・長田由紀子. 1995. 「特性的自己効力感尺度の検討――生涯発達的利用の可能性を探る」『教育心理学研究』43: 306-314."},{"sequence":"14","original_text":"日本経済団体連合会. 2014. 「新卒採用（2013年4月入社）に関するアンケート調査結果の概要」 (https://www.keidanren.or.jp/policy/2014/001.html)"},{"sequence":"15","original_text":"西野史子. 2005. 「パートの基幹労働力化と正社員の労働――『均等処遇』のジレンマ」『社会学評論』56(4): 847-863."},{"sequence":"16","original_text":"佐藤嘉倫. 2013. 「正規雇用と非正規雇用――日本における格差問題」佐藤嘉倫・木村敏明(編)『不平等生成メカニズムの解明 ――格差・階層・構成』ミネルヴァ書房: 15-34."},{"sequence":"17","original_text":"Sherer, M. , Maddux, J. E. , Mercandante, B. , Prentice-Dunn, S. , Jacobs, B. and Rogers, R.W. 1982.&ldquo;The Self-Efficacy Scale: Construction and Validation.&rdquo; <I>Psychological Reports</I> 51: 663-671."},{"sequence":"18","original_text":"菅原健介. 1998. 「シャイネスにおける対人不安傾向と対人消極傾向」『性格心理学研究』7 (1) : 22-32."},{"sequence":"19","original_text":"周燕飛. 2008. 「若年就業者の非正規化とその背景――1994-2003年」『日本経済研究』59: 83-103."},{"sequence":"20","original_text":"和田実. 2003. 「社会的スキルとノンバーバルスキルの自他認知と心理的適応との関係」『カウンセリング研究』36: 246-256."},{"sequence":"21","original_text":"渡辺弥生・蒲田いずみ. 1999. 「中学生におけるソーシャルサポートとソーシャルスキル――登校児と不登校児の比較」『静岡大学教育学部研究報告 人文・社会科学篇』49: 337-351."}]}}