{"status":"OK","apiType":"doi","apiVersion":"1.0.0","message":{"total":1,"rows":1,"totalPages":1,"page":1},"data":{"siteId":"SI/JST.JSTAGE","content_type":"JA","doi":"10.11218/ojjams.23.2_139","url":"https://doi.org/10.11218/ojjams.23.2_139","ra":"JaLC","prefix":"10.11218","site_name":"J-STAGE","publisher_list":[{"publisher_name":"Japanese Association For Mathematical Sociology","lang":"en"},{"publisher_name":"数理社会学会","lang":"ja"}],"title_list":[{"lang":"ja","title":"マルチレベル・モデルの考え方と実践"},{"lang":"en","title":"Multilevel Modeling : Concept and Application"}],"creator_list":[{"sequence":"1","type":"person","names":[{"lang":"ja","last_name":"筒井","first_name":"淳也"},{"lang":"en","last_name":"TSUTSUI","first_name":"Junya"}],"affiliation_list":[{"affiliation_name":"Ritsumeikan University","sequence":"1","lang":"en"},{"affiliation_name":"立命館大学","sequence":"1","lang":"ja"}]},{"sequence":"2","type":"person","names":[{"lang":"ja","last_name":"不破","first_name":"麻紀子"},{"lang":"en","last_name":"FUWA","first_name":"Makiko"}],"affiliation_list":[{"affiliation_name":"The University of Tokyo","sequence":"2","lang":"en"},{"affiliation_name":"東京大学","sequence":"2","lang":"ja"}]}],"publication_date":{"publication_year":"2008"},"relation_list":[{"content":"https://www.jstage.jst.go.jp/article/ojjams/23/2/23_2_2_139/_pdf","type":"URL","relation":"fullTextPdf"}],"content_language":"ja","updated_date":"2017-03-23","article_type":"pub","journal_id_list":[{"journal_id":"0913-1442","type":"ISSN","issn_type":"print"},{"journal_id":"1881-6495","type":"ISSN","issn_type":"online"},{"journal_id":"ojjams","type":"JID"}],"journal_title_name_list":[{"journal_title_name":"Sociological Theory and Methods","type":"full","lang":"en"},{"journal_title_name":"Sociological Theory and Methods","type":"abbreviation","lang":"en"},{"journal_title_name":"理論と方法","type":"full","lang":"ja"},{"journal_title_name":"理論と方法","type":"abbreviation","lang":"ja"}],"journal_classification":"01","recorded_year":"1986-2013","volume":"23","issue":"2","first_page":"2_139","last_page":"2_149","date":"2009-01-05","citation_list":[{"sequence":"1","original_text":"Greenstein, T. N. 1996. &ldquo;Gender Ideology and Perceptions of the Fairness of the Division of Household Labor: Effects on Marital Quality.&rdquo; <I>Social Forces</I>, 74(3):1029-42."},{"sequence":"2","original_text":"Heck, Ronald H. &amp; Scott L. Thomas. 2000. <I>An Introduction to Multilevel Modeling Techniques</I>. Mahwah, NJ: Erlbaum Associates."},{"sequence":"3","original_text":"Hox, Joop. 2002. <I>Multilevel Analysis: Techniques and Applications</I>. Mahwah, NJ: Erlbaum Associates."},{"sequence":"4","original_text":"岩間暁子. 1997. 「性別役割分業と女性の家事分担不公平感―公平価値論・勢力論・衡平理論の実証的検討―」『家族社会学研究』9 : 67-76."},{"sequence":"5","original_text":"Kreft, Ita &amp; Jan de Leeuw. 1998. <I>Introducing Multilevel Modeling</I>. London: Sage Publications.＝2006. 小野寺孝義（監訳）『基礎から学ぶマルチレベルモデル』ナカニシヤ出版."},{"sequence":"6","original_text":"Luke, Douglas A. 2004. <I>Multilevel Modeling</I>. Thousand Oaks, CA: Sage Publications."},{"sequence":"7","original_text":"Raudenbush, StephenW. and Anthony S. Bryk. 2001. <I>Hierarchical Linear Models: Applications and Data Analysis (2nd ed.)</I>. Thousand Oaks, CA : Sage Publications."},{"sequence":"8","original_text":"上川一秋. 2006. 「異なる分析レベルの因果を同時に考える―階層線形モデル（HLM）―」数理社会学会（監修）『社会の見方、測り方―計量社会学への招待―』勁草書房：121-131."}]}}