{"status":"OK","apiType":"doi","apiVersion":"1.0.0","message":{"total":1,"rows":1,"totalPages":1,"page":1},"data":{"siteId":"SI/JST.JSTAGE","content_type":"JA","doi":"10.11218/ojjams.17.1","url":"https://doi.org/10.11218/ojjams.17.1","ra":"JaLC","prefix":"10.11218","site_name":"J-STAGE","publisher_list":[{"publisher_name":"Japanese Association For Mathematical Sociology","lang":"en"},{"publisher_name":"数理社会学会","lang":"ja"}],"title_list":[{"lang":"ja","title":"特集　二次分析の新たな展開を求めて"},{"lang":"en","title":"Special Section : Towards New Developments in Secondary Analysis"}],"creator_list":[{"sequence":"1","type":"person","names":[{"lang":"ja","last_name":"佐藤","first_name":"博樹"},{"lang":"en","last_name":"SATO","first_name":"Hiroki"}],"affiliation_list":[{"affiliation_name":"Editor of Special Section","sequence":"1","lang":"en"},{"affiliation_name":"特集編集担当","sequence":"1","lang":"ja"}]},{"sequence":"2","type":"person","names":[{"lang":"ja","last_name":"間淵","first_name":"領吾"},{"lang":"en","last_name":"MABUCHI","first_name":"Ryogo"}],"affiliation_list":[{"affiliation_name":"Editor of Special Section","sequence":"1","lang":"en"},{"affiliation_name":"特集編集担当","sequence":"1","lang":"ja"}]}],"publication_date":{"publication_year":"2002"},"relation_list":[{"content":"https://www.jstage.jst.go.jp/article/ojjams/17/1/17_1_1/_pdf","type":"URL","relation":"fullTextPdf"}],"content_language":"ja","updated_date":"2017-03-23","article_type":"pub","journal_id_list":[{"journal_id":"0913-1442","type":"ISSN","issn_type":"print"},{"journal_id":"1881-6495","type":"ISSN","issn_type":"online"},{"journal_id":"ojjams","type":"JID"}],"journal_title_name_list":[{"journal_title_name":"Sociological Theory and Methods","type":"full","lang":"en"},{"journal_title_name":"Sociological Theory and Methods","type":"abbreviation","lang":"en"},{"journal_title_name":"理論と方法","type":"full","lang":"ja"},{"journal_title_name":"理論と方法","type":"abbreviation","lang":"ja"}],"journal_classification":"01","recorded_year":"1986-2013","volume":"17","issue":"1","first_page":"1","last_page":"2","date":"2009-02-10","citation_list":[{"sequence":"1","original_text":"Dale, Angela, Sara Arber, and Michael Procter. 1988. <I>Doing Secondary Analysis</I> (Contemporary Social Research Series: 17). Unwin Hyman."},{"sequence":"2","original_text":"Hakim, Catherine. 1982. <I>Secondary Analysis in Social Research: A Guide to Data Sources and Methods with Examples</I> (Contemporary Social Research Series: 5). George Allen &amp; Unwin."},{"sequence":"3","original_text":"Hyman, Herbert Hiram. 1972&rarr;1987. <I>Secondary Analysis of Sample Surveys: Principles, Procedures, and Potentialities</I>. Wesleyan University."},{"sequence":"4","original_text":"Kiecolt, K. Jill, and Laura E. Nathan. 1985. <I>Secondary Analysis of Survey Data</I> (Sage University Papers Series: Quantitative Applications in the Social Sciences: 07-053). Sage Publications."},{"sequence":"5","original_text":"佐藤博樹・石田浩・池田謙一（編）. 2000. 『社会調査の公開データ：2次分析への招待』東京大学出版会."}]}}