{"status":"OK","apiType":"doi","apiVersion":"1.0.0","message":{"total":1,"rows":1,"totalPages":1,"page":1},"data":{"siteId":"SI/JST.JSTAGE","content_type":"JA","doi":"10.11218/ojjams.13.107","url":"https://doi.org/10.11218/ojjams.13.107","ra":"JaLC","prefix":"10.11218","site_name":"J-STAGE","publisher_list":[{"publisher_name":"Japanese Association For Mathematical Sociology","lang":"en"},{"publisher_name":"数理社会学会","lang":"ja"}],"title_list":[{"lang":"ja","title":"教育、学歴社会イメージと不公平感"},{"lang":"en","title":"Education, Beliefs about Educational Credentialism and the Feeling of Fairness"}],"creator_list":[{"sequence":"1","type":"person","names":[{"lang":"ja","last_name":"木村","first_name":"邦博"},{"lang":"en","last_name":"KIMURA","first_name":"Kunihiro"}],"affiliation_list":[{"affiliation_name":"Department of Behavioral Science Faculty of Arts and Letters<BR>Tohoku University","sequence":"1","lang":"en"},{"affiliation_name":"東北大学","sequence":"1","lang":"ja"}]}],"publication_date":{"publication_year":"1998"},"relation_list":[{"content":"https://www.jstage.jst.go.jp/article/ojjams/13/1/13_107/_pdf","type":"URL","relation":"fullTextPdf"}],"content_language":"ja","updated_date":"2016-09-29","article_type":"pub","journal_id_list":[{"journal_id":"0913-1442","type":"ISSN","issn_type":"print"},{"journal_id":"1881-6495","type":"ISSN","issn_type":"online"},{"journal_id":"ojjams","type":"JID"}],"journal_title_name_list":[{"journal_title_name":"Sociological Theory and Methods","type":"full","lang":"en"},{"journal_title_name":"Sociological Theory and Methods","type":"abbreviation","lang":"en"},{"journal_title_name":"理論と方法","type":"full","lang":"ja"},{"journal_title_name":"理論と方法","type":"abbreviation","lang":"ja"}],"journal_classification":"01","recorded_year":"1986-2013","volume":"13","issue":"1","first_page":"107","last_page":"126","date":"2016-09-30","keyword_list":[{"keyword":"Feeling of Fairness","sequence":"1","lang":"en"},{"keyword":"不公平感","sequence":"1","lang":"ja"},{"keyword":"Beliefs about Educational Credentialism","sequence":"2","lang":"en"},{"keyword":"学歴社会イメージ","sequence":"2","lang":"ja"},{"keyword":"Justification of Self Interest","sequence":"3","lang":"en"},{"keyword":"自己利益正当化","sequence":"3","lang":"ja"},{"keyword":"Enlightenment Effect","sequence":"4","lang":"en"},{"keyword":"啓蒙効果","sequence":"4","lang":"ja"}],"citation_list":[{"sequence":"1","original_text":"阿部晃士. 1996.「高校生と両親の出世観―社会のしくみに関する認知・理念・不公平感─」鈴木昭逸・海野道郎・片瀬一男編『教育と社会に対する高校生の意識─第３次調査報告書─』東北大学文学部　教育文化研究会. 43-58頁."},{"sequence":"2","original_text":"Argyle, Michael. 1994. <I>The Psychology of Social Class</I>. London: Routledge."},{"sequence":"3","original_text":"Evers, Mark, and N. Krishnan Namboodiri. 1979. &ldquo;On the Matrix Strategy in the Analysis of Categorical Data.&rdquo; Pp.86-111 in <I>Sociological Methodology 1979</I>, edited by Karl F. Schuessler. San Francisco: Jossey-Bass."},{"sequence":"4","original_text":"Felson, Marcus, and David Knoke. 1974. &ldquo;Social Status and the Married Woman.&rdquo; <I>Journal of Marriage and the Family</I>. 36 (3): 516-521."},{"sequence":"5","original_text":"Furnham, Adrian F. 1988. <I>Lay Theories: Everyday Understanding of Problems in the Social Sciences</I>. Oxford: Pergamon Press.『しろうと理論─日常性の社会心理学─』細江達郎監訳 北大路書房 1992."},{"sequence":"6","original_text":"Hegtvedt, Karen, and Barry Markovsky, 1995.“Justice and Injustice.”Pp. 257-280 in Sociological Perspectives on Social Psychology, edited by Karen S. Cook, Gary Alan Fine, and James S. House. Boston: Allyn and Bacon."},{"sequence":"7","original_text":"岩間暁子. 1992.「社会階層と女性の不公平感の発現」『現代社会学研究』5: 62-85."},{"sequence":"8","original_text":"梶田孝道. 1981.「業績主義社会の中の属性主義」『社会学評論』32 (3): 70-87."},{"sequence":"9","original_text":"苅谷剛彦. 1995.『大衆教育社会のゆくえ─学歴主義と平等神話の戦後史─』中央公論社（中公新書）."},{"sequence":"10","original_text":"Kelley, Jonathan, and D. R. Evans. 1993. &ldquo;The Legitimation of Inequality: Occupational Earnings in Nine Nations.&rdquo; <I>American Journal of Sociology</I>. 99 (1): 75-125."},{"sequence":"11","original_text":"木村邦博. 1990.「階層意識としての不公平感─世代・性別によるその形成過程の差異─」海野道郎・片瀬一男編『教育と社会に対する高校生の意識─第２次調査報告書─』東北大学文学部教育文化研究会 89-102頁."},{"sequence":"12","original_text":"木村邦博. 1995.「階層社会のしくみに関するイメージと不公平感」佐藤俊樹編『階層・移動研究の現在』平成４～６年度科学研究費補助金（総合研究(A)）研究成果報告書 78-101頁."},{"sequence":"13","original_text":"Kluegel, James R., and Eliot R. Smith. 1981. &ldquo;Beliefs about Stratification.&rdquo; <I>Annual Review of Sociology</I>. 7: 29-56."},{"sequence":"14","original_text":"Kritzer, Herbert. M. 1986. &ldquo;Using Categorical Regression to Analyze Multivariate Contingency Tables.&rdquo; Pp.157-201 in <I>New Tools for Social Scientists</I>, edited by W. D. Berry and M. S. Lewis-Beck. Newburry Park: Sage."},{"sequence":"15","original_text":"間淵領吾. 1996.「全般的不公平感と領域別不公平感」『中央大学社会科学研究所研究報告』17: ：79-101."},{"sequence":"16","original_text":"Marshall, Gordon, David Rose, Howard Newby, and Carolyn Vogler. 1988. <I>Social Class in Modern Britain</I>. London: Routledge."},{"sequence":"17","original_text":"宮野 勝. 1997.「公正観の論理構造」『行動計量学』24 (1): 48-57."},{"sequence":"18","original_text":"直井道子. 1990.「階層意識─女性の地位借用モデルは有効か─」岡本英雄・直井道子編『現代日本の階層構造 (4) 女性と社会階層』東京大学出版会 147-164頁."},{"sequence":"19","original_text":"Robinson, Robert V., and Wendell Bell. 1978. &ldquo;Equality, Success, and Social Justice in England and the United States.&rdquo; <I>American Sociological Review</I>. 43(2): 125-143."},{"sequence":"20","original_text":"盛山和夫. 1990.「中意識の意味─階層帰属意識の変化の構造─」『理論と方法』5(2): 51-71."},{"sequence":"21","original_text":"海野道郎. 1988.「現代社会の評価：不公平感の断層」東北大学文学部教育文化研究会編『教育と社会に対する高校生の意識─第１次調査報告書─』東北大学文学部教育文化研究会 23-38頁."},{"sequence":"22","original_text":"海野道郎. 1989.「現代日本の不公平感─計量分析に基づく─考察─」『東北大学文学部研究年報』38: 134-160."},{"sequence":"23","original_text":"海野道郎・斎藤友里子. 1990.「公平感と満足感─社会評価の構造と社会的地位─」原 純輔 編『現代日本の階層構造 (2) 階層意識の動態』東京大学出版会 97-123頁."}]}}