{"status":"OK","apiType":"doi","apiVersion":"1.0.0","message":{"total":1,"rows":1,"totalPages":1,"page":1},"data":{"siteId":"SI/JST.JSTAGE","content_type":"JA","doi":"10.11218/ojjams.29.59","url":"https://doi.org/10.11218/ojjams.29.59","ra":"JaLC","prefix":"10.11218","site_name":"J-STAGE","publisher_list":[{"publisher_name":"Japanese Association For Mathematical Sociology","lang":"en"},{"publisher_name":"数理社会学会","lang":"ja"}],"title_list":[{"lang":"en","title":"The Varying Degrees of Societal Relative Deprivation in Migration Process"}],"creator_list":[{"sequence":"1","type":"person","names":[{"lang":"en","last_name":"YANG","first_name":"Yang"}],"affiliation_list":[{"affiliation_name":"Tongji University","sequence":"1","lang":"en"}]},{"sequence":"2","type":"person","names":[{"lang":"en","last_name":"KOSAKA","first_name":"Kenji"}],"affiliation_list":[{"affiliation_name":"Kwansei Gakuin University","sequence":"2","lang":"en"}]}],"publication_date":{"publication_year":"2014"},"relation_list":[{"content":"https://www.jstage.jst.go.jp/article/ojjams/29/1/29_59/_pdf","type":"URL","relation":"fullTextPdf"}],"content_language":"en","updated_date":"2016-07-09","article_type":"pub","journal_id_list":[{"journal_id":"0913-1442","type":"ISSN","issn_type":"print"},{"journal_id":"1881-6495","type":"ISSN","issn_type":"online"},{"journal_id":"ojjams","type":"JID"}],"journal_title_name_list":[{"journal_title_name":"Sociological Theory and Methods","type":"full","lang":"en"},{"journal_title_name":"Sociological Theory and Methods","type":"abbreviation","lang":"en"},{"journal_title_name":"理論と方法","type":"full","lang":"ja"},{"journal_title_name":"理論と方法","type":"abbreviation","lang":"ja"}],"journal_classification":"01","recorded_year":"1986-2013","volume":"29","issue":"1","first_page":"59","last_page":"80","date":"2016-07-10","keyword_list":[{"keyword":"migration, immigrant, relative deprivation, reference group, biased network","sequence":"1","lang":"en"}],"citation_list":[{"sequence":"1","original_text":"Barab&aacute;si, Albert-L&aacute;szl&oacute;, and R. Albert. 1999. &ldquo;Emergence of scaling in random networks.&rdquo; <I>Science</I> 286 (5439): 509-512."},{"sequence":"2","original_text":"Bashi, V. F. 2007. <I>Survival of the Knitted</I>. Stanford University Press."},{"sequence":"3","original_text":"Blau, P. M. 1977. <I>Inequality and Heterogeneity</I>. The Free Press."},{"sequence":"4","original_text":"Blau, P. M., and J. Schwarts. 1984. <I>Crosscutting Social Circles</I>. Academic Press."},{"sequence":"5","original_text":"Boudon, R. 1982. <I>The Unintended Consequences of Social Action</I>. London, UK: The Macmillan Press."},{"sequence":"6","original_text":"Boudon, R. 1982. <I>The Unintended Consequences of Social Action</I>. London, UK: The Macmillan Press."},{"sequence":"7","original_text":"Burns, C. 2010. &ldquo;Literature Review on the Various Immigrant Generations and Their Affect on Crime and Reporting.&rdquo; Working Paper #2010-12, J. M. Klofas and C. Delaney. Center for Public Safety Initiatives, Rochester Institute of Technology."},{"sequence":"8","original_text":"Davis, J. A. 1959. &ldquo;A formal interpretation of the theory of relative deprivation.&rdquo; <I>Sociometry</I> 22(4): 280-296."},{"sequence":"9","original_text":"Erdos Paul, and A. R&eacute;nyi. 1960. &ldquo;On the evolution of random graphs.&rdquo; <I>Publications of the Mathematical Institute of the Hungarian Academy of Sciences</I> 5: 17-61."},{"sequence":"10","original_text":"Fararo, T. J. 1981. &ldquo;Biased networks and social structure theorems.&rdquo; <I>Social Networks</I> 3: 137-159."},{"sequence":"11","original_text":"Frey, B. S. and A. Stutzer. 2002. <I>Happiness and Economics: How the Economy and Institutions Affect Human Well-being</I> Princeton, N.J.: Princeton University Press."},{"sequence":"12","original_text":"Fu, Y.(付 允). 2010.『可持続発展的公平度量』(<I>Fairness Measure of Sustainable Development</I>) 北京:中国発展出版社."},{"sequence":"13","original_text":"Furtado, D. and N. Theordoropoulos. 2012. &ldquo;Intermarriage and Immigrant Employment: The Role of Networks.&rdquo; Discussion Paper Series CDP No 06/09. Pp.1-28."},{"sequence":"14","original_text":"Hagan, J. M. 1998. &ldquo;Social networks, gender, and immigrant incorporation: Resources and constraints.&rdquo; <I>American Sociological Review</I> 63-1: 55-67."},{"sequence":"15","original_text":"Hey, J. D. and P. J. Lambert. 1980. &ldquo;Relative deprivation and the Gini coefficient: comment.&rdquo; <I>Quarterly Journal of Economics</I> 95(3): 567-573."},{"sequence":"16","original_text":"Kosaka, K. 1986. &ldquo;A Model of Relative Deprivation.&rdquo; <I>Journal of Mathematical Sociology</I> 12(1): 35-48."},{"sequence":"17","original_text":"Kosaka, K., A. Ishida, and H. Hamada. (In Press.) &ldquo;A formal-theoretic approach to the China puzzles.&rdquo; <I>Chinese Urban Studies</I>. 6."},{"sequence":"18","original_text":"Lieberson, S. 1969. &ldquo;Measuring population diversity.&rdquo; <I>American Sociological Review</I> 34(6): 850-862."},{"sequence":"19","original_text":"Manzo, G. 2009. &ldquo;Boudon's Model of Relative Deprivation Revisited.&rdquo; in M. Cherkaoui & P. Hamilton (Eds.) Raymond Boudon: <I>A Life in Sociology, Vol. 3</I> (pp. 91-121). Oxford, UK: Blackwell Press."},{"sequence":"20","original_text":"Merton, R. K. 1959. <I>Social Theory and Social Structure</I>. The Free Press."},{"sequence":"21","original_text":"Poros, M. V. 2011. &ldquo;Vehicles for Migration, Integration, and Development.&rdquo; Migration Policy Institute. Migration Information Source. (Available online)"},{"sequence":"22","original_text":"Portes, A. and J. Sensenbrenner. 1993. &ldquo;Embeddedness and immigration.&rdquo; <I>American Journal of Sociology</I> 98(6): 1320-1350."},{"sequence":"23","original_text":"Portes, A. and R. G. Rumbert. 1990. Immigrant America: <I>A Portrait</I>. California: University of California Press."},{"sequence":"24","original_text":"Runciman, W. G., 1966. <I>Relative Deprivation and Social Justice: A Study of Attitudes to Social Inequality in Twentieth-Century England</I>. London,UK: Routledge & Kegan Paul."},{"sequence":"25","original_text":"Sassen, S. 1995. &ldquo;Immigration and Local Labor Markets.&rdquo; In Portes, A. (ed.) <I>The Economic Sociology of Immigration</I>. (pp. 87-127). London, UK: Russell Sage."},{"sequence":"26","original_text":"Stark, O. 1984. &ldquo;Rural-to-urban migration in LDCs: A relative deprivation approach.&rdquo; <I>Economic Development and Cultural Change</I> 32(3): 475."},{"sequence":"27","original_text":"Stark, O., and S. Yitzhaki. 1988. &ldquo;Labour migration as a response to relative deprivation.&rdquo; <I>Journal of Population Economics</I> 1(1): 57-70."},{"sequence":"28","original_text":"Stark, O., & J. E. Taylor. 1989. &ldquo;Relative deprivation and international migration.&rdquo; <I>Demography</I> 26(1), 1-14."},{"sequence":"29","original_text":"Stark, O., & J. E. Taylor. 1991. &ldquo;Migration incentives, migration types: The role of relative deprivation.&rdquo; <I>The Economic Journal</I> 101(408): 1163-1178."},{"sequence":"30","original_text":"Stark, O., and Y. Q. Wang. 2005. &ldquo;Toward a Theory of Self-Segregation as a Response to Relative Deprivation: Steady-State Outcomes and Social Welfare.&rdquo; in L. Bruni & P. L. Porta (Eds.) <I>Economics and Happiness: Framing the Analysis</I> (pp. 223-242). Oxford, UK: Oxford University Press."},{"sequence":"31","original_text":"Stark, O. 1984. &ldquo;Rural-to-urban migration in LDCs: A relative deprivation approach.&rdquo; <I>Economic Development and Cultural Change</I> 32(3): 475-486."},{"sequence":"32","original_text":"Stark, O. and J. E. Taylor. 1989. &ldquo;Relative deprivation and international migration.&rdquo; <I>Demography</I>, 22-1: 1-14."},{"sequence":"33","original_text":"Stouffer, S. A., E. D. Suchman, L. C. DeVinney, S. A. Star & R. Williams Jr. 1949. <I>The American Soldier, I: Adjustment During Army Life</I>. Princeton, NJ: Princeton University Press."},{"sequence":"34","original_text":"Su&aacute;rez-Orozco, M. M. 2001. &ldquo;Immigration and migration: Cultural concerns.&rdquo; <I>International Encyclopedia of Behavioral and Social Sciences</I> 7211-7217."},{"sequence":"35","original_text":"Thomas, W. I., and F. Znaniecki. 1958. <I>The Polish Peasant in Europe and America</I>. New York: Dover Publications, Inc."},{"sequence":"36","original_text":"Tocqueville, A. de. 1835. <I>De la d&eacute;mocratie en Am&eacute;rique</I>. Paris: Michel L&eacute;vy."},{"sequence":"37","original_text":"Yitzhaki, S. 1979. &ldquo;Relative deprivation and the Gini coefficient.&rdquo; <I>Quarterly Journal of Economics</I> 93(2): 321-324."},{"sequence":"38","original_text":"Zhang, Yi, 2008. &ldquo;The Political Attitude of China's Middle Class.&rdquo; (mimeo). The excerpt version was published in the second issue of <I>Social Science in China</I>, 2008."}]}}