{"status":"OK","apiType":"doi","apiVersion":"1.0.0","message":{"total":1,"rows":1,"totalPages":1,"page":1},"data":{"siteId":"SI/JST.JSTAGE","content_type":"JA","doi":"10.11218/ojjams.28.145","url":"https://doi.org/10.11218/ojjams.28.145","ra":"JaLC","prefix":"10.11218","site_name":"J-STAGE","publisher_list":[{"publisher_name":"Japanese Association For Mathematical Sociology","lang":"en"},{"publisher_name":"数理社会学会","lang":"ja"}],"title_list":[{"lang":"en","title":"The Foundation and Application of Game Theory"},{"lang":"ja","title":"ゲーム理論の基礎と応用"}],"creator_list":[{"sequence":"1","type":"person","names":[{"lang":"en","last_name":"Ooura","first_name":"Hirokuni"},{"lang":"ja","last_name":"大浦","first_name":"宏邦"}],"affiliation_list":[{"affiliation_name":"Teikyo University","sequence":"1","lang":"en"},{"affiliation_name":"帝京大学","sequence":"1","lang":"ja"}]}],"publication_date":{"publication_year":"2013"},"relation_list":[{"content":"https://www.jstage.jst.go.jp/article/ojjams/28/1/28_145/_pdf","type":"URL","relation":"fullTextPdf"}],"content_language":"ja","updated_date":"2014-12-09","article_type":"pub","journal_id_list":[{"journal_id":"0913-1442","type":"ISSN","issn_type":"print"},{"journal_id":"1881-6495","type":"ISSN","issn_type":"online"},{"journal_id":"ojjams","type":"JID"}],"journal_title_name_list":[{"journal_title_name":"Sociological Theory and Methods","type":"full","lang":"en"},{"journal_title_name":"Sociological Theory and Methods","type":"abbreviation","lang":"en"},{"journal_title_name":"理論と方法","type":"full","lang":"ja"},{"journal_title_name":"理論と方法","type":"abbreviation","lang":"ja"}],"journal_classification":"01","recorded_year":"1986-2013","volume":"28","issue":"1","first_page":"145","last_page":"156","date":"2014-09-01","citation_list":[{"sequence":"1","original_text":"大浦宏邦. 2008. 『社会科学者のための進化ゲーム理論』勁草書房"}]}}