{"status":"OK","apiType":"doi","apiVersion":"1.0.0","message":{"total":1,"rows":1,"totalPages":1,"page":1},"data":{"siteId":"SI/JST.JSTAGE","content_type":"JA","doi":"10.11218/ojjams.14.2_33","url":"https://doi.org/10.11218/ojjams.14.2_33","ra":"JaLC","prefix":"10.11218","site_name":"J-STAGE","publisher_list":[{"publisher_name":"Japanese Association For Mathematical Sociology","lang":"en"},{"publisher_name":"数理社会学会","lang":"ja"}],"title_list":[{"lang":"ja","title":"態度のゆらぎによる再組織化過程シミュレーション"},{"lang":"en","title":"A Reorganizing Process on Attitude Fluctuations :","subtitle":"A Simulation Study"}],"creator_list":[{"sequence":"1","type":"person","names":[{"lang":"ja","last_name":"岡田","first_name":"勇"},{"lang":"en","last_name":"OKADA","first_name":"Isamu"}],"affiliation_list":[{"affiliation_name":"Graduate School of Information Systems,<BR>University of Electro-Communications","sequence":"1","lang":"en"},{"affiliation_name":"電気通信大学大学院<BR>情報システム学研究科","sequence":"1","lang":"ja"}]},{"sequence":"2","type":"person","names":[{"lang":"ja","last_name":"石田","first_name":"和成"},{"lang":"en","last_name":"ISHIDA","first_name":"Kazunari"}],"affiliation_list":[{"affiliation_name":"Department of Information Engineering,<BR>Matsue National Colledge of Technology","sequence":"2","lang":"en"},{"affiliation_name":"松江工業高等専門学校<BR>情報工学科","sequence":"2","lang":"ja"}]},{"sequence":"3","type":"person","names":[{"lang":"ja","last_name":"太田","first_name":"敏澄"},{"lang":"en","last_name":"OHTA","first_name":"Toshizumi"}],"affiliation_list":[{"affiliation_name":"Graduate School of Information Systems,<BR>University of Electro-Communications","sequence":"1","lang":"en"},{"affiliation_name":"電気通信大学大学院<BR>情報システム学研究科","sequence":"1","lang":"ja"}]}],"publication_date":{"publication_year":"1999"},"relation_list":[{"content":"https://www.jstage.jst.go.jp/article/ojjams/14/2/14_2_33/_pdf","type":"URL","relation":"fullTextPdf"}],"content_language":"ja","updated_date":"2016-09-29","article_type":"pub","journal_id_list":[{"journal_id":"0913-1442","type":"ISSN","issn_type":"print"},{"journal_id":"1881-6495","type":"ISSN","issn_type":"online"},{"journal_id":"ojjams","type":"JID"}],"journal_title_name_list":[{"journal_title_name":"Sociological Theory and Methods","type":"full","lang":"en"},{"journal_title_name":"Sociological Theory and Methods","type":"abbreviation","lang":"en"},{"journal_title_name":"理論と方法","type":"full","lang":"ja"},{"journal_title_name":"理論と方法","type":"abbreviation","lang":"ja"}],"journal_classification":"01","recorded_year":"1986-2013","volume":"14","issue":"2","first_page":"2_33","last_page":"2_52","date":"2016-09-30","keyword_list":[{"keyword":"Personality","sequence":"1","lang":"en"},{"keyword":"パーソナリティ","sequence":"1","lang":"ja"},{"keyword":"Reorganizing Process","sequence":"2","lang":"en"},{"keyword":"再組織化過程","sequence":"2","lang":"ja"},{"keyword":"Attitude Fluctuation","sequence":"3","lang":"en"},{"keyword":"態度のゆらぎ","sequence":"3","lang":"ja"},{"keyword":"Computer Simulation","sequence":"4","lang":"en"},{"keyword":"計算機シミュレーション","sequence":"4","lang":"ja"},{"keyword":"Operational Organikzation Orientation","sequence":"5","lang":"en"},{"keyword":"操作的オーガニゼーション指向","sequence":"5","lang":"ja"}],"citation_list":[{"sequence":"1","original_text":"Atkinson, J. W., 1957. &ldquo;Motivational Deterinants of Risk-Taking Behavior,&rdquo; <I>Psychological Review</I>, 64: 359-372."},{"sequence":"2","original_text":"Casti, J. L., 1996. <I>Would-Be Worlds</I>, John Wiley &amp; Sons.（中村和幸 訳1997.『複雑系による科学革命』, 講談社）"},{"sequence":"3","original_text":"Cattell, R. B., 1980. &ldquo;The relation of blood types to primary and secondary personality traits,&rdquo; <I>The Mankind Quarterly</I>, 21: 35-51."},{"sequence":"4","original_text":"Chiaken, S., 1980. &ldquo;Heuristic versus systematic information processing and the use of source versus meassage cues in persuasion,&rdquo; <I>Journal of Personality and Social Psychology</I>, 47: 1218-1230."},{"sequence":"5","original_text":"古川久隆 1990.『構造こわし 組織変革の心理学』, 誠信書房."},{"sequence":"6","original_text":"Galbraith, J. R., 1977. <I>Organizatiion Design</I>, Addison-Wesley."},{"sequence":"7","original_text":"Michaels, M., 1995. &ldquo;Seven Fundamentals of Complexity for Social Science Research,&rdquo; <I>Chaos and Society, (ed. A. Albert)</I>, IOS Press: 15-34."},{"sequence":"8","original_text":"Milgrom, P. &amp; J. Roberts, 1992. <I>Economics, Organization &amp; Management</I>, Englewood Cliffs, New Jersey 07632: Prentice-Hall.（奥野正寛他訳 1997『組織の経済学』, NTT出版）"},{"sequence":"9","original_text":"Minsky, M., 1986. <I>The society of Mind</I>, Simon &amp; Schuster.（安西祐一郎 訳 1990.『心の社会』産業図書）"},{"sequence":"10","original_text":"三菱, 1993. 三菱総合研究所行動科学研究室：『人間主義の経営学』, TBSブリタニカ."},{"sequence":"11","original_text":"宮本, 奈須, 1995. 宮本美沙子, 奈須正裕：『達成動機の理論と展開』, 金子書房."},{"sequence":"12","original_text":"太田敏澄, 1996.「社会情報システム学の確立をめざして」,『社会情報システム学・序説』, 序章, 富士通ブックス：1-21."},{"sequence":"13","original_text":"岡田勇, 太田敏澄 1997.「ポストエージェントとしての操作的オーガニゼーション指向モデルの可能性」,『人工知能学会基礎論研究会（第30回）資料』, SIG-FAI-9702-5: 25-30."},{"sequence":"14","original_text":"岡田勇, 太田敏澄 1998.「パーソナリスティックエージェントに基づく組織硬直化に関する研究」,『日本社会情報学会誌』, 10: 98-112."},{"sequence":"15","original_text":"Pervin, L. A., 1993. <I>Personality: Theory and Research, 6th ed</I>., Wiley, New York."},{"sequence":"16","original_text":"Prietula, M. J. &amp; K. M. Carley, 1994. &ldquo;Computational Organization Theory: Autonomous Agents and Emergent Behavior&rdquo;, <I>Journal of Organizational Computing</I>, 4(1): 41-83."},{"sequence":"17","original_text":"Simon, H. A., 1982. <I>The Science of the Artificial, 2nd Edition</I>, MIT Press.（稲葉元吉他訳 1987.『システムの科学』パーソナルメディア）"}]}}