{"status":"OK","apiType":"doi","apiVersion":"1.0.0","message":{"total":1,"rows":1,"totalPages":1,"page":1},"data":{"siteId":"SI/JST.JSTAGE","content_type":"JA","doi":"10.11218/ojjams.19.37","url":"https://doi.org/10.11218/ojjams.19.37","ra":"JaLC","prefix":"10.11218","site_name":"J-STAGE","publisher_list":[{"publisher_name":"Japanese Association For Mathematical Sociology","lang":"en"},{"publisher_name":"数理社会学会","lang":"ja"}],"title_list":[{"lang":"ja","title":"社会心理学におけるエージェント・ベースト・モデルの可能性","subtitle":"―適応的視点と進化シミュレーション―"},{"lang":"en","title":"Utility of the Agent-Based Model in Social Psychological Research :","subtitle":"On the Adaptive Perspective and Evolutionary Computer Simulations"}],"creator_list":[{"sequence":"1","type":"person","names":[{"lang":"ja","last_name":"塚崎","first_name":"崇史"},{"lang":"en","last_name":"TSUKASAKI","first_name":"Takafumi"}],"affiliation_list":[{"affiliation_name":"Department of Behavioral Science, Graduate School of Letters<BR>Hokkaido University","sequence":"1","lang":"en"},{"affiliation_name":"北海道大学","sequence":"1","lang":"ja"}]},{"sequence":"2","type":"person","names":[{"lang":"ja","last_name":"亀田","first_name":"達也"},{"lang":"en","last_name":"KAMEDA","first_name":"Tatsuya"}],"affiliation_list":[{"affiliation_name":"Department of Behavioral Science, Graduate School of Letters<BR>Hokkaido University","sequence":"1","lang":"en"},{"affiliation_name":"北海道大学","sequence":"1","lang":"ja"}]}],"publication_date":{"publication_year":"2004"},"relation_list":[{"content":"https://www.jstage.jst.go.jp/article/ojjams/19/1/19_1_37/_pdf","type":"URL","relation":"fullTextPdf"}],"content_language":"ja","updated_date":"2017-03-23","article_type":"pub","journal_id_list":[{"journal_id":"0913-1442","type":"ISSN","issn_type":"print"},{"journal_id":"1881-6495","type":"ISSN","issn_type":"online"},{"journal_id":"ojjams","type":"JID"}],"journal_title_name_list":[{"journal_title_name":"Sociological Theory and Methods","type":"full","lang":"en"},{"journal_title_name":"Sociological Theory and Methods","type":"abbreviation","lang":"en"},{"journal_title_name":"理論と方法","type":"full","lang":"ja"},{"journal_title_name":"理論と方法","type":"abbreviation","lang":"ja"}],"journal_classification":"01","recorded_year":"1986-2013","volume":"19","issue":"1","first_page":"37","last_page":"51","date":"2008-12-22","keyword_list":[{"keyword":"agent-based model","sequence":"1","lang":"en"},{"keyword":"エージェント・ベースト・モデル","sequence":"1","lang":"ja"},{"keyword":"group phenomena","sequence":"2","lang":"en"},{"keyword":"集合現象","sequence":"2","lang":"ja"},{"keyword":"altruistic behavior","sequence":"3","lang":"en"},{"keyword":"利他行動","sequence":"3","lang":"ja"},{"keyword":"adaptation","sequence":"4","lang":"en"},{"keyword":"適応","sequence":"4","lang":"ja"},{"keyword":"individual and group decision making","sequence":"5","lang":"en"},{"keyword":"個人・集団の意思決定","sequence":"5","lang":"ja"}],"citation_list":[{"sequence":"1","original_text":"Abelson, R. P. 1968. &ldquo;Simulation of Social Behavior.&rdquo; Pp. 274-356 in <I>Handbook of Social Psychology</I>, vol. 2, edited by G. Lindzey and E. Aronson. Reading, Mass: Addison-Wesley."},{"sequence":"2","original_text":"Allport, F. H. 1924. <I>Social Psychology</I>. Boston, Mass: Houghton-Mifflin."},{"sequence":"3","original_text":"Arrow, K. J. 1963. <I>Social Choice and Individual Values</I>, 2nd ed. New Haven: Yale University Press."},{"sequence":"4","original_text":"Asch, S. E. 1951. &ldquo;Effects of Group Pressure upon the Modification and Distortion of Judgments.&rdquo; Pp. 177-90 in <I>Groups, Leadership, and Men</I>, edited by H. Guetzkow. Pittsburgh: Carnegie Press."},{"sequence":"5","original_text":"Axelrod, R. 1984. <I>The Evolution of Cooperation</I>. New York: Basic Books."},{"sequence":"6","original_text":"Axelrod, R. 1997. &ldquo;The Dissemination of Culture: A Model with Local Convergence and Global Polarization.&rdquo; <I>Journal of Conflict Resolution</I> 41:203-26."},{"sequence":"7","original_text":"Barnard, C. J., and R. M. Sibly. 1981. &ldquo;Producers and Scroungers: A General Model and Its Application to Captive Flocks of House Sparrows.&rdquo; <I>Animal Behavior</I> 29:543-55."},{"sequence":"8","original_text":"Batson, C. D. 1987. &ldquo;Prosocial Motivation: Is It Ever Truly Altruistic?&rdquo; Pp. 65-122 in <I>Advances in Experimental Social Psychology</I>, vol. 20, edited by L. Berkovitz. Orlando: Academic Press."},{"sequence":"9","original_text":"Boehm, C. 1996. &ldquo;Emergency Decision, Cultural-Selection Mechanics, and Group Selection.&rdquo; <I>Current Anthropology</I> 37:763-93."},{"sequence":"10","original_text":"Boyd, R., and P. J. Richerson. 1985. <I>Culture and the Evolutionary Process</I>. Chicago: University of Chicago Press."},{"sequence":"11","original_text":"Deutsch, M., and H. B. Gerard. 1955. &ldquo;A Study of Normative and Informational Social Influences upon Individual Judgment.&rdquo; <I>Journal of Abnormal and Social Psychology</I> 51:629-36."},{"sequence":"12","original_text":"Ekeh, P. 1974. <I>Social Exchange Theory: The Two Traditions</I>. Cambridge, Mass: Harvard University Press."},{"sequence":"13","original_text":"Festinger, L. 1954. &ldquo;A Theory of Social Comparison Processes.&rdquo; <I>Human Relations</I> 7:117-40."},{"sequence":"14","original_text":"Gintis, H. 2000. <I>Game Theory Evolving</I>. Princeton, N.J.: Princeton University Press."},{"sequence":"15","original_text":"Giraldeau, L.-A., and T. Caraco. 2000. <I>Social Foraging Theory</I>. Princeton, N.J.: Princeton University Press."},{"sequence":"16","original_text":"長谷川寿一・長谷川眞理子. 2000. 『進化と人間行動』 東京大学出版会."},{"sequence":"17","original_text":"Hastie, R., and T. Kameda. under review. &ldquo;The Robust Beauty of the Majority Rule.&rdquo; Manuscript."},{"sequence":"18","original_text":"Hayashi, N., and T. Yamagishi. 1998. &ldquo;Selective Play: Choosing Partners in an Uncertain World.&rdquo; <I>Personality and Social Psychology Review</I> 2:276-89."},{"sequence":"19","original_text":"Helbing, D., I. Farkas, and T. Vicsek. 2000. &ldquo;Simulating Dynamical Features of Escape Panic.&rdquo; <I>Nature</I> 407:487-90."},{"sequence":"20","original_text":"Henrich, J., and R. Boyd. 1998. &ldquo;The Evolution of Conformist Transmission and the Emergence of Between-Group Differences.&rdquo; <I>Evolution and Human Behavior</I> 19:215-41."},{"sequence":"21","original_text":"Johnson, N. R., and W. E. Feinburg. 1989. &ldquo;Crowd Structure and Process.&rdquo; Pp. 49-86 in <I>Advances in Group Process</I>, vol.6, edited by Edward J. Lawler and Barry Markovsky. London: JAI Press."},{"sequence":"22","original_text":"Kalick, S. M., and T. E. Hamilton. 1986. &ldquo;The Matching Hypothesis Reexamined.&rdquo; <I>Journal of Personality and Social Psychology</I> 51:673-82."},{"sequence":"23","original_text":"亀田達也. 1997. 『合議の知を求めて：グループの意思決定』 共立出版."},{"sequence":"24","original_text":"亀田達也. 2000. 「仮説演繹装置としてのシミュレーション」 人工知能学会第14回大会."},{"sequence":"25","original_text":"亀田達也・村田光二. 2000. 『複雑さに挑む社会心理学：適応エージェントとしての人間』有斐閣."},{"sequence":"26","original_text":"Kameda, T., and D. Nakanishi. 2002. &ldquo;Cost-Benefit Analysis of Social/Cultural Learning in a Nonstationary Uncertain Environment: An Evolutionary Simulation and an Experiment with Human Subjects.&rdquo; <I>Evolution and Human Behavior</I> 23:373-93."},{"sequence":"27","original_text":"Kameda, T., M. Takezawa, and R. Hastie. 2003. &ldquo;The Logic of Social Sharing: An Evolutionary Game Analysis of Adaptive Norm Development.&rdquo; <I>Personality and Social Psychology Review</I> 7:2-19."},{"sequence":"28","original_text":"Kameda, T., R. S. Tindale, and J. H. Davis. 2003. &ldquo;Cognitions, Preferences, and Social Sharedness: Past, Present, and Future Directions in Group Decision-Making.&rdquo; Pp. 458-85 in <I>Emerging Perspectives on Judgment and Decision Research</I>, edited by S. L. Schneider and J. Shanteau. New York: Cambridge University Press."},{"sequence":"29","original_text":"Kameda, T., and T. Tsukasaki. 2004 (in preparation). &ldquo;Robust Beauty of the Majority Rule under Uncertainty: An Evolutionary Computer Simulation and an Experimental Test.&rdquo; Manuscript."},{"sequence":"30","original_text":"Kaplan, H., and K. Hill. 1985. &ldquo;Food Sharing among Ache Foragers: Tests of Explanatory Hypotheses.&rdquo; <I>Current Anthropology</I> 26:223-46."},{"sequence":"31","original_text":"Latan&eacute;, B., and S. Wolf. 1981. &ldquo;The Social Impact of Majorities and Minorities.&rdquo; <I>Psychological Review</I> 88:438-53."},{"sequence":"32","original_text":"Le Bon, G. 1895. <I>Psychologie des Foules</I>. Paris: F. Olean."},{"sequence":"33","original_text":"Maynard Smith, J. 1982. <I>Evolution and the Theory of Games</I>. New York: Cambridge University Press."},{"sequence":"34","original_text":"Moscovici, S. 1976. <I>Social Influence and Social Change</I>. London: Academic Press."},{"sequence":"35","original_text":"Moscovici, S., and M. Zavalloni. 1969. &ldquo;The Group as a Polarizer of Attitudes.&rdquo; <I>Journal of Personality and Social Psychology</I> 12:125-35."},{"sequence":"36","original_text":"Mosler, H.-J., K. Schwatz, F. Ammann, and H. Gutscher. 2001. &ldquo;Computer Simulation as a Method of Further Developing a Theory: Simulating the Elaboration Likelihood Model.&rdquo; <I>Personality and Social Psychology Review</I> 5:201-15."},{"sequence":"37","original_text":"Motro, U. 1991. &ldquo;Co-operation and Defection: Playing the Field and ESS.&rdquo; <I>Journal of Theoretical Biology</I> 151:145-54."},{"sequence":"38","original_text":"Nowak, A., J. Szamrej, and B. Latan&eacute. 1990. &ldquo;From Private Attitude to Public Opinion: A Dynamic Theory of Social Impact.&rdquo; <I>Psychological Review</I> 97:362-76."},{"sequence":"39","original_text":"Ostrom, T. M. 1988. &ldquo;Computer Simulation: The Third Symbol System.&rdquo; <I>Journal of Experimental Social Psychology</I> 24:381-92."},{"sequence":"40","original_text":"Putnam, R. D. 1993. <I>Making Democracy Work: Civic Tradition in Modern Italy</I>. Princeton, N.J.: Princeton University Press."},{"sequence":"41","original_text":"Riker, W., and P. Ordeshook. 1968. &ldquo;A Theory of the Calculus of Voting.&rdquo; <I>American Political Science Review</I> 62:25-42."},{"sequence":"42","original_text":"佐伯胖. 1980. 『「きめ方」の論理：社会的決定理論への招待』 東京大学出版会."},{"sequence":"43","original_text":"高木英至. 1992. 「恋愛市場のコンピュータ・シミュレーション」 『埼玉大学紀要』 28:55-74."},{"sequence":"44","original_text":"高木英至. 1995. 「集団中心主義というパズル」 『埼玉大学紀要』 31:17-40."},{"sequence":"45","original_text":"Takagi, E. 1996. &ldquo;The Generalized Exchange Perspective on the Evolution of Altruism.&rdquo; Pp. 311-36 in <I>Frontiers in Social Dilemma Research</I>, edited by W. B. G. Liebrand and D. M. Messick. Berlin: Springer-Verlag."},{"sequence":"46","original_text":"Takahashi, N. 2000. &ldquo;The Emergence of Generalized Exchange.&rdquo; <I>American Journal of Sociology</I> 105:1105-34."},{"sequence":"47","original_text":"Trivers, R. L. 1971. &ldquo;The Evolution of Reciprocal Altruism.&rdquo; <I>Quarterly Review of Biology</I> 46:35-57."},{"sequence":"48","original_text":"Wallach, M. A., N. Kogan, and D. J. Bem. 1962. &ldquo;Group Influence on Individual Risk Taking.&rdquo; <I>Journal of Abnormal and Social Psychology</I> 65:75-86."},{"sequence":"49","original_text":"山岸俊男. 1990. 『社会的ジレンマのしくみ』 サイエンス社."},{"sequence":"50","original_text":"山影進・服部正太. 2002. 『コンピュータの中の人工社会：マルチエージェントシミュレーションと複雑系』 共立出版."},{"sequence":"51","original_text":"Yamori, K. 1998. &ldquo;Going with the Flow: Micro-Macro Dynamics in the Macrobehavioral Patterns of Pedestrian Crowds.&rdquo; <I>Psychological Review</I> 105:530-57."}]}}