{"status":"OK","apiType":"doi","apiVersion":"1.0.0","message":{"total":1,"rows":1,"totalPages":1,"page":1},"data":{"siteId":"SI/JST.JSTAGE","content_type":"JA","doi":"10.11218/ojjams.19.101","url":"https://doi.org/10.11218/ojjams.19.101","ra":"JaLC","prefix":"10.11218","site_name":"J-STAGE","publisher_list":[{"publisher_name":"Japanese Association For Mathematical Sociology","lang":"en"},{"publisher_name":"数理社会学会","lang":"ja"}],"title_list":[{"lang":"ja","title":"テキスト型データの計量的分析","subtitle":"―2つのアプローチの峻別と統合―"},{"lang":"en","title":"Quantitative Analysis of Textual Data :","subtitle":"Differentiation and Coordination of Two Approaches"}],"creator_list":[{"sequence":"1","type":"person","names":[{"lang":"ja","last_name":"樋口","first_name":"耕一"},{"lang":"en","last_name":"HIGUCHI","first_name":"Koichi"}],"affiliation_list":[{"affiliation_name":"Faculty of Human Sciences<BR>Osaka University","sequence":"1","lang":"en"},{"affiliation_name":"大阪大学","sequence":"1","lang":"ja"}]}],"publication_date":{"publication_year":"2004"},"relation_list":[{"content":"https://www.jstage.jst.go.jp/article/ojjams/19/1/19_1_101/_pdf","type":"URL","relation":"fullTextPdf"}],"content_language":"ja","updated_date":"2017-03-23","article_type":"pub","journal_id_list":[{"journal_id":"0913-1442","type":"ISSN","issn_type":"print"},{"journal_id":"1881-6495","type":"ISSN","issn_type":"online"},{"journal_id":"ojjams","type":"JID"}],"journal_title_name_list":[{"journal_title_name":"Sociological Theory and Methods","type":"full","lang":"en"},{"journal_title_name":"Sociological Theory and Methods","type":"abbreviation","lang":"en"},{"journal_title_name":"理論と方法","type":"full","lang":"ja"},{"journal_title_name":"理論と方法","type":"abbreviation","lang":"ja"}],"journal_classification":"01","recorded_year":"1986-2013","volume":"19","issue":"1","first_page":"101","last_page":"115","date":"2008-12-22","keyword_list":[{"keyword":"content analysis","sequence":"1","lang":"en"},{"keyword":"内容分析","sequence":"1","lang":"ja"},{"keyword":"text mining","sequence":"2","lang":"en"},{"keyword":"テキストマイニング","sequence":"2","lang":"ja"},{"keyword":"qualitative data","sequence":"3","lang":"en"},{"keyword":"質的データ","sequence":"3","lang":"ja"},{"keyword":"correlational approach","sequence":"4","lang":"en"},{"keyword":"Correlationalアプローチ","sequence":"4","lang":"ja"},{"keyword":"dictionary-based approach","sequence":"5","lang":"en"},{"keyword":"Dictionary-basedアプローチ","sequence":"5","lang":"ja"}],"citation_list":[{"sequence":"1","original_text":"Berelson, B. 1952. <I>Content Analysis in Communication Research</I>. New York: Hafner Press."},{"sequence":"2","original_text":"Doszkocs, T. E., J. Reggia &amp; X. Lin. 1990. &ldquo;Connectionist Models and Information Retrieval.&rdquo; <I>Annual Review of Information Science and Technology</I> 25:209-60."},{"sequence":"3","original_text":"Iker, H. P. &amp; N. I. Harway. 1969. &ldquo;A Computer Systems Approach toward the Recognition and Analysis of Content.&rdquo; in G. A. Gerbner, O. R. Holsti, K. Krippendorff, W. J. Paisly &amp; P. J. Stone (eds.) <I>The Analysis of Communication Content: Developments in Scientific Theories and Computer Techniques</I>. New York: Wiley &amp; Sons.: 381-486."},{"sequence":"4","original_text":"川端亮・樋口耕一. 2003. 「インターネットに対する人々の意識―自由回答の分析から―」『大阪大学大学院人間科学研究科紀要』29:163-81."},{"sequence":"5","original_text":"Kohonen, T. 1988. <I>Self-Organization and Associative Memory</I>. New York: Springer-Verlag. =1993. 中谷和夫（監訳） 『自己組織化と連想記憶』シュプリンガー・フェアラーク."},{"sequence":"6","original_text":"Krippendorff, K. 1980. <I>Content Analysis: an Introduction to its Methodology</I>. London: Sage. =1989. 三上俊治ほか（訳）『メッセージ分析の技法―「内容分析」への招待―』勁草書房."},{"sequence":"7","original_text":"黒橋禎夫・長尾真. 1998. 『日本語形態素解析システムJUMAN version 3.61』京都大学大学院情報学研究科."},{"sequence":"8","original_text":"Lasswell, H. D. 1941. &ldquo;The World Attention Survey: An Exploration of the Possibilities of Studying Attention Being Given to the United States by Newspapers Abroad.&rdquo; <I>Public Opinion Quarterly</I> 5(3):456-62."},{"sequence":"9","original_text":"松本裕治・北内啓・山下達雄・平野善隆・松田寛・高岡一馬・浅原正幸. 2003. 『形態素解析システム「茶筌」version 2.3.1 使用説明書』奈良先端科学技術大学院大学情報科学研究科自然言語処理学講座."},{"sequence":"10","original_text":"Miller, M. &amp; B. P. Riechert. 2001. &ldquo;Frame Mapping: A Quantitative Method for Investigating Issues in the Public Sphere.&rdquo; in M. D. West (ed.) <I>Theory, Method, and Practice in Computer Content Analysis</I>. London: Ablex: 61-75."},{"sequence":"11","original_text":"那須川哲哉・河野浩之・有村博紀. 2001.「テキストマイニング基盤技術」『人工知能学会誌』16(2):201-10."},{"sequence":"12","original_text":"大隅昇・L. Lebart. 2000. 「調査における自由回答データの解析―InfoMinerによる探索的テキスト型データ解析―」『統計数理』48(2):339-76."},{"sequence":"13","original_text":"Osgood, C. E., G. J. Suci &amp; P. H. Tennenbaum. 1957. <I>The measurement of Meaning</I>. Urbana: University of Illinois Press."},{"sequence":"14","original_text":"Phillips, D. C. 1990. &ldquo;Subjectivity and Objectivity: An Objective Inquiry.&rdquo; in E. W. Eisner &amp; A. Peshkin (eds.) <I>Qualitative inquiry in education: The continuing debate</I>. New York: Teachers College Press.: 19-37."},{"sequence":"15","original_text":"Popping, R. 2000. <I>Computer-assisted Text Analysis</I>. London: Sage."},{"sequence":"16","original_text":"Renz, I. &amp; J. Franke. 2003. &ldquo;Text Mining.&rdquo; in J. Franke, G. Nakhaeizadeh & I. Renz. (eds.) <I>Text Mining: Theoretical Aspects and Applications</I>. Heidelberg: Physica-Verlag. 1-19."},{"sequence":"17","original_text":"Roberts, C. W. ed. 1997. <I>Text Analysis for the Social Sciences</I>. Mahwah: Lawrence Erlbaum."},{"sequence":"18","original_text":"佐藤裕. 1992. 「自由回答のコンピュータコーディング」『第14回数理社会学会大会研究報告要旨集』．"},{"sequence":"19","original_text":"Seale, C. 2000. &ldquo;Using Computers to Analyze Qualitative Data.&rdquo; in D. Silverman (ed.) <I>Doing Qualitative Research: A Practical Handbook</I>. London: Sage.: 154-74."},{"sequence":"20","original_text":"Stone, P. J. 1997. &ldquo;Thematic Text Analysis: New Agendas for Analyzing Text Content.&rdquo; in C.W. Roberts (ed.) <I>Text Analysis for the Social Sciences</I>. Mahwah: Lawrence Erlbaum: 35-54."},{"sequence":"21","original_text":"Stone, P. J., D. C. Dunphy &amp; D. M. Ogilvie. 1966. <I>The General Inquirer: A Computer Approach to Content Analysis</I>. Cambridge: MIT Press."},{"sequence":"22","original_text":"高橋和子. 2000. 「自由回答のコーディング支援―格フレームによるSSM職業コーディング自動化システム―」『理論と方法』15(1):149-65."},{"sequence":"23","original_text":"田中重人・太郎丸博. 1996. 「文章データのコンピュータコーディング ―プログラムとその応用―」『第22 回数理社会学会大会研究報告要旨集』: 20-23."},{"sequence":"24","original_text":"谷口敏夫. 1999. 「全文からの『位置情報付き用語』の抽出」川端亮（編著） 『非定型データのコーディング・システムとその利用』平成8年度～10年度科学研究費補助金(基盤研究(A)(1))(課題番号08551003) 研究成果報告書, 大阪大学. 31-58."},{"sequence":"25","original_text":"Woodward, J. L. 1934. &ldquo;Quantitative Newspaper Analysis as a Technique of Opinion Research.&rdquo; <I>Social Forces</I> 12:526-37."},{"sequence":"26","original_text":"安田三郎. 1970. 『社会調査の計画と解析』東京大学出版会."}]}}