{"status":"OK","apiType":"doi","apiVersion":"1.0.0","message":{"total":1,"rows":1,"totalPages":1,"page":1},"data":{"siteId":"SI/JST.JSTAGE","content_type":"JA","doi":"10.11218/ojjams.27.131","url":"https://doi.org/10.11218/ojjams.27.131","ra":"JaLC","prefix":"10.11218","site_name":"J-STAGE","publisher_list":[{"publisher_name":"Japanese Association For Mathematical Sociology","lang":"en"},{"publisher_name":"数理社会学会","lang":"ja"}],"title_list":[{"lang":"en","title":"Myerson Value and Betweenness Centrality in Communication Games"}],"creator_list":[{"sequence":"1","type":"person","names":[{"lang":"en","last_name":"KIM","first_name":"Jeong-Yoo"}],"affiliation_list":[{"affiliation_name":"Kyung Hee University","sequence":"1","lang":"en"}]}],"publication_date":{"publication_year":"2012"},"relation_list":[{"content":"https://www.jstage.jst.go.jp/article/ojjams/27/1/27_131/_pdf","type":"URL","relation":"fullTextPdf"}],"content_language":"en","updated_date":"2014-12-09","article_type":"pub","journal_id_list":[{"journal_id":"0913-1442","type":"ISSN","issn_type":"print"},{"journal_id":"1881-6495","type":"ISSN","issn_type":"online"},{"journal_id":"ojjams","type":"JID"}],"journal_title_name_list":[{"journal_title_name":"Sociological Theory and Methods","type":"full","lang":"en"},{"journal_title_name":"Sociological Theory and Methods","type":"abbreviation","lang":"en"},{"journal_title_name":"理論と方法","type":"full","lang":"ja"},{"journal_title_name":"理論と方法","type":"abbreviation","lang":"ja"}],"journal_classification":"01","recorded_year":"1986-2013","volume":"27","issue":"1","first_page":"131","last_page":"148","date":"2013-03-18","keyword_list":[{"keyword":"Myerson Value","sequence":"1","lang":"en"},{"keyword":"Betweenness Centrality","sequence":"2","lang":"en"},{"keyword":"Weighted Betweenness Centrality","sequence":"3","lang":"en"},{"keyword":"Generalized Weighted Betweenness Centrality","sequence":"4","lang":"en"},{"keyword":"Critical Player","sequence":"5","lang":"en"},{"keyword":"Communication Game","sequence":"6","lang":"en"}],"citation_list":[{"sequence":"1","original_text":"Ballester, C., Calv&oacute;-Armengo, A. and Zenou Y., 2006, &ldquo;Who's Who in Networks. Wanted: The Key Player.&rdquo; <I>Econometrica,</I> 74: 1403-1417."},{"sequence":"2","doi":"10.17730/humo.7.3.f4033344851gl053","volume":"7","first_page":"16","publication_date":{"publication_year":"1948"},"original_text":"Bavelas, A., 1948, &ldquo;A Mathematical Model for Group Structure,&rdquo; <I>Human Organizations,</I> 7: 16-30."},{"sequence":"3","volume":"36","first_page":"117","publication_date":{"publication_year":"1993"},"original_text":"Bienenstock, E.J. and Bonacich, P., 1993, &ldquo;Game-Theory Models for Exchange Networks: Experimental Results.&rdquo; <I>Sociological Perspectives,</I> 36: 117-135."},{"sequence":"4","volume":"33","issue":"in Chinese","first_page":"472","publication_date":{"publication_year":"1963"},"original_text":"Blau, P.M., 1963, <I>The Dynamics of Bureaucracy: A Study of Interpersonal Relations in Two Government Agencies.</I> University of Chicago Press: Chicago."},{"sequence":"5","volume":"61","issue":"3","first_page":"185","publication_date":{"publication_year":"1998"},"original_text":"Bonacich, P., 1998, &ldquo;A Behavioral Foundation for a Structural Theory of Power in Exchange Networks.&rdquo; <I>Social Psychology Quarterly,</I> 61: 185-198."},{"sequence":"6","original_text":"Bonacich, P., 1999, &ldquo;An Algebraic Theory of Strong Power in Negatively Connected Exchange Networks.&rdquo; <I>Journal of Mathematical Sociology,</I> 23: 203-224."},{"sequence":"7","doi":"10.1016/j.socnet.2005.11.005","content_language":"en","original_text":"Borgatti, S.P. and Everett, M.G., 2006, &ldquo;A Graph-Theoretic Perspective on Centrality.&rdquo; <I>Social Networks,</I> 28: 466-484."},{"sequence":"8","original_text":"Brandes, U., 2008, &ldquo;On Variants of Shortest-Path Betweenness Centrality and Their Generic Computation.&rdquo; <I>Social Networks,</I> 30: 136-145."},{"sequence":"9","original_text":"Burt, R.S., 1982, <I>Toward a Structure of Action.</I> Academic Press: New York."},{"sequence":"10","doi":"10.1086/227866","journal_title_name_list":[{"journal_title_name":"American Journal of Sociology","lang":"en"}],"title_list":[{"lang":"en","title":"The Distribution of Power in Exchange Networks - Theory and Experimental Results"}],"volume":"89","issue":"2","first_page":"275","last_page":"305","publication_date":{"publication_year":"1983"},"creator_list":[{"sequence":"1","type":"person","names":[{"lang":"en","last_name":"COOK","first_name":"K. S."}]}],"content_language":"en","original_text":"Cook, K.S., Emerson, R.M., Gillmore, M.R. and Yamagishi, T., 1983, &ldquo;The Distribution of Power in Exchange Networks: Theory and Experimental Results.&rdquo; <I>American Journal of Sociology,</I> 89: 275-305."},{"sequence":"11","volume":"92","first_page":"445","publication_date":{"publication_year":"1986"},"original_text":"Cook, K.S., Gillmore, M. and Yamagish, T., 1986, &ldquo;Point and Line Vulnerability as Bases for Predicting the Distribution of Power in Exchange Networks: Reply to Willer.&rdquo; <I>American Journal of Sociology,</I> 92: 445-448."},{"sequence":"12","original_text":"Emerson, R.M., 1972, &ldquo;Exchange Theory, Part II: Exchange Relations and Networks.&rdquo; pp.58-87 in <I>Sociological Theories in Progress,</I> Vol.2, edited by J. Berger, M. Zelditch, and B. Anderson. Boston: Houghton-Mufflin."},{"sequence":"13","doi":"10.2307/3033543","volume":"40","first_page":"35","publication_date":{"publication_year":"1977"},"original_text":"Freeman, L.C., 1977, &ldquo;A Set of Measures of Centrality based on Betweenness.&rdquo; <I>Sociometry,</I> 40: 35-41."},{"sequence":"14","doi":"10.1016/0378-8733(78)90021-7","volume":"1","first_page":"215","publication_date":{"publication_year":"1979"},"original_text":"Freeman, L.C., 1979, &ldquo;Centrality in Social Networks: Conceptual Clarification.&rdquo; <I>Social Networks,</I> 1: 215-239."},{"sequence":"15","original_text":"Goyal, S. and F. Vega-Redondo, 2007, &ldquo;Structural Holes in Social Networks.&rdquo; <I>Journal of Economic Theory,</I> 137: 460-492."},{"sequence":"16","original_text":"Granovetter, M.S., 1974, <I>Getting a Job: A Study in Contacts and Careers.</I> Harvard University Press: Cambridge."},{"sequence":"17","original_text":"Jackson, M., 2005, &ldquo;Allocation Rules for Network Games.&rdquo; <I>Games and Economic Behavior,</I> 51: 128-154."},{"sequence":"18","original_text":"Jun, T., Kim, J.-Y. and Kim H.-S., 2010, &ldquo;Endogenous Internet Structure and Bargaining Power in Interconnection Agreements.&rdquo; <I>Review of Network Economics,</I> 9."},{"sequence":"19","original_text":"Laumann, E.O. and Pappi, F.U., 1973, &ldquo;New Directions in the Study of Community Elites.&rdquo; <I>American Sociological Review,</I> 38: 212-230."},{"sequence":"20","original_text":"Moreno, J.L., 1934, <I>Who Shall Survive?: Foundations of Sociometry, Group Psychotherapy, and Sociodrama.</I> Washington D.C.: Nervous and Mental Disease Publishing Co. Reprinted in 1953 (Second Edition) and in 1978 (Third Edition) by Beacon House, Inc., Beacon, NY."},{"sequence":"21","original_text":"Myerson, R., 1977, &ldquo;Graphs and Cooperation in Games.&rdquo; <I>Mathematics of Operations Research,</I> 2: 225-229."},{"sequence":"22","original_text":"Shimbel, A., 1953, &ldquo;Structural Parameters of Communication Networks.&rdquo; <I>Bulletin of Mathematical Biophysics,</I> 15: 501-507."},{"sequence":"23","original_text":"Wasserman, S. and K. Faust, 1994, <I>Social Network Analysis.</I> Cambridge University Press."}]}}