{"status":"OK","apiType":"doi","apiVersion":"1.0.0","message":{"total":1,"rows":1,"totalPages":1,"page":1},"data":{"siteId":"SI/JST.JSTAGE","content_type":"JA","doi":"10.11218/ojjams.18.1","url":"https://doi.org/10.11218/ojjams.18.1","ra":"JaLC","prefix":"10.11218","site_name":"J-STAGE","publisher_list":[{"publisher_name":"Japanese Association For Mathematical Sociology","lang":"en"},{"publisher_name":"数理社会学会","lang":"ja"}],"title_list":[{"lang":"en","title":"Toward a New Discourse on Method :","subtitle":"From the Viewpoint of Complex Systems, Postmodernity, and Self-Organization"},{"title":"新方法序説に向けて","subtitle":"―複雑系、ポストモダンそして自己組織性の視点から―"}],"creator_list":[{"sequence":"1","type":"person","names":[{"lang":"en","last_name":"IMADA","first_name":"Takatoshi"},{"lang":"ja","last_name":"今田","first_name":"高俊"}],"affiliation_list":[{"affiliation_name":"Graduate School of Decision Science and Technology<BR>Tokyo Institute of Technology","sequence":"1","lang":"en"},{"affiliation_name":"東京工業大学","sequence":"1","lang":"ja"}]}],"publication_date":{"publication_year":"2003"},"relation_list":[{"content":"http://www.jstage.jst.go.jp/article/ojjams/18/1/18_1_1/_pdf","type":"URL","relation":"fullTextPdf"}],"updated_date":"2014-12-09","article_type":"pub","journal_id_list":[{"journal_id":"0913-1442","type":"ISSN","issn_type":"print"},{"journal_id":"1881-6495","type":"ISSN","issn_type":"online"},{"journal_id":"ojjams","type":"JID"}],"journal_title_name_list":[{"journal_title_name":"Sociological Theory and Methods","type":"full","lang":"en"},{"journal_title_name":"Sociological Theory and Methods","type":"abbreviation","lang":"en"},{"journal_title_name":"理論と方法","type":"full","lang":"ja"},{"journal_title_name":"理論と方法","type":"abbreviation","lang":"ja"}],"journal_classification":"01","recorded_year":"1986-2013","volume":"18","issue":"1","first_page":"1","last_page":"11","date":"2009-01-20"}}