{"status":"OK","apiType":"doi","apiVersion":"1.0.0","message":{"total":1,"rows":1,"totalPages":1,"page":1},"data":{"siteId":"SI/JST.JSTAGE","content_type":"JA","doi":"10.11218/ojjams.18.15","url":"https://doi.org/10.11218/ojjams.18.15","ra":"JaLC","prefix":"10.11218","site_name":"J-STAGE","publisher_list":[{"publisher_name":"Japanese Association For Mathematical Sociology","lang":"en"},{"publisher_name":"数理社会学会","lang":"ja"}],"title_list":[{"lang":"ja","title":"「小さな世界」における信頼関係と社会秩序"},{"lang":"en","title":"Trust Relation in the &lsquo;Small World&rsquo; and Social Order"}],"creator_list":[{"sequence":"1","type":"person","names":[{"lang":"ja","last_name":"辻","first_name":"竜平"},{"lang":"en","last_name":"TSUJI","first_name":"Ryuhei"}],"affiliation_list":[{"affiliation_name":"Department of Psychology<BR>Meiji Gakuin University","sequence":"1","lang":"en"},{"affiliation_name":"明治学院大学","sequence":"1","lang":"ja"}]},{"sequence":"2","type":"person","names":[{"lang":"ja","last_name":"針原","first_name":"素子"},{"lang":"en","last_name":"HARIHARA","first_name":"Motoko"}],"affiliation_list":[{"affiliation_name":"Department of Social Psychology<BR>The University of Tokyo","sequence":"2","lang":"en"},{"affiliation_name":"東京大学","sequence":"2","lang":"ja"}]}],"publication_date":{"publication_year":"2003"},"relation_list":[{"content":"https://www.jstage.jst.go.jp/article/ojjams/18/1/18_1_15/_pdf","type":"URL","relation":"fullTextPdf"}],"content_language":"ja","updated_date":"2017-03-23","article_type":"pub","journal_id_list":[{"journal_id":"0913-1442","type":"ISSN","issn_type":"print"},{"journal_id":"1881-6495","type":"ISSN","issn_type":"online"},{"journal_id":"ojjams","type":"JID"}],"journal_title_name_list":[{"journal_title_name":"Sociological Theory and Methods","type":"full","lang":"en"},{"journal_title_name":"Sociological Theory and Methods","type":"abbreviation","lang":"en"},{"journal_title_name":"理論と方法","type":"full","lang":"ja"},{"journal_title_name":"理論と方法","type":"abbreviation","lang":"ja"}],"journal_classification":"01","recorded_year":"1986-2013","volume":"18","issue":"1","first_page":"15","last_page":"31","date":"2009-01-20","keyword_list":[{"keyword":"Personal trust and general trust","sequence":"1","lang":"en"},{"keyword":"個別的信頼と一般的信頼","sequence":"1","lang":"ja"},{"keyword":"Transitivity","sequence":"2","lang":"en"},{"keyword":"推移性","sequence":"2","lang":"ja"},{"keyword":"Watts et al.'s &lsquo;Small world&rsquo; simulation","sequence":"3","lang":"en"},{"keyword":"Wattsらの「小さな世界」シミュレーション","sequence":"3","lang":"ja"},{"keyword":"Acquaintanceship volume","sequence":"4","lang":"en"},{"keyword":"知人数","sequence":"4","lang":"ja"}],"citation_list":[{"sequence":"1","original_text":"Burt, R. 1992. <I>Structural Holes</I>. Cambridge, MA: Harvard University Press."},{"sequence":"2","original_text":"de Sola Pool, I., and M. Kochen. 1978. &ldquo;Contacts and Influence.&rdquo; <I>Social Networks</I> 1:5-51."},{"sequence":"3","original_text":"Dunber, R. I. M. 1997. 「言語の起源」『科学』 67:289-96."},{"sequence":"4","original_text":"Fararo, T. J., and J. Skvoretz. 1984. &ldquo;Biased Networks and Social Structure Theorems Part II.&rdquo; <I>Social Networks</I> 6:223-58."},{"sequence":"5","original_text":"Fararo, T. J., and M. H. Sunshine. 1964. <I>A Study of a Biased Friendship Net</I>. Syracuse, NY: Youth Development Center."},{"sequence":"6","original_text":"Freeman, L. C., and C. R. Thompson. 1989. &ldquo;Estimating Acquaintanceship Volume.&rdquo; Pp. 147-58 in <I>The Small World</I>, edited by M. Kochen. Norwood, NJ: Ablex Publishing Corporation."},{"sequence":"7","original_text":"Granovetter, M. 1973. &ldquo;The Strength of Weak Ties.&rdquo; <I>American Journal of Sociology</I> 81:1287-303."},{"sequence":"8","original_text":"Granovetter, M. 1974. <I>Getting a Job: A Study of Contacts and Careers</I>. Cambridge, MA: Harvard University Press."},{"sequence":"9","original_text":"Killworth, P. D., E. C. Johnsen, H. R. Bernard, G. A. Shelley, and C. McCarty. 1990. &ldquo;Estimating the Size of Personal Networks.&rdquo; <I>Social Networks</I> 12:289-312."},{"sequence":"10","original_text":"Milgram, S. 1967. &ldquo;The Small World Problem.&rdquo; <I>Psychology Today</I> 2:60-67."},{"sequence":"11","original_text":"Rapoport, A., and W. J. Horvath. 1961. &ldquo;A Study of a Large Sociogram.&rdquo; <I>Behavioral Science</I> 6:279-91."},{"sequence":"12","original_text":"Tsuji, R. 1999. &ldquo;Trusting Behavior in Prisoner's Dilemma: The Effects of Social Networks.&rdquo; <I>Dissertation Abstracts International Section A: Humanities &amp; Social Sciences</I> 60(5-A):1774. (UMI No. 9929113)"},{"sequence":"13","original_text":"辻 竜平. 2000. 「集団における信頼関係の構造化と集団内秩序の変化」『理論と方法』 15(1):197-208."},{"sequence":"14","original_text":"Tsuji, R. 2002. &ldquo;Estimating Acquaintanceship Volume in Japan and US.&rdquo; Paper presented at Mathematical Sociology in Japan and in America: 2nd Joint Conference."},{"sequence":"15","original_text":"辻 竜平・松山久美・針原素子. 2002. 「日本における知人・友人数の推定」 数理社会学会第33回大会."},{"sequence":"16","original_text":"辻 竜平・針原素子. 2002. 「一般的信頼尺度の再検討: 都市と村落のデータの比較をとおして」 数理社会学会第34回大会."},{"sequence":"17","original_text":"Watts, D. J. 1999. <I>Small Worlds</I>. Princeton, NJ: Princeton University Press."},{"sequence":"18","original_text":"Watts, D. J., and S. Strogatz. 1998. &ldquo;Collective Dynamics of &lsquo;Small-World&rsquo; Networks.&rdquo; <I>Nature</I> 393:440-42."},{"sequence":"19","original_text":"山岸俊男. 1998. 『信頼の構造: こころと社会の進化ゲーム』東京大学出版会."},{"sequence":"20","original_text":"山岸俊男. 1999. 『安心社会から信頼社会へ: 日本型システムの行方』中公新書."},{"sequence":"21","original_text":"Yamagishi, T., and M. Yamagishi. 1994. &ldquo;Trust and Commitment in the United States and Japan.&rdquo; <I>Motivation and Emotion</I> 18:129-66."}]}}