{"status":"OK","apiType":"doi","apiVersion":"1.0.0","message":{"total":1,"rows":1,"totalPages":1,"page":1},"data":{"siteId":"SI/JST.JSTAGE","content_type":"JA","doi":"10.11218/ojjams.20.45","url":"https://doi.org/10.11218/ojjams.20.45","ra":"JaLC","prefix":"10.11218","site_name":"J-STAGE","publisher_list":[{"publisher_name":"Japanese Association For Mathematical Sociology","lang":"en"},{"publisher_name":"数理社会学会","lang":"ja"}],"title_list":[{"lang":"en","title":"Market, Trust, and Inequality:","subtitle":"An Agent-based Model of Effect of Market Attractiveness on Trusting Behavior and Inequality"}],"creator_list":[{"sequence":"1","type":"person","names":[{"lang":"en","last_name":"SATO","first_name":"Yoshimichi"}],"affiliation_list":[{"affiliation_name":"Graduate School of Arts and Letters Tohoku University","sequence":"1","lang":"en"},{"affiliation_name":"Graduate School of Arts and Letters Tohoku University","sequence":"1","lang":"ja"}]}],"publication_date":{"publication_year":"2005"},"relation_list":[{"content":"https://www.jstage.jst.go.jp/article/ojjams/20/1/20_1_45/_pdf","type":"URL","relation":"fullTextPdf"}],"content_language":"en","updated_date":"2017-03-23","article_type":"pub","journal_id_list":[{"journal_id":"0913-1442","type":"ISSN","issn_type":"print"},{"journal_id":"1881-6495","type":"ISSN","issn_type":"online"},{"journal_id":"ojjams","type":"JID"}],"journal_title_name_list":[{"journal_title_name":"Sociological Theory and Methods","type":"full","lang":"en"},{"journal_title_name":"Sociological Theory and Methods","type":"abbreviation","lang":"en"},{"journal_title_name":"理論と方法","type":"full","lang":"ja"},{"journal_title_name":"理論と方法","type":"abbreviation","lang":"ja"}],"journal_classification":"01","recorded_year":"1986-2013","volume":"20","issue":"1","first_page":"45","last_page":"57","date":"2007-07-06","keyword_list":[{"keyword":"Trust","sequence":"1","lang":"en"},{"keyword":"Assurance","sequence":"2","lang":"en"},{"keyword":"Social Capital","sequence":"3","lang":"en"},{"keyword":"Inequality","sequence":"4","lang":"en"},{"keyword":"Agent-based model","sequence":"5","lang":"en"}],"citation_list":[{"sequence":"1","journal_title_name_list":[{"journal_title_name":"Proceedings of the National Academy of Sciences of the United States of America","lang":"en"}],"title_list":[{"lang":"en","title":"Trust, Cooperation, and Market Formation in the U. S. and Japan"}],"volume":"99 Suppl 3","first_page":"7214","last_page":"7220","publication_date":{"publication_year":"2002"},"content_language":"en","original_text":"Macy, Michael W. and Yoshimichi Sato. 2002. &ldquo;Trust, Cooperation, and Market Formation in the U. S. and Japan,&rdquo; Proceedings of the National Academy of Sciences of the United States of America 99(Suppl. 3): 7214-20."},{"sequence":"2","original_text":"Patnum, Robert D. 1993. Making Democracy Work: Civic Traditions in Modern Italy. Princeton: Princeton University Press."},{"sequence":"3","original_text":"Patterson, Orlando. 1999. &ldquo;Liberty against the Democratic State: On the Historical and Contemporary Sources of American Distrust.&rdquo; Pp. 151-207 in Democracy and Trust. edited by Mark E. Warren. Cambridge: Cambridge University Press."},{"sequence":"4","doi":"10.1080/00222500210525","journal_title_name_list":[{"journal_title_name":"Journal of Mathematical Sociology","lang":"en"}],"title_list":[{"lang":"en","title":"Trust, Assurance, and Inequality: A Rational Choice Model of Mutual Trust"}],"volume":"26","first_page":"1","last_page":"16","publication_date":{"publication_year":"2002"},"content_language":"en","original_text":"Sato, Yoshimichi. 2002. &ldquo;Trust, Assurance, and Inequality: A Rational Choice Model of Mutual Trust.&rdquo; Journal of Mathematical Sociology 26(1-2): 1-16."},{"sequence":"5","original_text":"Yamagishi, Toshio. 1998. The Structure of Trust: The Evolutionary Games of Mind and Society. Tokyo: University of Tokyo Press. (in Japanese)"},{"sequence":"6","doi":"10.1007/BF02249397","journal_title_name_list":[{"journal_title_name":"Motivation and Emotion","lang":"en"}],"title_list":[{"lang":"en","title":"Trust and Commitment in the United States and Japan"}],"volume":"18","first_page":"129","last_page":"166","publication_date":{"publication_year":"1994"},"content_language":"en","original_text":"Yagamishi, Toshio and Midori Yamagishi. 1994. &ldquo;Trust and Commitment in the United States and Japan.&rdquo; Motivation and Emotion 18(2): 129-66."}]}}