{"status":"OK","apiType":"doi","apiVersion":"1.0.0","message":{"total":1,"rows":1,"totalPages":1,"page":1},"data":{"siteId":"SI/JST.JSTAGE","content_type":"JA","doi":"10.11218/ojjams.18.197","url":"https://doi.org/10.11218/ojjams.18.197","ra":"JaLC","prefix":"10.11218","site_name":"J-STAGE","publisher_list":[{"publisher_name":"Japanese Association For Mathematical Sociology","lang":"en"},{"publisher_name":"数理社会学会","lang":"ja"}],"title_list":[{"lang":"ja","title":"進化ゲーム理論は数理社会学に応用可能か？"},{"lang":"en","title":"Is the Evolutionary Game Theory Applicable to Mathematical Sociology?"}],"creator_list":[{"sequence":"1","type":"person","names":[{"lang":"ja","last_name":"志田","first_name":"基与師"},{"lang":"en","last_name":"SHIDA","first_name":"Kiyoshi"}],"affiliation_list":[{"affiliation_name":"Faculty of Environment and Information Sciences<BR>Yokohama National University","sequence":"1","lang":"en"},{"affiliation_name":"横浜国立大学","sequence":"1","lang":"ja"}]}],"publication_date":{"publication_year":"2003"},"relation_list":[{"content":"https://www.jstage.jst.go.jp/article/ojjams/18/2/18_2_197/_pdf","type":"URL","relation":"fullTextPdf"}],"content_language":"ja","updated_date":"2017-03-23","article_type":"pub","journal_id_list":[{"journal_id":"0913-1442","type":"ISSN","issn_type":"print"},{"journal_id":"1881-6495","type":"ISSN","issn_type":"online"},{"journal_id":"ojjams","type":"JID"}],"journal_title_name_list":[{"journal_title_name":"Sociological Theory and Methods","type":"full","lang":"en"},{"journal_title_name":"Sociological Theory and Methods","type":"abbreviation","lang":"en"},{"journal_title_name":"理論と方法","type":"full","lang":"ja"},{"journal_title_name":"理論と方法","type":"abbreviation","lang":"ja"}],"journal_classification":"01","recorded_year":"1986-2013","volume":"18","issue":"2","first_page":"197","last_page":"209","date":"2009-01-20","keyword_list":[{"keyword":"evolutionary game, positivity, rationality, scientific explanation","sequence":"1","lang":"en"},{"keyword":"進化ゲーム, 実証性, 合理性, 制度, 科学的説明","sequence":"1","lang":"ja"}],"citation_list":[{"sequence":"1","original_text":"Hofbauer J. and K. Sigmund. 1998. <I>Evolutionary Games and Population Dynamics</I>. Cambridge University Press. =2001. 竹内康博他（訳）.『進化ゲームと微分方程式』現代数学社."},{"sequence":"2","original_text":"Hollis, Martin. 1987. <I>The Cunning of Reason</I>. Cambridge University Press. =1998. 槻木裕（訳）.『ゲーム理論の哲学』晃洋書房."},{"sequence":"3","original_text":"今井晴雄・岡田章（編）. 2002. 『ゲーム理論の新展開』勁草書房."},{"sequence":"4","original_text":"石原英樹・金井雅之. 2002. 『進化的意思決定』朝倉書店."},{"sequence":"5","original_text":"Maynard Smith, John. 1982. <I>Evolution and the Theory of Games</I>. Cambridge University Press. =1985. 寺本英・梯政之（訳）.『進化とゲーム理論』.産業図書."},{"sequence":"6","original_text":"中山幹夫・武藤滋夫・舟木由喜彦（編）.2000. 『ゲーム理論で解く』.有斐閣."},{"sequence":"7","original_text":"佐伯胖・亀田達也（編）. 2002. 『進化ゲームとその展開』.共立出版."},{"sequence":"8","original_text":"酒井聡樹・高田壮則・近雅博. 1999. 『生き物の進化ゲーム』.共立出版."},{"sequence":"9","original_text":"盛山和夫. 1995. 『制度論の構図』. 創文社."},{"sequence":"10","original_text":"von Neumann, John and Oscar Morgenstern. 1944. <I>Theory of Games and Economic Behavior</I>. Princeton University Press. =1972. 銀林浩他（訳）.『ゲームの理論と経済行動』.東京図書."}]}}