{"status":"OK","apiType":"doi","apiVersion":"1.0.0","message":{"total":1,"rows":1,"totalPages":1,"page":1},"data":{"siteId":"SI/JST.JSTAGE","content_type":"JA","doi":"10.11218/ojjams.20.59","url":"https://doi.org/10.11218/ojjams.20.59","ra":"JaLC","prefix":"10.11218","site_name":"J-STAGE","publisher_list":[{"publisher_name":"Japanese Association For Mathematical Sociology","lang":"en"},{"publisher_name":"数理社会学会","lang":"ja"}],"title_list":[{"lang":"en","title":"Trust and Belief about Others:","subtitle":"Focusing on Judgment Accuracy of Others' Trustworthiness"}],"creator_list":[{"sequence":"1","type":"person","names":[{"lang":"en","last_name":"HAYASHI","first_name":"Nahoko"}],"affiliation_list":[{"affiliation_name":"Department of Sociology Kansai University","sequence":"1","lang":"en"},{"affiliation_name":"Department of Sociology Kansai University","sequence":"1","lang":"ja"}]},{"sequence":"2","type":"person","names":[{"lang":"en","last_name":"YOSANO","first_name":"Arinori"}],"affiliation_list":[{"affiliation_name":"Department of Sociology Kansai University","sequence":"1","lang":"en"},{"affiliation_name":"Department of Sociology Kansai University","sequence":"1","lang":"ja"}]}],"publication_date":{"publication_year":"2005"},"relation_list":[{"content":"https://www.jstage.jst.go.jp/article/ojjams/20/1/20_1_59/_pdf","type":"URL","relation":"fullTextPdf"}],"content_language":"en","updated_date":"2017-03-23","article_type":"pub","journal_id_list":[{"journal_id":"0913-1442","type":"ISSN","issn_type":"print"},{"journal_id":"1881-6495","type":"ISSN","issn_type":"online"},{"journal_id":"ojjams","type":"JID"}],"journal_title_name_list":[{"journal_title_name":"Sociological Theory and Methods","type":"full","lang":"en"},{"journal_title_name":"Sociological Theory and Methods","type":"abbreviation","lang":"en"},{"journal_title_name":"理論と方法","type":"full","lang":"ja"},{"journal_title_name":"理論と方法","type":"abbreviation","lang":"ja"}],"journal_classification":"01","recorded_year":"1986-2013","volume":"20","issue":"1","first_page":"59","last_page":"80","date":"2007-07-06","keyword_list":[{"keyword":"Trust","sequence":"1","lang":"en"},{"keyword":"Trustworhiness","sequence":"2","lang":"en"},{"keyword":"Person Perception","sequence":"3","lang":"en"},{"keyword":"Game of Enthronement","sequence":"4","lang":"en"}],"citation_list":[{"sequence":"1","original_text":"Adorno, T. W. et al. 1950. The Authoritarian Personality. New York: Harper."},{"sequence":"2","journal_title_name_list":[{"journal_title_name":"European Journal of Social Psychology","lang":"en"}],"title_list":[{"lang":"en","title":"About the Saliency of Fear and Greed in Social Dilemmas"}],"volume":"19","first_page":"155","last_page":"161","publication_date":{"publication_year":"1989"},"content_language":"en","original_text":"Bruins, J. J., W. B. Liebrand &amp; H. A. M. Wilke. 1989. &ldquo;About the Saliency of Fear and Greed in Social Dilemmas.&rdquo; European Journal of Social Psychology 19: 155-61."},{"sequence":"3","journal_title_name_list":[{"journal_title_name":"Behavioral Science","lang":"en"}],"title_list":[{"lang":"en","title":"A Reparameterization of the Prisoners Dilemma Game"}],"volume":"18","first_page":"424","last_page":"428","publication_date":{"publication_year":"1973"},"content_language":"en","original_text":"Coombs, C. A. 1973. &ldquo;A Reparameterization of the Prisoners Dilemma Game.&rdquo; Behavioral Science 18: 424-28."},{"sequence":"4","doi":"10.1016/0010-0277(89)90023-1","journal_title_name_list":[{"journal_title_name":"Cognition","lang":"en"}],"title_list":[{"lang":"en","title":"The Logic of Social Exchange: Has Natural Selection Shaped How Humans Reason? Studies with the Wason Selection Task"}],"volume":"31","first_page":"187","last_page":"276","publication_date":{"publication_year":"1989"},"content_language":"en","original_text":"Cosmides, L. 1989, &ldquo;The Logic of Social Exchange: Has Natural Selection Shaped How Humans Reason? Studies with the Wason Selection Task.&rdquo; Cognition 31: 187-276."},{"sequence":"5","original_text":"Frank, R. H., T. Gilovich &amp; D. T. Regan. 1993. &ldquo;The Evolution of One-shot Cooperation: An Experiment.&rdquo; Ethnology and Sociobiology 14: 247-25."},{"sequence":"6","original_text":"Fukuyama, F. 1995. Trust: The Social Virtues and the Creation of Prosperity. Glencoe, IL: Free Press."},{"sequence":"7","doi":"10.1177/104346399011001002","journal_title_name_list":[{"journal_title_name":"Rationality and Society","lang":"en"}],"title_list":[{"lang":"en","title":"Reciprocity, Trust, and the Sense of Control: A Cross-societal Study"}],"volume":"11","first_page":"27","last_page":"46","publication_date":{"publication_year":"1999"},"content_language":"en","original_text":"Hayashi, N. et. al. 1999. &rdquo;Reciprocity, Trust, and the Sense of Control: A Cross-societal Study.&rdquo; Rationality and Society 11(1) 27-46."},{"sequence":"8","doi":"10.1037/h0029849","journal_title_name_list":[{"journal_title_name":"Journal of Personality and Social Psychology","lang":"en"}],"title_list":[{"lang":"en","title":"Social Interaction Basis of Cooperators' and Competitors' Beliefs about Others"}],"volume":"16","first_page":"66","last_page":"91","publication_date":{"publication_year":"1970"},"content_language":"en","original_text":"Kelley, H. H. and A. J. Stahelski. 1970. &ldquo;Social Interaction Basis of Cooperators' and Competitors' Beliefs about Others.&rdquo; Journal of Personality and Social Psychology 16(1): 66-91."},{"sequence":"9","original_text":"Kikuchi, M., Y. Watanabe, and T. Yamagishi. 1997. &ldquo;Judgment Accuracy of Other's Trustworthiness and General Trust: An Experimental Study.&rdquo; The Japanese Journal of Experimental Social Psychology 37(1): 23-36. (In Japanese)"},{"sequence":"10","original_text":"Kiyonari, T. and T. Yamagishi. 1999. &ldquo;Comparative Study on Trust and Trustworthiness by Using Game of Enthronement.&rdquo; The Japanese Journal of Social Psychology 15(2): 100-9. (In Japanese)"},{"sequence":"11","original_text":"Kosugi, M. and T. Yamagishi. 1998. &ldquo;Generalized Trust and Judgement of Trustworthiness.&rdquo; The Japanese Journal of Psychology 69: 349-57. (In Japanese)"},{"sequence":"12","journal_title_name_list":[{"journal_title_name":"Proceedings of the National Academy of Sciences of the United States of America","lang":"en"}],"title_list":[{"lang":"en","title":"Trust, Cooperation, and Market Formation in the U. S. and Japan"}],"volume":"99 Suppl 3","first_page":"7214","last_page":"7220","publication_date":{"publication_year":"2002"},"content_language":"en","original_text":"Macy, M. W. and Y. Sato. 2002. &ldquo;Trust, Cooperation, and Market Formation in the U. S. and Japan.&rdquo; Proceedings of the National Academy of Sciences of the United States of America 99 (Suppl. 3): 7214-20."},{"sequence":"13","doi":"10.1146/annurev.ps.28.020177.002051","journal_title_name_list":[{"journal_title_name":"Annual Review of Psychology","lang":"en"}],"title_list":[{"lang":"en","title":"Twenty Years of Experimental Gaming: Critique, Synthesis and Suggestions for the Future"}],"volume":"28","first_page":"363","last_page":"392","publication_date":{"publication_year":"1977"},"content_language":"en","original_text":"Pruitt, D. G. and M. J. Kimmel. 1977. &ldquo;Twenty Years of Experimental Gaming: Critique, Synthesis and Suggestions for the Future.&rdquo; Annual Review of Psychology 28: 363-92."},{"sequence":"14","original_text":"Putnam, R. D. 1993. Making Democracy Work: Civic Traditions in Modern Italy. Princeton, NJ: Princeton University Press."},{"sequence":"15","original_text":"Putnam, R. D. 2000. Bowling Alone: The Collapse and Revival of American Community. New York: Simon and Schuster."},{"sequence":"16","original_text":"Tanida, S and T. Yamagishi. 2004. &ldquo;The Effect of Empathy on Prediction of Behavior in Social Exchange.&rdquo; The Japanese Journal of Psychology 74(2): 512-20. (In Japanese)"},{"sequence":"17","original_text":"Yamagishi, T. 1998. Structure of Trust: Evolution Game for Mind and Society. Tokyo: University of Tokyo Press. (In Japanese)"},{"sequence":"18","original_text":"Yamagishi, T. 1999. From Assurance Based Society to Trust Based Society: Where Is the Japanese System Heading? Tokyo: Chuo Koron Shinsha. (In Japanese)"},{"sequence":"19","doi":"10.11225/jcss.6.179","journal_title_name_list":[{"journal_title_name":"Cognitive Studies","lang":"en"}],"title_list":[{"lang":"en","title":"Character Detection in Social Exchange"}],"volume":"6","first_page":"179","last_page":"190","publication_date":{"publication_year":"1999"},"content_language":"en","original_text":"Yamagishi, T. and M. Kosugi. 1999. &ldquo;Character Detection in Social Exchange.&rdquo; Cognitive Studies 6(2): 179-90."},{"sequence":"20","doi":"10.1037/0022-3514.50.1.67","journal_title_name_list":[{"journal_title_name":"Journal of Personality and Social Psychology","lang":"en"}],"title_list":[{"lang":"en","title":"Motivational Bases of the Public Goods Problem"}],"volume":"50","first_page":"67","last_page":"73","publication_date":{"publication_year":"1986"},"content_language":"en","original_text":"Yamagishi, T. and K. Sato. 1986. &ldquo;Motivational Bases of the Public Goods Problem.&rdquo; Journal of Personality and Social Psychology 50(1): 67-73."}]}}