{"status":"OK","apiType":"doi","apiVersion":"1.0.0","message":{"total":1,"rows":1,"totalPages":1,"page":1},"data":{"siteId":"SI/JST.JSTAGE","content_type":"JA","doi":"10.11218/ojjams.21.183","url":"https://doi.org/10.11218/ojjams.21.183","ra":"JaLC","prefix":"10.11218","site_name":"J-STAGE","publisher_list":[{"publisher_name":"Japanese Association For Mathematical Sociology","lang":"en"},{"publisher_name":"数理社会学会","lang":"ja"}],"title_list":[{"lang":"ja","title":"数理社会学者の課題","subtitle":"弱い経験的妥当性と意味の問題について"},{"lang":"en","title":"An Ethos of Mathematical Sociologist","subtitle":"Weak Empirical Validity and Problem of Meaning"}],"creator_list":[{"sequence":"1","type":"person","names":[{"lang":"ja","last_name":"浜田","first_name":"宏"},{"lang":"en","last_name":"HAMADA","first_name":"Hiroshi"}],"affiliation_list":[{"affiliation_name":"School of Sociology Kwansei Gakuin University","sequence":"1","lang":"en"},{"affiliation_name":"関西学院大学","sequence":"1","lang":"ja"}]}],"publication_date":{"publication_year":"2006"},"relation_list":[{"content":"https://www.jstage.jst.go.jp/article/ojjams/21/2/21_2_183/_pdf","type":"URL","relation":"fullTextPdf"}],"content_language":"ja","updated_date":"2017-03-23","article_type":"pub","journal_id_list":[{"journal_id":"0913-1442","type":"ISSN","issn_type":"print"},{"journal_id":"1881-6495","type":"ISSN","issn_type":"online"},{"journal_id":"ojjams","type":"JID"}],"journal_title_name_list":[{"journal_title_name":"Sociological Theory and Methods","type":"full","lang":"en"},{"journal_title_name":"Sociological Theory and Methods","type":"abbreviation","lang":"en"},{"journal_title_name":"理論と方法","type":"full","lang":"ja"},{"journal_title_name":"理論と方法","type":"abbreviation","lang":"ja"}],"journal_classification":"01","recorded_year":"1986-2013","volume":"21","issue":"2","first_page":"183","last_page":"198","date":"2007-08-02","keyword_list":[{"keyword":"weak empirical validity","sequence":"1","lang":"en"},{"keyword":"弱い経験的妥当性","sequence":"1","lang":"ja"},{"keyword":"solvability","sequence":"2","lang":"en"},{"keyword":"可解性","sequence":"2","lang":"ja"},{"keyword":"meaning","sequence":"3","lang":"en"},{"keyword":"意味","sequence":"3","lang":"ja"}],"citation_list":[{"sequence":"1","original_text":"Boudon, Raymond. 1973. L&lsquo; In&eacute;galit&eacute; des Chances, La mobilit&eacute; sociale dans les soci&eacute;t&eacute;s industrielles, Librarie Armand Colin, Paris, = 1983杉本一郎・山本剛郎・草壁八郎（訳）『機会の不平等』新曜社."},{"sequence":"2","original_text":"Cohen, Bernard. P. 1958. &ldquo;A Probability Model for Conformity,&rdquo; Sociometry, Vol. 21, No.1: 69-81."},{"sequence":"3","original_text":"土場学. 1996. 「数理社会学－未完のプロジェクト」『理論と方法』20: 157-73."},{"sequence":"4","original_text":"石田淳. 2003.「認識の効率性と階層イメージ」『理論と方法』34: 211-28."},{"sequence":"5","original_text":"石田淳. 2005.「経験科学としての数理社会学―FKモデルにおける客観階層とモデル検証問題―」『理論と方法』37: 97-108."},{"sequence":"6","original_text":"Kemeny, John. G. and J. Laurie Snell. 1962. Mathematical Models in the Social Sciences, Boston: Ginn.=1966  甲田和衛・山本国雄・中島一（訳）『社会科学における数学的モデル』培風館."},{"sequence":"7","original_text":"小林淳一・木村邦博. 1997.『数理の発想でみる社会』ナカニシヤ出版."},{"sequence":"8","original_text":"高坂健次. 1986.「数理社会学の意義と必要性」『理論と方法』1:1-14."},{"sequence":"9","original_text":"高坂健次. 2000.『社会学におけるフォーマルセオリー―階層イメージにおけるFKモデル―』ハーベスト社."},{"sequence":"10","original_text":"中野正大. 1986.「準拠集団と相対的不満」作田敬一・井上俊（編）『命題コレクション社会学』筑摩書房:130-135."},{"sequence":"11","original_text":"西田春彦・平松闊. 1987.「社会学方法論 : 計量的数理的アプローチを中心にして」『社会学評論 』38(2): 2-21."},{"sequence":"12","original_text":"大澤真幸.1996.「社会学を駆動する問い」大澤真幸（編）『社会学のすすめ』筑摩書房：171-188．"},{"sequence":"13","original_text":"大澤真幸. 1997.「社会秩序はいかにして可能か―社会学を社会学する―」井上俊・上野千鶴子・大澤真幸・見田宗介・吉見俊哉（編）『岩波講座現代社会学別巻：現代社会学の理論と方法』岩波書店:257-305．"},{"sequence":"14","original_text":"盛山和夫. 1986.「社会学における理論の発展のために」『理論と方法』1:71-86."},{"sequence":"15","original_text":"盛山和夫. 2005.「物語と説明――社会調査は何をめざすべきか」『先端社会研究』2：1-23."},{"sequence":"16","original_text":"盛山和夫・海野道郎（編）. 1991.『秩序問題と社会的ジレンマ』ハーベスト社."},{"sequence":"17","original_text":"Sen, Amartya.K. 1970. Collective Choice and Social Welfare, Holden-Day,=2000. 志田基与司（監訳）『集合的選択と社会的厚生』勁草書房．"},{"sequence":"18","original_text":"白倉幸男・与謝野有紀. 1991.「階層認知と階層意識――階層認知の数理モデル」『理論と方法』10:37-54."},{"sequence":"19","original_text":"志田基与師. 2005.「数理社会学の可能性と限界」数土直紀・今田 高俊 (編)『数理社会学入門』勁草書房:27-49."},{"sequence":"20","original_text":"Stouffer, Samuel A., Edward A. Suchman, Leland C. DeVinney, Shirley A. Star, and Robin M. Williams, Jr., ed. 1949. The American Soldier Volume I: Adjustment During Army Life. Princeton: Princeton University Press."},{"sequence":"21","original_text":"渡辺勉・土場学1995「階層イメージと社会移動」『理論と方法』17:45-52."},{"sequence":"22","original_text":"与謝野有紀1996「階層評価の多様性と階層意識」『理論と方法』19:21-36."},{"sequence":"23","original_text":"Weber, Max . 1922 \"Soziologische Grundbegriffe,\" Wirtschaft und Gesellschaft, Mohr.=1972清水幾太郎（訳）『社会学の根本概念』岩波文庫．"}]}}