{"status":"OK","apiType":"doi","apiVersion":"1.0.0","message":{"total":1,"rows":1,"totalPages":1,"page":1},"data":{"siteId":"SI/JST.JSTAGE","content_type":"JA","doi":"10.11218/ojjams.1.71","url":"https://doi.org/10.11218/ojjams.1.71","ra":"JaLC","prefix":"10.11218","site_name":"J-STAGE","publisher_list":[{"publisher_name":"Japanese Association For Mathematical Sociology","lang":"en"},{"publisher_name":"数理社会学会","lang":"ja"}],"title_list":[{"lang":"ja","title":"社会学における理論の発展のために"},{"lang":"en","title":"Toward a Theoretical Developement of Sociology"}],"creator_list":[{"sequence":"1","type":"person","names":[{"lang":"ja","last_name":"盛山","first_name":"和夫"},{"lang":"en","last_name":"SEIYAMA","first_name":"Kazuo"}],"affiliation_list":[{"affiliation_name":"The University of Tokyo","sequence":"1","lang":"en"},{"affiliation_name":"東京大学","sequence":"1","lang":"ja"}]}],"publication_date":{"publication_year":"1986"},"relation_list":[{"content":"https://www.jstage.jst.go.jp/article/ojjams/1/1/1_1_71/_pdf","type":"URL","relation":"fullTextPdf"}],"content_language":"ja","updated_date":"2017-03-23","article_type":"pub","journal_id_list":[{"journal_id":"0913-1442","type":"ISSN","issn_type":"print"},{"journal_id":"1881-6495","type":"ISSN","issn_type":"online"},{"journal_id":"ojjams","type":"JID"}],"journal_title_name_list":[{"journal_title_name":"Sociological Theory and Methods","type":"full","lang":"en"},{"journal_title_name":"Sociological Theory and Methods","type":"abbreviation","lang":"en"},{"journal_title_name":"理論と方法","type":"full","lang":"ja"},{"journal_title_name":"理論と方法","type":"abbreviation","lang":"ja"}],"journal_classification":"01","recorded_year":"1986-2013","volume":"1","issue":"1","first_page":"71","last_page":"86","date":"2009-03-01","citation_list":[{"sequence":"1","original_text":"Blalock, Hubert M. 1969. <I>Theory Construction: From Verbal to Mathematical Formulations</I>. Englewood Cliffs, N.J.: Prentice-Hall."},{"sequence":"2","original_text":"Blau, P. M. and R. Schoenherr. 1971. <I>The Structure of Organizations</I>. New York: Basic Books."},{"sequence":"3","original_text":"Boudon, Ramond. 1971. <I>Les mathematiques en sociologie</I>. Paris: PUF. 岡本雅典・海野道郎訳 1978『社会学のロジック』東洋経済新報社"},{"sequence":"4","original_text":"Costner, Herbert L., and Robert K. Leik. 1964. &ldquo;Deductions from &lsquo;Axiomatic Theory&rsquo;&rdquo;. <I>American Sociological Review</I> 30: 735-746."},{"sequence":"5","original_text":"Friedman, Milton. 1953. <I>Essays in Positive Economics</I>. Chicago: The University of Chicago Press."},{"sequence":"6","original_text":"Guttman, Louis. 1982. &ldquo;&lsquo;What Is Not What&rsquo; in Theory Construction&rdquo;. In R. M. Hauser et al (eds.) <I>Social Structure and Behavior</I>, Chap. 12. New York : Academic Press."},{"sequence":"7","original_text":"Haig, Jerald. 1972. <I>Techniques and Problems of Theory Construction in Sociology</I>. New York: Wiley."},{"sequence":"8","original_text":"Homans, George C. 1967. <I>The Nature of Social Science</I>. New York: Harcourt."},{"sequence":"9","original_text":"Hummon, Norman P. 1971. &ldquo;A Mathematical Theory of Differentiation in Organizations.&rdquo; <I>American Sociological Review</I> 36: 297-303."},{"sequence":"10","original_text":"盛山和夫 1981「アスピレーション・レベルの決定に関する最適化理論」 笹森秀雄他編『地域社会と地域問題』246-264 梓出版."},{"sequence":"11","original_text":"盛山和夫 1982 「組織構造への数学的接近―ブラウの命題に対する指数型諸モデルの展開」（第55回日本社会学会大会における報告）"},{"sequence":"12","original_text":"盛山和夫 1983 &ldquo;A Review of Mathematical Models of Formal Organizations: Why and How They Failed&rdquo;. <I>Hokkaido Behavioral Science Report</I>, Sociology Series No.1. (Reprinted in Journal of Mathematical Sociology 1281): 1-12. 1986)"},{"sequence":"13","original_text":"Stinchcombe, Arthur L. 1968. <I>Constructing Social Theories</I>. New York: Harcourt."},{"sequence":"14","original_text":"Treiman, Donald J. 1970 &ldquo;Industrialization and Stratification&rdquo; In Edward O. Laumann (ed.) <I>Social Stratification: Research and Theory for the 1970s</I>. The Bobbs-Merrill Company: 207-234."},{"sequence":"15","original_text":"Wrong, Dennis H. 1979. <I>Power: Its Forms, Bases, and Uses</I>. New York: Harper &amp; Row."},{"sequence":"16","original_text":"Zetterberg, Hans L. 1963. <I>On Theory and Verification in Sociology</I>. Totowa,N.J.: The Bedminster Press. 安積仰也・金丸由雄訳 1973『社会学的思考法』ミネルヴァ書房."},{"sequence":"17","original_text":"Znaniecki, Florian. 1934. <I>The Method of Sociology</I>. New York: Farrar &amp; Reinehart. 下田直春訳 1971『社会学の方法』新泉社."}]}}