{"status":"OK","apiType":"doi","apiVersion":"1.0.0","message":{"total":1,"rows":1,"totalPages":1,"page":1},"data":{"siteId":"SI/JST.JSTAGE","content_type":"JA","doi":"10.11218/ojjams.15.235","url":"https://doi.org/10.11218/ojjams.15.235","ra":"JaLC","prefix":"10.11218","site_name":"J-STAGE","publisher_list":[{"publisher_name":"Japanese Association For Mathematical Sociology","lang":"en"},{"publisher_name":"数理社会学会","lang":"ja"}],"title_list":[{"lang":"ja","title":"数理社会学と古典理論","subtitle":"―架橋を促すためのノート―"},{"lang":"en","title":"Mathematical Sociology and Classical Theories :","subtitle":"A note to bridge them"}],"creator_list":[{"sequence":"1","type":"person","names":[{"lang":"ja","last_name":"髙坂","first_name":"健次"},{"lang":"en","last_name":"KOSAKA","first_name":"Kenji"}],"affiliation_list":[{"affiliation_name":"Department of Sociology<BR>Kwansei Gakuin University","sequence":"1","lang":"en"},{"affiliation_name":"関西学院大学","sequence":"1","lang":"ja"}]}],"publication_date":{"publication_year":"2000"},"relation_list":[{"content":"https://www.jstage.jst.go.jp/article/ojjams/15/2/15_235/_pdf","type":"URL","relation":"fullTextPdf"}],"content_language":"ja","updated_date":"2016-09-29","article_type":"pub","journal_id_list":[{"journal_id":"0913-1442","type":"ISSN","issn_type":"print"},{"journal_id":"1881-6495","type":"ISSN","issn_type":"online"},{"journal_id":"ojjams","type":"JID"}],"journal_title_name_list":[{"journal_title_name":"Sociological Theory and Methods","type":"full","lang":"en"},{"journal_title_name":"Sociological Theory and Methods","type":"abbreviation","lang":"en"},{"journal_title_name":"理論と方法","type":"full","lang":"ja"},{"journal_title_name":"理論と方法","type":"abbreviation","lang":"ja"}],"journal_classification":"01","recorded_year":"1986-2013","volume":"15","issue":"2","first_page":"235","last_page":"248","date":"2016-09-30","keyword_list":[{"keyword":"mathematical theory","sequence":"1","lang":"en"},{"keyword":"数理社会学","sequence":"1","lang":"ja"},{"keyword":"classical theory","sequence":"2","lang":"en"},{"keyword":"古典理論","sequence":"2","lang":"ja"},{"keyword":"sociological sense","sequence":"3","lang":"en"},{"keyword":"社会学的センス","sequence":"3","lang":"ja"},{"keyword":"mathematical sense","sequence":"4","lang":"en"},{"keyword":"数学的センス","sequence":"4","lang":"ja"}],"citation_list":[{"sequence":"1","original_text":"Berger, J., B. P. Cohen, J. L. Snell and M. Zelditch, Jr. 1962. <I>Types of Formalization in Small Group Research</I>. Boston: Houghton-Mifflin."},{"sequence":"2","original_text":"Berger, J., M. H. Fisek, R. Z. Norman and M. Zelditch, Jr. 1977. <I>Status Characteristics and Social Interaction</I>. New York: Elsevier."},{"sequence":"3","original_text":"Berger, J., M. Zelditch, Jr., B. Anderson and B. P. Cohen. 1972. &ldquo;Structural Aspects of Distributive Justice: A Status Value Formulation.&rdquo; Pp. 119-146 in <I>Sociological Theories in Progress</I> Volume Two. Boston: Houghton-Mifflin."},{"sequence":"4","original_text":"Blau, P. 1977. <I>Inequality and Heterogeneity</I>. New York: Free Press."},{"sequence":"5","original_text":"Blau, P. and B. Schwartz. 1984. <I>Crosscutting Social Circles: Testing a Macrostructural Theory of Intergroup Relations</I>. New York: Academic Press."},{"sequence":"6","original_text":"Chai, S-K and M. Hechter. 1998. &ldquo;A Theory of the State and of Social Order.&rdquo; in <I>The Problem of Solidarity: Theories and Models</I>. Edited by P. Doreian and T. J. Fararo. Amsterdam: Gordon and Breach."},{"sequence":"7","original_text":"Doreian, P. and T. J. Fararo, eds. 1998. <I>The Problem of Solidarity: Theories and Models</I>. Amsterdam: Gordon and Breach."},{"sequence":"8","original_text":"Durkheim, &Eacute;. 1893. <I>De la division du travail social</I>. Paris: Alcan. (2&eacute; edition modifi&eacute;e, 1902) =1971. 田原音和（訳） 『社会的分業論』 青木書店."},{"sequence":"9","original_text":"Durkheim, &Eacute;. 1924. <I>Sociologie et Philosophie</I>. Paris: Libraire F&eacute;lix Alcan. =1952. 山田吉彦（訳）『社会学と哲学』創元社."},{"sequence":"10","original_text":"Fararo, T. J., ed. 1984. Mathematical Ideas and Sociological Theory: Current State and Prospects. A Special Issue of <I>Journal of Mathematical Sociology</I>. New York: Gordon and Breach."},{"sequence":"11","original_text":"Fararo, T. J., ed. 1989. <I>The Meaning of General Theoretical Sociology</I>. New York: Cambridge University Press. =1996. 髙坂健次（訳）『一般理論社会学の意味』ハーベスト社."},{"sequence":"12","original_text":"Fararo, T. J. and C. T. Butts. 1999. &ldquo;Advances in Generative Structuralism: Structured Agency and Multilevel Dynamics.&rdquo; <I>Journal of Mathematical Sociology</I>. Vol.24(1):1-65."},{"sequence":"13","original_text":"Fararo, T.J. and P. Doreian. 1998. &ldquo;The Theory of Solidarity: An Agenda of Problems.&rdquo; in <I>The Problem of Solidarity: Theories and Models</I>. Edited by P. Doreian and T. J. Fararo. Amsterdam: Gordon and Breach."},{"sequence":"14","original_text":"Hechter, M. 1987. <I>Principles of Group Solidarity</I>. Berkeley: University of California Press."},{"sequence":"15","original_text":"Heise, D. 1979. <I>Understanding Events: Affect and the Construction of Social Action</I>. New York: Cambridge University Press."},{"sequence":"16","original_text":"Homans, G. C. 1950. <I>The Human Group</I>. New York: Harcourt, Brace and World."},{"sequence":"17","original_text":"Homans, G. C. 1984. <I>Coming to my Senses: The Autobiography of a Sociologist</I>. New Brunswick: Transaction Books."},{"sequence":"18","original_text":"髙坂健次. 1979.「社会現象における数と規模：P.Blauの社会構造論に関するノート(1)」『桃山学院大学社会学論集』13(1): 115-135."},{"sequence":"19","original_text":"髙坂健次. 2000.『社会学におけるフォーマル・セオリー』ハーベスト社."},{"sequence":"20","original_text":"Land, K. 1970. &ldquo;Mathematical Formalization of Durkheim's Theory of Division of Labor.&rdquo; Pp. 257-282 in <I>Sociological Methodology</I>. Editedy by Borgatta, E. and G. Bohnstedt. Jossey Bass."},{"sequence":"21","original_text":"Lazarsfeld, P. F. 1972. <I>Qualitative Sociology: Historical and Critical Essays</I>. Boston: Allyn and Bacon. =1984. 西田春彦・髙坂健次・奥川櫻豊彦（訳） 『質的分析法』 岩波書店."},{"sequence":"22","original_text":"Mills, C. W. 1959. <I>The Sociological Imagination</I>. New York: The Oxford University Press. =1965. 鈴木広（訳）『社会学的想像力』紀伊国屋書店."},{"sequence":"23","original_text":"&Ocirc;no, M.(大野道邦）,1996. &ldquo;Collective effervescence and symbolism.&rdquo; <I>Durkheimian Studies</I>, Vol.2. n.s.:79-98."},{"sequence":"24","original_text":"Roemer, J. E. 1996. <I>Egalitarian Perspectives</I>. Cambridge: Cambridge University Press."},{"sequence":"25","original_text":"Simon, H. 1957. <I>Models of Man</I>. New York: Wiley. =1970. 宮沢光一（監訳）『人間行動のモデル』同文館."},{"sequence":"26","original_text":"Simon, H. 1996. <I>Models of My Life</I>. New York: Basic Books. =1998. 安西祐一郎・安西徳子（訳）『学者人生のモデル』岩波書店."},{"sequence":"27","original_text":"Skvoretz, J. 1983. &ldquo;Salience, Heterogeneity and Consolidation of Parameters: Civilizing Blau's Primitive Theory.&rdquo; <I>American Sociological Review</I>. Vol.48 (June):360-375."},{"sequence":"28","original_text":"高増明・松井暁（編）. 1999.『アナリティカル・マルキシズム』ナカニシヤ出版."},{"sequence":"29","original_text":"Toyoshima, S.（豊島慎一郎）. 2000. &ldquo;Social Perception and Political Opinion: An Application of Status Characteristic Theory.&rdquo; in <I>Japanese Perceptions of Social Justice: How Do They Figure out What Ought to be</I>? (Ministry of Education Grant-in-Aid for Scientific Research Report, Grant Number 09410050). Edited by Miyano, Masaru. Forthcoming."},{"sequence":"30","original_text":"White, H. 1963. <I>An Anatomy of Kinship</I>. Englewood Cliffs, NJ: Prentice-Hall."}]}}