{"status":"OK","apiType":"doi","apiVersion":"1.0.0","message":{"total":1,"rows":1,"totalPages":1,"page":1},"data":{"siteId":"SI/JST.JSTAGE","content_type":"JA","doi":"10.11218/ojjams.16.163","url":"https://doi.org/10.11218/ojjams.16.163","ra":"JaLC","prefix":"10.11218","site_name":"J-STAGE","publisher_list":[{"publisher_name":"Japanese Association For Mathematical Sociology","lang":"en"},{"publisher_name":"数理社会学会","lang":"ja"}],"title_list":[{"lang":"ja","title":"出生率低下をどのようにとらえるか？","subtitle":"―年齢別有配偶出生率の問題性―"},{"lang":"en","title":"How to Analyze Fertility Decline? :","subtitle":"Drawback in Age-specific Marital Fertility Rate"}],"creator_list":[{"sequence":"1","type":"person","names":[{"lang":"ja","last_name":"廣嶋","first_name":"清志"},{"lang":"en","last_name":"HIROSIMA","first_name":"Kiyosi"}],"affiliation_list":[{"affiliation_name":"Shimane University","sequence":"1","lang":"en"},{"affiliation_name":"島根大学","sequence":"1","lang":"ja"}]}],"publication_date":{"publication_year":"2001"},"relation_list":[{"content":"https://www.jstage.jst.go.jp/article/ojjams/16/2/16_163/_pdf","type":"URL","relation":"fullTextPdf"}],"content_language":"ja","updated_date":"2016-09-29","article_type":"pub","journal_id_list":[{"journal_id":"0913-1442","type":"ISSN","issn_type":"print"},{"journal_id":"1881-6495","type":"ISSN","issn_type":"online"},{"journal_id":"ojjams","type":"JID"}],"journal_title_name_list":[{"journal_title_name":"Sociological Theory and Methods","type":"full","lang":"en"},{"journal_title_name":"Sociological Theory and Methods","type":"abbreviation","lang":"en"},{"journal_title_name":"理論と方法","type":"full","lang":"ja"},{"journal_title_name":"理論と方法","type":"abbreviation","lang":"ja"}],"journal_classification":"01","recorded_year":"1986-2013","volume":"16","issue":"2","first_page":"163","last_page":"183","date":"2016-09-30","keyword_list":[{"keyword":"total fertility rate","sequence":"1","lang":"en"},{"keyword":"合計出生率","sequence":"1","lang":"ja"},{"keyword":"marriage postponement","sequence":"2","lang":"en"},{"keyword":"晩婚化","sequence":"2","lang":"ja"},{"keyword":"age-specific marital fertility rate","sequence":"3","lang":"en"},{"keyword":"年齢別有配偶出生率","sequence":"3","lang":"ja"},{"keyword":"fertility decline","sequence":"4","lang":"en"},{"keyword":"少子化","sequence":"4","lang":"ja"}],"citation_list":[{"sequence":"1","original_text":"別府志海. 2001.「近年における出生率変動のタイミング効果」『人口学研究』28: 17-24."},{"sequence":"2","original_text":"Bongaarts, John, and Griffith Feeney. 1998. &ldquo;On the Quantum and Tempo of Fertility.&rdquo; <I>Population and Development Review</I> 24(2): 271-291."},{"sequence":"3","original_text":"Cho, Lee-Jay, and Robert D. Retherford. 1973. &ldquo;Comparative Analysis of Recent Fertility in East Asia.&rdquo; Pp.163-181 in <I>Proceedings of International Population Conference, Liege</I>, Vol.2. Edited by International Union for the Scientific Study of Population. Liege: International Union for the Scientific Study of Population."},{"sequence":"4","original_text":"Feeney, Griffith, Wang Feng, Zhou Mingkun, and Xiao Baoyu. 1989. &ldquo;Recent Fertility Dynamics in China: Results from the 1987: One Percent Population Survey.&rdquo; <I>Population and Development Review</I> 15(2): 297-322."},{"sequence":"5","original_text":"福田亘孝. 1999.「日本における第1子出産タイミングの決定因」『人口問題研究』55(1): 1-20."},{"sequence":"6","original_text":"廣嶋清志・坂東里江子. 1991.「日本の出生動向: 1988-1989年」『人口問題研究』46(4): 66-73."},{"sequence":"7","original_text":"廣嶋清志. 2000a.「1970年代半ばからの合計出生率低下－コーホート出生率によるシミュレーション分析－」『経済科学論集』（島根大学法文学部）26: 1-39."},{"sequence":"8","original_text":"廣嶋清志. 2000b.「近年の合計出生率低下の要因分解－夫婦出世率は寄与していないか?－」『人口学研究』26: 1-20."},{"sequence":"9","original_text":"石川晃. 1992.「近年における地域出生変動の要因－有配偶構造の影響－」『人工問題研究』48(3): 46-57."},{"sequence":"10","original_text":"石川晃・坂東里江子. 1992.『全国日本人人口の再生産に関する指標(1985～1990年)』研究資料272号.厚生省人口問題研究所."},{"sequence":"11","original_text":"伊藤達也. 1989.「結婚と出産の分析」山口喜一編『人口分析入門』古今書院: 66-88."},{"sequence":"12","original_text":"河野稠果. 2000.『世界の人口 [第2版] 東京大学出版会."},{"sequence":"13","original_text":"国立社会保障・人口問題研究所. 1997.『日本の将来推計人口－平成9年1月推計－』厚生統計協会."},{"sequence":"14","original_text":"大谷憲司. 1993.『現代日本出生力分析』関西大学出版部."},{"sequence":"15","original_text":"Ryder, Norman B. 1964. &ldquo;The Process of Demographic Translation.&rdquo; <I>Demography</I> 1(1): 74-82."},{"sequence":"16","original_text":"Ryder, Norman B. 1980. &ldquo;Components of Temporal Variations in American Fertility.&rdquo; Pp.15-54 in <I>Demographic Patterns in Developed Societies</I>, edited by R. W. Hiorns. London: Taylor and Francis."},{"sequence":"17","original_text":"Takahashi, Shigesato. 2001. &ldquo;Demographic Investigation of the Process of Declining Fertility in Japan.&rdquo; Pp.1-20 in <I>International Perspectives on Low Fertility: Trends, Theories and Policies</I>, Working Paper Series. Edited by International Union for the Scientific Study of Population. Tokyo: International Union for the Scientific Study of Population."},{"sequence":"18","original_text":"Zeng, Yi, Tu Ping, Guo Liu, and Xie Ying. 1991. &ldquo;A Demographic Decomposition of the Recent Increase in Crude Birth Rates in China.&rdquo; <I>Population and Development Review</I> 17(3): 435-58."}]}}