{"status":"OK","apiType":"doi","apiVersion":"1.0.0","message":{"total":1,"rows":1,"totalPages":1,"page":1},"data":{"siteId":"SI/JST.JSTAGE","content_type":"JA","doi":"10.11218/ojjams.29.345","url":"https://doi.org/10.11218/ojjams.29.345","ra":"JaLC","prefix":"10.11218","site_name":"J-STAGE","publisher_list":[{"publisher_name":"Japanese Association For Mathematical Sociology","lang":"en"},{"publisher_name":"数理社会学会","lang":"ja"}],"title_list":[{"lang":"ja","title":"外国籍者への権利付与意識の規定構造"},{"lang":"en","title":"Determinants of Citizens' Supports for Entitlement of Foreign Citizens to Citizenship Rights:","subtitle":"A Latent Class Analysis"}],"creator_list":[{"sequence":"1","type":"person","names":[{"lang":"ja","last_name":"永吉","first_name":"希久子"},{"lang":"en","last_name":"NAGAYOSHI","first_name":"Kikuko"}],"affiliation_list":[{"affiliation_name":"Tohoku University","sequence":"1","lang":"en"},{"affiliation_name":"東北大学","sequence":"1","lang":"ja"}]}],"publication_date":{"publication_year":"2014"},"relation_list":[{"content":"https://www.jstage.jst.go.jp/article/ojjams/29/2/29_345/_pdf","type":"URL","relation":"fullTextPdf"}],"content_language":"ja","updated_date":"2016-07-09","article_type":"pub","journal_id_list":[{"journal_id":"0913-1442","type":"ISSN","issn_type":"print"},{"journal_id":"1881-6495","type":"ISSN","issn_type":"online"},{"journal_id":"ojjams","type":"JID"}],"journal_title_name_list":[{"journal_title_name":"Sociological Theory and Methods","type":"full","lang":"en"},{"journal_title_name":"Sociological Theory and Methods","type":"abbreviation","lang":"en"},{"journal_title_name":"理論と方法","type":"full","lang":"ja"},{"journal_title_name":"理論と方法","type":"abbreviation","lang":"ja"}],"journal_classification":"01","recorded_year":"1986-2013","volume":"29","issue":"2","first_page":"345","last_page":"361","date":"2016-07-10","keyword_list":[{"keyword":"ethnic exclusionism","sequence":"1","lang":"en"},{"keyword":"排外意識","sequence":"1","lang":"ja"},{"keyword":"group threat theory","sequence":"2","lang":"en"},{"keyword":"集団脅威仮説","sequence":"2","lang":"ja"},{"keyword":"latent class analysis","sequence":"3","lang":"en"},{"keyword":"潜在クラス分析","sequence":"3","lang":"ja"}],"citation_list":[{"sequence":"1","original_text":"Allport. G. 1954. <I>The Nature of Prejudice</I>. Mass: Addison-Wesley. = 1961. 原達夫・野村昭訳『偏見の心理』培風館."},{"sequence":"2","original_text":"Ariely, G. 2011. &ldquo;Spheres of citizenship: The role of distinct perceived threats in legitimizing allocation of political, welfare and cultural rights in Israel.&rdquo; <I>International Journal of Intercultural Relations</I> 35: 213-25."},{"sequence":"3","original_text":"Burgess, C. 2004. &ldquo;Maintaining identities: discourse of homogeneity in a rapid globalizing Japan.&rdquo; <I>Electronic Journal of Contemporary Japanese Studies</I> (http://japanesestudies.org.uk/articles/Burgess.html, 最終アクセス年月日 : 2009/3/20)"},{"sequence":"4","original_text":"Castles, S. and M. Miller. 1993. Age of Migration. London: Mcmillan. =1996. 関根政美・関根薫訳『国際移民の時代』名古屋大学出版会."},{"sequence":"5","original_text":"Clark, S. L. and B. Muth&eacute;n. 2009. &ldquo;Relating Latent Class Analysis Results to Variables not Included in the Analysis.&rdquo; (http://www.statmodel.com/download/relatinglca.pdf, 最終アクセス年月日 : 2013/12/26)"},{"sequence":"6","original_text":"Entzinger, H. 2000. &ldquo;The Dynamics of Integration Policies: A Multidimensional Model.&rdquo; In R. Koopmans and P. Statham. <I>Challenging Immigration and Ethnic Relations Politics: Comparative European Perspectives</I>. Oxford: Oxford University Press, 97-118."},{"sequence":"7","original_text":"Freeman, G. P. 2004. &ldquo;Immigrant Incorporation in Western Democracy.&rdquo; <I>International Migration Review</I> 38 (3): 945-69."},{"sequence":"8","original_text":"藤原翔・伊藤理史・谷岡謙. 2012. 「潜在クラス分析を用いた計量社会学的アプローチ：地位の非一貫性，格差意識，権威主義的伝統主義を例に」『年報人間科学』33: 43-68."},{"sequence":"9","original_text":"Geddes, A. and J. Niessen, 2005. <I>European Civic Citizenship and Inclusion Index</I>. Brussels: British Council Brussels."},{"sequence":"10","original_text":"Gorodzeisky, A. 2013. &ldquo;Does the Type of Rights Mater? Comparison of Attitudes toward the Allocation of Political versus Social Rights to Labor Migrants in Israel.&rdquo; <I>European Sociological Review</I> 29 (3): 630-41."},{"sequence":"11","original_text":"Gorodzeisky, A. and M. Semyonov. 2009. &ldquo;Terms of exclusion: public view towards admission and allocation of rights to immigrants in European countries.&rdquo; <I>Ethnic and Racial Studies</I> 32 (3): 401-23."},{"sequence":"12","original_text":"Howard, M. M. 2006. &ldquo;Comparative Citizenship: An Agenda for Cross-National Research.&rdquo; <I>Perspectives on Politics</I> 4(3): 443-55."},{"sequence":"13","original_text":"近藤敦. 2001a. 「国際比較のなかの日本―多文化社会における統合のバロメーター」NIRA・シティズンシップ研究会編『多文化社会の選択』日本経済評論社, 271-96."},{"sequence":"14","original_text":"近藤敦. 2001b. 『外国人の人権と市民権』明石書店."},{"sequence":"15","original_text":"Koopmans, R., I. Michalowski, and S. Waibel. 2012. &ldquo;Citizenship Rights for Immigrants: National Political Processes and Cross-National Convergence in Western Europe, 1980-2008.&rdquo; <I>American Journal of Sociology</I> 117 (4): 1202-45."},{"sequence":"16","original_text":"Koopmans, R. and P. Statham. 2000. &ldquo;Migration and Ethnic Relations as a Field of Political Contention: An Opportunity Structure Approach.&rdquo; In R. Koopmans and P. Statham. <I>Challenging Immigration and Ethnic Relations Politics: Comparative European Perspectives</I>. Oxford: Oxford University Press, 13-56."},{"sequence":"17","original_text":"Koopmans, R., P. Statham, M. Giugni, and F. Passy. 2005. <I>Contested Citizenship: Immigration and Cultural Diversity in Europe</I>. Minneapolis: University of Minnesota Press."},{"sequence":"18","original_text":"Kymlicka, W. 2002. <I>Contemporary Political Philosophy: An Introduction</I>. 2nd edition. Oxford: Oxford University Press. = 2004. 千葉眞・岡崎晴輝・他訳『現代政治理論』日本経済評論社."},{"sequence":"19","original_text":"Lister, M. 2005. &ldquo;&lsquo;Marshall-ing&rsquo; Social and Political Citizenship: Towards a Unified Conception of Citizenship.&rdquo; <I>Government and Opposition</I> 40 (4): 471-91."},{"sequence":"20","original_text":"Marshall, T. H. 1992. <I>Citizenship and Social Class</I>. London: Pluto. = 1993. 岩崎信彦・中村健吾訳『シティズンシップと社会的階級』法律文化社."},{"sequence":"21","original_text":"Menard, S. 2004. &ldquo;Six Approaches to Calculating Standardized Logistic Regression Coefficients.&rdquo; <I>The American Statistician</I> 58 (3): 218-23."},{"sequence":"22","original_text":"三輪哲. 2009. 「計量社会学ワンステップアップ講座（3）潜在クラスモデル入門」『理論と方法』24 (2): 345-56."},{"sequence":"23","original_text":"永吉希久子. 2008. 「排外意識に対する接触と脅威認知の効果―JGSS-2003の分析から」『日本版 General Social Surveys 研究論文集』7: 259-70."},{"sequence":"24","original_text":"永吉希久子. 2011. 「シティズンシップ―誰が，なぜ，外国人への権利付与に反対するのか―」田辺俊介編『外国人へのまなざしと政治意識』勁草書房 : 90-116."},{"sequence":"25","original_text":"Nagayoshi, K. 2011. &ldquo;Support of Multiculturalism, but for Whom?: Effects of Ethno-National Identity on the Endorsement of Multiculturalism in Japan.&rdquo; <I>Journal of Ethnic and Migration Studies</I> 37 (4): 561-78."},{"sequence":"26","original_text":"大槻茂実. 2006. 「外国人接触と外国人意識」『日本版 General Social Surveys 研究論文集』5: 149-59."},{"sequence":"27","original_text":"Quillian, L. 1995. &ldquo;Prejudice as a Response to Perceived Group Threat: Population Composition and Anti-Immigrant and Racial Prejudice in Europe.&rdquo; <I>American Sociological Review</I> 60 (4): 586-611."},{"sequence":"28","original_text":"Raijman, R., M. Semyonov, and P. Schmidt. 2003. &ldquo;Do Foreigners Deserve Rights? Determinants of Public Views towards Foreigners in Germany and Israel.&rdquo; <I>European Sociological Review</I> 19 (4): 379-92."},{"sequence":"29","original_text":"Scheepers, P., M. Gijsberts, and M. Coenders. 2002. &ldquo;Ethnic Exclusionism in European Countries: Public Opposition to Civil Rights for Legal Migrants as a Response to Perceived Ethnic Threat.&rdquo; <I>European Sociological Review</I> 18 (1): 17-34."},{"sequence":"30","original_text":"Soysal, Y. N. 1994. <I>Limits of Citizenship: Migrants and Postnational Membership in Europe</I>. Chicago: Chicago University Press."},{"sequence":"31","original_text":"Tai, E. 2007. &ldquo;Multicultural Education in Japan.&rdquo; Japan Focus (http://www.japanfocus.org/-Eika-TAI/2618, 最終アクセス年月日 : 2014/08/27)"},{"sequence":"32","original_text":"田辺俊介. 2011. 「ナショナリズム―その多元性と多様性―」田辺俊介編『外国人へのまなざしと政治意識―社会調査で読み解く日本のナショナリズム』勁草書房 : 21-42."}]}}