{"status":"OK","apiType":"doi","apiVersion":"1.0.0","message":{"total":1,"rows":1,"totalPages":1,"page":1},"data":{"siteId":"SI/JST.JSTAGE","content_type":"JA","doi":"10.11218/ojjams.13.155","url":"https://doi.org/10.11218/ojjams.13.155","ra":"JaLC","prefix":"10.11218","site_name":"J-STAGE","publisher_list":[{"publisher_name":"Japanese Association For Mathematical Sociology","lang":"en"},{"publisher_name":"数理社会学会","lang":"ja"}],"title_list":[{"lang":"en","title":"Trust and Communication"}],"creator_list":[{"sequence":"1","type":"person","names":[{"lang":"en","last_name":"SATO","first_name":"Yoshimichi"}],"affiliation_list":[{"affiliation_name":"Tohoku university","sequence":"1","lang":"en"}]}],"publication_date":{"publication_year":"1999"},"relation_list":[{"content":"https://www.jstage.jst.go.jp/article/ojjams/13/2/13_155/_pdf","type":"URL","relation":"fullTextPdf"}],"content_language":"en","updated_date":"2016-09-29","article_type":"pub","journal_id_list":[{"journal_id":"0913-1442","type":"ISSN","issn_type":"print"},{"journal_id":"1881-6495","type":"ISSN","issn_type":"online"},{"journal_id":"ojjams","type":"JID"}],"journal_title_name_list":[{"journal_title_name":"Sociological Theory and Methods","type":"full","lang":"en"},{"journal_title_name":"Sociological Theory and Methods","type":"abbreviation","lang":"en"},{"journal_title_name":"理論と方法","type":"full","lang":"ja"},{"journal_title_name":"理論と方法","type":"abbreviation","lang":"ja"}],"journal_classification":"01","recorded_year":"1986-2013","volume":"13","issue":"2","first_page":"155","last_page":"168","date":"2016-09-30","keyword_list":[{"keyword":"Trust","sequence":"1","lang":"en"},{"keyword":"Communication","sequence":"2","lang":"en"},{"keyword":"Game Theory","sequence":"3","lang":"en"},{"keyword":"Incomplete Information","sequence":"4","lang":"en"}],"citation_list":[{"sequence":"1","original_text":"Akerlof, George A. 1970. &ldquo;The Market for &lsquo;Lemons&rsquo;: Quality uncertainty and the Market Mechanism.&rdquo; <I>Quartely Journal of Economics</I> 84: 488-500."},{"sequence":"2","original_text":"Barber, Bemard. 1983. <I>The Logic and Limits of Trust</I>. New Brunswick: Rutgers University Press."},{"sequence":"3","original_text":"Buskens, vincent. 1998. &ldquo;The Social Structure of Trust.&rdquo; <I>Social Networks</I> 20: 265-89."},{"sequence":"4","original_text":"Chiba, Takayuki. 1997. &ldquo;Market and Trust: on the Roles of Sociological Factors in Inter-firm Transactions.&rdquo; (Shijo to Shinrai: Kigyo-kan Torihiki wo Chushin ni, in Japanese). <I>Japanese Sociological Review</I> 48-3: 317-33."},{"sequence":"5","original_text":"Coleman, James S. 1990. <I>Foundations of Social Theory</I>. Cambridge: The Belknap Press of Harvard University Press."},{"sequence":"6","original_text":"Dasgupta, Partha. 1988. &ldquo;Trust as a Commodity.&rdquo; Pp.49-72 in <I>Trust: Making and Breaking Cooperative Relations</I>, edited by Diego Gambetta. New York: Basil  Blackwell."},{"sequence":"7","original_text":"Fukuyama, Francis. 1995. <I>Trust Social Virtues and the Creation of Prosperity</I>. New York: The Free Press."},{"sequence":"8","original_text":"Giddens, Anthony. 1990. <I>The Consequences of Modernity</I>. Polity Press."},{"sequence":"9","original_text":"H&auml;gg, P. G&ouml;ran T. 1994. &ldquo;The Economics of Trust, Trust-Sensitive Contracts, and Regulation.&rdquo; <I>International Review of Law and Economics</I> 14: 437-51."},{"sequence":"10","original_text":"Hardin, Russell. 1990. &ldquo;Trusting Persons, Trusting Institutions.&rdquo; Pp.185-209 in <I>Strategy and Choice</I>, edited by Richard J. Zeckhauser. Cambridge: The MIT Press."},{"sequence":"11","original_text":"Kollock, Peter. 1994. &ldquo;The Emergence of Exchange Structures: An Experimental Study of Uncertainty, Commitment, and Trust.&rdquo; <I>American Journal of Sociology</I> 100-2: 313, 45."},{"sequence":"12","original_text":"Kreps, David M. and Robert Wilson. 1982. &ldquo;Reputation and Imperfect Information.&rdquo; <I>Journal of Economic Theory</I> 27: 253-79."},{"sequence":"13","original_text":"Lewis, J. David and Andrew Weigert. 1985. &ldquo;Trust as a Social Reality.&rdquo; <I>Social Forces</I> 63-4: 967-85."},{"sequence":"14","original_text":"Luhmann, Niklas. 1979. <I>Trust and Power</I>. Chichester: John Wiley &amp; Sons."},{"sequence":"15","original_text":"Mackie, Gerry, 1997. &ldquo;Trust as Bond, Trust as Exit.&rdquo; Mimeo."},{"sequence":"16","original_text":"Milgrom, Paul and John Roberts. 1982. &ldquo;Predation, Reputation, and Entry Deterrence,&rdquo; <I>Journal of Economic Theory</I> 27: 280-3 12."},{"sequence":"17","original_text":"Orbell, John and Robyn M. Dawes.1991. &ldquo;A &lsquo;Cognitive Miser&rsquo; Theory of Cooperators&rsquo; Advantage.&rdquo; <I>American Political Science Review</I> 85-2: 515-28."},{"sequence":"18","original_text":"Putnam, Robert D. 1993. <I>Making Democrary Work: Civic Traditions in Modern Italy</I>. Princeton: Princeton University Press."},{"sequence":"19","original_text":"Selten, Reinhard. 1978. &ldquo;The Chain Store Paradox.&rdquo; <I>Theory and Decision</I> 9: 127-59."},{"sequence":"20","original_text":"Snijders, Chris, 1996. <I>Trust and Commitments</I>. Utrecht: Interuniversity Center for Social Science Theory and Methodology."},{"sequence":"21","original_text":"Yamagishi, Toshio. 1998. <I>The Structure of Trust: The Evolutionary Games of Mind and Society</I> (<I>Shinrai no Kouzou</I>, in Japanese). Tokyo: University of Tokyo Press."},{"sequence":"22","original_text":"Yamagishi, Toshio and Midori Yamagishi. 1994. &ldquo;Trust and Commitment in the United States and Japan.&rdquo; <I>Motivation and Emotion</I> 18-2: 129-166."}]}}