{"status":"OK","apiType":"doi","apiVersion":"1.0.0","message":{"total":1,"rows":1,"totalPages":1,"page":1},"data":{"siteId":"SI/JST.JSTAGE","content_type":"JA","doi":"10.11218/ojjams.29.107","url":"https://doi.org/10.11218/ojjams.29.107","ra":"JaLC","prefix":"10.11218","site_name":"J-STAGE","publisher_list":[{"publisher_name":"Japanese Association For Mathematical Sociology","lang":"en"},{"publisher_name":"数理社会学会","lang":"ja"}],"title_list":[{"lang":"ja","title":"なぜ数理社会学か","subtitle":"―数理社会学教育の課題と展望―"}],"creator_list":[{"sequence":"1","type":"person","names":[{"lang":"ja","last_name":"盛山","first_name":"和夫"},{"lang":"en","last_name":"SEIYAMA","first_name":"Kazuo"}],"affiliation_list":[{"affiliation_name":"Kwansei Gakuin University","sequence":"1","lang":"en"},{"affiliation_name":"関西学院大学","sequence":"1","lang":"ja"}]}],"publication_date":{"publication_year":"2014"},"relation_list":[{"content":"https://www.jstage.jst.go.jp/article/ojjams/29/1/29_107/_pdf","type":"URL","relation":"fullTextPdf"}],"content_language":"ja","updated_date":"2016-07-09","article_type":"pub","journal_id_list":[{"journal_id":"0913-1442","type":"ISSN","issn_type":"print"},{"journal_id":"1881-6495","type":"ISSN","issn_type":"online"},{"journal_id":"ojjams","type":"JID"}],"journal_title_name_list":[{"journal_title_name":"Sociological Theory and Methods","type":"full","lang":"en"},{"journal_title_name":"Sociological Theory and Methods","type":"abbreviation","lang":"en"},{"journal_title_name":"理論と方法","type":"full","lang":"ja"},{"journal_title_name":"理論と方法","type":"abbreviation","lang":"ja"}],"journal_classification":"01","recorded_year":"1986-2013","volume":"29","issue":"1","first_page":"107","last_page":"113","date":"2016-07-10","citation_list":[{"sequence":"1","original_text":"Abell, Peter. 1971. <I>Model Building in Sociology</I>. Schocken Books."},{"sequence":"2","original_text":"Arrow, Kenneth J. and F. H. Hahn. 1971. <I>General Competitive Analysis</I>. Holden-Day."},{"sequence":"3","original_text":"Axelrod, Robert. 1984. <I>The Evolution of Cooperation</I>. Basic Books. = 1998. 松田裕之 ( 訳 )『つきあい方の科学――バクテリアから国際関係まで』ミネルヴァ書房."},{"sequence":"4","original_text":"Boorman, Scott A. 1975. &ldquo;A Combinatorial Optimization Model for Transmission of Job Information through Contact Networks.&rdquo; <I>Bell Journal of Economics</I> 6: 216-249."},{"sequence":"5","original_text":"Coleman, James S. 1990. <I>Foundations of Social Theory</I>. Cambridge: The Belknap Press of Harvard University Press. = 2004, 2006. 久慈利武 ( 監訳 )『社会理論の基礎 上・下』青木書店."},{"sequence":"6","original_text":"Granovetter, Mark S. 1974. <I>Getting A Job: A Study of Contacts and Careers</I>. Harvard University Press. = 1998. 渡辺 深 ( 訳 )『転職――ネットワークとキャリアの研究』ミネルヴァ書房."},{"sequence":"7","original_text":"Hechter, Michal. 1987. <I>Principles of Group Solidarity</I>. University of California Press."},{"sequence":"8","original_text":"Hechter, Michal, K. -D. Opp, and R. Wippler (ed.) 1990. <I>Social Institutions: Their Emergence, Maintenance and Effects</I>. Aldine de Gruyter."},{"sequence":"9","original_text":"Lewis, David K. 1969. <I>Convention: A Philosophical Study</I>. Basil Blackwell."},{"sequence":"10","original_text":"Rawls, John. 1971. <I>A Theory of Justice</I>. Harvard University Press. = 2010. 川本隆史他 (訳) 正義論』紀伊國屋書店."},{"sequence":"11","original_text":"佐伯胖. 1980. 『「決め方」の論理』東京大学出版会."},{"sequence":"12","original_text":"Schelling, Thomas C. 1971. &ldquo;Dynamic Models of Segregation.&rdquo; <I>Journal of Mathematical Sociology</I> 1(1): 143-86. (Reprinted in Pp. 135-66, <I>Micromotives and Macrobehavior</I> (1978), Norton.)"},{"sequence":"13","original_text":"盛山和夫. 1995. 『制度論の構図』創文社."},{"sequence":"14","original_text":"盛山和夫. 2011a. 『社会学とは何か――意味世界への探求』ミネルヴァ書房."},{"sequence":"15","original_text":"盛山和夫. 2011b. 「構造的エッセンスの学としての数理社会学」『理論と方法』26(2): 271-286."},{"sequence":"16","original_text":"盛山和夫・海野道郎 ( 編 ). 1991. 『秩序問題と社会的ジレンマ』ハーベスト社."},{"sequence":"17","original_text":"Spence, Michael A. 1974. <I>Market Signaling: Informational Transfer in Hiring and Related Screening Processes</I>. Harvard University Press."},{"sequence":"18","original_text":"Taylor, Michael. 1987. <I>The Possibility of Cooperation</I>. Cambridge University Press."},{"sequence":"19","original_text":"Tullock, Gordon and James M. Buchanan. 1962. <I>The Calculus of Consent: Logical Foundations of Constitutional Democracy</I>. University of Michigan Press."},{"sequence":"20","original_text":"White, Harrison C. 1963. <I>An Anatomy of Kinship: mathematical models for structures of cumulated roles</I>. Prentice-Hall."}]}}