{"status":"OK","apiType":"doi","apiVersion":"1.0.0","message":{"total":1,"rows":1,"totalPages":1,"page":1},"data":{"siteId":"SI/JST.JSTAGE","content_type":"JA","doi":"10.11218/ojjams.16.75","url":"https://doi.org/10.11218/ojjams.16.75","ra":"JaLC","prefix":"10.11218","site_name":"J-STAGE","publisher_list":[{"publisher_name":"Japanese Association For Mathematical Sociology","lang":"en"},{"publisher_name":"数理社会学会","lang":"ja"}],"title_list":[{"lang":"ja","title":"「日本人の国民性調査」","subtitle":"―社会調査研究のある最前線―"},{"lang":"en","title":"Statistical Research of the Japanese National Character :","subtitle":"A Report from the Front Line of a Social Research"}],"creator_list":[{"sequence":"1","type":"person","names":[{"lang":"ja","last_name":"坂元","first_name":"慶行"},{"lang":"en","last_name":"SAKAMOTO","first_name":"Yoshiyuki"}],"affiliation_list":[{"affiliation_name":"The Institute of Statistical Mathematics","sequence":"1","lang":"en"},{"affiliation_name":"統計数理研究所","sequence":"1","lang":"ja"}]}],"publication_date":{"publication_year":"2001"},"relation_list":[{"content":"https://www.jstage.jst.go.jp/article/ojjams/16/1/16_75/_pdf","type":"URL","relation":"fullTextPdf"}],"content_language":"ja","updated_date":"2016-09-29","article_type":"pub","journal_id_list":[{"journal_id":"0913-1442","type":"ISSN","issn_type":"print"},{"journal_id":"1881-6495","type":"ISSN","issn_type":"online"},{"journal_id":"ojjams","type":"JID"}],"journal_title_name_list":[{"journal_title_name":"Sociological Theory and Methods","type":"full","lang":"en"},{"journal_title_name":"Sociological Theory and Methods","type":"abbreviation","lang":"en"},{"journal_title_name":"理論と方法","type":"full","lang":"ja"},{"journal_title_name":"理論と方法","type":"abbreviation","lang":"ja"}],"journal_classification":"01","recorded_year":"1986-2013","volume":"16","issue":"1","first_page":"75","last_page":"88","date":"2016-09-30","keyword_list":[{"keyword":"survey of the Japanese national character","sequence":"1","lang":"en"},{"keyword":"日本人の国民性調査","sequence":"1","lang":"ja"},{"keyword":"social survey technique","sequence":"2","lang":"en"},{"keyword":"社会調査法","sequence":"2","lang":"ja"},{"keyword":"longitudinal survey","sequence":"3","lang":"en"},{"keyword":"継続調査","sequence":"3","lang":"ja"},{"keyword":"information criteria","sequence":"4","lang":"en"},{"keyword":"情報量基準","sequence":"4","lang":"ja"},{"keyword":"AIC statistics","sequence":"5","lang":"en"},{"keyword":"情報量統計学","sequence":"5","lang":"ja"}],"citation_list":[{"sequence":"1","original_text":"Akaike, H. 1973. &ldquo;Information theory and an extension of maximum likelihood principle.&rdquo; Pp. 267-281 in <I>2nd International Symposium on Information Theory</I>, edited by B. N. Petrov and F. Csaki. Budapest: Akademiai Kiado."},{"sequence":"2","original_text":"Akaike, H. 1980. &ldquo;Likelihood and the Bayes procedure.&rdquo;Pp.143-166 in <I>Bayesian Statistics</I>, edited by J. M. Bernardo, M. H. De Groot, D. U. Lindley and A. F. M. Smith. Valencia: University Press."},{"sequence":"3","original_text":"林知己夫. 1991.「日本人の人間関係」Pp.177-192. 三隅二不二（編）『人間会計論』放送大学教育振興会."},{"sequence":"4","original_text":"林知己夫・鈴木達三. 1997.『社会調査と数量化(増補版)岩波書店."},{"sequence":"5","original_text":"Ishiguro, M., Sakamoto,Y. and Kitagawa, G. 1997. &ldquo;Bootstrapping log likelihood and EIC, an extension of AIC&rdquo; <I>Annals of the Institute of Statistical Mathematics</I>. 49(3): 411-434."},{"sequence":"6","original_text":"JNNデータバンク運営委員会. 1999.『JNNJNNデータバンク定例全国調査』東京放送."},{"sequence":"7","original_text":"Katsura, K. and Sakamoto, Y. 1980. &ldquo;CATDAP, A categorical data analysis program package&rdquo; <I>Computer Science Monographs</I> 14."},{"sequence":"8","original_text":"児島和人. 1988.「国民性」Pp.231-232. 平凡社(編)『世界大百科事典』10."},{"sequence":"9","original_text":"南博. 1994.『日本人論』岩波書店."},{"sequence":"10","original_text":"中村隆. 1982.「ベイズ型コウホート・モデル ― 標準コウホート表への適用」『統計数理研究所彙報』29: 77-97."},{"sequence":"11","original_text":"中村隆. 1986. &ldquo;Bayesian cohort models for general cohort table analyses&rdquo; <I>Ann. Inst. Statist. Math</I>. B38: 353-70."},{"sequence":"12","original_text":"中村隆. 1995.「日本人の国民性調査 データのコウホート分析 ― 交互作用効果モデルと過大分散モデルを用いて」『統計数理』43: 99-119."},{"sequence":"13","original_text":"中村隆. 2000.「継続項目のコウホート分析 ― 多項ロジット・コウホートモデル」『統計数理』48: 93-119."},{"sequence":"14","original_text":"中村隆・土屋隆裕・前田忠彦・坂元慶行. 1999.『国民性の研究 第10次全国調査 ― 1998年全国調査』統計数理研究所研究リポート 83. 統計数理研究所."},{"sequence":"15","original_text":"直井道子. 1979.「階層意識と階級意識」Pp. 365-388. 富永健一(編)『日本の階層構造』東京大学出版会."},{"sequence":"16","original_text":"NHK放送文化研究所. 1999.『第6回「日本人の意識・1998」調査 報告書』NHK放送文化研究所."},{"sequence":"17","original_text":"1980年国際価値会議事務局. 1980.『第13ヵ国価値観調査データ・ブック』余暇開発センター."},{"sequence":"18","original_text":"野元菊雄. 1987.「私の研究と統計学―言語の社会的調査を通して―」Pp. 149-180. 赤池弘次(編)『科学の中の統計学』講談社."},{"sequence":"19","original_text":"坂元慶行. 1975.「戦後日本の経済と人間の意識構造」『週刊東洋経済』32: 117-125."},{"sequence":"20","original_text":"坂元慶行. 1985.『カテゴリカルデータのモデル分析』共立出版. =1991. <I>Categorical Data Analysis by AIC</I>, Kluwer Academic Publishers"},{"sequence":"21","original_text":"坂元慶行. 1987.「階層帰属意識の実像」『統計数理』35: 233-255."},{"sequence":"22","original_text":"坂元慶行. 1988.「情報量統計学の現状と課題」『経済学研究』（九州大学経済学会）53: 189-209."},{"sequence":"23","original_text":"坂元慶行. 1995a.「意識調査の調査方式と調査結果 その(1)」『ESTRELA』10月号: 43-51"},{"sequence":"24","original_text":"坂元慶行. 1995b.「意識調査の調査方式と調査結果 その(2)」『ESTRELA』11月号: 34-42."},{"sequence":"25","original_text":"坂元慶行. 1999.「私見「日本人の国民性調査」」『よろん』48: 5-14."},{"sequence":"26","original_text":"坂元慶行. 2000.「日本人の考えはどう変わったか―「日本人の国民性調査」の半世紀」『統計数理』48: 3-32."},{"sequence":"27","original_text":"坂元慶行・石黒真木夫・北川源四郎. 1983.『情報量統計学』共立出版. =1986. <I>Akaike Information Criterion Statistics</I>, D. Reidel Publishing Company. (Second edition: Kluwer Academic Publishers, 1999)"},{"sequence":"28","original_text":"坂元慶行他. 2000.「特集 統計的日本人研究の半世紀」『統計数理』48: 1-195."},{"sequence":"29","original_text":"総務庁青少年対策本部. 1995.『子供と家族に関する国際比較調査』総務庁青少年対策本部."},{"sequence":"30","original_text":"統計数理研究所国民性調査委員会. 1961.『日本人の国民性』至誠堂."},{"sequence":"31","original_text":"統計数理研究所国民性調査委員会. 1970.『第2日本人の国民性』至誠堂."},{"sequence":"32","original_text":"統計数理研究所国民性調査委員会. 1975.『第3日本人の国民性』至誠堂."},{"sequence":"33","original_text":"統計数理研究所国民性調査委員会. 1982.『第4日本人の国民性』出光書店."},{"sequence":"34","original_text":"統計数理研究所国民性調査委員会. 1992.『第5日本人の国民性』出光書店."},{"sequence":"35","original_text":"山崎正和. 1984.『柔らかい個人主義の誕生』中央公論社."},{"sequence":"36","original_text":"安田三郎. 1969.『社会統計学』丸善."},{"sequence":"37","original_text":"読み書き能力調査委員会. 1951.『日本人の読み書き能力』東京大学出版部."}]}}