{"status":"OK","apiType":"doi","apiVersion":"1.0.0","message":{"total":1,"rows":1,"totalPages":1,"page":1},"data":{"siteId":"SI/JST.JSTAGE","content_type":"JA","doi":"10.11218/ojjams.23.2_5","url":"https://doi.org/10.11218/ojjams.23.2_5","ra":"JaLC","prefix":"10.11218","site_name":"J-STAGE","publisher_list":[{"publisher_name":"Japanese Association For Mathematical Sociology","lang":"en"},{"publisher_name":"数理社会学会","lang":"ja"}],"title_list":[{"lang":"ja","title":"「階級―社会階層研究」の可能性"},{"lang":"en","title":"Concept of the Class-Stratification Studies and its Perspectives"}],"creator_list":[{"sequence":"1","type":"person","names":[{"lang":"ja","last_name":"橋本","first_name":"健二"},{"lang":"en","last_name":"HASHIMOTO","first_name":"Kenji"}],"affiliation_list":[{"affiliation_name":"Faculty of Sociology<BR>Musashi University","sequence":"1","lang":"en"},{"affiliation_name":"武蔵大学","sequence":"1","lang":"ja"}]}],"publication_date":{"publication_year":"2008"},"relation_list":[{"content":"https://www.jstage.jst.go.jp/article/ojjams/23/2/23_2_2_5/_pdf","type":"URL","relation":"fullTextPdf"}],"content_language":"ja","updated_date":"2017-03-23","article_type":"pub","journal_id_list":[{"journal_id":"0913-1442","type":"ISSN","issn_type":"print"},{"journal_id":"1881-6495","type":"ISSN","issn_type":"online"},{"journal_id":"ojjams","type":"JID"}],"journal_title_name_list":[{"journal_title_name":"Sociological Theory and Methods","type":"full","lang":"en"},{"journal_title_name":"Sociological Theory and Methods","type":"abbreviation","lang":"en"},{"journal_title_name":"理論と方法","type":"full","lang":"ja"},{"journal_title_name":"理論と方法","type":"abbreviation","lang":"ja"}],"journal_classification":"01","recorded_year":"1986-2013","volume":"23","issue":"2","first_page":"2_5","last_page":"2_22","date":"2009-01-05","keyword_list":[{"keyword":"social class","sequence":"1","lang":"en"},{"keyword":"階級","sequence":"1","lang":"ja"},{"keyword":"social stratification","sequence":"2","lang":"en"},{"keyword":"社会階層","sequence":"2","lang":"ja"},{"keyword":"Japanese sociology","sequence":"3","lang":"en"},{"keyword":"日本社会学史","sequence":"3","lang":"ja"},{"keyword":"historical sociometrics","sequence":"4","lang":"en"},{"keyword":"SSM調査","sequence":"4","lang":"ja"}],"citation_list":[{"sequence":"1","original_text":"江口英一. 1979-80. 『現代の「低所得層」（上・中・下）』未来社."},{"sequence":"2","original_text":"Erikson, Robert. 1984. &ldquo;Social class of men, women and families.&rdquo; <I>Sociology</I>. vol.18, No.4."},{"sequence":"3","original_text":"Erikson, Robert and Goldthorpe, John. 1992. <I>The Constant Flux</I>. Clarendon Press."},{"sequence":"4","original_text":"Goldthorpe, John. 2000. <I>On Sociology</I>. Oxford University Press."},{"sequence":"5","original_text":"原純輔. 1998. 「流動性と開放性──世代間社会移動の趨勢」石田浩編『社会階層・移動の基礎分析と国際比較（1995年SSM調査シリーズ1）』1995年SSM調査研究会."},{"sequence":"6","original_text":"原純輔・盛山和夫. 1999. 『社会階層──豊かさの中の不平等』東京大学出版会."},{"sequence":"7","original_text":"橋本健二. 1989. 「女性の階級分析」1985年社会階層と移動全国調査委員会編『女性と社会階層』1985年社会階層移動全国調査委員会."},{"sequence":"8","original_text":"橋本健二. 1998. 「戦後日本の階級構造──基本構造と変動過程」石田浩編『社会階層・移動の基礎分析と国際比較（1995年SSM調査シリーズ1）』1995年SSM調査研究会."},{"sequence":"9","original_text":"橋本健二. 1999. 『現代日本の階級構造──理論・方法・計量分析』東信堂."},{"sequence":"10","original_text":"橋本健二. 2005. 『階級社会──現代日本の格差を問う』講談社."},{"sequence":"11","original_text":"橋本健二. 2008. 「「格差社会論」から「階級―社会階層研究」へ」『社会学評論』233号."},{"sequence":"12","original_text":"今田幸子・平田周一. 1995. 『ホワイトカラーの昇進構造』日本労働研究機構."},{"sequence":"13","original_text":"石田浩. 2003. 「社会階層と階層意識の国際比較」樋口美雄・財務省財務総合政策研究所編『日本の所得格差と社会階層』日本評論社."},{"sequence":"14","original_text":"鎌田とし子・鎌田哲宏. 1983. 『社会諸階層と現代家族』御茶の水書房."},{"sequence":"15","original_text":"三輪哲・石田浩. 2008. 「戦後日本の階層構造と社会移動に関する基礎分析」三輪哲・小林大祐編『2005年SSM日本調査の基礎分析（2005年SSM調査シリーズ1）』2005年社会階層と社会移動調査研究会."},{"sequence":"16","original_text":"野口真. 1996. 「長期不況下の資本主義――その革新と揺らぎ」伊藤誠・野口真・横川信治編『マルクスの逆襲』日本評論社."},{"sequence":"17","original_text":"尾高邦雄. 1958. 『現代の社会学』岩波書店."},{"sequence":"18","original_text":"尾高邦雄. 1960a. 「日本社会の階層的構造」民主社会主義研究会議『日本における民主社会主義の課題』民主社会主義研究会議."},{"sequence":"19","original_text":"尾高邦雄. 1960b. 「日本の階層構造はどう変わったか」『自由』第1巻第7号."},{"sequence":"20","original_text":"尾高邦雄. 1961. 「日本の中間階級」『日本労働協会雑誌』1961年1月号."},{"sequence":"21","original_text":"大橋隆憲. 1959. 「社会階級構成表の意義と限界」『京大経済学部創立40周年記念経済学論集』有斐閣."},{"sequence":"22","original_text":"大橋隆憲. 1968. 「戦後日本の階級構成と最高経営者層中核部」『現代の経済と統計──蜷川虎三先生古希記念』有斐閣."},{"sequence":"23","original_text":"大橋隆憲編著. 1971. 『日本の階級構成』岩波書店."},{"sequence":"24","original_text":"Poulantzas, N., 1974. <I>Les Classes Sociales dans le Capitalisme Aujourd'hui</I>. Seuil. (=Fernbach, D.tr., 1978, <I>Classes in Contemporary Capitalism</I>, Verso.)"},{"sequence":"25","original_text":"佐藤俊樹. 2000a. 『不平等社会日本』中央公論社."},{"sequence":"26","original_text":"佐藤俊樹. 2000b. 「それでも進む『不平等社会化』」『中央公論』2000年11月号."},{"sequence":"27","original_text":"盛山和夫. 2000. 「中流崩壊は『物語』に過ぎない」『中央公論』2000年11月号."},{"sequence":"28","original_text":"Tachibanaki, T., 1996. <I>Public Policies and the Japanese Economy</I>. Macmillan."},{"sequence":"29","original_text":"橘木俊詔・八木匡. 1994. 「所得分配の現状と最近の推移」石川経夫編『日本の所得と富の分配』東京大学出版会."},{"sequence":"30","original_text":"富永健一. 1957. 「現代社会学における階級の理論」『思想』1957年7月号."},{"sequence":"31","original_text":"富永健一. 1959. 「階級構造」尾高邦雄他編『階級社会と社会変動（現代社会心理学8）』中山書店."},{"sequence":"32","original_text":"富永健一. 1965. 「階級理論の基礎的諸問題」尾高邦雄・福武直編『二〇世紀の社会学』有斐閣."},{"sequence":"33","original_text":"富永健一. 1990. 『日本の近代化と社会変動』講談社."},{"sequence":"34","original_text":"植村博恭. 1996. 「脱工業化と資本蓄積の構造変化」伊藤誠・野口真・横川信治編『マルクスの逆襲』日本評論社."},{"sequence":"35","original_text":"Warters, M., 1991. &ldquo;Collapse and convergence in class theory.&rdquo; <I>Theory and Society</I>. 20."},{"sequence":"36","original_text":"Wright, E. O., 1978. <I>Class, Crisis and the State</I>. New Left Books."},{"sequence":"37","original_text":"Wright, E. O., 1979. <I>Class Structure and Income Determination</I>. Academic Press."},{"sequence":"38","original_text":"Wright, E. O., 1985. <I>Classes</I>. Verso."}]}}