{"status":"OK","apiType":"doi","apiVersion":"1.0.0","message":{"total":1,"rows":1,"totalPages":1,"page":1},"data":{"siteId":"SI/JST.JSTAGE","content_type":"JA","doi":"10.11218/ojjams.22.189","url":"https://doi.org/10.11218/ojjams.22.189","ra":"JaLC","prefix":"10.11218","site_name":"J-STAGE","publisher_list":[{"publisher_name":"Japanese Association For Mathematical Sociology","lang":"en"},{"publisher_name":"数理社会学会","lang":"ja"}],"title_list":[{"lang":"ja","title":"Transitions Approachによる教育達成過程の趨勢分析"},{"lang":"en","title":"Trends in Educational Attainment Process in Japan :","subtitle":"Application of Transitions Approach"}],"creator_list":[{"sequence":"1","type":"person","names":[{"lang":"ja","last_name":"荒牧","first_name":"草平"},{"lang":"en","last_name":"ARAMAKI","first_name":"Sohei"}],"affiliation_list":[{"affiliation_name":"Gunma University","sequence":"1","lang":"en"},{"affiliation_name":"群馬大学","sequence":"1","lang":"ja"}]}],"publication_date":{"publication_year":"2007"},"relation_list":[{"content":"https://www.jstage.jst.go.jp/article/ojjams/22/2/22_2_189/_pdf","type":"URL","relation":"fullTextPdf"}],"content_language":"ja","updated_date":"2017-03-23","article_type":"pub","journal_id_list":[{"journal_id":"0913-1442","type":"ISSN","issn_type":"print"},{"journal_id":"1881-6495","type":"ISSN","issn_type":"online"},{"journal_id":"ojjams","type":"JID"}],"journal_title_name_list":[{"journal_title_name":"Sociological Theory and Methods","type":"full","lang":"en"},{"journal_title_name":"Sociological Theory and Methods","type":"abbreviation","lang":"en"},{"journal_title_name":"理論と方法","type":"full","lang":"ja"},{"journal_title_name":"理論と方法","type":"abbreviation","lang":"ja"}],"journal_classification":"01","recorded_year":"1986-2013","volume":"22","issue":"2","first_page":"189","last_page":"203","date":"2008-01-08","keyword_list":[{"keyword":"inequality of educational opportunity","sequence":"1","lang":"en"},{"keyword":"教育機会の不平等","sequence":"1","lang":"ja"},{"keyword":"Mare model","sequence":"2","lang":"en"},{"keyword":"Mareモデル","sequence":"2","lang":"ja"},{"keyword":"comprehension of disparity","sequence":"3","lang":"en"},{"keyword":"格差のとらえ方","sequence":"3","lang":"ja"}],"citation_list":[{"sequence":"1","original_text":"荒牧草平. 2000. 「教育機会の格差は縮小したか―教育環境の変化と出身階層間格差―」. 近藤博之（編）『日本の階層システム3―戦後日本の教育社会―』東京大学出版会：15-35."},{"sequence":"2","original_text":"荒牧草平. 2004. 「LRMSCによる教育達成過程の趨勢分析―『階層効果逓減現象』の検討―」『日本教育社会学会第56回大会発表要旨集録』: 222-3."},{"sequence":"3","original_text":"荒牧草平. 2006. 「多項トランジッション・モデルによる教育達成過程の分析―迂回－増幅仮説の検討―」『日本教育社会学会第58回大会発表要旨集録』: 41-2."},{"sequence":"4","original_text":"Blossfeld, Hans-Peter, and Yossi Shavit. 1993. &ldquo;Persisting Barriers: Change in Educational Opportunities in Thirteen Countries.&rdquo; Pp. 1-23. in <I>Persistent Inequality: Changing Educational Attainment in Thirteen Countries</I>. edited by Yossi Shavit and Hans-Peter Blossfeld. Westview Press."},{"sequence":"5","original_text":"Boudon, Raymond. 1973. <I>L' In&eacute;galit&eacute; des Chances: La mobilit&eacute; dans les soci&eacute;t&eacute;s industrielles</I>. Paris: Librairie Armand Colin. =1983. 杉本一郎他（訳）『機会の不平等―産業社会における教育と社会移動―』新曜社."},{"sequence":"6","original_text":"Breen, Richard and Jan O. Jonsson. 2000. &ldquo;Analyzing Educational Careers: A Multinomial Transition Model.&rdquo; <I>American Sociological Review</I> 65(5): 754-72."},{"sequence":"7","original_text":"原純輔・盛山和夫. 1999. 『社会階層―豊かさの中の不平等―』東京大学出版会."},{"sequence":"8","original_text":"Ishida, Hiroshi. 2003. &ldquo;Educational Expansion and Inequality of Access to Education in Japan&rdquo; Paper presented at the ISA RC28 meeting at New York University(August)."},{"sequence":"9","original_text":"鹿又伸夫. 2005. 「Ordered Logit Modelによる移行的教育達成の分析」『数理社会学会第40回大会』（配付資料）."},{"sequence":"10","original_text":"鹿又伸夫. 2006. 「計量社会学における多重比較の同時分析：ロジットモデルによる教育達成分析」『理論と方法』21(1): 33-48."},{"sequence":"11","original_text":"吉川徹. 2006. 『学歴と格差・不平等―成熟する日本型学歴社会―』東京大学出版会."},{"sequence":"12","original_text":"菊池城司. 1990. 「序論：現代日本における教育と社会移動」菊池城司（編）『現代日本の階層構造3―教育と社会移動―』東京大学出版会: 1-23."},{"sequence":"13","original_text":"近藤博之. 1988. 「社会階層と教育の機会―1955年～1985年の趨勢―」菊池城司（編）『1985年社会階層と社会移動全国調査報告書第3巻―教育と社会移動―』1985年社会階層と社会移動全国調査委員会: 129-51."},{"sequence":"14","original_text":"近藤博之. 1998. 「社会移動の制度化と限界―教育の地位媒介機能を中心に―」近藤博之（編）『教育と社会移動』（1995年SSM調査シリーズ10）1995年SSM調査研究会: 1-33."},{"sequence":"15","original_text":"近藤博之. 1999. 「メリトクラシー仮説と教育機会の趨勢」『社会学評論』50(2): 181-96."},{"sequence":"16","original_text":"近藤博之. 2001. 「高度成長期以降の大学進学機会」『大阪大学教育学年報』6: 1-11."},{"sequence":"17","original_text":"近藤博之. 2002. 「学歴主義と階層流動性」原純輔（編）『流動化と社会格差』ミネルヴァ書房: 59-87."},{"sequence":"18","original_text":"Lucas, Samuel R. 2001. &ldquo;Effectively Maintained Inequality: Education Transitions, Track Mobility, and Social Background Effects.&rdquo; <I>American Journal of Sociology</I> 106(6): 1642-90."},{"sequence":"19","original_text":"Mare, Robert D. 1980. &ldquo;Social Background and School Continuation Decisions.&rdquo; <I>Journal of the American Statistical Association</I> 75(370): 295-305."},{"sequence":"20","original_text":"Mare, Robert D. 1981. &ldquo;Change and Stability in Educational Stratification.&rdquo; <I>American Sociological Review</I> 46(1): 72-87."},{"sequence":"21","original_text":"尾嶋史章. 1990. 「教育機会の趨勢分析」菊池城司（編）『現代日本の階層構造3―教育と社会移動―』東京大学出版会: 25-55."},{"sequence":"22","original_text":"尾嶋史章. 2002. 「社会階層と進路形成の変容―90年代の変化を考える―」『教育社会学研究』70: 125-41."},{"sequence":"23","original_text":"Raftery, Adrian E., and Michael Hout. 1993. &ldquo;Maximally Maintained Inequality: Expansion, Reform, and Opportunity in Irish Education, 1921-75.&rdquo; <I>Sociology of Education</I> 66(1): 41-62."},{"sequence":"24","original_text":"Treiman, Donald J. and Kazuo Yamaguchi. 1993. &ldquo;Trends in Educational Attainment in Japan.&rdquo; Pp. 229-49. in <I>Persistent Inequality: Changing Educational Attainment in Thirteen Countries</I>. edited by Yossi Shavit and Hans-Peter Blossfeld. Westview Press."},{"sequence":"25","original_text":"Trow, Martin A.(天野郁夫・喜多村和之(訳)). 1976. 『高学歴社会の大学―エリートからマスへ―』東京大学出版会（訳者による編訳であり原著書は存在しない）."}]}}