{"status":"OK","apiType":"doilist","apiVersion":"1.0.0","message":{"total":183,"rows":183,"totalPages":1,"page":1},"data":{"items":[{"dois":{"doi":"10.11222/hisetjournal1986.1.0_1","url":"https://doi.org/10.11222/hisetjournal1986.1.0_1"},"ra":"JaLC","siteId":"SI/JST.JSTAGE","updated_date":"2014-12-09"},{"dois":{"doi":"10.11222/hisetjournal1986.1.0_111","url":"https://doi.org/10.11222/hisetjournal1986.1.0_111"},"ra":"JaLC","siteId":"SI/JST.JSTAGE","updated_date":"2014-12-09"},{"dois":{"doi":"10.11222/hisetjournal1986.1.0_135","url":"https://doi.org/10.11222/hisetjournal1986.1.0_135"},"ra":"JaLC","siteId":"SI/JST.JSTAGE","updated_date":"2014-12-09"},{"dois":{"doi":"10.11222/hisetjournal1986.1.0_17","url":"https://doi.org/10.11222/hisetjournal1986.1.0_17"},"ra":"JaLC","siteId":"SI/JST.JSTAGE","updated_date":"2014-12-09"},{"dois":{"doi":"10.11222/hisetjournal1986.1.0_25","url":"https://doi.org/10.11222/hisetjournal1986.1.0_25"},"ra":"JaLC","siteId":"SI/JST.JSTAGE","updated_date":"2014-12-09"},{"dois":{"doi":"10.11222/hisetjournal1986.1.0_41","url":"https://doi.org/10.11222/hisetjournal1986.1.0_41"},"ra":"JaLC","siteId":"SI/JST.JSTAGE","updated_date":"2014-12-09"},{"dois":{"doi":"10.11222/hisetjournal1986.1.0_57","url":"https://doi.org/10.11222/hisetjournal1986.1.0_57"},"ra":"JaLC","siteId":"SI/JST.JSTAGE","updated_date":"2014-12-09"},{"dois":{"doi":"10.11222/hisetjournal1986.1.0_83","url":"https://doi.org/10.11222/hisetjournal1986.1.0_83"},"ra":"JaLC","siteId":"SI/JST.JSTAGE","updated_date":"2014-12-09"},{"dois":{"doi":"10.11222/hisetjournal1986.1.0_97","url":"https://doi.org/10.11222/hisetjournal1986.1.0_97"},"ra":"JaLC","siteId":"SI/JST.JSTAGE","updated_date":"2014-12-09"},{"dois":{"doi":"10.11222/hisetjournal1986.10.0_1","url":"https://doi.org/10.11222/hisetjournal1986.10.0_1"},"ra":"JaLC","siteId":"SI/JST.JSTAGE","updated_date":"2014-12-09"},{"dois":{"doi":"10.11222/hisetjournal1986.10.0_11","url":"https://doi.org/10.11222/hisetjournal1986.10.0_11"},"ra":"JaLC","siteId":"SI/JST.JSTAGE","updated_date":"2014-12-09"},{"dois":{"doi":"10.11222/hisetjournal1986.10.0_111","url":"https://doi.org/10.11222/hisetjournal1986.10.0_111"},"ra":"JaLC","siteId":"SI/JST.JSTAGE","updated_date":"2014-12-09"},{"dois":{"doi":"10.11222/hisetjournal1986.10.0_143","url":"https://doi.org/10.11222/hisetjournal1986.10.0_143"},"ra":"JaLC","siteId":"SI/JST.JSTAGE","updated_date":"2014-12-09"},{"dois":{"doi":"10.11222/hisetjournal1986.10.0_163","url":"https://doi.org/10.11222/hisetjournal1986.10.0_163"},"ra":"JaLC","siteId":"SI/JST.JSTAGE","updated_date":"2014-12-09"},{"dois":{"doi":"10.11222/hisetjournal1986.10.0_27","url":"https://doi.org/10.11222/hisetjournal1986.10.0_27"},"ra":"JaLC","siteId":"SI/JST.JSTAGE","updated_date":"2014-12-09"},{"dois":{"doi":"10.11222/hisetjournal1986.10.0_49","url":"https://doi.org/10.11222/hisetjournal1986.10.0_49"},"ra":"JaLC","siteId":"SI/JST.JSTAGE","updated_date":"2014-12-09"},{"dois":{"doi":"10.11222/hisetjournal1986.10.0_59","url":"https://doi.org/10.11222/hisetjournal1986.10.0_59"},"ra":"JaLC","siteId":"SI/JST.JSTAGE","updated_date":"2014-12-09"},{"dois":{"doi":"10.11222/hisetjournal1986.10.0_83","url":"https://doi.org/10.11222/hisetjournal1986.10.0_83"},"ra":"JaLC","siteId":"SI/JST.JSTAGE","updated_date":"2014-12-09"},{"dois":{"doi":"10.11222/hisetjournal1986.11.0_1","url":"https://doi.org/10.11222/hisetjournal1986.11.0_1"},"ra":"JaLC","siteId":"SI/JST.JSTAGE","updated_date":"2014-12-09"},{"dois":{"doi":"10.11222/hisetjournal1986.11.0_111","url":"https://doi.org/10.11222/hisetjournal1986.11.0_111"},"ra":"JaLC","siteId":"SI/JST.JSTAGE","updated_date":"2014-12-09"},{"dois":{"doi":"10.11222/hisetjournal1986.11.0_131","url":"https://doi.org/10.11222/hisetjournal1986.11.0_131"},"ra":"JaLC","siteId":"SI/JST.JSTAGE","updated_date":"2014-12-09"},{"dois":{"doi":"10.11222/hisetjournal1986.11.0_185","url":"https://doi.org/10.11222/hisetjournal1986.11.0_185"},"ra":"JaLC","siteId":"SI/JST.JSTAGE","updated_date":"2014-12-09"},{"dois":{"doi":"10.11222/hisetjournal1986.11.0_45","url":"https://doi.org/10.11222/hisetjournal1986.11.0_45"},"ra":"JaLC","siteId":"SI/JST.JSTAGE","updated_date":"2014-12-09"},{"dois":{"doi":"10.11222/hisetjournal1986.11.0_81","url":"https://doi.org/10.11222/hisetjournal1986.11.0_81"},"ra":"JaLC","siteId":"SI/JST.JSTAGE","updated_date":"2014-12-09"},{"dois":{"doi":"10.11222/hisetjournal1986.11.0_93","url":"https://doi.org/10.11222/hisetjournal1986.11.0_93"},"ra":"JaLC","siteId":"SI/JST.JSTAGE","updated_date":"2014-12-09"},{"dois":{"doi":"10.11222/hisetjournal1986.12.0_1","url":"https://doi.org/10.11222/hisetjournal1986.12.0_1"},"ra":"JaLC","siteId":"SI/JST.JSTAGE","updated_date":"2014-12-09"},{"dois":{"doi":"10.11222/hisetjournal1986.12.0_101","url":"https://doi.org/10.11222/hisetjournal1986.12.0_101"},"ra":"JaLC","siteId":"SI/JST.JSTAGE","updated_date":"2014-12-09"},{"dois":{"doi":"10.11222/hisetjournal1986.12.0_123","url":"https://doi.org/10.11222/hisetjournal1986.12.0_123"},"ra":"JaLC","siteId":"SI/JST.JSTAGE","updated_date":"2014-12-09"},{"dois":{"doi":"10.11222/hisetjournal1986.12.0_163","url":"https://doi.org/10.11222/hisetjournal1986.12.0_163"},"ra":"JaLC","siteId":"SI/JST.JSTAGE","updated_date":"2014-12-09"},{"dois":{"doi":"10.11222/hisetjournal1986.12.0_17","url":"https://doi.org/10.11222/hisetjournal1986.12.0_17"},"ra":"JaLC","siteId":"SI/JST.JSTAGE","updated_date":"2014-12-09"},{"dois":{"doi":"10.11222/hisetjournal1986.12.0_193","url":"https://doi.org/10.11222/hisetjournal1986.12.0_193"},"ra":"JaLC","siteId":"SI/JST.JSTAGE","updated_date":"2014-12-09"},{"dois":{"doi":"10.11222/hisetjournal1986.12.0_201","url":"https://doi.org/10.11222/hisetjournal1986.12.0_201"},"ra":"JaLC","siteId":"SI/JST.JSTAGE","updated_date":"2014-12-09"},{"dois":{"doi":"10.11222/hisetjournal1986.12.0_209","url":"https://doi.org/10.11222/hisetjournal1986.12.0_209"},"ra":"JaLC","siteId":"SI/JST.JSTAGE","updated_date":"2014-12-09"},{"dois":{"doi":"10.11222/hisetjournal1986.12.0_37","url":"https://doi.org/10.11222/hisetjournal1986.12.0_37"},"ra":"JaLC","siteId":"SI/JST.JSTAGE","updated_date":"2014-12-09"},{"dois":{"doi":"10.11222/hisetjournal1986.12.0_49","url":"https://doi.org/10.11222/hisetjournal1986.12.0_49"},"ra":"JaLC","siteId":"SI/JST.JSTAGE","updated_date":"2014-12-09"},{"dois":{"doi":"10.11222/hisetjournal1986.12.0_65","url":"https://doi.org/10.11222/hisetjournal1986.12.0_65"},"ra":"JaLC","siteId":"SI/JST.JSTAGE","updated_date":"2014-12-09"},{"dois":{"doi":"10.11222/hisetjournal1986.13.0_1","url":"https://doi.org/10.11222/hisetjournal1986.13.0_1"},"ra":"JaLC","siteId":"SI/JST.JSTAGE","updated_date":"2014-12-09"},{"dois":{"doi":"10.11222/hisetjournal1986.13.0_109","url":"https://doi.org/10.11222/hisetjournal1986.13.0_109"},"ra":"JaLC","siteId":"SI/JST.JSTAGE","updated_date":"2014-12-09"},{"dois":{"doi":"10.11222/hisetjournal1986.13.0_123","url":"https://doi.org/10.11222/hisetjournal1986.13.0_123"},"ra":"JaLC","siteId":"SI/JST.JSTAGE","updated_date":"2014-12-09"},{"dois":{"doi":"10.11222/hisetjournal1986.13.0_153","url":"https://doi.org/10.11222/hisetjournal1986.13.0_153"},"ra":"JaLC","siteId":"SI/JST.JSTAGE","updated_date":"2014-12-09"},{"dois":{"doi":"10.11222/hisetjournal1986.13.0_17","url":"https://doi.org/10.11222/hisetjournal1986.13.0_17"},"ra":"JaLC","siteId":"SI/JST.JSTAGE","updated_date":"2014-12-09"},{"dois":{"doi":"10.11222/hisetjournal1986.13.0_173","url":"https://doi.org/10.11222/hisetjournal1986.13.0_173"},"ra":"JaLC","siteId":"SI/JST.JSTAGE","updated_date":"2014-12-09"},{"dois":{"doi":"10.11222/hisetjournal1986.13.0_29","url":"https://doi.org/10.11222/hisetjournal1986.13.0_29"},"ra":"JaLC","siteId":"SI/JST.JSTAGE","updated_date":"2014-12-09"},{"dois":{"doi":"10.11222/hisetjournal1986.13.0_63","url":"https://doi.org/10.11222/hisetjournal1986.13.0_63"},"ra":"JaLC","siteId":"SI/JST.JSTAGE","updated_date":"2014-12-09"},{"dois":{"doi":"10.11222/hisetjournal1986.13.0_79","url":"https://doi.org/10.11222/hisetjournal1986.13.0_79"},"ra":"JaLC","siteId":"SI/JST.JSTAGE","updated_date":"2014-12-09"},{"dois":{"doi":"10.11222/hisetjournal1986.13.0_97","url":"https://doi.org/10.11222/hisetjournal1986.13.0_97"},"ra":"JaLC","siteId":"SI/JST.JSTAGE","updated_date":"2014-12-09"},{"dois":{"doi":"10.11222/hisetjournal1986.14.0_1","url":"https://doi.org/10.11222/hisetjournal1986.14.0_1"},"ra":"JaLC","siteId":"SI/JST.JSTAGE","updated_date":"2014-12-09"},{"dois":{"doi":"10.11222/hisetjournal1986.14.0_105","url":"https://doi.org/10.11222/hisetjournal1986.14.0_105"},"ra":"JaLC","siteId":"SI/JST.JSTAGE","updated_date":"2014-12-09"},{"dois":{"doi":"10.11222/hisetjournal1986.14.0_121","url":"https://doi.org/10.11222/hisetjournal1986.14.0_121"},"ra":"JaLC","siteId":"SI/JST.JSTAGE","updated_date":"2014-12-09"},{"dois":{"doi":"10.11222/hisetjournal1986.14.0_141","url":"https://doi.org/10.11222/hisetjournal1986.14.0_141"},"ra":"JaLC","siteId":"SI/JST.JSTAGE","updated_date":"2014-12-09"},{"dois":{"doi":"10.11222/hisetjournal1986.14.0_15","url":"https://doi.org/10.11222/hisetjournal1986.14.0_15"},"ra":"JaLC","siteId":"SI/JST.JSTAGE","updated_date":"2014-12-09"},{"dois":{"doi":"10.11222/hisetjournal1986.14.0_155","url":"https://doi.org/10.11222/hisetjournal1986.14.0_155"},"ra":"JaLC","siteId":"SI/JST.JSTAGE","updated_date":"2014-12-09"},{"dois":{"doi":"10.11222/hisetjournal1986.14.0_173","url":"https://doi.org/10.11222/hisetjournal1986.14.0_173"},"ra":"JaLC","siteId":"SI/JST.JSTAGE","updated_date":"2014-12-09"},{"dois":{"doi":"10.11222/hisetjournal1986.14.0_41","url":"https://doi.org/10.11222/hisetjournal1986.14.0_41"},"ra":"JaLC","siteId":"SI/JST.JSTAGE","updated_date":"2014-12-09"},{"dois":{"doi":"10.11222/hisetjournal1986.14.0_67","url":"https://doi.org/10.11222/hisetjournal1986.14.0_67"},"ra":"JaLC","siteId":"SI/JST.JSTAGE","updated_date":"2014-12-09"},{"dois":{"doi":"10.11222/hisetjournal1986.15.0_1","url":"https://doi.org/10.11222/hisetjournal1986.15.0_1"},"ra":"JaLC","siteId":"SI/JST.JSTAGE","updated_date":"2014-12-09"},{"dois":{"doi":"10.11222/hisetjournal1986.15.0_113","url":"https://doi.org/10.11222/hisetjournal1986.15.0_113"},"ra":"JaLC","siteId":"SI/JST.JSTAGE","updated_date":"2014-12-09"},{"dois":{"doi":"10.11222/hisetjournal1986.15.0_23","url":"https://doi.org/10.11222/hisetjournal1986.15.0_23"},"ra":"JaLC","siteId":"SI/JST.JSTAGE","updated_date":"2014-12-09"},{"dois":{"doi":"10.11222/hisetjournal1986.15.0_33","url":"https://doi.org/10.11222/hisetjournal1986.15.0_33"},"ra":"JaLC","siteId":"SI/JST.JSTAGE","updated_date":"2014-12-09"},{"dois":{"doi":"10.11222/hisetjournal1986.15.0_51","url":"https://doi.org/10.11222/hisetjournal1986.15.0_51"},"ra":"JaLC","siteId":"SI/JST.JSTAGE","updated_date":"2014-12-09"},{"dois":{"doi":"10.11222/hisetjournal1986.15.0_73","url":"https://doi.org/10.11222/hisetjournal1986.15.0_73"},"ra":"JaLC","siteId":"SI/JST.JSTAGE","updated_date":"2014-12-09"},{"dois":{"doi":"10.11222/hisetjournal1986.15.0_91","url":"https://doi.org/10.11222/hisetjournal1986.15.0_91"},"ra":"JaLC","siteId":"SI/JST.JSTAGE","updated_date":"2014-12-09"},{"dois":{"doi":"10.11222/hisetjournal1986.16.0_1","url":"https://doi.org/10.11222/hisetjournal1986.16.0_1"},"ra":"JaLC","siteId":"SI/JST.JSTAGE","updated_date":"2014-12-09"},{"dois":{"doi":"10.11222/hisetjournal1986.16.0_27","url":"https://doi.org/10.11222/hisetjournal1986.16.0_27"},"ra":"JaLC","siteId":"SI/JST.JSTAGE","updated_date":"2014-12-09"},{"dois":{"doi":"10.11222/hisetjournal1986.16.0_45","url":"https://doi.org/10.11222/hisetjournal1986.16.0_45"},"ra":"JaLC","siteId":"SI/JST.JSTAGE","updated_date":"2014-12-09"},{"dois":{"doi":"10.11222/hisetjournal1986.16.0_65","url":"https://doi.org/10.11222/hisetjournal1986.16.0_65"},"ra":"JaLC","siteId":"SI/JST.JSTAGE","updated_date":"2014-12-09"},{"dois":{"doi":"10.11222/hisetjournal1986.16.0_69","url":"https://doi.org/10.11222/hisetjournal1986.16.0_69"},"ra":"JaLC","siteId":"SI/JST.JSTAGE","updated_date":"2014-12-09"},{"dois":{"doi":"10.11222/hisetjournal1986.17.0_1","url":"https://doi.org/10.11222/hisetjournal1986.17.0_1"},"ra":"JaLC","siteId":"SI/JST.JSTAGE","updated_date":"2014-12-09"},{"dois":{"doi":"10.11222/hisetjournal1986.17.0_21","url":"https://doi.org/10.11222/hisetjournal1986.17.0_21"},"ra":"JaLC","siteId":"SI/JST.JSTAGE","updated_date":"2014-12-09"},{"dois":{"doi":"10.11222/hisetjournal1986.17.0_41","url":"https://doi.org/10.11222/hisetjournal1986.17.0_41"},"ra":"JaLC","siteId":"SI/JST.JSTAGE","updated_date":"2014-12-09"},{"dois":{"doi":"10.11222/hisetjournal1986.17.0_77","url":"https://doi.org/10.11222/hisetjournal1986.17.0_77"},"ra":"JaLC","siteId":"SI/JST.JSTAGE","updated_date":"2014-12-09"},{"dois":{"doi":"10.11222/hisetjournal1986.17.0_95","url":"https://doi.org/10.11222/hisetjournal1986.17.0_95"},"ra":"JaLC","siteId":"SI/JST.JSTAGE","updated_date":"2014-12-09"},{"dois":{"doi":"10.11222/hisetjournal1986.18.0_1","url":"https://doi.org/10.11222/hisetjournal1986.18.0_1"},"ra":"JaLC","siteId":"SI/JST.JSTAGE","updated_date":"2014-12-09"},{"dois":{"doi":"10.11222/hisetjournal1986.18.0_13","url":"https://doi.org/10.11222/hisetjournal1986.18.0_13"},"ra":"JaLC","siteId":"SI/JST.JSTAGE","updated_date":"2014-12-09"},{"dois":{"doi":"10.11222/hisetjournal1986.18.0_39","url":"https://doi.org/10.11222/hisetjournal1986.18.0_39"},"ra":"JaLC","siteId":"SI/JST.JSTAGE","updated_date":"2014-12-09"},{"dois":{"doi":"10.11222/hisetjournal1986.18.0_67","url":"https://doi.org/10.11222/hisetjournal1986.18.0_67"},"ra":"JaLC","siteId":"SI/JST.JSTAGE","updated_date":"2014-12-09"},{"dois":{"doi":"10.11222/hisetjournal1986.19.0_1","url":"https://doi.org/10.11222/hisetjournal1986.19.0_1"},"ra":"JaLC","siteId":"SI/JST.JSTAGE","updated_date":"2014-12-09"},{"dois":{"doi":"10.11222/hisetjournal1986.19.0_107","url":"https://doi.org/10.11222/hisetjournal1986.19.0_107"},"ra":"JaLC","siteId":"SI/JST.JSTAGE","updated_date":"2014-12-09"},{"dois":{"doi":"10.11222/hisetjournal1986.19.0_129","url":"https://doi.org/10.11222/hisetjournal1986.19.0_129"},"ra":"JaLC","siteId":"SI/JST.JSTAGE","updated_date":"2014-12-09"},{"dois":{"doi":"10.11222/hisetjournal1986.19.0_159","url":"https://doi.org/10.11222/hisetjournal1986.19.0_159"},"ra":"JaLC","siteId":"SI/JST.JSTAGE","updated_date":"2014-12-09"},{"dois":{"doi":"10.11222/hisetjournal1986.19.0_19","url":"https://doi.org/10.11222/hisetjournal1986.19.0_19"},"ra":"JaLC","siteId":"SI/JST.JSTAGE","updated_date":"2014-12-09"},{"dois":{"doi":"10.11222/hisetjournal1986.19.0_37","url":"https://doi.org/10.11222/hisetjournal1986.19.0_37"},"ra":"JaLC","siteId":"SI/JST.JSTAGE","updated_date":"2014-12-09"},{"dois":{"doi":"10.11222/hisetjournal1986.19.0_89","url":"https://doi.org/10.11222/hisetjournal1986.19.0_89"},"ra":"JaLC","siteId":"SI/JST.JSTAGE","updated_date":"2014-12-09"},{"dois":{"doi":"10.11222/hisetjournal1986.2.0_1","url":"https://doi.org/10.11222/hisetjournal1986.2.0_1"},"ra":"JaLC","siteId":"SI/JST.JSTAGE","updated_date":"2014-12-09"},{"dois":{"doi":"10.11222/hisetjournal1986.2.0_115","url":"https://doi.org/10.11222/hisetjournal1986.2.0_115"},"ra":"JaLC","siteId":"SI/JST.JSTAGE","updated_date":"2014-12-09"},{"dois":{"doi":"10.11222/hisetjournal1986.2.0_133","url":"https://doi.org/10.11222/hisetjournal1986.2.0_133"},"ra":"JaLC","siteId":"SI/JST.JSTAGE","updated_date":"2014-12-09"},{"dois":{"doi":"10.11222/hisetjournal1986.2.0_151","url":"https://doi.org/10.11222/hisetjournal1986.2.0_151"},"ra":"JaLC","siteId":"SI/JST.JSTAGE","updated_date":"2014-12-09"},{"dois":{"doi":"10.11222/hisetjournal1986.2.0_163","url":"https://doi.org/10.11222/hisetjournal1986.2.0_163"},"ra":"JaLC","siteId":"SI/JST.JSTAGE","updated_date":"2014-12-09"},{"dois":{"doi":"10.11222/hisetjournal1986.2.0_17","url":"https://doi.org/10.11222/hisetjournal1986.2.0_17"},"ra":"JaLC","siteId":"SI/JST.JSTAGE","updated_date":"2014-12-09"},{"dois":{"doi":"10.11222/hisetjournal1986.2.0_187","url":"https://doi.org/10.11222/hisetjournal1986.2.0_187"},"ra":"JaLC","siteId":"SI/JST.JSTAGE","updated_date":"2014-12-09"},{"dois":{"doi":"10.11222/hisetjournal1986.2.0_207","url":"https://doi.org/10.11222/hisetjournal1986.2.0_207"},"ra":"JaLC","siteId":"SI/JST.JSTAGE","updated_date":"2014-12-09"},{"dois":{"doi":"10.11222/hisetjournal1986.2.0_37","url":"https://doi.org/10.11222/hisetjournal1986.2.0_37"},"ra":"JaLC","siteId":"SI/JST.JSTAGE","updated_date":"2014-12-09"},{"dois":{"doi":"10.11222/hisetjournal1986.2.0_61","url":"https://doi.org/10.11222/hisetjournal1986.2.0_61"},"ra":"JaLC","siteId":"SI/JST.JSTAGE","updated_date":"2014-12-09"},{"dois":{"doi":"10.11222/hisetjournal1986.2.0_91","url":"https://doi.org/10.11222/hisetjournal1986.2.0_91"},"ra":"JaLC","siteId":"SI/JST.JSTAGE","updated_date":"2014-12-09"},{"dois":{"doi":"10.11222/hisetjournal1986.20.0_1","url":"https://doi.org/10.11222/hisetjournal1986.20.0_1"},"ra":"JaLC","siteId":"SI/JST.JSTAGE","updated_date":"2014-12-09"},{"dois":{"doi":"10.11222/hisetjournal1986.20.0_111","url":"https://doi.org/10.11222/hisetjournal1986.20.0_111"},"ra":"JaLC","siteId":"SI/JST.JSTAGE","updated_date":"2014-12-09"},{"dois":{"doi":"10.11222/hisetjournal1986.20.0_27","url":"https://doi.org/10.11222/hisetjournal1986.20.0_27"},"ra":"JaLC","siteId":"SI/JST.JSTAGE","updated_date":"2014-12-09"},{"dois":{"doi":"10.11222/hisetjournal1986.20.0_47","url":"https://doi.org/10.11222/hisetjournal1986.20.0_47"},"ra":"JaLC","siteId":"SI/JST.JSTAGE","updated_date":"2014-12-09"},{"dois":{"doi":"10.11222/hisetjournal1986.20.0_65","url":"https://doi.org/10.11222/hisetjournal1986.20.0_65"},"ra":"JaLC","siteId":"SI/JST.JSTAGE","updated_date":"2014-12-09"},{"dois":{"doi":"10.11222/hisetjournal1986.20.0_7","url":"https://doi.org/10.11222/hisetjournal1986.20.0_7"},"ra":"JaLC","siteId":"SI/JST.JSTAGE","updated_date":"2014-12-09"},{"dois":{"doi":"10.11222/hisetjournal1986.20.0_91","url":"https://doi.org/10.11222/hisetjournal1986.20.0_91"},"ra":"JaLC","siteId":"SI/JST.JSTAGE","updated_date":"2014-12-09"},{"dois":{"doi":"10.11222/hisetjournal1986.21.0_1","url":"https://doi.org/10.11222/hisetjournal1986.21.0_1"},"ra":"JaLC","siteId":"SI/JST.JSTAGE","updated_date":"2014-12-09"},{"dois":{"doi":"10.11222/hisetjournal1986.21.0_21","url":"https://doi.org/10.11222/hisetjournal1986.21.0_21"},"ra":"JaLC","siteId":"SI/JST.JSTAGE","updated_date":"2014-12-09"},{"dois":{"doi":"10.11222/hisetjournal1986.21.0_43","url":"https://doi.org/10.11222/hisetjournal1986.21.0_43"},"ra":"JaLC","siteId":"SI/JST.JSTAGE","updated_date":"2014-12-09"},{"dois":{"doi":"10.11222/hisetjournal1986.21.0_59","url":"https://doi.org/10.11222/hisetjournal1986.21.0_59"},"ra":"JaLC","siteId":"SI/JST.JSTAGE","updated_date":"2014-12-09"},{"dois":{"doi":"10.11222/hisetjournal1986.22.0_1","url":"https://doi.org/10.11222/hisetjournal1986.22.0_1"},"ra":"JaLC","siteId":"SI/JST.JSTAGE","updated_date":"2014-12-09"},{"dois":{"doi":"10.11222/hisetjournal1986.22.0_23","url":"https://doi.org/10.11222/hisetjournal1986.22.0_23"},"ra":"JaLC","siteId":"SI/JST.JSTAGE","updated_date":"2014-12-09"},{"dois":{"doi":"10.11222/hisetjournal1986.22.0_43","url":"https://doi.org/10.11222/hisetjournal1986.22.0_43"},"ra":"JaLC","siteId":"SI/JST.JSTAGE","updated_date":"2014-12-09"},{"dois":{"doi":"10.11222/hisetjournal1986.22.0_57","url":"https://doi.org/10.11222/hisetjournal1986.22.0_57"},"ra":"JaLC","siteId":"SI/JST.JSTAGE","updated_date":"2014-12-09"},{"dois":{"doi":"10.11222/hisetjournal1986.22.0_9","url":"https://doi.org/10.11222/hisetjournal1986.22.0_9"},"ra":"JaLC","siteId":"SI/JST.JSTAGE","updated_date":"2014-12-09"},{"dois":{"doi":"10.11222/hisetjournal1986.23.0_1","url":"https://doi.org/10.11222/hisetjournal1986.23.0_1"},"ra":"JaLC","siteId":"SI/JST.JSTAGE","updated_date":"2014-12-09"},{"dois":{"doi":"10.11222/hisetjournal1986.23.0_101","url":"https://doi.org/10.11222/hisetjournal1986.23.0_101"},"ra":"JaLC","siteId":"SI/JST.JSTAGE","updated_date":"2014-12-09"},{"dois":{"doi":"10.11222/hisetjournal1986.23.0_21","url":"https://doi.org/10.11222/hisetjournal1986.23.0_21"},"ra":"JaLC","siteId":"SI/JST.JSTAGE","updated_date":"2014-12-09"},{"dois":{"doi":"10.11222/hisetjournal1986.23.0_53","url":"https://doi.org/10.11222/hisetjournal1986.23.0_53"},"ra":"JaLC","siteId":"SI/JST.JSTAGE","updated_date":"2014-12-09"},{"dois":{"doi":"10.11222/hisetjournal1986.23.0_75","url":"https://doi.org/10.11222/hisetjournal1986.23.0_75"},"ra":"JaLC","siteId":"SI/JST.JSTAGE","updated_date":"2014-12-09"},{"dois":{"doi":"10.11222/hisetjournal1986.3.0_1","url":"https://doi.org/10.11222/hisetjournal1986.3.0_1"},"ra":"JaLC","siteId":"SI/JST.JSTAGE","updated_date":"2014-12-09"},{"dois":{"doi":"10.11222/hisetjournal1986.3.0_105","url":"https://doi.org/10.11222/hisetjournal1986.3.0_105"},"ra":"JaLC","siteId":"SI/JST.JSTAGE","updated_date":"2014-12-09"},{"dois":{"doi":"10.11222/hisetjournal1986.3.0_117","url":"https://doi.org/10.11222/hisetjournal1986.3.0_117"},"ra":"JaLC","siteId":"SI/JST.JSTAGE","updated_date":"2014-12-09"},{"dois":{"doi":"10.11222/hisetjournal1986.3.0_139","url":"https://doi.org/10.11222/hisetjournal1986.3.0_139"},"ra":"JaLC","siteId":"SI/JST.JSTAGE","updated_date":"2014-12-09"},{"dois":{"doi":"10.11222/hisetjournal1986.3.0_15","url":"https://doi.org/10.11222/hisetjournal1986.3.0_15"},"ra":"JaLC","siteId":"SI/JST.JSTAGE","updated_date":"2014-12-09"},{"dois":{"doi":"10.11222/hisetjournal1986.3.0_155","url":"https://doi.org/10.11222/hisetjournal1986.3.0_155"},"ra":"JaLC","siteId":"SI/JST.JSTAGE","updated_date":"2014-12-09"},{"dois":{"doi":"10.11222/hisetjournal1986.3.0_169","url":"https://doi.org/10.11222/hisetjournal1986.3.0_169"},"ra":"JaLC","siteId":"SI/JST.JSTAGE","updated_date":"2015-11-08"},{"dois":{"doi":"10.11222/hisetjournal1986.3.0_207","url":"https://doi.org/10.11222/hisetjournal1986.3.0_207"},"ra":"JaLC","siteId":"SI/JST.JSTAGE","updated_date":"2014-12-09"},{"dois":{"doi":"10.11222/hisetjournal1986.3.0_31","url":"https://doi.org/10.11222/hisetjournal1986.3.0_31"},"ra":"JaLC","siteId":"SI/JST.JSTAGE","updated_date":"2014-12-09"},{"dois":{"doi":"10.11222/hisetjournal1986.3.0_51","url":"https://doi.org/10.11222/hisetjournal1986.3.0_51"},"ra":"JaLC","siteId":"SI/JST.JSTAGE","updated_date":"2014-12-09"},{"dois":{"doi":"10.11222/hisetjournal1986.3.0_71","url":"https://doi.org/10.11222/hisetjournal1986.3.0_71"},"ra":"JaLC","siteId":"SI/JST.JSTAGE","updated_date":"2014-12-09"},{"dois":{"doi":"10.11222/hisetjournal1986.4.0_1","url":"https://doi.org/10.11222/hisetjournal1986.4.0_1"},"ra":"JaLC","siteId":"SI/JST.JSTAGE","updated_date":"2014-12-09"},{"dois":{"doi":"10.11222/hisetjournal1986.4.0_111","url":"https://doi.org/10.11222/hisetjournal1986.4.0_111"},"ra":"JaLC","siteId":"SI/JST.JSTAGE","updated_date":"2014-12-09"},{"dois":{"doi":"10.11222/hisetjournal1986.4.0_131","url":"https://doi.org/10.11222/hisetjournal1986.4.0_131"},"ra":"JaLC","siteId":"SI/JST.JSTAGE","updated_date":"2014-12-09"},{"dois":{"doi":"10.11222/hisetjournal1986.4.0_149","url":"https://doi.org/10.11222/hisetjournal1986.4.0_149"},"ra":"JaLC","siteId":"SI/JST.JSTAGE","updated_date":"2014-12-09"},{"dois":{"doi":"10.11222/hisetjournal1986.4.0_181","url":"https://doi.org/10.11222/hisetjournal1986.4.0_181"},"ra":"JaLC","siteId":"SI/JST.JSTAGE","updated_date":"2014-12-09"},{"dois":{"doi":"10.11222/hisetjournal1986.4.0_21","url":"https://doi.org/10.11222/hisetjournal1986.4.0_21"},"ra":"JaLC","siteId":"SI/JST.JSTAGE","updated_date":"2014-12-09"},{"dois":{"doi":"10.11222/hisetjournal1986.4.0_37","url":"https://doi.org/10.11222/hisetjournal1986.4.0_37"},"ra":"JaLC","siteId":"SI/JST.JSTAGE","updated_date":"2014-12-09"},{"dois":{"doi":"10.11222/hisetjournal1986.4.0_59","url":"https://doi.org/10.11222/hisetjournal1986.4.0_59"},"ra":"JaLC","siteId":"SI/JST.JSTAGE","updated_date":"2014-12-09"},{"dois":{"doi":"10.11222/hisetjournal1986.4.0_77","url":"https://doi.org/10.11222/hisetjournal1986.4.0_77"},"ra":"JaLC","siteId":"SI/JST.JSTAGE","updated_date":"2014-12-09"},{"dois":{"doi":"10.11222/hisetjournal1986.4.0_99","url":"https://doi.org/10.11222/hisetjournal1986.4.0_99"},"ra":"JaLC","siteId":"SI/JST.JSTAGE","updated_date":"2014-12-09"},{"dois":{"doi":"10.11222/hisetjournal1986.5.0_1","url":"https://doi.org/10.11222/hisetjournal1986.5.0_1"},"ra":"JaLC","siteId":"SI/JST.JSTAGE","updated_date":"2014-12-09"},{"dois":{"doi":"10.11222/hisetjournal1986.5.0_101","url":"https://doi.org/10.11222/hisetjournal1986.5.0_101"},"ra":"JaLC","siteId":"SI/JST.JSTAGE","updated_date":"2014-12-09"},{"dois":{"doi":"10.11222/hisetjournal1986.5.0_131","url":"https://doi.org/10.11222/hisetjournal1986.5.0_131"},"ra":"JaLC","siteId":"SI/JST.JSTAGE","updated_date":"2014-12-09"},{"dois":{"doi":"10.11222/hisetjournal1986.5.0_159","url":"https://doi.org/10.11222/hisetjournal1986.5.0_159"},"ra":"JaLC","siteId":"SI/JST.JSTAGE","updated_date":"2014-12-09"},{"dois":{"doi":"10.11222/hisetjournal1986.5.0_183","url":"https://doi.org/10.11222/hisetjournal1986.5.0_183"},"ra":"JaLC","siteId":"SI/JST.JSTAGE","updated_date":"2014-12-09"},{"dois":{"doi":"10.11222/hisetjournal1986.5.0_23","url":"https://doi.org/10.11222/hisetjournal1986.5.0_23"},"ra":"JaLC","siteId":"SI/JST.JSTAGE","updated_date":"2014-12-09"},{"dois":{"doi":"10.11222/hisetjournal1986.5.0_45","url":"https://doi.org/10.11222/hisetjournal1986.5.0_45"},"ra":"JaLC","siteId":"SI/JST.JSTAGE","updated_date":"2014-12-09"},{"dois":{"doi":"10.11222/hisetjournal1986.5.0_59","url":"https://doi.org/10.11222/hisetjournal1986.5.0_59"},"ra":"JaLC","siteId":"SI/JST.JSTAGE","updated_date":"2014-12-09"},{"dois":{"doi":"10.11222/hisetjournal1986.5.0_75","url":"https://doi.org/10.11222/hisetjournal1986.5.0_75"},"ra":"JaLC","siteId":"SI/JST.JSTAGE","updated_date":"2014-12-09"},{"dois":{"doi":"10.11222/hisetjournal1986.5.0_91","url":"https://doi.org/10.11222/hisetjournal1986.5.0_91"},"ra":"JaLC","siteId":"SI/JST.JSTAGE","updated_date":"2014-12-09"},{"dois":{"doi":"10.11222/hisetjournal1986.6.0_1","url":"https://doi.org/10.11222/hisetjournal1986.6.0_1"},"ra":"JaLC","siteId":"SI/JST.JSTAGE","updated_date":"2014-12-09"},{"dois":{"doi":"10.11222/hisetjournal1986.6.0_111","url":"https://doi.org/10.11222/hisetjournal1986.6.0_111"},"ra":"JaLC","siteId":"SI/JST.JSTAGE","updated_date":"2014-12-09"},{"dois":{"doi":"10.11222/hisetjournal1986.6.0_127","url":"https://doi.org/10.11222/hisetjournal1986.6.0_127"},"ra":"JaLC","siteId":"SI/JST.JSTAGE","updated_date":"2014-12-09"},{"dois":{"doi":"10.11222/hisetjournal1986.6.0_143","url":"https://doi.org/10.11222/hisetjournal1986.6.0_143"},"ra":"JaLC","siteId":"SI/JST.JSTAGE","updated_date":"2014-12-09"},{"dois":{"doi":"10.11222/hisetjournal1986.6.0_165","url":"https://doi.org/10.11222/hisetjournal1986.6.0_165"},"ra":"JaLC","siteId":"SI/JST.JSTAGE","updated_date":"2014-12-09"},{"dois":{"doi":"10.11222/hisetjournal1986.6.0_185","url":"https://doi.org/10.11222/hisetjournal1986.6.0_185"},"ra":"JaLC","siteId":"SI/JST.JSTAGE","updated_date":"2014-12-09"},{"dois":{"doi":"10.11222/hisetjournal1986.6.0_203","url":"https://doi.org/10.11222/hisetjournal1986.6.0_203"},"ra":"JaLC","siteId":"SI/JST.JSTAGE","updated_date":"2014-12-09"},{"dois":{"doi":"10.11222/hisetjournal1986.6.0_21","url":"https://doi.org/10.11222/hisetjournal1986.6.0_21"},"ra":"JaLC","siteId":"SI/JST.JSTAGE","updated_date":"2014-12-09"},{"dois":{"doi":"10.11222/hisetjournal1986.6.0_283","url":"https://doi.org/10.11222/hisetjournal1986.6.0_283"},"ra":"JaLC","siteId":"SI/JST.JSTAGE","updated_date":"2014-12-09"},{"dois":{"doi":"10.11222/hisetjournal1986.6.0_59","url":"https://doi.org/10.11222/hisetjournal1986.6.0_59"},"ra":"JaLC","siteId":"SI/JST.JSTAGE","updated_date":"2014-12-09"},{"dois":{"doi":"10.11222/hisetjournal1986.6.0_87","url":"https://doi.org/10.11222/hisetjournal1986.6.0_87"},"ra":"JaLC","siteId":"SI/JST.JSTAGE","updated_date":"2014-12-09"},{"dois":{"doi":"10.11222/hisetjournal1986.7.0_1","url":"https://doi.org/10.11222/hisetjournal1986.7.0_1"},"ra":"JaLC","siteId":"SI/JST.JSTAGE","updated_date":"2014-12-09"},{"dois":{"doi":"10.11222/hisetjournal1986.7.0_113","url":"https://doi.org/10.11222/hisetjournal1986.7.0_113"},"ra":"JaLC","siteId":"SI/JST.JSTAGE","updated_date":"2014-12-09"},{"dois":{"doi":"10.11222/hisetjournal1986.7.0_161","url":"https://doi.org/10.11222/hisetjournal1986.7.0_161"},"ra":"JaLC","siteId":"SI/JST.JSTAGE","updated_date":"2014-12-09"},{"dois":{"doi":"10.11222/hisetjournal1986.7.0_183","url":"https://doi.org/10.11222/hisetjournal1986.7.0_183"},"ra":"JaLC","siteId":"SI/JST.JSTAGE","updated_date":"2014-12-09"},{"dois":{"doi":"10.11222/hisetjournal1986.7.0_19","url":"https://doi.org/10.11222/hisetjournal1986.7.0_19"},"ra":"JaLC","siteId":"SI/JST.JSTAGE","updated_date":"2014-12-09"},{"dois":{"doi":"10.11222/hisetjournal1986.7.0_31","url":"https://doi.org/10.11222/hisetjournal1986.7.0_31"},"ra":"JaLC","siteId":"SI/JST.JSTAGE","updated_date":"2014-12-09"},{"dois":{"doi":"10.11222/hisetjournal1986.7.0_49","url":"https://doi.org/10.11222/hisetjournal1986.7.0_49"},"ra":"JaLC","siteId":"SI/JST.JSTAGE","updated_date":"2014-12-09"},{"dois":{"doi":"10.11222/hisetjournal1986.7.0_87","url":"https://doi.org/10.11222/hisetjournal1986.7.0_87"},"ra":"JaLC","siteId":"SI/JST.JSTAGE","updated_date":"2014-12-09"},{"dois":{"doi":"10.11222/hisetjournal1986.8.0_1","url":"https://doi.org/10.11222/hisetjournal1986.8.0_1"},"ra":"JaLC","siteId":"SI/JST.JSTAGE","updated_date":"2014-12-09"},{"dois":{"doi":"10.11222/hisetjournal1986.8.0_123","url":"https://doi.org/10.11222/hisetjournal1986.8.0_123"},"ra":"JaLC","siteId":"SI/JST.JSTAGE","updated_date":"2014-12-09"},{"dois":{"doi":"10.11222/hisetjournal1986.8.0_141","url":"https://doi.org/10.11222/hisetjournal1986.8.0_141"},"ra":"JaLC","siteId":"SI/JST.JSTAGE","updated_date":"2014-12-09"},{"dois":{"doi":"10.11222/hisetjournal1986.8.0_151","url":"https://doi.org/10.11222/hisetjournal1986.8.0_151"},"ra":"JaLC","siteId":"SI/JST.JSTAGE","updated_date":"2014-12-09"},{"dois":{"doi":"10.11222/hisetjournal1986.8.0_161","url":"https://doi.org/10.11222/hisetjournal1986.8.0_161"},"ra":"JaLC","siteId":"SI/JST.JSTAGE","updated_date":"2014-12-09"},{"dois":{"doi":"10.11222/hisetjournal1986.8.0_23","url":"https://doi.org/10.11222/hisetjournal1986.8.0_23"},"ra":"JaLC","siteId":"SI/JST.JSTAGE","updated_date":"2014-12-09"},{"dois":{"doi":"10.11222/hisetjournal1986.8.0_41","url":"https://doi.org/10.11222/hisetjournal1986.8.0_41"},"ra":"JaLC","siteId":"SI/JST.JSTAGE","updated_date":"2014-12-09"},{"dois":{"doi":"10.11222/hisetjournal1986.8.0_59","url":"https://doi.org/10.11222/hisetjournal1986.8.0_59"},"ra":"JaLC","siteId":"SI/JST.JSTAGE","updated_date":"2014-12-09"},{"dois":{"doi":"10.11222/hisetjournal1986.8.0_75","url":"https://doi.org/10.11222/hisetjournal1986.8.0_75"},"ra":"JaLC","siteId":"SI/JST.JSTAGE","updated_date":"2014-12-09"},{"dois":{"doi":"10.11222/hisetjournal1986.9.0_1","url":"https://doi.org/10.11222/hisetjournal1986.9.0_1"},"ra":"JaLC","siteId":"SI/JST.JSTAGE","updated_date":"2014-12-09"},{"dois":{"doi":"10.11222/hisetjournal1986.9.0_107","url":"https://doi.org/10.11222/hisetjournal1986.9.0_107"},"ra":"JaLC","siteId":"SI/JST.JSTAGE","updated_date":"2014-12-09"},{"dois":{"doi":"10.11222/hisetjournal1986.9.0_15","url":"https://doi.org/10.11222/hisetjournal1986.9.0_15"},"ra":"JaLC","siteId":"SI/JST.JSTAGE","updated_date":"2014-12-09"},{"dois":{"doi":"10.11222/hisetjournal1986.9.0_157","url":"https://doi.org/10.11222/hisetjournal1986.9.0_157"},"ra":"JaLC","siteId":"SI/JST.JSTAGE","updated_date":"2014-12-09"},{"dois":{"doi":"10.11222/hisetjournal1986.9.0_177","url":"https://doi.org/10.11222/hisetjournal1986.9.0_177"},"ra":"JaLC","siteId":"SI/JST.JSTAGE","updated_date":"2014-12-09"},{"dois":{"doi":"10.11222/hisetjournal1986.9.0_37","url":"https://doi.org/10.11222/hisetjournal1986.9.0_37"},"ra":"JaLC","siteId":"SI/JST.JSTAGE","updated_date":"2014-12-09"},{"dois":{"doi":"10.11222/hisetjournal1986.9.0_49","url":"https://doi.org/10.11222/hisetjournal1986.9.0_49"},"ra":"JaLC","siteId":"SI/JST.JSTAGE","updated_date":"2014-12-09"},{"dois":{"doi":"10.11222/hisetjournal1986.9.0_69","url":"https://doi.org/10.11222/hisetjournal1986.9.0_69"},"ra":"JaLC","siteId":"SI/JST.JSTAGE","updated_date":"2014-12-09"},{"dois":{"doi":"10.11222/hisetjournal1986.9.0_77","url":"https://doi.org/10.11222/hisetjournal1986.9.0_77"},"ra":"JaLC","siteId":"SI/JST.JSTAGE","updated_date":"2014-12-09"}]}}