{"status":"OK","apiType":"doi","apiVersion":"1.0.0","message":{"total":1,"rows":1,"totalPages":1,"page":1},"data":{"siteId":"SI/JST.JSTAGE","content_type":"JA","doi":"10.11222/hisetjournal1986.15.0_51","url":"https://doi.org/10.11222/hisetjournal1986.15.0_51","ra":"JaLC","prefix":"10.11222","site_name":"J-STAGE","publisher_list":[{"publisher_name":"Society for Historical Studies of English Teaching in Japan","lang":"en"},{"publisher_name":"日本英語教育史学会","lang":"ja"}],"title_list":[{"lang":"ja","title":"学習指導要領「必修語」の選定に関する歴史的考察-頻度と定義可能度による必修語リストの評価-"}],"creator_list":[{"sequence":"1","type":"person","names":[{"lang":"ja","last_name":"馬本","first_name":"勉"}]}],"publication_date":{"publication_year":"2000"},"relation_list":[{"content":"https://www.jstage.jst.go.jp/article/hisetjournal1986/15/0/15_51/_pdf","type":"URL","relation":"fullTextPdf"}],"content_language":"ja","updated_date":"2014-12-09","article_type":"pub","journal_id_list":[{"journal_id":"0916-006X","type":"ISSN","issn_type":"print"},{"journal_id":"2187-1779","type":"ISSN","issn_type":"online"},{"journal_id":"hisetjournal1986","type":"JID"}],"journal_title_name_list":[{"journal_title_name":"HiSET Journal: Journal on Historical Studies of English Teaching in Japan","type":"full","lang":"en"},{"journal_title_name":"HiSET Journal","type":"abbreviation","lang":"en"},{"journal_title_name":"日本英語教育史研究","type":"full"},{"journal_title_name":"日本英語教育史研究","type":"abbreviation"}],"journal_classification":"01","recorded_year":"1986-2008","volume":"15","issue":"0","first_page":"51","last_page":"71","date":"2012-10-29","citation_list":[{"sequence":"1","original_text":"安達健二編『中学校新教育課程-問題点とその解説』帝国地方行政学会, 1961."},{"sequence":"2","original_text":"新井洋一「電子辞書の英語学研究への応用」斎藤俊雄ほか編『英語コーパス言語学』研究社出版, 1998. 211-232."},{"sequence":"3","original_text":"Bongers, H. The Second Interim Report on Vocabulary Selection. \" The Bulletin of the Institute for Research in English Teaching 125 (1936): 21-22."},{"sequence":"4","original_text":"Carter, R, and M. McCarthy, ed. Vocabulary and Language Teaching. Harlow: Longman, 1988."},{"sequence":"5","original_text":"中條清美『英語教育基本語彙の選定に関する研究』(学位請求論文)千葉大学大学院自然科学研究科, 1991."},{"sequence":"6","original_text":"中央教育研究所『昭和62年度版中学校英語教科書における語彙調査』1987."},{"sequence":"7","original_text":"Faucett, L., et al. Interim Report on Vocabulary Selection. London: P. S King and Sonk, 1936."},{"sequence":"8","original_text":"Francis, W. N, and H. Kueera. Frequency Analysis of English Usage: Lexicon and Grammar, Boston: Houghton Mifflin Company, 1982."},{"sequence":"9","original_text":"Fries, C. and A. Traver. English Word Lists. 増山節夫訳 『英語の制限単語表』 大修館書店, 1958."},{"sequence":"10","original_text":"幡上義弘「文部省必修語をめぐって(上)(下)」『現代英語教育』29. 8(1992a): 25-28, 29. 8(1992b): 25-2&amp;"},{"sequence":"11","original_text":"羽鳥博愛・若林俊輔「指導要領に関するアンケートを集計して」『現代英語教育』138(1976): 2-9."},{"sequence":"12","original_text":"速川浩『教科書に現われた英語単語の研究』大修館書店, 1966."},{"sequence":"13","original_text":"堀内克明『提示順序と使用頻度』『現代英語教育』13. 6(1976): 4-5."},{"sequence":"14","original_text":"井出祥子「文化意味論の見地から: 生きた英語へのアプローチ」『現代英語教育』136(1976): 8-9."},{"sequence":"15","original_text":"伊村元道『パーマーと日本の英語教育』大修館書店, 1997."},{"sequence":"16","original_text":"稲村松雄・鳥居次好『必修語彙の研究』開隆堂出版, 1956."},{"sequence":"17","original_text":"Kelly, L. 25 Centuries of Language Teaching. Massachusetts: Newbury House, 1969."},{"sequence":"18","original_text":"清川英男「選定リスト試案」『英語教育ジャーナル』2. 4(1981): 27-32."},{"sequence":"19","original_text":"隈部直光「指導要領ご辞退申しあげ候」『現代英語教育』13. 3(1976): 2-4."},{"sequence":"20","original_text":"Mackey, W. F. Language Teaching Analysis. London: Longmans, Green, 1965."},{"sequence":"21","original_text":"Mackey, W. F., and J. -G. Savard. &ldquo;The Indices of Coverage: A New Dimension in Lexicometrics.&rdquo; IRAL 5. 2-3 (1967): 71-121."},{"sequence":"22","original_text":"水谷静夫『語彙』(朝倉日本語新講座2)朝倉書店, 1983."},{"sequence":"23","original_text":"文部省『中学校指導書外国語編』開隆堂出版, 1978."},{"sequence":"24","original_text":"文部省『中学校指導書外国語編』開隆堂出版, 1989."},{"sequence":"25","original_text":"文部省『中学校学習指導要領(平成10年12月)解説外国語編』東京書籍1999."},{"sequence":"26","original_text":"村田年「英語教育における語彙制限」『言語文化論叢』3(千葉大学外国語センター)(1997): 27-37."},{"sequence":"27","original_text":"中村敬「コミュニケーションのための基本語彙」『現代英語教育』13. 6(1976): 2-3."},{"sequence":"28","original_text":"中村紀久二監『文部省学習指導書第26巻外国語編』大空社, 1991."},{"sequence":"29","original_text":"Nation, P., and R. Waring. \"Vocabulary size, text coverage, and word lists. \" Schmitt, N., and M. McCarthy, ed. Vocabulary: Description, Acquisition and Pedagogy. Cambridge: CUP, 1997. 6-19."},{"sequence":"30","original_text":"小笠原林樹「慣用事実からみた共通語彙表」『現代英語教育』13. 6(1976a): 10-11."},{"sequence":"31","original_text":"小笠原林樹「指定語彙の数とその構成の問題点」『現代英語教育』13. 6(1976b): 28"},{"sequence":"32","original_text":"Ogden, C. K. Basic English. London: K. Paul, Trench, Trubner, 1930."},{"sequence":"33","original_text":"大村喜吉ほか編『英語教育史資料 第1巻 英語教育課程の変遷』東京法令出版, 1980."},{"sequence":"34","original_text":"大西雅雄『パーマ博士と英語教授理論』開拓社, 1969."},{"sequence":"35","original_text":"太田垣正義『英語教育学・理論と実践の結合-語彙指導と語彙研究』開文社, 1999."},{"sequence":"36","original_text":"Oxford English Dictionary Second Edition on Compact Disc. Oxford: OUP, 1994."},{"sequence":"37","original_text":"小篠敏明『Harold E, Palmerの英語教授法に関する研究: 日本における展開を中心として』第一学習社, 1995."},{"sequence":"38","original_text":"Palmer, H. E. Second Interim Report on Vocabulary Selection. Tokyo: The Institute for Research in English Teaching, 1931."},{"sequence":"39","original_text":"Palmer, H. E. &ldquo;The History and Present State of the Movement towards Vocabulary Control.&rdquo; The Bulletin of the Institute for Research in English Teaching 120 (1936a): 14-17, 121 (1936b): 19-23."},{"sequence":"40","original_text":"Richards, J. C. &ldquo;Word Lists: Problems and Prospects.&rdquo; RELC Journal 5. 2 (1974): 69-84."},{"sequence":"41","original_text":"佐藤喬ほか「新指導要領案をめぐって」『現代英語教育』14. 5(1977): 5ー14."},{"sequence":"42","original_text":"清水貞助「中学・高校の一貫性について」佐々木輝夫ほか『学校英語の展望』(現代の英語教育4)研究社, 1979. 52-76."},{"sequence":"43","original_text":"宍戸良平「我が国英悟教育界の問題点」『英語教育』26. 4(1977): 38-41."},{"sequence":"44","original_text":"竹蓋幸生「基本語彙を見直す」『現代英語教育』23. 6(1986): 6-8."},{"sequence":"45","original_text":"竹蓋幸生・中條清美「語彙リストの客観的評価, 比較のための有効度指標の開発」『言語行動の研究』3(千葉大学英語学言語行動研究会)(1993): 68-84."},{"sequence":"46","original_text":"Thorndike, E., and I. Lorge. The Teacher's Word Book of 30, 000 Words. New York: Teacher's College, Columbia University, 1944."},{"sequence":"47","original_text":"鳥居次好「指導要領と教科書の英語」『英語教育』20. 3(1971): 6-9."},{"sequence":"48","original_text":"Umamoto, T. &ldquo;Vocabulary Teaching in an EFL Context.&rdquo; Master Thesis, Faculty of School Education, Hiroshima University, 1989."},{"sequence":"49","original_text":"馬本勉「学習指導要領の必修語の変遷について」日本英学史学会広島支部第40回研究例会(5/29)発表資料, 1999."},{"sequence":"50","original_text":"若林俊輔「学習指導要領の変遷」『英語教育』20. 10(1971): 42-44. 「教育内容の精選論: 少ないことはいいことか」『現代英語教育』13. 4(1976): 8-10."},{"sequence":"51","original_text":"若林俊輔『これからの英語教師』大修館書店, 1983."},{"sequence":"52","original_text":"若林俊輔『「指定語」の変遷をたどる』1999."},{"sequence":"53","original_text":"矢崎憂生「改善もいくつかあるが... 」『英語教育』26. 3(1977): 40."}]}}