{"status":"OK","apiType":"doi","apiVersion":"1.0.0","message":{"total":1,"rows":1,"totalPages":1,"page":1},"data":{"siteId":"SI/JST.JSTAGE","content_type":"JA","doi":"10.11222/hisetjournal1986.20.0_7","url":"https://doi.org/10.11222/hisetjournal1986.20.0_7","ra":"JaLC","prefix":"10.11222","site_name":"J-STAGE","publisher_list":[{"publisher_name":"Society for Historical Studies of English Teaching in Japan","lang":"en"},{"publisher_name":"日本英語教育史学会","lang":"ja"}],"title_list":[{"lang":"ja","title":"「文法・訳読式教授法」の定義再考"}],"creator_list":[{"sequence":"1","type":"person","names":[{"lang":"ja","last_name":"平賀","first_name":"優子"}]}],"publication_date":{"publication_year":"2005"},"relation_list":[{"content":"https://www.jstage.jst.go.jp/article/hisetjournal1986/20/0/20_7/_pdf","type":"URL","relation":"fullTextPdf"}],"content_language":"ja","updated_date":"2014-12-09","article_type":"pub","journal_id_list":[{"journal_id":"0916-006X","type":"ISSN","issn_type":"print"},{"journal_id":"2187-1779","type":"ISSN","issn_type":"online"},{"journal_id":"hisetjournal1986","type":"JID"}],"journal_title_name_list":[{"journal_title_name":"HiSET Journal: Journal on Historical Studies of English Teaching in Japan","type":"full","lang":"en"},{"journal_title_name":"HiSET Journal","type":"abbreviation","lang":"en"},{"journal_title_name":"日本英語教育史研究","type":"full"},{"journal_title_name":"日本英語教育史研究","type":"abbreviation"}],"journal_classification":"01","recorded_year":"1986-2008","volume":"20","issue":"0","first_page":"7","last_page":"26","date":"2012-10-29","citation_list":[{"sequence":"1","original_text":"飯野至誠『英語の教育一変遷の実践』大修館書店, 1985"},{"sequence":"2","original_text":"伊藤嘉一「英語教育方法論史概説」『英語教育」1976年7月増刊号"},{"sequence":"3","original_text":"伊藤嘉一『英語教授法のすべて』大修館書店, 1984"},{"sequence":"4","original_text":"伊村元道『日本の英語教育200年』大修館書店, 2003"},{"sequence":"5","original_text":"大橋克洋「文法訳読教授法とわが国の文化土壌」『わが国における外国語研究・教育の史的考察-歴史と展望-(下)』大阪外国語大学, 1990"},{"sequence":"6","original_text":"小川芳男他編『英語教授法』研究社, 1964"},{"sequence":"7","original_text":"小川芳男他編『現代の英語教育3英語教授法各論』研究社出版, 1978"},{"sequence":"8","original_text":"小川芳男編『英語教授法辞典』三省堂, 1982"},{"sequence":"9","original_text":"小篠敏明・佐々木昭「英語教育原論」片山嘉雄他編『新. 英語科教育の研究』大修館書店, 1994, pp. 2-49"},{"sequence":"10","original_text":"垣田直巳「訳読式教授法」小川芳男他編『現代の英語教育3英語教授法各論』, 砺究社出版, 1978, pp. 116-133"},{"sequence":"11","original_text":"垣田直巳編『英語教育学研究ハンドブック』大修館書店, 1979"},{"sequence":"12","original_text":"片山寛『わが国における英語教授法の沿革』研究社, 1935"},{"sequence":"13","original_text":"片山嘉雄他編『新・英語科教育の研究』大修館書店, 1994"},{"sequence":"14","original_text":"川澄哲夫「訳読の歴史一江戸時代から今日まで」『英語教育』1976年7月増刊号"},{"sequence":"15","original_text":"定宗数松『英語教授法概論』研究社, 1936"},{"sequence":"16","original_text":"澤村寅二郎『訳読と翻訳』研究社, 1935"},{"sequence":"17","original_text":"高久清吉『教授学一一教科教育学の構造』共同出版, 1968"},{"sequence":"18","original_text":"田崎清忠『現代英語教授法総覧』大修館書店, 1995"},{"sequence":"19","original_text":"出来成訓『日本英語教育史考』東京法令出版, 1994"},{"sequence":"20","original_text":"外山正一『英語教授法』大日本図書, 1897"},{"sequence":"21","original_text":"中村敬「現在の教授法でも効果は上がる一教育環境の抜本的改革を」『英語教育』1975年2月号"},{"sequence":"22","original_text":"永盛一号『英語の教育』大修館書店, 1983"},{"sequence":"23","original_text":"名柄適・茅野直子・中西家栄子『外国語教育理論の史的発展と日本語教育』アルク, 1989"},{"sequence":"24","original_text":"松村幹男『明治期英語教育研究』辞游社, 1997"},{"sequence":"25","original_text":"茂住實男『洋語教授法史研究一文法・訳読法の成立と展開を通して一』学文社, 1989"},{"sequence":"26","original_text":"Hesse, M. G. Approaches to Teaching Foreign Languages Northholland Publishing Co., 1975"},{"sequence":"27","original_text":"Howatt, A. P. R. A History of English Language Teaching Oxford University Press, 1984"},{"sequence":"28","original_text":"Kelly, L. G. 25Centuries of Language Teaching Rowley, 1969"},{"sequence":"29","original_text":"Mackey, William F. Language Teaching Analysis Longman, 1965"},{"sequence":"30","original_text":"Ozasa, Toshiaki English Teaching Methodology in Japan: a Historical Perspective Keisuisha, 2001"},{"sequence":"31","original_text":"Titone, Renzo. Teaching Foreign Language: An Historical Sketch Georgetown University Press, 1968"}]}}