{"status":"OK","apiType":"doi","apiVersion":"1.0.0","message":{"total":1,"rows":1,"totalPages":1,"page":1},"data":{"siteId":"SI/JST.JSTAGE","content_type":"JA","doi":"10.11222/hisetjournal1986.21.0_1","url":"https://doi.org/10.11222/hisetjournal1986.21.0_1","ra":"JaLC","prefix":"10.11222","site_name":"J-STAGE","publisher_list":[{"publisher_name":"Society for Historical Studies of English Teaching in Japan","lang":"en"},{"publisher_name":"日本英語教育史学会","lang":"ja"}],"title_list":[{"lang":"ja","title":"New National Readers に託された精神:National Readersとの比較考察"}],"creator_list":[{"sequence":"1","type":"person","names":[{"lang":"ja","last_name":"下田","first_name":"彰子"}]}],"publication_date":{"publication_year":"2006"},"relation_list":[{"content":"https://www.jstage.jst.go.jp/article/hisetjournal1986/21/0/21_1/_pdf","type":"URL","relation":"fullTextPdf"}],"content_language":"ja","updated_date":"2014-12-09","article_type":"pub","journal_id_list":[{"journal_id":"0916-006X","type":"ISSN","issn_type":"print"},{"journal_id":"2187-1779","type":"ISSN","issn_type":"online"},{"journal_id":"hisetjournal1986","type":"JID"}],"journal_title_name_list":[{"journal_title_name":"HiSET Journal: Journal on Historical Studies of English Teaching in Japan","type":"full","lang":"en"},{"journal_title_name":"HiSET Journal","type":"abbreviation","lang":"en"},{"journal_title_name":"日本英語教育史研究","type":"full"},{"journal_title_name":"日本英語教育史研究","type":"abbreviation"}],"journal_classification":"01","recorded_year":"1986-2008","volume":"21","issue":"0","first_page":"1","last_page":"20","date":"2012-10-29","citation_list":[{"sequence":"1","first_page":"1863","publication_date":{"publication_year":"1982"},"original_text":"Parker, Richard G. and Watson, J. Madison. The National First Reader; or Word-Builder. Revised Edition. New York: Barnes &amp; Burr, Publishers, 1863."},{"sequence":"2","original_text":"Parker, Richard Greene and Watson, J. Madison. The National Second Reader. New York and Chicago: A. S. Barnes &amp; Company, 1875."},{"sequence":"3","original_text":"Parker, Richard G., A. M. and Watson, J. Madison. The National Third Reader. New York and Chicago: A. S. Barnes &amp; Company, 1872."},{"sequence":"4","original_text":"The National Fourth Reader. New York: A. S. Barnes &amp; Burr, 1862."},{"sequence":"5","volume":"1994","first_page":"1859","publication_date":{"publication_year":"1994"},"original_text":"The National Fifth Reader. New York: A. S. Barnes &amp; CO., 1859."},{"sequence":"6","volume":"4","first_page":"1883","publication_date":{"publication_year":"1994"},"original_text":"New National First Reader. New York and Chicago: A. S. Barnes &amp; Company, 1883."},{"sequence":"6","volume":"4","first_page":"1883","publication_date":{"publication_year":"1994"},"original_text":"New National Second Reader. New York and Chicago: A. S. Barnes &amp; Company, 1883."},{"sequence":"7","volume":"4","first_page":"1883","publication_date":{"publication_year":"1994"},"original_text":"New National First Reader. New York and Chicago: A. S. Barnes &amp; Company, 1883."},{"sequence":"7","volume":"4","first_page":"1883","publication_date":{"publication_year":"1994"},"original_text":"New National Second Reader. New York and Chicago: A. S. Barnes &amp; Company, 1883."},{"sequence":"8","original_text":"Thayer, S. Proctor, Ballard, Harlan H., Barnes, Charles J. New National Third Reader. 1884. New York, Cincinnati and Chicago: American Book Company, 1912."},{"sequence":"9","original_text":"Barnes, Charles J. New National Fourth Reader. 1884. New York, Cincinnati and Chicago: American Book Company, n. d."},{"sequence":"10","original_text":"池田哲郎(1968)「教育二英語教科書」『日本の英学一〇〇年明治編』研究社出版358-378."},{"sequence":"11","original_text":"伊村元道・若林俊輔(1980)『英語教育の歩み』中教出版"},{"sequence":"12","original_text":"植村邦彦(2001)『「近代」を支える思想-市民社会・世界史・ナショナリズム-』ナカニシヤ出版"},{"sequence":"13","original_text":"小篠敏明・中村愛人(2001)『明治・大正・昭和初期の英語教科書に関する研究-質的分析と解題-』渓水社."},{"sequence":"14","original_text":"小篠敏明・江利川春雄ほか(2004)『英語教科書の歴史的研究』辞游社."},{"sequence":"15","original_text":"本多仁禮士(2005)「New National Readersの先行本に関する研究」日本英語教育史学会『日本英語教育史研究』20: 47-64."},{"sequence":"16","original_text":"Bederman, Gail (1995). Manliness &amp; Civilization: A Cultural History of Gender and Race in the United States, 1880-1917. USA: The University of Chicago Press."},{"sequence":"17","original_text":"Burstyn, Joan N (1980). Victorian Education and the Ideal of Womanhood. London: Croom Helm Ltd."},{"sequence":"18","original_text":"Cohen, Sol. ed (1974). Education in the United States: A Documentary History. 4 vols. New York: Random House, Inc."},{"sequence":"19","original_text":"Halttunen, Karen (1982). Confidence Men and Painted Women: A Study of Middleclass Culture in America, 1830-1870. New Heaven and London: Yale Uni v ersity Press."},{"sequence":"20","original_text":"Kerber, Linda K (1980). Women of the Republic: Intellect and Ideology in Revolutionary America. USA: The University of North Carolina Press."},{"sequence":"21","original_text":"Marsh, Margaret (1990). Suburban Lives. USA: Rutgers University Press."},{"sequence":"22","original_text":"Mosier, Richard D (1965). Making American Mind: Social and Moral Ideas in the McGuffey Readers. New York: Russell &amp; Russell, INC."},{"sequence":"23","original_text":"Rose, Jane E (1995). &ldquo;Conduct Books for Women, 1830-1860: A Rationale for Women's Conduct and Domestic Role in America.&rdquo; Nineteen-Century Women Learn t o Write. Ed. Catherine Hobbs. Charlottesville: The University Press in Virginia, 37-5 8."},{"sequence":"24","original_text":"Ryan, Mary P (1981). Cradle of the Middle Class: The Family in Oneida County, New York, 1790-1865. USA: Cambridge University Press."},{"sequence":"25","original_text":"Tebbel, John (1972). A History of Book Publishing in the United States Volume 1: The Creation of an Industry, 1630-1865. New York: A Xerox Education Company."},{"sequence":"26","original_text":"(1975). A History of Book Publishing in the United States V o lume 2: The Expansion of an Industry, 1865-1919. New York: A Xerox Education Company."},{"sequence":"27","original_text":"Waldman, Carl (1985). Atlas of the North American Indian. New York: Fac ts On File, Inc."},{"sequence":"28","original_text":"Webster, Noah (1789). Dissertations on the English Language. Reprint, Florida: Scholars' Facsimiles &amp; Reprints, 1951."},{"sequence":"29","original_text":"Wiggin, Gladys A (1962). Education and Nationalism: An Historical Interpretation of American Education. USA: McGraw-Hill Book Company, Inc."},{"sequence":"30","original_text":"Zimet, Sara G., J. Lawrence Wiberg and Gaston E. Blom (1872). &ldquo;Attitudes and Values in Primers from the United States and Twelve Other Countries.&rdquo; What Children Read in School. Ed. Sara Goodman Zimet. New York: Grune &amp; Stratton, 99-114."}]}}