{"status":"OK","apiType":"doi","apiVersion":"1.0.0","message":{"total":1,"rows":1,"totalPages":1,"page":1},"data":{"siteId":"SI/JST.JSTAGE","content_type":"JA","doi":"10.11222/hisetjournal1986.14.0_41","url":"https://doi.org/10.11222/hisetjournal1986.14.0_41","ra":"JaLC","prefix":"10.11222","site_name":"J-STAGE","publisher_list":[{"publisher_name":"Society for Historical Studies of English Teaching in Japan","lang":"en"},{"publisher_name":"日本英語教育史学会","lang":"ja"}],"title_list":[{"lang":"ja","title":"成田英漢義塾および旧制成田中学校における英語教育-明治時代-"}],"creator_list":[{"sequence":"1","type":"person","names":[{"lang":"ja","last_name":"寺澤","first_name":"美代子"}]}],"publication_date":{"publication_year":"1999"},"relation_list":[{"content":"https://www.jstage.jst.go.jp/article/hisetjournal1986/14/0/14_41/_pdf","type":"URL","relation":"fullTextPdf"}],"content_language":"ja","updated_date":"2014-12-09","article_type":"pub","journal_id_list":[{"journal_id":"0916-006X","type":"ISSN","issn_type":"print"},{"journal_id":"2187-1779","type":"ISSN","issn_type":"online"},{"journal_id":"hisetjournal1986","type":"JID"}],"journal_title_name_list":[{"journal_title_name":"HiSET Journal: Journal on Historical Studies of English Teaching in Japan","type":"full","lang":"en"},{"journal_title_name":"HiSET Journal","type":"abbreviation","lang":"en"},{"journal_title_name":"日本英語教育史研究","type":"full"},{"journal_title_name":"日本英語教育史研究","type":"abbreviation"}],"journal_classification":"01","recorded_year":"1986-2008","volume":"14","issue":"0","first_page":"41","last_page":"66","date":"2012-10-29","citation_list":[{"sequence":"1","original_text":"(1)『史料日本の教育』神田修・山住正己編, 学陽書房, 昭和53年"},{"sequence":"2","original_text":"(2)『史料教育法』神田修. 平原春好・寺崎昌男編, 学陽書房, 1973年"},{"sequence":"3","original_text":"(3)「増補新日本教育史」著者代表加藤仁平, 協同出版, 昭和48年"},{"sequence":"4","original_text":"(4)『成田中学校沿革史』成田中学校校友会, 昭和4年"},{"sequence":"5","original_text":"(5)「創立60周年記念成田高等学校史」成田高等学校, 昭和33年"},{"sequence":"6","original_text":"(6)『千葉県教育史』第三巻, 千葉県教育会, 1979年"},{"sequence":"7","original_text":"(7)『千葉県教育百年史』1・II, 千葉県教育委員会, 昭和50年"},{"sequence":"8","original_text":"(8)「千葉大百科事典」千葉日報社, 昭和57年"},{"sequence":"9","original_text":"(9)『日本近代文学大辞典』講談社, 昭和53年"},{"sequence":"10","original_text":"(10) 「国史大辞典」吉川弘文館, 昭和59年"},{"sequence":"11","original_text":"(11)「成田図書館周甲記録」成田図書館, 昭和36年"},{"sequence":"12","original_text":"(12) 『成田五大教育事業の側面観』本圖晴之助記(「大日本学校衛生」第四巻第七号, 大日本衛生協会, 大正5年"},{"sequence":"13","original_text":"(13) 『新修成田山史』成田山新勝寺神崎照恵, 昭和43年"}]}}