{"status":"OK","apiType":"doi","apiVersion":"1.0.0","message":{"total":1,"rows":1,"totalPages":1,"page":1},"data":{"siteId":"SI/JST.JSTAGE","content_type":"JA","doi":"10.11222/hisetjournal1986.22.0_57","url":"https://doi.org/10.11222/hisetjournal1986.22.0_57","ra":"JaLC","prefix":"10.11222","site_name":"J-STAGE","publisher_list":[{"publisher_name":"Society for Historical Studies of English Teaching in Japan","lang":"en"},{"publisher_name":"日本英語教育史学会","lang":"ja"}],"title_list":[{"lang":"ja","title":"戦後中学校教科書における言語材料の変化についての考察"}],"creator_list":[{"sequence":"1","type":"person","names":[{"lang":"ja","last_name":"和田","first_name":"久"}]}],"publication_date":{"publication_year":"2007"},"relation_list":[{"content":"https://www.jstage.jst.go.jp/article/hisetjournal1986/22/0/22_57/_pdf","type":"URL","relation":"fullTextPdf"}],"content_language":"ja","updated_date":"2014-12-09","article_type":"pub","journal_id_list":[{"journal_id":"0916-006X","type":"ISSN","issn_type":"print"},{"journal_id":"2187-1779","type":"ISSN","issn_type":"online"},{"journal_id":"hisetjournal1986","type":"JID"}],"journal_title_name_list":[{"journal_title_name":"HiSET Journal: Journal on Historical Studies of English Teaching in Japan","type":"full","lang":"en"},{"journal_title_name":"HiSET Journal","type":"abbreviation","lang":"en"},{"journal_title_name":"日本英語教育史研究","type":"full"},{"journal_title_name":"日本英語教育史研究","type":"abbreviation"}],"journal_classification":"01","recorded_year":"1986-2008","volume":"22","issue":"0","first_page":"57","last_page":"77","date":"2012-10-29","citation_list":[{"sequence":"1","original_text":"萩原恭平・稲村松雄・竹澤啓一郎(1955) Standard Jack and Betty: English Step by Step, 全3巻開隆堂出版"},{"sequence":"2","original_text":"稲村松雄・磯尾哲夫. 納谷友一(1965) New Prince Readers. 全3巻 開隆堂出版"},{"sequence":"3","original_text":"稲村松雄・納谷友一・鳥居次好ほか(1977)New Prince English Course. 全3巻 開隆堂出版"},{"sequence":"4","original_text":"佐藤喬・佐藤秀志ほか(1986)Sunshine Engiish Course. 全3巻 開隆堂出版"},{"sequence":"5","original_text":"島岡丘・青木昭六. 松畑煕一・和田稔ほか(1996)Sunshine English Course 全3巻 開隆堂出版"},{"sequence":"6","original_text":"松畑煕一・松本青也・和田稔・佐野正之ほか(2005)Sunshine English Course. 全3巻 開隆堂出版"},{"sequence":"7","original_text":"稲村松雄(1986)『教科書中心昭和英語教育史』開隆堂出版"},{"sequence":"8","original_text":"稲村松雄(1993)『ジャックアンドベティーから21世紀へ』桐原書店"},{"sequence":"9","original_text":"大村喜吉・高梨健吉・出来成訓(編)(1980)『英語教育史資料1』(英語教育課程の変遷)東京法令出版"},{"sequence":"10","original_text":"大村喜吉・高梨健吉・出来成訓(編)(1980)『英語教育史資料3』(英語教科書の変遷)東京法令出版"},{"sequence":"11","original_text":"江利川春雄(2002)「戦後教科書の50年」『英語教育Fifty』(英語教育5月号別冊)大修館書店"},{"sequence":"12","original_text":"文部省(編)(1989)『中学校学習指導要領』大蔵省印刷局"},{"sequence":"13","original_text":"文部省(編)(1998)『中学校学習指導要領』大蔵省印刷局"}]}}