{"status":"OK","apiType":"doi","apiVersion":"1.0.0","message":{"total":1,"rows":1,"totalPages":1,"page":1},"data":{"siteId":"SI/JST.JSTAGE","content_type":"JA","doi":"10.11222/hisetjournal1986.15.0_113","url":"https://doi.org/10.11222/hisetjournal1986.15.0_113","ra":"JaLC","prefix":"10.11222","site_name":"J-STAGE","publisher_list":[{"publisher_name":"Society for Historical Studies of English Teaching in Japan","lang":"en"},{"publisher_name":"日本英語教育史学会","lang":"ja"}],"title_list":[{"lang":"ja","title":"刊行100年齋藤秀三郎 Practical English Grammar (1898-99) 管見"}],"creator_list":[{"sequence":"1","type":"person","names":[{"lang":"ja","last_name":"伊藤","first_name":"裕道"}]}],"publication_date":{"publication_year":"2000"},"relation_list":[{"content":"https://www.jstage.jst.go.jp/article/hisetjournal1986/15/0/15_113/_pdf","type":"URL","relation":"fullTextPdf"}],"content_language":"ja","updated_date":"2014-12-09","article_type":"pub","journal_id_list":[{"journal_id":"0916-006X","type":"ISSN","issn_type":"print"},{"journal_id":"2187-1779","type":"ISSN","issn_type":"online"},{"journal_id":"hisetjournal1986","type":"JID"}],"journal_title_name_list":[{"journal_title_name":"HiSET Journal: Journal on Historical Studies of English Teaching in Japan","type":"full","lang":"en"},{"journal_title_name":"HiSET Journal","type":"abbreviation","lang":"en"},{"journal_title_name":"日本英語教育史研究","type":"full"},{"journal_title_name":"日本英語教育史研究","type":"abbreviation"}],"journal_classification":"01","recorded_year":"1986-2008","volume":"15","issue":"0","first_page":"113","last_page":"132","date":"2012-10-29","citation_list":[{"sequence":"1","original_text":"出来成訓(1985)「解説」齋藤秀三郎著『実用英文典』名著普及会."},{"sequence":"2","original_text":"出来成訓(1998)「英語学習参考書の神様山崎貞」『啓林高英編』No. 143, 啓林館"},{"sequence":"3","original_text":"Dixon, J. M. (1886) English Lessons for Japanese Students, 1892, 共益商社書店."},{"sequence":"4","original_text":"江川泰一郎(19531, 19642, 19913)『英文法解説』金子書房."},{"sequence":"5","original_text":"江川泰一郎(1965)『英語クエスチョン・ボックス』日本英語教育協会"},{"sequence":"6","original_text":"江川泰一郎(1968)「関係代名詞について(1)(2)」『現代英語教育』研究社."},{"sequence":"7","original_text":"Hornby, A. S. (1954) A Guide to Patterns and Usage in English, OUP."},{"sequence":"8","original_text":"市河三喜(1912, 19547)『英文法研究』研究社."},{"sequence":"9","original_text":"池上嘉彦(1991)『(英文法)を考える』筑摩書房"},{"sequence":"10","original_text":"井上十吉(1898)『英文典講義』成美堂."},{"sequence":"11","original_text":"井上義昌編(1960)『英米語用法辞典』開拓社."},{"sequence":"12","original_text":"伊藤裕道(1996)「日本におけるComplement 『補語』成立の一考察」『日本英語教育史研究』第11号, 日本英語教育史学会."},{"sequence":"13","issue":"In Japanese","first_page":"1","publication_date":{"publication_year":"1997"},"original_text":"伊藤裕道(1997)「文法事項の史的検討(その1)-Sense Subject 及び the way how」『日本英語教育史研究』第12号日本英語教育史学会."},{"sequence":"14","original_text":"伊藤裕道(1998a)「『無生物主語の構文』の史的検討-英語教育の視点から-」佐野国際情報短期大学研究紀要第9号."},{"sequence":"15","original_text":"伊藤裕道(1998b)「いわゆる『クジラの公式』とその周辺-文法事項の史的検討(3)-」(口頭発表)日本英語教育史学会第14回全国大会."},{"sequence":"16","original_text":"伊藤裕道(1999a)「現在分詞と動名詞(-ingform)-文法事項の史的検討(4)-」『日本英語教育史研究』第11号, 日本英語教育史学会."},{"sequence":"17","original_text":"伊藤裕道(1999b)「『Upto+数詞』の強調表現」(ワークショップ口頭発表)英語語法文法学会第7回大会."},{"sequence":"18","original_text":"伊藤和夫編(19792)『英文法頻出問題演習』駿台文庫."},{"sequence":"19","original_text":"Jespersen, Otto (1924) The Philosophy of Grammar, George and Allen &amp; Unwin."},{"sequence":"20","original_text":"神田乃武(1900) Higher English Grammar, 三省堂"},{"sequence":"21","original_text":"河上道生(1993)「『私がその列車に30分ほど乗っていたら地震があった』の英訳文としてのWhen I had been on the train for half an hour, an earthquake struck. L I had been on the train for half an hour when an earthquake struck. の異同について」「Question Box」『英語教育』第42巻9号, 大修館."},{"sequence":"22","original_text":"川本茂雄(1976)「最近の言語学」『英語教育と英語学』大修館."},{"sequence":"23","original_text":"小西友七編(1991)『英語基本動詞辞典』研究社."},{"sequence":"24","original_text":"長井氏最編(19522, 19874)『英語ニューハンドブック』研究社."},{"sequence":"25","original_text":"中右実(1994)『認知意味論の原理』大修館書店."},{"sequence":"26","original_text":"Nesfield (1895, 19342) English Grammar Series. BOOK IV Idiom, Grammar, &amp;Synthesis, Macmillan."},{"sequence":"27","original_text":"新津米造(1941) A New Aduanced English Grammar 北星堂書店."},{"sequence":"28","original_text":"大村喜吉(1960)『斎藤秀三郎伝』吾妻書房."},{"sequence":"29","original_text":"大塚高信(1949)『英語学論考』研究社."},{"sequence":"30","original_text":"斎藤兆史(1998-99)「英語達人伝説(5)斎藤秀三郎(1)」「英語達人伝説(6)斎藤秀三郎(2)」『中央公論』第113巻第13号, 第114巻第1号中央公論社."},{"sequence":"31","original_text":"齋藤秀三郎(1889-99) Practical English Grammar (4 vols.) 興文社."},{"sequence":"32","original_text":"齋藤秀三郎著 出来成訓 解答解説(1985)『実用英文典』名著普及会."},{"sequence":"33","original_text":"佐々木高政(1954 2, 1973 5)『英文構成法』金子書房."},{"sequence":"34","original_text":"Swinton (1877) A Grammar containing the Etymology and Syntax of the English Language, rpt. 1892,三省堂"},{"sequence":"35","original_text":"高梨健吉(1970)『総解英文法』美誠社."},{"sequence":"36","original_text":"高梨健吉・出来成訓(1994)『英語教科書の歴史と解題』大空社."},{"sequence":"37","original_text":"龍口直太郎(1970 4)『英文解釈読本(基礎編)』開隆堂."},{"sequence":"38","original_text":"豊田実(1939)『日本英学史の研究』岩波書店."}]}}