{"status":"OK","apiType":"doi","apiVersion":"1.0.0","message":{"total":1,"rows":1,"totalPages":1,"page":1},"data":{"siteId":"SI/JST.JSTAGE","content_type":"JA","doi":"10.11222/hisetjournal1986.7.0_1","url":"https://doi.org/10.11222/hisetjournal1986.7.0_1","ra":"JaLC","prefix":"10.11222","site_name":"J-STAGE","publisher_list":[{"publisher_name":"Society for Historical Studies of English Teaching in Japan","lang":"en"},{"publisher_name":"日本英語教育史学会","lang":"ja"}],"title_list":[{"lang":"ja","title":"中村正直と英語"}],"creator_list":[{"sequence":"1","type":"person","names":[{"lang":"ja","last_name":"高橋","first_name":"俊昭"}]}],"publication_date":{"publication_year":"1992"},"relation_list":[{"content":"https://www.jstage.jst.go.jp/article/hisetjournal1986/7/0/7_1/_pdf","type":"URL","relation":"fullTextPdf"}],"content_language":"ja","updated_date":"2014-12-09","article_type":"pub","journal_id_list":[{"journal_id":"0916-006X","type":"ISSN","issn_type":"print"},{"journal_id":"2187-1779","type":"ISSN","issn_type":"online"},{"journal_id":"hisetjournal1986","type":"JID"}],"journal_title_name_list":[{"journal_title_name":"HiSET Journal: Journal on Historical Studies of English Teaching in Japan","type":"full","lang":"en"},{"journal_title_name":"HiSET Journal","type":"abbreviation","lang":"en"},{"journal_title_name":"日本英語教育史研究","type":"full"},{"journal_title_name":"日本英語教育史研究","type":"abbreviation"}],"journal_classification":"01","recorded_year":"1986-2008","volume":"7","issue":"0","first_page":"1","last_page":"17","date":"2012-10-29","citation_list":[{"sequence":"1","original_text":"(1)石井研堂『中村正直伝』成功雑誌社1907. p. 29f."},{"sequence":"2","original_text":"(2)石井研堂『中村正直伝』成功雑誌社1907. p. 19f."},{"sequence":"3","original_text":"(5)高橋昌郎『中村敬宇』吉川弘文館1966. p. 19."},{"sequence":"4","original_text":"(8) Hooiberg, T., A Complete Pocket-Dictionary of the English and Dutch Languages. 2 vols. Dordrecht, 1843 &amp; 1845."},{"sequence":"5","original_text":"(9)沼田次郎『洋学伝来の歴史』吉川弘文館1960. pp. 212-3."},{"sequence":"6","original_text":"(10)クラーク, E, W., 「日本滞在記」飯田宏訳講談社1967."},{"sequence":"7","original_text":"(12)石井研堂『中村正直伝』成功雑誌社1907. pp. 46-7."},{"sequence":"8","original_text":"(13)原平三「徳川幕府の英国留学生」『歴史地理』1942. 5. p, 30."},{"sequence":"9","original_text":"(14)原平三「徳川幕府の英国留学生」『歴史地理』1942. 5.pp. 37-8."},{"sequence":"10","original_text":"(15) Legett, T., &ldquo;A Japanese Family,&rdquo; originally in BBC Lectures: The Asian Phoenix, adopted in Study of Present-Day Japan. Wch 1960. p. 36."},{"sequence":"11","original_text":"(16)原平「徳川幕府の英国留学生」『歴史地理』1942. 5.p. 38."},{"sequence":"12","original_text":"(17)原平「徳川幕府の英国留学生」『歴史地理』1942. 5.p. 36."},{"sequence":"13","original_text":"(20)石井研堂『中村正直伝』成功雑誌社1907. p. 83f."},{"sequence":"14","original_text":"(23)森岡健二『近代語の成立-明治期語彙編』明治書院1969. p. 116ff."},{"sequence":"15","original_text":"(24) West, Michael, Learning to Read a Foreign Language and Other Essays on Language Teaching. Longmans, Green and Co., London, 1955. p. 28."},{"sequence":"16","original_text":"(25)小西友七他編『小学館プログレッシブ英和中辞典』1980."},{"sequence":"17","original_text":"(26)荻原隆『中村敬宇研究一明治啓蒙思想と理想主義』早稲田大学出版部1990. p. 118ff."},{"sequence":"18","original_text":"(27)松沢弘陽「『西国立志編』と『自由之理』の世界」『年報政治学』1975. p. 38ff."},{"sequence":"19","original_text":"(28)荻原隆『中村敬宇研究一明治啓蒙思想と理想主義』早稲田大学出版部1990. p. 101-2."},{"sequence":"20","original_text":"(29)大久保利謙「中村敬宇の初期洋学思想と『西国立志編』の訳述および刊行について」『史苑』1966. 1."},{"sequence":"21","original_text":"(30)荻原隆『中村敬宇研究一明治啓蒙思想と理想主義』早稲田大学出版部1990. p, 106f."},{"sequence":"22","original_text":"(31)福沢諭吉「学問のすすめ」『福沢諭吉全集』第3巻岩波書店1959. P. 30."}]}}