{"status":"OK","apiType":"doi","apiVersion":"1.0.0","message":{"total":1,"rows":1,"totalPages":1,"page":1},"data":{"siteId":"SI/JST.JSTAGE","content_type":"JA","doi":"10.11222/hisetjournal1986.13.0_97","url":"https://doi.org/10.11222/hisetjournal1986.13.0_97","ra":"JaLC","prefix":"10.11222","site_name":"J-STAGE","publisher_list":[{"publisher_name":"Society for Historical Studies of English Teaching in Japan","lang":"en"},{"publisher_name":"日本英語教育史学会","lang":"ja"}],"title_list":[{"lang":"ja","title":"中学校英語教科書<I>New Prince Readers</I>とハーンの \"Mujina\""}],"creator_list":[{"sequence":"1","type":"person","names":[{"lang":"ja","last_name":"石井","first_name":"俊彦"}]}],"publication_date":{"publication_year":"1998"},"relation_list":[{"content":"https://www.jstage.jst.go.jp/article/hisetjournal1986/13/0/13_97/_pdf","type":"URL","relation":"fullTextPdf"}],"content_language":"ja","updated_date":"2014-12-09","article_type":"pub","journal_id_list":[{"journal_id":"0916-006X","type":"ISSN","issn_type":"print"},{"journal_id":"2187-1779","type":"ISSN","issn_type":"online"},{"journal_id":"hisetjournal1986","type":"JID"}],"journal_title_name_list":[{"journal_title_name":"HiSET Journal: Journal on Historical Studies of English Teaching in Japan","type":"full","lang":"en"},{"journal_title_name":"HiSET Journal","type":"abbreviation","lang":"en"},{"journal_title_name":"日本英語教育史研究","type":"full"},{"journal_title_name":"日本英語教育史研究","type":"abbreviation"}],"journal_classification":"01","recorded_year":"1986-2008","volume":"13","issue":"0","first_page":"97","last_page":"108","date":"2012-10-29","citation_list":[{"sequence":"1","original_text":"稲村松雄『教科書中心 昭和英語教育史』開隆堂出版, 1986"},{"sequence":"2","original_text":"小泉八雲著・平川砧弘編『怪談・奇談』講談社学術文庫, 1990"},{"sequence":"3","original_text":"平川砧弘編『小泉八雲 回想と研究』講談社学術文庫, 1992"},{"sequence":"4","original_text":"稲田浩二・稲田和子編『日本昔話100選』講談社+α文庫, 1996"},{"sequence":"5","original_text":"山住正己『日本教育小史-近・現代-』岩波新書, 1987"},{"sequence":"6","original_text":"天満美智子『英文読解のストラテジー』大修館, 1989"}]}}