{"status":"OK","apiType":"doi","apiVersion":"1.0.0","message":{"total":1,"rows":1,"totalPages":1,"page":1},"data":{"siteId":"SI/JST.JSTAGE","content_type":"JA","doi":"10.11222/hisetjournal1986.10.0_11","url":"https://doi.org/10.11222/hisetjournal1986.10.0_11","ra":"JaLC","prefix":"10.11222","site_name":"J-STAGE","publisher_list":[{"publisher_name":"Society for Historical Studies of English Teaching in Japan","lang":"en"},{"publisher_name":"日本英語教育史学会","lang":"ja"}],"title_list":[{"lang":"ja","title":"学習指導要領の改訂と高等学校英語教育-戦後から今日に至る英語教育の変遷を概観して-"}],"creator_list":[{"sequence":"1","type":"person","names":[{"lang":"ja","last_name":"湯浅","first_name":"文子"}]}],"publication_date":{"publication_year":"1995"},"relation_list":[{"content":"https://www.jstage.jst.go.jp/article/hisetjournal1986/10/0/10_11/_pdf","type":"URL","relation":"fullTextPdf"}],"content_language":"ja","updated_date":"2014-12-09","article_type":"pub","journal_id_list":[{"journal_id":"0916-006X","type":"ISSN","issn_type":"print"},{"journal_id":"2187-1779","type":"ISSN","issn_type":"online"},{"journal_id":"hisetjournal1986","type":"JID"}],"journal_title_name_list":[{"journal_title_name":"HiSET Journal: Journal on Historical Studies of English Teaching in Japan","type":"full","lang":"en"},{"journal_title_name":"HiSET Journal","type":"abbreviation","lang":"en"},{"journal_title_name":"日本英語教育史研究","type":"full"},{"journal_title_name":"日本英語教育史研究","type":"abbreviation"}],"journal_classification":"01","recorded_year":"1986-2008","volume":"10","issue":"0","first_page":"11","last_page":"25","date":"2012-10-29","citation_list":[{"sequence":"1","original_text":"Chomsky, N. 1965: Aspects of the Theory of Syntax Cambridge, Mass.: MIT Press."},{"sequence":"2","original_text":"Hymes, D. H. 1971: On Communicative Competence. Philadelphia: University of Pennsylvania Press."},{"sequence":"3","original_text":"Larsen-Freeman, D. and Long, M. H. 1991. An Introduction to Second Language Acquisition. New York: Longman Group UK Limited."},{"sequence":"4","original_text":"長沢邦紘. 1993. 英語科におけるコミュニケーション能力育成の課題一改訂学習指導要領の意図するもの. 「茨城大学教育学部紀要(教育科学)」, 42号, PP. 113-131."},{"sequence":"5","original_text":"渡辺昌義. 1991. 学習指導要領の改訂と大学英語教育一コミュニケーション中心の英語科の構成と特徴.「愛知学院大学教養部紀要」, 38巻3号, PP. 95-117."},{"sequence":"6","original_text":"和田稔. 1994. 学習指導要領と言語習得, 「第二言語習得研究に基づく最新の英語教育」, 東京: 大修館, pp. 215-225."},{"sequence":"7","original_text":"Widdowson, H. G. 1978. Teaching Language As Communication, London: Oxford Univ. Press."},{"sequence":"8","original_text":"Wilkins, D. A. 1976. Notional Syllabuses. London: Oxford Univ. Press."}]}}