{"status":"OK","apiType":"doi","apiVersion":"1.0.0","message":{"total":1,"rows":1,"totalPages":1,"page":1},"data":{"siteId":"SI/JST.JSTAGE","content_type":"JA","doi":"10.11222/hisetjournal1986.13.0_1","url":"https://doi.org/10.11222/hisetjournal1986.13.0_1","ra":"JaLC","prefix":"10.11222","site_name":"J-STAGE","publisher_list":[{"publisher_name":"Society for Historical Studies of English Teaching in Japan","lang":"en"},{"publisher_name":"日本英語教育史学会","lang":"ja"}],"title_list":[{"lang":"ja","title":"ベルリッツ・メソッドについて","subtitle":"教材を中心に"}],"creator_list":[{"sequence":"1","type":"person","names":[{"lang":"ja","last_name":"南","first_name":"精一"}]}],"publication_date":{"publication_year":"1998"},"relation_list":[{"content":"https://www.jstage.jst.go.jp/article/hisetjournal1986/13/0/13_1/_pdf","type":"URL","relation":"fullTextPdf"}],"content_language":"ja","updated_date":"2014-12-09","article_type":"pub","journal_id_list":[{"journal_id":"0916-006X","type":"ISSN","issn_type":"print"},{"journal_id":"2187-1779","type":"ISSN","issn_type":"online"},{"journal_id":"hisetjournal1986","type":"JID"}],"journal_title_name_list":[{"journal_title_name":"HiSET Journal: Journal on Historical Studies of English Teaching in Japan","type":"full","lang":"en"},{"journal_title_name":"HiSET Journal","type":"abbreviation","lang":"en"},{"journal_title_name":"日本英語教育史研究","type":"full"},{"journal_title_name":"日本英語教育史研究","type":"abbreviation"}],"journal_classification":"01","recorded_year":"1986-2008","volume":"13","issue":"0","first_page":"1","last_page":"16","date":"2012-10-29","citation_list":[{"sequence":"1","original_text":"M. D. Berlitz: English Idioms and Grammar New York, 1916"},{"sequence":"2","original_text":"M. D. Berlitz: Erstes Buch fur den Urterricht in den neueren Sprachen Berlin, S. Cronbach, 1923"},{"sequence":"3","original_text":"竹中治郎『英語教育と新教授法』泰文堂, 1955"},{"sequence":"4","original_text":"福原麟太郎ほか『英語教育事典』研究社, 1961"},{"sequence":"5","original_text":"語研編『英語教授法事典』開拓社, 1962"},{"sequence":"6","original_text":"小川芳男ほか『現代英語教育講座2』研究社, 1964"},{"sequence":"7","original_text":"大西雅雄『パーマー博士と英語教授理論』開拓社, 1969"},{"sequence":"8","original_text":"小川芳男ほか『現代の英語教育3』研究社, 1978"},{"sequence":"9","original_text":"山浦拓造「ゲルハード御一家の業績」, 『東北学院英学史年報1号』東北学院1980"},{"sequence":"10","original_text":"小川芳男ほか『英語教授法事典』三省堂, 1982"},{"sequence":"11","original_text":"チャールズ・ベルリッツ『ベルリッツの世界言葉百科』新潮社, 1983"},{"sequence":"12","original_text":"小篠敏明『HaroldE. Pahnerの英語教授法に関する研究』第一学習社, 1995"},{"sequence":"13","original_text":"伊村元道『パーマーと日本の英語教育』大修館, 1997"}]}}