{"status":"OK","apiType":"doi","apiVersion":"1.0.0","message":{"total":1,"rows":1,"totalPages":1,"page":1},"data":{"siteId":"SI/JST.JSTAGE","content_type":"JA","doi":"10.11222/hisetjournal1986.19.0_107","url":"https://doi.org/10.11222/hisetjournal1986.19.0_107","ra":"JaLC","prefix":"10.11222","site_name":"J-STAGE","publisher_list":[{"publisher_name":"Society for Historical Studies of English Teaching in Japan","lang":"en"},{"publisher_name":"日本英語教育史学会","lang":"ja"}],"title_list":[{"lang":"ja","title":"Let'S Learn Englishの考察-内容と歴史的意義-"}],"publication_date":{"publication_year":"2004"},"relation_list":[{"content":"https://www.jstage.jst.go.jp/article/hisetjournal1986/19/0/19_107/_pdf","type":"URL","relation":"fullTextPdf"}],"content_language":"ja","updated_date":"2014-12-09","article_type":"pub","journal_id_list":[{"journal_id":"0916-006X","type":"ISSN","issn_type":"print"},{"journal_id":"2187-1779","type":"ISSN","issn_type":"online"},{"journal_id":"hisetjournal1986","type":"JID"}],"journal_title_name_list":[{"journal_title_name":"HiSET Journal: Journal on Historical Studies of English Teaching in Japan","type":"full","lang":"en"},{"journal_title_name":"HiSET Journal","type":"abbreviation","lang":"en"},{"journal_title_name":"日本英語教育史研究","type":"full"},{"journal_title_name":"日本英語教育史研究","type":"abbreviation"}],"journal_classification":"01","recorded_year":"1986-2008","volume":"19","issue":"0","first_page":"107","last_page":"127","date":"2012-10-29","citation_list":[{"sequence":"1","original_text":"1. 市河三喜主幹『新英語教育講座第一巻, 第二巻』研究社1948"},{"sequence":"2","original_text":"2.仲新『日本現代教育史』第一法規1969"},{"sequence":"3","original_text":"3. 高梨健吉.出来成訓『英語教科書の歴史と解題』(英語教科書名著選集・別巻)大空社1993"},{"sequence":"4","original_text":"4. 稲村松雄『教科書中心昭和英語教育史英語教科書はどう変ったか』開隆堂1986"},{"sequence":"5","original_text":"5.大田発編『戦後日本教育史』岩波書店1978"},{"sequence":"6","original_text":"6.五十嵐顕・伊ケ崎曉生編『戦後教育の歴史』青木書店1970"},{"sequence":"7","original_text":"7. 片山嘉雄.遠藤栄一・垣田直巳・佐々木昭編『新・英語科教育の研究』大修館書店1985"},{"sequence":"8","original_text":"8. 文部省『学制八十年史』文部省1954(昭和29年)"},{"sequence":"9","original_text":"9.若林俊輔編『昭和50年の英語教育』大修館書店1980"},{"sequence":"10","original_text":"10. 木名瀬信也・中村道子・江利川春雄「文部省著作(Let's Learn English)編集とその周辺」『日本英語教育史研究』第17号2002"}]}}