{"status":"OK","apiType":"doi","apiVersion":"1.0.0","message":{"total":1,"rows":1,"totalPages":1,"page":1},"data":{"siteId":"SI/JST.JSTAGE","content_type":"JA","doi":"10.11222/hisetjournal1986.10.0_163","url":"https://doi.org/10.11222/hisetjournal1986.10.0_163","ra":"JaLC","prefix":"10.11222","site_name":"J-STAGE","publisher_list":[{"publisher_name":"Society for Historical Studies of English Teaching in Japan","lang":"en"},{"publisher_name":"日本英語教育史学会","lang":"ja"}],"title_list":[{"lang":"ja","title":"実業学校における英語科教育の歴史(2)-商業学校を中心に-"}],"creator_list":[{"sequence":"1","type":"person","names":[{"lang":"ja","last_name":"江利川","first_name":"春雄"}]}],"publication_date":{"publication_year":"1995"},"relation_list":[{"content":"https://www.jstage.jst.go.jp/article/hisetjournal1986/10/0/10_163/_pdf","type":"URL","relation":"fullTextPdf"}],"content_language":"ja","updated_date":"2014-12-09","article_type":"pub","journal_id_list":[{"journal_id":"0916-006X","type":"ISSN","issn_type":"print"},{"journal_id":"2187-1779","type":"ISSN","issn_type":"online"},{"journal_id":"hisetjournal1986","type":"JID"}],"journal_title_name_list":[{"journal_title_name":"HiSET Journal: Journal on Historical Studies of English Teaching in Japan","type":"full","lang":"en"},{"journal_title_name":"HiSET Journal","type":"abbreviation","lang":"en"},{"journal_title_name":"日本英語教育史研究","type":"full"},{"journal_title_name":"日本英語教育史研究","type":"abbreviation"}],"journal_classification":"01","recorded_year":"1986-2008","volume":"10","issue":"0","first_page":"163","last_page":"206","date":"2012-10-29","citation_list":[{"sequence":"1","original_text":"『三重県立四目市商業学校一覧』, 1905"},{"sequence":"2","original_text":"『四日市商業高等学校八十年史』, 三重県立四日市商業高等学校, 1977"},{"sequence":"3","original_text":"『明野高校百年史』, 三重県立明野高等学校, 1980"},{"sequence":"4","issue":"株","first_page":"DENOVO2","publication_date":{"publication_year":"1972"},"original_text":"『四日市工業高等学校五十年史』, 三重県立四日市工業高等学校, 1972"},{"sequence":"5","original_text":"『創立三十周年記念誌』, 三重県立上野工業高等学校, 1974"},{"sequence":"6","original_text":"『松坂商業高等学校六十周年記念誌』, 三重県立松坂商業高等学校, 1980"},{"sequence":"7","original_text":"『百年史』, 鳥羽商船高等専門学校, 1981"},{"sequence":"8","original_text":"『富山商船高等専門学校70年史』, 1976"},{"sequence":"9","original_text":"『実教出版50年の足跡』, 実教出版株式会社, 1992"},{"sequence":"10","original_text":"『石川県教育史』第1, 2巻, 1975"},{"sequence":"11","original_text":"『東京教育史資料大系』第8, 9, 10巻, 1974"},{"sequence":"12","original_text":"『富山県教育史』(上), 1971"},{"sequence":"13","original_text":"『長野県教育史』第12, 13, 14, 15巻, 1980"},{"sequence":"14","original_text":"『三重県教育史』第1, 2, 3巻, 1980"},{"sequence":"15","original_text":"文部省実業学務局『全国実業学校二関スル諸調査』明治四十二年三月調査(1909), 大正十五年十月一日調査(1938), 昭和十五年十月一日調査(1942)"},{"sequence":"16","original_text":"文部省実業学務局『実業教育五十年史』1934, 続編1936"},{"sequence":"17","original_text":"実業教育五十周年記念会京都支部『実業教育五十年史』1936"},{"sequence":"18","original_text":"文部省『産業教育七十年史』1964"}]}}