{"status":"OK","apiType":"doi","apiVersion":"1.0.0","message":{"total":1,"rows":1,"totalPages":1,"page":1},"data":{"siteId":"SI/JST.JSTAGE","content_type":"JA","doi":"10.11222/hisetjournal1986.3.0_1","url":"https://doi.org/10.11222/hisetjournal1986.3.0_1","ra":"JaLC","prefix":"10.11222","site_name":"J-STAGE","publisher_list":[{"publisher_name":"Society for Historical Studies of English Teaching in Japan","lang":"en"},{"publisher_name":"日本英語教育史学会","lang":"ja"}],"title_list":[{"lang":"ja","title":"英語IIBの4年間-英語教育史的視点から-"}],"creator_list":[{"sequence":"1","type":"person","names":[{"lang":"ja","last_name":"村上","first_name":"英生"}]}],"publication_date":{"publication_year":"1988"},"relation_list":[{"content":"https://www.jstage.jst.go.jp/article/hisetjournal1986/3/0/3_1/_pdf","type":"URL","relation":"fullTextPdf"}],"content_language":"ja","updated_date":"2014-12-09","article_type":"pub","journal_id_list":[{"journal_id":"0916-006X","type":"ISSN","issn_type":"print"},{"journal_id":"2187-1779","type":"ISSN","issn_type":"online"},{"journal_id":"hisetjournal1986","type":"JID"}],"journal_title_name_list":[{"journal_title_name":"HiSET Journal: Journal on Historical Studies of English Teaching in Japan","type":"full","lang":"en"},{"journal_title_name":"HiSET Journal","type":"abbreviation","lang":"en"},{"journal_title_name":"日本英語教育史研究","type":"full"},{"journal_title_name":"日本英語教育史研究","type":"abbreviation"}],"journal_classification":"01","recorded_year":"1986-2008","volume":"3","issue":"0","first_page":"1","last_page":"14","date":"2012-10-29","citation_list":[{"sequence":"1","original_text":"波多野完治ほか(1979)「読む英語」(「現代の英語教育」第5巻, 研究社)"},{"sequence":"2","original_text":"石井正之助(編)(1970)「読む領域の指導」(「講座英語教授法」第5巻, 研究社)"},{"sequence":"3","original_text":"松村幹雄(編)(1984)「英語のリーディング」(「英語教育モノグラフ・シリーズ」, 大修館)"},{"sequence":"4","original_text":"大村喜吉ほか(1980)「英語教育課程の変遷」(「英語教育史資料」第1巻, 東京法令出版)"},{"sequence":"5","original_text":"大村喜吉ほか(1980)「英語教科書の変遷」(「英語教育史資料」第3巻, 東京法令出版)"},{"sequence":"6","original_text":"佐藤喬(編)(1976)「読み方の指導」(「英語教育ライブラリー」第3巻, 開隆堂)"},{"sequence":"7","original_text":"高梨庸雄・高橋正夫(1987)「英語リーディング指導の基礎」(研究社)"},{"sequence":"8","original_text":"Brumfit, C. J. (1977) The teaching of advanced reading skills in foreign languages, with particular reference to English as a foreign language' (in Kinsella, V. (1978) Language Teaching and Linguistics: Surveys, CUP)."},{"sequence":"9","original_text":"Halliday, M. A. K. and Hasan, R. (1976) Cohesion in English, Longman. Nuttall, C. (1982) Teaching Reading Skills in a Foreign Langu age, Heinemann Educational Books."},{"sequence":"10","original_text":"Smith, F. (1978) Reading, CUP."}]}}