{"status":"OK","apiType":"doi","apiVersion":"1.0.0","message":{"total":1,"rows":1,"totalPages":1,"page":1},"data":{"siteId":"SI/JST.JSTAGE","content_type":"JA","doi":"10.11222/hisetjournal1986.17.0_77","url":"https://doi.org/10.11222/hisetjournal1986.17.0_77","ra":"JaLC","prefix":"10.11222","site_name":"J-STAGE","publisher_list":[{"publisher_name":"Society for Historical Studies of English Teaching in Japan","lang":"en"},{"publisher_name":"日本英語教育史学会","lang":"ja"}],"title_list":[{"lang":"ja","title":"『ナショナル第一読本』の構成と言語材料"}],"creator_list":[{"sequence":"1","type":"person","names":[{"lang":"ja","last_name":"石井","first_name":"俊彦"}]}],"publication_date":{"publication_year":"2002"},"relation_list":[{"content":"https://www.jstage.jst.go.jp/article/hisetjournal1986/17/0/17_77/_pdf","type":"URL","relation":"fullTextPdf"}],"content_language":"ja","updated_date":"2014-12-09","article_type":"pub","journal_id_list":[{"journal_id":"0916-006X","type":"ISSN","issn_type":"print"},{"journal_id":"2187-1779","type":"ISSN","issn_type":"online"},{"journal_id":"hisetjournal1986","type":"JID"}],"journal_title_name_list":[{"journal_title_name":"HiSET Journal: Journal on Historical Studies of English Teaching in Japan","type":"full","lang":"en"},{"journal_title_name":"HiSET Journal","type":"abbreviation","lang":"en"},{"journal_title_name":"日本英語教育史研究","type":"full"},{"journal_title_name":"日本英語教育史研究","type":"abbreviation"}],"journal_classification":"01","recorded_year":"1986-2008","volume":"17","issue":"0","first_page":"77","last_page":"93","date":"2012-10-29","citation_list":[{"sequence":"1","original_text":"木下徹(1983)「「Nationa1Reader」」に関する一考察-語いを中心にして」『中国四国教育学会紀要』"},{"sequence":"2","original_text":"語学教育研究所編(1962)『英語教授法事典』開拓社"},{"sequence":"3","original_text":"高梨健吉, 出来成訓(1992)『英語教科書名著選集第5巻National Readers社1. 2. 3』大空社"},{"sequence":"4","original_text":"福原麟太郎(1957)「ナショナル・リーダー」『福原麟太郎著作集9英語教育論』研究社"},{"sequence":"5","original_text":"文部省(1989)『中学校指導書外国語編』開隆堂出版"},{"sequence":"6","original_text":"文部省(1991)『中学校指導書外国語編』開隆堂出版"},{"sequence":"7","original_text":"文部省(1999)『中学校学習指導要領(平成10年12月)解説...外国語編....』東京書籍"},{"sequence":"8","original_text":"文部省(1989)『高等学校学習指導要領解説外国語編英語編』教育出版"},{"sequence":"9","original_text":"文部省(1999)『高等学校学習指導要領解説外国語編英語編』開隆堂出版"},{"sequence":"10","original_text":"若林俊輔(1999)『「指定語」の変遷をたどる』"}]}}