{"status":"OK","apiType":"doi","apiVersion":"1.0.0","message":{"total":1,"rows":1,"totalPages":1,"page":1},"data":{"siteId":"SI/JST.JSTAGE","content_type":"JA","doi":"10.11222/hisetjournal1986.21.0_21","url":"https://doi.org/10.11222/hisetjournal1986.21.0_21","ra":"JaLC","prefix":"10.11222","site_name":"J-STAGE","publisher_list":[{"publisher_name":"Society for Historical Studies of English Teaching in Japan","lang":"en"},{"publisher_name":"日本英語教育史学会","lang":"ja"}],"title_list":[{"lang":"ja","title":"戦前における沖縄県の代表的な中学校・高等女学校4校の英語教育-卒業生へのアンケート調査を中心にして-"}],"creator_list":[{"sequence":"1","type":"person","names":[{"lang":"ja","last_name":"上原","first_name":"義徳"}]}],"publication_date":{"publication_year":"2006"},"relation_list":[{"content":"https://www.jstage.jst.go.jp/article/hisetjournal1986/21/0/21_21/_pdf","type":"URL","relation":"fullTextPdf"}],"content_language":"ja","updated_date":"2014-12-09","article_type":"pub","journal_id_list":[{"journal_id":"0916-006X","type":"ISSN","issn_type":"print"},{"journal_id":"2187-1779","type":"ISSN","issn_type":"online"},{"journal_id":"hisetjournal1986","type":"JID"}],"journal_title_name_list":[{"journal_title_name":"HiSET Journal: Journal on Historical Studies of English Teaching in Japan","type":"full","lang":"en"},{"journal_title_name":"HiSET Journal","type":"abbreviation","lang":"en"},{"journal_title_name":"日本英語教育史研究","type":"full"},{"journal_title_name":"日本英語教育史研究","type":"abbreviation"}],"journal_classification":"01","recorded_year":"1986-2008","volume":"21","issue":"0","first_page":"21","last_page":"42","date":"2012-10-29","citation_list":[{"sequence":"1","original_text":"安次富勲・大城馨・中村昌一郎(編)(1993)『沖縄県立第二中学校第34期入学50周年記念誌』県立二中三四会."},{"sequence":"2","original_text":"安谷屋良子・安谷屋節子・大見謝文・外間米子・湧上綾子・仲吉きよ子(編)(1987)『ひめゆり-女師一高女沿革誌-』沖縄県女師・一高女同窓会."},{"sequence":"3","original_text":"石川盛亀・上江洲安雄・与那覇修・漢那朝康・仲松彌元・呉屋永得(編)(1994)『べんがだけ六十余年の絆』一中昭九会."},{"sequence":"4","original_text":"大内義徳(1995)「戦後の沖縄における英語教育」『日本英語教育史研究』第10号."},{"sequence":"5","original_text":"大村喜吉・高梨健吉・出来成訓(編)(1980a)『英語教育史資料第1巻』東京法令出版."},{"sequence":"6","original_text":"大村喜吉・高梨健吉・出来成訓(編)(1980b)『英語教育史資料第3巻』東京法令出版."},{"sequence":"7","original_text":"『沖縄県学校制度1高等女学校学則第一冊』(1980)国立公文書館所蔵沖縄県立図書館蔵."},{"sequence":"8","original_text":"『沖縄県学校制度3高等女学校学則第三冊』(1980)国立公文書館所蔵沖縄県立図書館蔵"},{"sequence":"9","original_text":"『沖縄県学校制度23県立第三中学校設置』(1980)文部省文書課記録係押印沖縄県立図書館蔵"},{"sequence":"10","original_text":"『沖縄県学校制度24県立宮古中学校設置』(1980)文部省文書課記録係押印沖縄県立図書館蔵"},{"sequence":"11","original_text":"沖縄県立第一中学校第51期生(編)(1984)『震天動地』(四つ竹会)同窓会誌刊行実行委員会."},{"sequence":"12","original_text":"亀川正東(1972)『沖縄の英学』研究社"},{"sequence":"13","original_text":"久手堅憲次(1986)『最後の一中生』沖縄県立第一中学校昭和19年入学同期成会."},{"sequence":"14","original_text":"崎聞敏勝(編)(1992)『仲田精利先生の思い出』沖縄県那覇市壼屋2-24西銘活蔵"},{"sequence":"15","original_text":"当真嗣永・他11名(編)(1980)『琉潭百年』琉潭同窓会."},{"sequence":"16","original_text":"浜松明・玉城義弘・比嘉一高・高里政彦・勝連盛一・大城徳五(編)(1993)『沖縄県立第二中学校卒業五十周年記念誌』池宮喜春・他8名刊行委員会."},{"sequence":"17","original_text":"外間正四郎・牧志伸宏・富川盛秀・喜村朝貞(編)(1980)『養秀百年』養秀同窓会."},{"sequence":"18","original_text":"松村幹男(1997)『明治期英語教育研究』辞瀞社."},{"sequence":"19","original_text":"三浦省五・松浦伸和・兼重昇・西本まり子・伊藤彰浩・池田周(編著)(1997)「高校生の英語学習に関する意識調査」『英語教育』(1997年9月増刊号)大修館書店pp. 44-63."},{"sequence":"20","original_text":"琉球政府(編)(1966a)『沖縄県史4教育』国書刊行会."},{"sequence":"21","original_text":"琉球政府(編〉(1966b)『沖縄県史18新聞集成(教育)』国書刊行会."}]}}