{"status":"OK","apiType":"doi","apiVersion":"1.0.0","message":{"total":1,"rows":1,"totalPages":1,"page":1},"data":{"siteId":"SI/JST.JSTAGE","content_type":"JA","doi":"10.11222/hisetjournal1986.7.0_49","url":"https://doi.org/10.11222/hisetjournal1986.7.0_49","ra":"JaLC","prefix":"10.11222","site_name":"J-STAGE","publisher_list":[{"publisher_name":"Society for Historical Studies of English Teaching in Japan","lang":"en"},{"publisher_name":"日本英語教育史学会","lang":"ja"}],"title_list":[{"lang":"ja","title":"戦後高校英語教科書の成立-The World through English の検討-"}],"creator_list":[{"sequence":"1","type":"person","names":[{"lang":"ja","last_name":"紀平","first_name":"健一"}]}],"publication_date":{"publication_year":"1992"},"relation_list":[{"content":"https://www.jstage.jst.go.jp/article/hisetjournal1986/7/0/7_49/_pdf","type":"URL","relation":"fullTextPdf"}],"content_language":"ja","updated_date":"2014-12-09","article_type":"pub","journal_id_list":[{"journal_id":"0916-006X","type":"ISSN","issn_type":"print"},{"journal_id":"2187-1779","type":"ISSN","issn_type":"online"},{"journal_id":"hisetjournal1986","type":"JID"}],"journal_title_name_list":[{"journal_title_name":"HiSET Journal: Journal on Historical Studies of English Teaching in Japan","type":"full","lang":"en"},{"journal_title_name":"HiSET Journal","type":"abbreviation","lang":"en"},{"journal_title_name":"日本英語教育史研究","type":"full"},{"journal_title_name":"日本英語教育史研究","type":"abbreviation"}],"journal_classification":"01","recorded_year":"1986-2008","volume":"7","issue":"0","first_page":"49","last_page":"86","date":"2012-10-29","citation_list":[{"sequence":"1","original_text":"(1)宮原誠一『青年期の教育』岩波書店 1960年"},{"sequence":"2","original_text":"(2)仲 新『現代日本教育史』第一法規 1969年"},{"sequence":"3","original_text":"(3)佐々木享『高校教育論』大月書店1976年"},{"sequence":"4","original_text":"(4)大江志乃夫『日本の歴史31』「戦後変革」小学館 1976年"},{"sequence":"5","original_text":"(5)大田発編著『戦後日本教育史』岩波書店 1978年"},{"sequence":"6","original_text":"(6)内田糺・森隆夫編『学校の歴史』第3巻「中学校. 高等学校の歴史」第一法規 1979年"},{"sequence":"7","original_text":"(7)吉田昇・長尾十三二・柴田義松編『中等教育原理』(新版) 有斐閣1980年"},{"sequence":"8","original_text":"(8)大村喜吉・高梨健吉・出来成訓編『英語教育史資料』第1巻「英語教育課程の変遷」第3巻『英語教科書の変遷』東京法令1980年"},{"sequence":"9","original_text":"(9)鈴木英一『日本占領と教育改革』勁草書房 1983年"}]}}