{"status":"OK","apiType":"doi","apiVersion":"1.0.0","message":{"total":1,"rows":1,"totalPages":1,"page":1},"data":{"siteId":"SI/JST.JSTAGE","content_type":"JA","doi":"10.11222/hisetjournal1986.1.0_17","url":"https://doi.org/10.11222/hisetjournal1986.1.0_17","ra":"JaLC","prefix":"10.11222","site_name":"J-STAGE","publisher_list":[{"publisher_name":"Society for Historical Studies of English Teaching in Japan","lang":"en"},{"publisher_name":"日本英語教育史学会","lang":"ja"}],"title_list":[{"lang":"ja","title":"その授業実践を中心に"}],"creator_list":[{"sequence":"1","type":"person","names":[{"lang":"ja","last_name":"今野","first_name":"鉄男"}],"affiliation_list":[{"affiliation_name":"福島・相馬高校","sequence":"1","lang":"ja"}]}],"publication_date":{"publication_year":"1986"},"relation_list":[{"content":"https://www.jstage.jst.go.jp/article/hisetjournal1986/1/0/1_17/_pdf","type":"URL","relation":"fullTextPdf"}],"content_language":"ja","updated_date":"2014-12-09","article_type":"pub","journal_id_list":[{"journal_id":"0916-006X","type":"ISSN","issn_type":"print"},{"journal_id":"2187-1779","type":"ISSN","issn_type":"online"},{"journal_id":"hisetjournal1986","type":"JID"}],"journal_title_name_list":[{"journal_title_name":"HiSET Journal: Journal on Historical Studies of English Teaching in Japan","type":"full","lang":"en"},{"journal_title_name":"HiSET Journal","type":"abbreviation","lang":"en"},{"journal_title_name":"日本英語教育史研究","type":"full"},{"journal_title_name":"日本英語教育史研究","type":"abbreviation"}],"journal_classification":"01","recorded_year":"1986-2008","volume":"1","issue":"0","first_page":"17","last_page":"23","date":"2012-10-29","citation_list":[{"sequence":"1","original_text":"1. 『斯の道ひとすじに-磯尾哲夫教授追想集』(開隆堂, 1969)"},{"sequence":"2","original_text":"2. 『福高八十年史』(福島県立福島高等学校, 1978)"},{"sequence":"3","original_text":"3. The Bulletin of the Institute for Researchin EnglighT eaching (復刻版, 名著普及会, 1985)"}]}}