{"status":"OK","apiType":"doi","apiVersion":"1.0.0","message":{"total":1,"rows":1,"totalPages":1,"page":1},"data":{"siteId":"SI/JST.JSTAGE","content_type":"JA","doi":"10.11222/hisetjournal1986.10.0_111","url":"https://doi.org/10.11222/hisetjournal1986.10.0_111","ra":"JaLC","prefix":"10.11222","site_name":"J-STAGE","publisher_list":[{"publisher_name":"Society for Historical Studies of English Teaching in Japan","lang":"en"},{"publisher_name":"日本英語教育史学会","lang":"ja"}],"title_list":[{"lang":"ja","title":"「カムカム英語」戦後「英会話」の原型"}],"creator_list":[{"sequence":"1","type":"person","names":[{"lang":"ja","last_name":"紀平","first_name":"健一"}]}],"publication_date":{"publication_year":"1995"},"relation_list":[{"content":"https://www.jstage.jst.go.jp/article/hisetjournal1986/10/0/10_111/_pdf","type":"URL","relation":"fullTextPdf"}],"content_language":"ja","updated_date":"2014-12-09","article_type":"pub","journal_id_list":[{"journal_id":"0916-006X","type":"ISSN","issn_type":"print"},{"journal_id":"2187-1779","type":"ISSN","issn_type":"online"},{"journal_id":"hisetjournal1986","type":"JID"}],"journal_title_name_list":[{"journal_title_name":"HiSET Journal: Journal on Historical Studies of English Teaching in Japan","type":"full","lang":"en"},{"journal_title_name":"HiSET Journal","type":"abbreviation","lang":"en"},{"journal_title_name":"日本英語教育史研究","type":"full"},{"journal_title_name":"日本英語教育史研究","type":"abbreviation"}],"journal_classification":"01","recorded_year":"1986-2008","volume":"10","issue":"0","first_page":"111","last_page":"141","date":"2012-10-29","citation_list":[{"sequence":"1","original_text":"(1)「カムカム英話」NHKラジオテキスト英語会話復刻版別冊名著普及会1988年"},{"sequence":"2","original_text":"(2)福田昇八「韻学開図-英話教員再教育事業の二十年」大修館1991年"},{"sequence":"3","original_text":"(3)竹前英治「占領戦後史」岩波書店1992年"},{"sequence":"4","original_text":"(4)富岡多恵子『「英会話」私情」日(本ブリタニカ1981年"},{"sequence":"5","original_text":"(5)加藤周一「信州の旅から-英語の義務教育化(についての疑問」『世界」1953年12月号"},{"sequence":"6","original_text":"(6)ダグラス・ラミス「イデオロギーとしての英会話」『展望』1975年2月号"},{"sequence":"7","original_text":"(7)エドウィン・O・ライシャワー/国弘正雄訳「ザ・ジャパニーズ」文芸春秋1984年"},{"sequence":"8","original_text":"沢田昭夫『外国語の習い方-国際人の教育のために-』講談社学術文庫1(9879年"},{"sequence":"9","original_text":"(9)太田雄三『英語と日本人』TBSブリタニカ1981年"},{"sequence":"10","original_text":"(10大) 石俊一『「英語」イデオロギーを問う-西欧精神との格闘-』開文社1990年"},{"sequence":"11","original_text":"(11)津田幸男『英謳支配の構造』第三書館1990年"},{"sequence":"12","original_text":"(12)津田幸男編著『英語支配への異論』 第三書館1993年"},{"sequence":"13","original_text":"(13)中村敬『英語支配とイデオロギー-反=英語教育論-」近代文芸社1993年"},{"sequence":"14","original_text":"(14)加島祥三『会話を楽しむ」岩波新書1991年"},{"sequence":"15","original_text":"(15)大田発編著『戦後日本教育史」岩波書店1978年"},{"sequence":"16","original_text":"(16)歴史学研究会編輿『日本同時代史1-5」 青木書店1990-1991年"}]}}