{"status":"OK","apiType":"doi","apiVersion":"1.0.0","message":{"total":1,"rows":1,"totalPages":1,"page":1},"data":{"siteId":"SI/JST.JSTAGE","content_type":"JA","doi":"10.11222/hisetjournal1986.11.0_93","url":"https://doi.org/10.11222/hisetjournal1986.11.0_93","ra":"JaLC","prefix":"10.11222","site_name":"J-STAGE","publisher_list":[{"publisher_name":"Society for Historical Studies of English Teaching in Japan","lang":"en"},{"publisher_name":"日本英語教育史学会","lang":"ja"}],"title_list":[{"lang":"ja","title":"言語テストの歴史と現在-項目応答理論のもたらした新時代-"}],"creator_list":[{"sequence":"1","type":"person","names":[{"lang":"ja","last_name":"土平","first_name":"泰子"}]}],"publication_date":{"publication_year":"1996"},"relation_list":[{"content":"https://www.jstage.jst.go.jp/article/hisetjournal1986/11/0/11_93/_pdf","type":"URL","relation":"fullTextPdf"}],"content_language":"ja","updated_date":"2014-12-09","article_type":"pub","journal_id_list":[{"journal_id":"0916-006X","type":"ISSN","issn_type":"print"},{"journal_id":"2187-1779","type":"ISSN","issn_type":"online"},{"journal_id":"hisetjournal1986","type":"JID"}],"journal_title_name_list":[{"journal_title_name":"HiSET Journal: Journal on Historical Studies of English Teaching in Japan","type":"full","lang":"en"},{"journal_title_name":"HiSET Journal","type":"abbreviation","lang":"en"},{"journal_title_name":"日本英語教育史研究","type":"full"},{"journal_title_name":"日本英語教育史研究","type":"abbreviation"}],"journal_classification":"01","recorded_year":"1986-2008","volume":"11","issue":"0","first_page":"93","last_page":"110","date":"2012-10-29","citation_list":[{"sequence":"1","doi":"10.1177/026553229000700104","volume":"7","issue":"1","first_page":"31","publication_date":{"publication_year":"1990"},"original_text":"Bachman, Lyle F. 1990. Fundamental Considerations in Language Testing. Oxford University Press."},{"sequence":"1","doi":"10.1177/026553229000700104","volume":"7","issue":"1","first_page":"31","publication_date":{"publication_year":"1990"},"original_text":"Davis, Alan. 1990. Principles of Language Testing. Basil Blackwell."},{"sequence":"2","original_text":"Baker, Frank B. 1992. Item Response Theory: parameter estimation techniques. Marcel Dekker."},{"sequence":"3","original_text":"Briere, Eugene. 1969. &ldquo;Current Trends in Second Language Testing&rdquo;. In L. Palmer and B. Spolsky (eds. ), Papers on Lang u age Testing 1967-1974. TESOL Publications. pp. 221-228."},{"sequence":"4","original_text":"Buck, Gary. 1994. &ldquo;The Appropriacy of Psychometric Measurement Models for Testing Second Language Listening Comprehension&rdquo;, Language Testing, 1, pp. 145- 1 70."},{"sequence":"5","doi":"10.1177/026553229000700104","volume":"7","issue":"1","first_page":"31","publication_date":{"publication_year":"1990"},"original_text":"Bachman, Lyle F. 1990. Fundamental Considerations in Language Testing. Oxford University Press."},{"sequence":"5","doi":"10.1177/026553229000700104","volume":"7","issue":"1","first_page":"31","publication_date":{"publication_year":"1990"},"original_text":"Davis, Alan. 1990. Principles of Language Testing. Basil Blackwell."},{"sequence":"6","original_text":"Dunkel, Patricia. (1991). &ldquo;The Effectiveness Research on Computer-Assisted Instruction and Computer-Assisted Language Learning&rdquo;. In P. Dunkel (ed. ) Compute r -Assisted Language Learning and Testing Newbury House. pp. 1-36."},{"sequence":"7","original_text":"Freedle, Roy and Kostin, Irene. 1990. &ldquo;Item Difficulty of Four Verbal Item Types and an Index of Differential Item Functioning for Black and White Examinees&rdquo;, Journal of Educational Measurement, vol, 27, No. 4, pp. 349-343."},{"sequence":"8","original_text":"Hambleton K. and Swaminathan H. 1985. Item Response Theory: principles and applications. Kluwer-Nijhoff Publishers."},{"sequence":"9","original_text":"Harris, David P. 1969. Testing English as a Second Language. (大友賢二(訳注)(1972). 「英語の測定と評価」, 第4版, 英語教育協議会(ELEC)."},{"sequence":"10","original_text":"Hart, Robert S. 1989. &ldquo;CALLIOPE: An Outreach Project for Computer-Based Foreign Language Instruction in Illinois School&rdquo;. In Wm. Flint Smith (ed. ), Modern Technology in Foreign Language Education. National Textbook Company. Lincolnwood, Illinois. pp. 301-308."},{"sequence":"11","original_text":"Henning, Grant. 1987. A Guide to Language Testing. Newbury House Publishers."},{"sequence":"12","original_text":"許紅, 繁桝算男. 1990. 「項目反応理論と教授内容の階層的構造表現による問題項目の提示順序の最適化」, 「日本教育工学雑誌」, 14(2), pp. 73-80."},{"sequence":"13","original_text":"Hughes, Arthur. 1992. Testing for Language Teachers. Cambridge University Press."},{"sequence":"14","original_text":"Jones, Randall L. 1980. &ldquo;Assessing Second Language Proficiency: Where Are We And Where Are We Going ? &rdquo;. In Occational Papers On Linguistics: Proceedings of the Southern Illinois Language Testing Conference at Southern Illinois University a t Carbondale, pp. 103-115."},{"sequence":"15","original_text":"Lado, Robert. 1961. Language Testing. (門司, 本田, 吉田, 松畑(訳)(1973). 「言語テスト」, 第2版, 大修館書店."},{"sequence":"16","original_text":"Lord, Frederick M. (1980). Applications of Item Response Theory to Practical Testing Problems. Lawrence Earbaum Associates, Publishers, Hillsdale, NJ"},{"sequence":"17","original_text":"池田央. (1994). 「現代テスト理論」, 朝倉書店."},{"sequence":"18","original_text":"大友賢二. (1994). 「言語テストと第二言語習得」, 小池生夫(監修)(1994). 「第二言語習得研究に基づく最薪の英語教育」大修館書店. pp. 100-312."},{"sequence":"19","original_text":"大友賢二. (1996). 『項目応答理論入門』, (1995. 印刷中). 大修館書店."},{"sequence":"20","original_text":"Oiler, John. W. 1979. Language Tests At School. Longman. (堀口俊一(代表)(1994). 「言語テスト」, 第1版, 秀文インターナショナル)."},{"sequence":"21","original_text":"Scheuneman, Janice D. and Gerritz, Kalle. 1990. &ldquo;Using Differential Item Functioning Procedures to Explore Sources of Item Difficulty and Group Performance Characteristics&rdquo;, Journal of Educational Measurement, vol. 27, No. 2, pp. 109-131."},{"sequence":"22","original_text":"Schumit, Alicia P. and Dorans, Neil J. 1990. &ldquo;Differential Item Functioning for Minority Examinees on SAT&rdquo; Journal of Educational Measurement, vol. 27, No. 1, pp. 67-81."},{"sequence":"23","original_text":"芝祐順. (1991). 「項目反応理論-基礎と応用-」, 東京大学出版会"},{"sequence":"24","original_text":"Spolsky, Bernard. 1975. &ldquo;Concluding Statement.&rdquo; In R. L. Jones and B. Spolsky (eds. ), Testing Language Proficiency. Center for Applied Linguistics. pp. 139-143."},{"sequence":"25","original_text":"Spolsky, Bernard. 1978. Approaches to Language Testing Advances in Language Testing Series-. 2. Center for Applied Linguistics."},{"sequence":"26","original_text":"Spolsky, Bernard. 1990. &ldquo;The Prehistory of TOEFL&rdquo;, Language Testing, 7, 1. pp. 98-118."},{"sequence":"27","original_text":"Stansfield, Charles. 1986. &ldquo;A History of the Test of Written English: the developmental year&rdquo;, Language Testing, 3, pp. 224-233."},{"sequence":"28","original_text":"土平泰子. 1994. &ldquo;A Study of Differential Item Functioning in English Listening Tests&rdquo;, Master Thesis Submitted at the University of Tsukuba."},{"sequence":"29","original_text":"Wainer Howard and Braun Henry I. 1988. Test Validity. Lawrence Earbaum Associates, Publishers, Hillsdale, New Jersy."}]}}