{"status":"OK","apiType":"doi","apiVersion":"1.0.0","message":{"total":1,"rows":1,"totalPages":1,"page":1},"data":{"siteId":"SI/JST.JSTAGE","content_type":"JA","doi":"10.11222/hisetjournal1986.9.0_37","url":"https://doi.org/10.11222/hisetjournal1986.9.0_37","ra":"JaLC","prefix":"10.11222","site_name":"J-STAGE","publisher_list":[{"publisher_name":"Society for Historical Studies of English Teaching in Japan","lang":"en"},{"publisher_name":"日本英語教育史学会","lang":"ja"}],"title_list":[{"lang":"ja","title":"山家保英語教育論"}],"creator_list":[{"sequence":"1","type":"person","names":[{"lang":"ja","last_name":"今野","first_name":"鉄男"}]}],"publication_date":{"publication_year":"1994"},"relation_list":[{"content":"https://www.jstage.jst.go.jp/article/hisetjournal1986/9/0/9_37/_pdf","type":"URL","relation":"fullTextPdf"}],"content_language":"ja","updated_date":"2014-12-09","article_type":"pub","journal_id_list":[{"journal_id":"0916-006X","type":"ISSN","issn_type":"print"},{"journal_id":"2187-1779","type":"ISSN","issn_type":"online"},{"journal_id":"hisetjournal1986","type":"JID"}],"journal_title_name_list":[{"journal_title_name":"HiSET Journal: Journal on Historical Studies of English Teaching in Japan","type":"full","lang":"en"},{"journal_title_name":"HiSET Journal","type":"abbreviation","lang":"en"},{"journal_title_name":"日本英語教育史研究","type":"full"},{"journal_title_name":"日本英語教育史研究","type":"abbreviation"}],"journal_classification":"01","recorded_year":"1986-2008","volume":"9","issue":"0","first_page":"37","last_page":"48","date":"2012-10-29","citation_list":[{"sequence":"1","original_text":"1山家保「Pattern Practice と Contrast-新しい英語の学習指導法-」(英語教育叢書No, 13, 開隆堂. 昭和31年)"},{"sequence":"2","original_text":"2山家保r新しい英語教育」(大修館, 昭和38年)"},{"sequence":"3","original_text":"3山家保r新しい英語教育」改訂新版(ELEC, 昭和41年)"},{"sequence":"4","original_text":"4山家保r実践英語教育」(ELEC, 昭和47年)"},{"sequence":"5","original_text":"5ミシガン大学英語研究所編, 山家保訳注「英語の文型練習」(英語教育シリーズ5, 大修館, 昭和33年)"},{"sequence":"6","original_text":"6山家保訳注「英語教捜の基礎」(研究社, 昭和37年)"},{"sequence":"7","original_text":"7若林俊輔編「昭和50年の英語教育」(大修館, 昭和55年)"},{"sequence":"8","original_text":"8太田朗他「新しい英語学習指導-中学校から高校へ-」(リーベル出版, 昭和55年)"},{"sequence":"9","original_text":"9稲村松雄 「教科書中心昭和英語教育史-英語教科書はどう変わったか-」(開隆堂, 昭和61年)"},{"sequence":"10","original_text":"10 Charles C. Fries. Teaching &amp; Learning Engligh as a Foreign Language, The University of Michigan Press, 1945."},{"sequence":"11","original_text":"11 Charles C. Fries &amp; Agnes C. Fries, Foundations for English Teaching, Kenkyusha Ltd, 1961."},{"sequence":"12","original_text":"12 Diane Larsen-Freeman, Techniques and Principles in Language Teaching, Oxford American English, 1986."},{"sequence":"13","original_text":"13大修館「英語教育」, 1993年7月号, 8月号"},{"sequence":"14","original_text":"14拙稿「指導主事の役割とその実践例」(岩下新太郎編r教育指導行政の研究」, 第一法規, 昭和59年, 所収)"}]}}