{"status":"OK","apiType":"doi","apiVersion":"1.0.0","message":{"total":1,"rows":1,"totalPages":1,"page":1},"data":{"siteId":"SI/JST.JSTAGE","content_type":"JA","doi":"10.11222/hisetjournal1986.8.0_1","url":"https://doi.org/10.11222/hisetjournal1986.8.0_1","ra":"JaLC","prefix":"10.11222","site_name":"J-STAGE","publisher_list":[{"publisher_name":"Society for Historical Studies of English Teaching in Japan","lang":"en"},{"publisher_name":"日本英語教育史学会","lang":"ja"}],"title_list":[{"lang":"ja","title":"英語教科書に現れた英詩について-昭和・平成期を中心として-"}],"creator_list":[{"sequence":"1","type":"person","names":[{"lang":"ja","last_name":"南","first_name":"精一"}]}],"publication_date":{"publication_year":"1993"},"relation_list":[{"content":"https://www.jstage.jst.go.jp/article/hisetjournal1986/8/0/8_1/_pdf","type":"URL","relation":"fullTextPdf"}],"content_language":"ja","updated_date":"2014-12-09","article_type":"pub","journal_id_list":[{"journal_id":"0916-006X","type":"ISSN","issn_type":"print"},{"journal_id":"2187-1779","type":"ISSN","issn_type":"online"},{"journal_id":"hisetjournal1986","type":"JID"}],"journal_title_name_list":[{"journal_title_name":"HiSET Journal: Journal on Historical Studies of English Teaching in Japan","type":"full","lang":"en"},{"journal_title_name":"HiSET Journal","type":"abbreviation","lang":"en"},{"journal_title_name":"日本英語教育史研究","type":"full"},{"journal_title_name":"日本英語教育史研究","type":"abbreviation"}],"journal_classification":"01","recorded_year":"1986-2008","volume":"8","issue":"0","first_page":"1","last_page":"21","date":"2012-10-29","citation_list":[{"sequence":"1","original_text":"斉藪勇『英持概論』研究社 昭10"},{"sequence":"2","original_text":"有梅久門『リーダーに現れた英詩の研究』有朋堂 昭13"},{"sequence":"3","original_text":"梅村久門『英詩教授法』開隆堂 昭27"},{"sequence":"4","original_text":"大翰資雄『英詩と社会思潮』吾妻書房 昭28"},{"sequence":"5","original_text":"竹中治郎『英詩法と匿賞法』篠崎書林 昭30"},{"sequence":"6","original_text":"尾島庄太郎『英詩の味わい方』研究社 昭32"},{"sequence":"7","original_text":"松本亨『マザーグース童謡集』三笠書房 昭39"},{"sequence":"8","original_text":"岡沢武『英詩の心』篠崎書林 昭42"},{"sequence":"9","original_text":"平野敬一『マザーグース童謡集』 ELEC 昭48"},{"sequence":"10","original_text":"新井明『英詩鑑貧入門』研究社 昭61"},{"sequence":"11","original_text":"中山理『英詩日記』大修館 平2"},{"sequence":"12","original_text":"平井正徳『イギリス名詩選』岩波書店 平2"},{"sequence":"13","original_text":"河野一郎『英語の詩』岩波書店 平4"},{"sequence":"14","original_text":"亀井俊介ほか『アメリカ名詩選』岩波書店 平5"}]}}