{"status":"OK","apiType":"doi","apiVersion":"1.0.0","message":{"total":1,"rows":1,"totalPages":1,"page":1},"data":{"siteId":"SI/JST.JSTAGE","content_type":"JA","doi":"10.11222/hisetjournal1986.4.0_149","url":"https://doi.org/10.11222/hisetjournal1986.4.0_149","ra":"JaLC","prefix":"10.11222","site_name":"J-STAGE","publisher_list":[{"publisher_name":"Society for Historical Studies of English Teaching in Japan","lang":"en"},{"publisher_name":"日本英語教育史学会","lang":"ja"}],"title_list":[{"lang":"ja","title":"満洲国(その背景と教育からみた英語像)"}],"creator_list":[{"sequence":"1","type":"person","names":[{"lang":"ja","last_name":"佐藤","first_name":"恵一"}]}],"publication_date":{"publication_year":"1989"},"relation_list":[{"content":"https://www.jstage.jst.go.jp/article/hisetjournal1986/4/0/4_149/_pdf","type":"URL","relation":"fullTextPdf"}],"content_language":"ja","updated_date":"2014-12-09","article_type":"pub","journal_id_list":[{"journal_id":"0916-006X","type":"ISSN","issn_type":"print"},{"journal_id":"2187-1779","type":"ISSN","issn_type":"online"},{"journal_id":"hisetjournal1986","type":"JID"}],"journal_title_name_list":[{"journal_title_name":"HiSET Journal: Journal on Historical Studies of English Teaching in Japan","type":"full","lang":"en"},{"journal_title_name":"HiSET Journal","type":"abbreviation","lang":"en"},{"journal_title_name":"日本英語教育史研究","type":"full"},{"journal_title_name":"日本英語教育史研究","type":"abbreviation"}],"journal_classification":"01","recorded_year":"1986-2008","volume":"4","issue":"0","first_page":"149","last_page":"179","date":"2012-10-29","citation_list":[{"sequence":"1","original_text":"・「東洋史辞典」東京創元社"},{"sequence":"2","original_text":"・「アジア歴史辞典」平凡社"},{"sequence":"3","original_text":"・「満洲年鑑」満洲文化協会"},{"sequence":"4","original_text":"・「文部省推薦派遣教育家の見たる「海外事情」」昭和9年版, 福徳生命保険発行"},{"sequence":"5","original_text":"・「満日年鑑」"},{"sequence":"6","original_text":"・笠原一雄著「日本史研究」山川出版"},{"sequence":"7","original_text":"・小山愛司「満文研究録」中央学会"},{"sequence":"8","original_text":"・高梨健吉・出来成訓・大村喜吉編「日本英語教育史資料1」東京法令「日本英語教育史資料2」東京法令「日本英語教育史資料5」東京法令"},{"sequence":"9","original_text":"・r世界文化大百科辞典」世界文化社"},{"sequence":"10","original_text":"・浅野晃著「明治・大正・昭和史」借成社"},{"sequence":"11","original_text":"・「世界史小辞典」三省堂編"},{"sequence":"12","original_text":"・「満洲国現勢康徳6年版」満洲国通信社編, 鵬和出版"},{"sequence":"13","original_text":"・嶋田道彌著「満洲教育史」"},{"sequence":"14","original_text":"・「日本史用語集」山川出版"}]}}