{"status":"OK","apiType":"doi","apiVersion":"1.0.0","message":{"total":1,"rows":1,"totalPages":1,"page":1},"data":{"siteId":"SI/JST.JSTAGE","content_type":"JA","doi":"10.11222/hisetjournal1986.6.0_127","url":"https://doi.org/10.11222/hisetjournal1986.6.0_127","ra":"JaLC","prefix":"10.11222","site_name":"J-STAGE","publisher_list":[{"publisher_name":"Society for Historical Studies of English Teaching in Japan","lang":"en"},{"publisher_name":"日本英語教育史学会","lang":"ja"}],"title_list":[{"lang":"ja","title":"東京高等師範学校附属中学校教授細目(英語科,明治43年)について"}],"creator_list":[{"sequence":"1","type":"person","names":[{"lang":"ja","last_name":"今野","first_name":"鉄男"}]}],"publication_date":{"publication_year":"1991"},"relation_list":[{"content":"https://www.jstage.jst.go.jp/article/hisetjournal1986/6/0/6_127/_pdf","type":"URL","relation":"fullTextPdf"}],"content_language":"ja","updated_date":"2014-12-09","article_type":"pub","journal_id_list":[{"journal_id":"0916-006X","type":"ISSN","issn_type":"print"},{"journal_id":"2187-1779","type":"ISSN","issn_type":"online"},{"journal_id":"hisetjournal1986","type":"JID"}],"journal_title_name_list":[{"journal_title_name":"HiSET Journal: Journal on Historical Studies of English Teaching in Japan","type":"full","lang":"en"},{"journal_title_name":"HiSET Journal","type":"abbreviation","lang":"en"},{"journal_title_name":"日本英語教育史研究","type":"full"},{"journal_title_name":"日本英語教育史研究","type":"abbreviation"}],"journal_classification":"01","recorded_year":"1986-2008","volume":"6","issue":"0","first_page":"127","last_page":"141","date":"2012-10-29","citation_list":[{"sequence":"1","original_text":"1. 岡倉由三郎『英語教育』(増補再版, 研究社, 1937)"},{"sequence":"2","original_text":"2. 『福原麟太郎著作集』5(研究社, 1968)"},{"sequence":"3","original_text":"3. 『福原麟太郎著作集』9(研究社, 1969)"},{"sequence":"4","original_text":"4・高梨健吉, 大村喜吉『日本の英語教育史』(大修館, 1975)"},{"sequence":"5","original_text":"5. 『英語教育史資料』1(東京法令出版, 1980)"},{"sequence":"6","original_text":"6, 松村幹男編『英語のリーディング』(英語教育学モノグラフ・シリーズ, 大修館, 1984)"},{"sequence":"7","original_text":"7. 『英語教授(複刻版)』2(名著普及会, 1985)"}]}}