{"status":"OK","apiType":"doi","apiVersion":"1.0.0","message":{"total":1,"rows":1,"totalPages":1,"page":1},"data":{"siteId":"SI/JST.JSTAGE","content_type":"JA","doi":"10.11222/hisetjournal1986.13.0_109","url":"https://doi.org/10.11222/hisetjournal1986.13.0_109","ra":"JaLC","prefix":"10.11222","site_name":"J-STAGE","publisher_list":[{"publisher_name":"Society for Historical Studies of English Teaching in Japan","lang":"en"},{"publisher_name":"日本英語教育史学会","lang":"ja"}],"title_list":[{"lang":"ja","title":"昭和22年度学習指導要領英語編再考"}],"creator_list":[{"sequence":"1","type":"person","names":[{"lang":"ja","last_name":"今野","first_name":"鉄男"}]}],"publication_date":{"publication_year":"1998"},"relation_list":[{"content":"https://www.jstage.jst.go.jp/article/hisetjournal1986/13/0/13_109/_pdf","type":"URL","relation":"fullTextPdf"}],"content_language":"ja","updated_date":"2014-12-09","article_type":"pub","journal_id_list":[{"journal_id":"0916-006X","type":"ISSN","issn_type":"print"},{"journal_id":"2187-1779","type":"ISSN","issn_type":"online"},{"journal_id":"hisetjournal1986","type":"JID"}],"journal_title_name_list":[{"journal_title_name":"HiSET Journal: Journal on Historical Studies of English Teaching in Japan","type":"full","lang":"en"},{"journal_title_name":"HiSET Journal","type":"abbreviation","lang":"en"},{"journal_title_name":"日本英語教育史研究","type":"full"},{"journal_title_name":"日本英語教育史研究","type":"abbreviation"}],"journal_classification":"01","recorded_year":"1986-2008","volume":"13","issue":"0","first_page":"109","last_page":"122","date":"2012-10-29","citation_list":[{"sequence":"1","original_text":"1. 宍戸良平「英語教育関係法規およびコース・オヴ・スタディーについて(『新英語教育講座第一巻』, 研究社, 1948)"},{"sequence":"2","original_text":"2. 斉藤美洲『英語教育』(岩崎書店, 1955)"},{"sequence":"3","original_text":"3. 宗像誠也『教育行政学序説(増補版)』(有斐閣, 1969)"},{"sequence":"4","original_text":"4. 教育法規研究会(編)『学習指導要領の法的批判』(勤草書房, 1970)"},{"sequence":"5","original_text":"5. 『英語教育問題の変遷』(現代の英語教育-1, 研究社, 1979)"},{"sequence":"6","original_text":"6. 『学校英語の展望』(現代の英語教育-4, 1979)"},{"sequence":"7","original_text":"7. 村井実(全訳解説)『アメリカ教育使節団報告書』(講談社学術文庫, 1980)"},{"sequence":"8","original_text":"8. 若林俊輔(編)『昭和50年の英語教育』(大修館, 1980)"},{"sequence":"9","original_text":"9. 国立教育研究所内戦後教育改革資料研究会(編)『文部省学習指導要領』(全21巻, 日本図書センター, 1980)"},{"sequence":"10","original_text":"10. 大村喜吉, 高梨健吉, 出来成訓(編)『英語教育史資料第1巻英語教育課程の変遷』(東京法令, 1980)"},{"sequence":"11","original_text":"11. 語学教育研究所(編)『英語教授法事典』(開拓社, 1981)"},{"sequence":"12","original_text":"12. 小川芳男他(編)『英語教授法辞典新版』(三省堂, 1982)"},{"sequence":"13","original_text":"13. 浪本勝年『教育内容行政の限界-教科書検定と学習指導要領-』(北樹出版, 1984)"},{"sequence":"14","original_text":"14. 稲村松雄『教科書中心昭和英語教育史-英語教科書はどう変わったか-』(開隆堂, 1986)"},{"sequence":"15","original_text":"15. 山住正己『日本教育小史-近・現代-』(岩波新書1987)"},{"sequence":"16","original_text":"16. 紀平健一「戦後英語におけるJack and Bettyの位置」(日本英語教育史学会『日本英語教育史研究」第3号, 1988)"},{"sequence":"17","original_text":"17. 青木昭六「日本の英語教育は変わったか」(愛知学院大学文学部紀要抜刷第21号, 1991)"},{"sequence":"18","original_text":"18. 青木庸効「英語教材の中の題材」(日本英語教育史学会『日本英語教育史研究』第6号, 1991)"},{"sequence":"19","original_text":"19. 紀平健一「戦後高校教科書の成立-The World through Englishの検討-」(日本英語教育史学会『日本英語教育史研究』第7号, 1992)"},{"sequence":"20","original_text":"20. 安藤昭一「指導要領の変遷と教育現場」(『英語教育』第42巻6号, 大修館, 1993)"},{"sequence":"21","original_text":"21. 高梨健吉. 出来成訓『英語教科書の歴史と解題(英語教科書名著選集・別巻)』(大空社, 1993)"},{"sequence":"22","original_text":"22. 小篠敏明『Harold E. Palmerの英語教授法に関する研究一日本における展開を中心として一』(第一学習社, 1995)"},{"sequence":"23","original_text":"23. 伊村元道『パーマーと日本の英語教育』(大修館, 1997)"},{"sequence":"24","original_text":"24. 若林俊輔「昭和22(1947)年の『学習指導要領』を読む」(『現代英語教育』第33巻11号, 研究社, 1997)"},{"sequence":"25","original_text":"25. 堀尾輝久『現代社会と教育』(岩波新書, 1997)"},{"sequence":"26","original_text":"26. 庭野吉弘「『英語教育』(研究社)について(2)-その巻頭言の内容分析から見えてくるもの-」(日本英語教育史学会『日本英語教育史研究』第12号, 1997)"}]}}