{"status":"OK","apiType":"doi","apiVersion":"1.0.0","message":{"total":1,"rows":1,"totalPages":1,"page":1},"data":{"siteId":"SI/JST.JSTAGE","content_type":"JA","doi":"10.11222/hisetjournal1986.13.0_29","url":"https://doi.org/10.11222/hisetjournal1986.13.0_29","ra":"JaLC","prefix":"10.11222","site_name":"J-STAGE","publisher_list":[{"publisher_name":"Society for Historical Studies of English Teaching in Japan","lang":"en"},{"publisher_name":"日本英語教育史学会","lang":"ja"}],"title_list":[{"lang":"en","title":"ITO Kenzo: His 55 Years as an English Teacher"},{"lang":"ja","title":"伊藤健三の生涯と業績"}],"creator_list":[{"sequence":"1","type":"person","names":[{"lang":"en","last_name":"Motomichi","first_name":"IMURA"}],"affiliation_list":[{"affiliation_name":"Tamagawa University","sequence":"1","lang":"en"}]}],"publication_date":{"publication_year":"1998"},"relation_list":[{"content":"https://www.jstage.jst.go.jp/article/hisetjournal1986/13/0/13_29/_pdf","type":"URL","relation":"fullTextPdf"}],"content_language":"ja","updated_date":"2014-12-09","article_type":"pub","journal_id_list":[{"journal_id":"0916-006X","type":"ISSN","issn_type":"print"},{"journal_id":"2187-1779","type":"ISSN","issn_type":"online"},{"journal_id":"hisetjournal1986","type":"JID"}],"journal_title_name_list":[{"journal_title_name":"HiSET Journal: Journal on Historical Studies of English Teaching in Japan","type":"full","lang":"en"},{"journal_title_name":"HiSET Journal","type":"abbreviation","lang":"en"},{"journal_title_name":"日本英語教育史研究","type":"full"},{"journal_title_name":"日本英語教育史研究","type":"abbreviation"}],"journal_classification":"01","recorded_year":"1986-2008","volume":"13","issue":"0","first_page":"29","last_page":"62","date":"2012-10-29","citation_list":[{"sequence":"1","original_text":"伊藤健三「英語教育とともに55年」(『現代英語教育の諸相』研究社出版1994)"},{"sequence":"2","original_text":"特集「追悼・故伊藤健三先生」OTUSUKA FORMU No13, 大塚英語教育研究会 October1995"},{"sequence":"3","original_text":"特別記事「伊藤健三教授と戦後英語教育」『英語展望』No.101, ELEC Summer 1995"}]}}