{"status":"OK","apiType":"doi","apiVersion":"1.0.0","message":{"total":1,"rows":1,"totalPages":1,"page":1},"data":{"siteId":"SI/JST.JSTAGE","content_type":"JA","doi":"10.11222/hisetjournal1986.2.0_115","url":"https://doi.org/10.11222/hisetjournal1986.2.0_115","ra":"JaLC","prefix":"10.11222","site_name":"J-STAGE","publisher_list":[{"publisher_name":"Society for Historical Studies of English Teaching in Japan","lang":"en"},{"publisher_name":"日本英語教育史学会","lang":"ja"}],"title_list":[{"lang":"ja","title":"庄原英学校と慶應義塾"}],"creator_list":[{"sequence":"1","type":"person","names":[{"lang":"ja","last_name":"寺田","first_name":"芳徳"}]}],"publication_date":{"publication_year":"1987"},"relation_list":[{"content":"https://www.jstage.jst.go.jp/article/hisetjournal1986/2/0/2_115/_pdf","type":"URL","relation":"fullTextPdf"}],"content_language":"ja","updated_date":"2014-12-09","article_type":"pub","journal_id_list":[{"journal_id":"0916-006X","type":"ISSN","issn_type":"print"},{"journal_id":"2187-1779","type":"ISSN","issn_type":"online"},{"journal_id":"hisetjournal1986","type":"JID"}],"journal_title_name_list":[{"journal_title_name":"HiSET Journal: Journal on Historical Studies of English Teaching in Japan","type":"full","lang":"en"},{"journal_title_name":"HiSET Journal","type":"abbreviation","lang":"en"},{"journal_title_name":"日本英語教育史研究","type":"full"},{"journal_title_name":"日本英語教育史研究","type":"abbreviation"}],"journal_classification":"01","recorded_year":"1986-2008","volume":"2","issue":"0","first_page":"115","last_page":"132","date":"2012-10-29","citation_list":[{"sequence":"1","original_text":"岩波講座:「現代教育学5・日本近代教育史」(岩波書店, 1962年, 武田清子他執筆)."},{"sequence":"2","original_text":"地方史研究協議会編:「地方文化の伝統と創造」(雄山閣, 昭和51年)."},{"sequence":"3","original_text":"武田清子編:「比較近代化論」(未来社, 1971年)."},{"sequence":"4","original_text":"緒方富雄著:「緒方洪庵伝」壬戌旅行日記・適々斎塾姓名録(岩波書店, 昭和17年)."},{"sequence":"5","original_text":"慶應義塾編集:「図説・慶応義塾百年小史, 1858-1958」(慶応義塾, 1958年)."},{"sequence":"6","original_text":"手塚竜唐著:「日本近代化の先駆者たち」(吾妻書房, 1975年)."},{"sequence":"7","original_text":"広島県三次高等学校六十年史編集委員会:「巴峡六十年」(同校発行, 昭和35年)."},{"sequence":"8","original_text":"創立者奥愛次郎先生五十年忌日彰館創立六十年記念会編集:「日彰館奥愛次郎先生事蹟」(同会発行, 昭和28年)."},{"sequence":"9","original_text":"日本英学100年編集部編:「日本の英学100年」明治編(研究社, 1968年)."},{"sequence":"10","original_text":"福沢諭吉協会:「福澤諭吉年鑑」第二号(1975年)・第七号(1980年)."},{"sequence":"11","original_text":"庄原市編:「庄原」統計資料・庄原地方史(庄原市発行, 1978年)."},{"sequence":"12","original_text":"寺田芳徳:「庄原英学校と慶應義塾」(「比治山女子短期大学紀要」第20号, 昭和61年3月同大学刊)"},{"sequence":"13","original_text":"寺田芳徳(研究発表資料): 板倉興太郎と庄原英学校-シェイクスピア作「コリオレーナス」の翻案をめぐって」[第20回日本英学史学会年次大会(伊勢原), 1983年10月]"},{"sequence":"14","original_text":"寺田芳徳(研究発表資料):「板倉卓造(天耳)の「カンターベリー物語の梗概」について」〔第21回日本英学史学会隼次大会(新潟), 1984年10月〕及び日本英学史学会「英学史研究」第19号(1986年)所収論文を参照."},{"sequence":"15","original_text":"寺田芳徳(研究発表資料):「『庄原英学校会計』の中の英学群像」〔第22回日本英学史学会年次大会(熊本), 1985年11月〕"}]}}