{"status":"OK","apiType":"doi","apiVersion":"1.0.0","message":{"total":1,"rows":1,"totalPages":1,"page":1},"data":{"siteId":"SI/JST.JSTAGE","content_type":"JA","doi":"10.11222/hisetjournal1986.21.0_43","url":"https://doi.org/10.11222/hisetjournal1986.21.0_43","ra":"JaLC","prefix":"10.11222","site_name":"J-STAGE","publisher_list":[{"publisher_name":"Society for Historical Studies of English Teaching in Japan","lang":"en"},{"publisher_name":"日本英語教育史学会","lang":"ja"}],"title_list":[{"lang":"ja","title":"National ReadersからNew National Readersまで-発行状況調査報告-"}],"creator_list":[{"sequence":"1","type":"person","names":[{"lang":"ja","last_name":"本多","first_name":"仁禮士"}]}],"publication_date":{"publication_year":"2006"},"relation_list":[{"content":"https://www.jstage.jst.go.jp/article/hisetjournal1986/21/0/21_43/_pdf","type":"URL","relation":"fullTextPdf"}],"content_language":"ja","updated_date":"2014-12-09","article_type":"pub","journal_id_list":[{"journal_id":"0916-006X","type":"ISSN","issn_type":"print"},{"journal_id":"2187-1779","type":"ISSN","issn_type":"online"},{"journal_id":"hisetjournal1986","type":"JID"}],"journal_title_name_list":[{"journal_title_name":"HiSET Journal: Journal on Historical Studies of English Teaching in Japan","type":"full","lang":"en"},{"journal_title_name":"HiSET Journal","type":"abbreviation","lang":"en"},{"journal_title_name":"日本英語教育史研究","type":"full"},{"journal_title_name":"日本英語教育史研究","type":"abbreviation"}],"journal_classification":"01","recorded_year":"1986-2008","volume":"21","issue":"0","first_page":"43","last_page":"58","date":"2012-10-29","citation_list":[{"sequence":"1","original_text":"川澄哲夫編(1998)『資料日本英学史1』下, 大修館書店"},{"sequence":"2","original_text":"高梨健吉・出来成訓(1993)『英語教科書の歴史と解題』大空社"},{"sequence":"3","original_text":"東京都公文書館編(1959)東京都市紀要『東京の英学』"},{"sequence":"4","original_text":"American Textbook Publishers Institute, The (1949) Textbooks in Education Carpenter, Charles (1963) History of American Schoolbooks, University of Pennsylvania Press"},{"sequence":"5","original_text":"Elson, Ruth Miller, Guardians of Tradition, University of Nebraska"},{"sequence":"6","original_text":"Lehmann H., Hellmut (1939) The Book in America, R. R. Bowker Company"},{"sequence":"7","original_text":"Nietz, John A. (1961) Old Textbooks, University of Pittsburgh Press"},{"sequence":"8","original_text":"Tebbel, John (1972) A History of Book Publishing in the United States Vol.II A Xerox Education Company"},{"sequence":"9","original_text":"Tebbel, John (1987) Between Covers, Oxford University Press"}]}}