{"status":"OK","apiType":"doi","apiVersion":"1.0.0","message":{"total":1,"rows":1,"totalPages":1,"page":1},"data":{"siteId":"SI/JST.JSTAGE","content_type":"JA","doi":"10.11222/hisetjournal1986.7.0_113","url":"https://doi.org/10.11222/hisetjournal1986.7.0_113","ra":"JaLC","prefix":"10.11222","site_name":"J-STAGE","publisher_list":[{"publisher_name":"Society for Historical Studies of English Teaching in Japan","lang":"en"},{"publisher_name":"日本英語教育史学会","lang":"ja"}],"title_list":[{"lang":"ja","title":"戦後の英語教科書にみる異文化理解の変遷"}],"creator_list":[{"sequence":"1","type":"person","names":[{"lang":"ja","last_name":"江利川","first_name":"春雄"}]}],"publication_date":{"publication_year":"1992"},"relation_list":[{"content":"https://www.jstage.jst.go.jp/article/hisetjournal1986/7/0/7_113/_pdf","type":"URL","relation":"fullTextPdf"}],"content_language":"ja","updated_date":"2014-12-09","article_type":"pub","journal_id_list":[{"journal_id":"0916-006X","type":"ISSN","issn_type":"print"},{"journal_id":"2187-1779","type":"ISSN","issn_type":"online"},{"journal_id":"hisetjournal1986","type":"JID"}],"journal_title_name_list":[{"journal_title_name":"HiSET Journal: Journal on Historical Studies of English Teaching in Japan","type":"full","lang":"en"},{"journal_title_name":"HiSET Journal","type":"abbreviation","lang":"en"},{"journal_title_name":"日本英語教育史研究","type":"full"},{"journal_title_name":"日本英語教育史研究","type":"abbreviation"}],"journal_classification":"01","recorded_year":"1986-2008","volume":"7","issue":"0","first_page":"113","last_page":"145","date":"2012-10-29","citation_list":[{"sequence":"1","original_text":"青木庸效『英語科教育-授業入門-』, 英宝社, 1988."},{"sequence":"2","original_text":"稲村松雄『教科書中心昭和英語教育史』, 開隆堂, 1986."},{"sequence":"3","original_text":"伊村元道, 若林俊輔『英語教育の歩み』(英語教育シリーズ・4), 中教出版, 1980."},{"sequence":"4","original_text":"ERIKAWA, Haruo. A Historical Study of the Development in Teaching Materials in Post- war English Textbooks, (unpublished: a Thesis for Master's Degree, Ko be University), 1992."},{"sequence":"5","original_text":"大石俊一『「英語」イデオロギーを問う-西欧精神との格闘-』, 開文社, 1990."},{"sequence":"6","original_text":"大村喜吉, 高梨健吉, 出来成訓編『英語教育史資料1-5』, 東京法令, 1980."},{"sequence":"7","original_text":"津田幸男『英語支配の構造日本人と異文化コミュニケーション』, 第三書館, 1990."},{"sequence":"8","original_text":"中村敬『私説英語教育論』, 研究社, 1980."},{"sequence":"9","original_text":"NOGUCHI, Katsuhiro. \"A Study of English Textbooks in Junior High School for Internatidnal Understanding\", 『国際武道大学紀要』第4号, 1988."},{"sequence":"10","original_text":"HINO, Nobuyuki. &ldquo;Nationalism and English as an International Language: The History of English Textbooks in Japan&rdquo;, World Englishes, Vol. 7, No 3, 1988."}]}}