{"status":"OK","apiType":"doi","apiVersion":"1.0.0","message":{"total":1,"rows":1,"totalPages":1,"page":1},"data":{"siteId":"SI/JST.JSTAGE","content_type":"JA","doi":"10.11222/hisetjournal1986.5.0_91","url":"https://doi.org/10.11222/hisetjournal1986.5.0_91","ra":"JaLC","prefix":"10.11222","site_name":"J-STAGE","publisher_list":[{"publisher_name":"Society for Historical Studies of English Teaching in Japan","lang":"en"},{"publisher_name":"日本英語教育史学会","lang":"ja"}],"title_list":[{"lang":"ja","title":"戦中の英語教育","subtitle":"昭和18年制定中学校教科教授要目「外国語科」を中心に"}],"creator_list":[{"sequence":"1","type":"person","names":[{"lang":"ja","last_name":"今野","first_name":"鉄男"}]}],"publication_date":{"publication_year":"1990"},"relation_list":[{"content":"https://www.jstage.jst.go.jp/article/hisetjournal1986/5/0/5_91/_pdf","type":"URL","relation":"fullTextPdf"}],"content_language":"ja","updated_date":"2014-12-09","article_type":"pub","journal_id_list":[{"journal_id":"0916-006X","type":"ISSN","issn_type":"print"},{"journal_id":"2187-1779","type":"ISSN","issn_type":"online"},{"journal_id":"hisetjournal1986","type":"JID"}],"journal_title_name_list":[{"journal_title_name":"HiSET Journal: Journal on Historical Studies of English Teaching in Japan","type":"full","lang":"en"},{"journal_title_name":"HiSET Journal","type":"abbreviation","lang":"en"},{"journal_title_name":"日本英語教育史研究","type":"full"},{"journal_title_name":"日本英語教育史研究","type":"abbreviation"}],"journal_classification":"01","recorded_year":"1986-2008","volume":"5","issue":"0","first_page":"91","last_page":"99","date":"2012-10-29","citation_list":[{"sequence":"1","original_text":"1.『日本の英学100年』昭和編(研究社, 昭和44年)"},{"sequence":"2","original_text":"2. 文部省『学制百年史』(帝国地方行政学会, 昭和47年)"},{"sequence":"3","original_text":"3. 高梨, 大村共著『旧本の英語教育史』(大修館, 昭和50年)"},{"sequence":"4","original_text":"5. 若林俊輔編『昭和50年の英語教育』(大修館, 昭和55年)"},{"sequence":"5","original_text":"4. 大村, 高梨, 出来共編『英語教育史資料』1, 3(東京法令出版, 昭和55年)"},{"sequence":"6","original_text":"5. 若林俊輔編『昭和50年の英語教育』(大修館, 昭和55年)"},{"sequence":"7","original_text":"6. ハーバート・パッシン, 加藤英明訳『米陸軍日本語学校-日本との出会い-』(TBSブリタニカ, 昭和56年)"},{"sequence":"8","original_text":"7. 市河三喜監修『英語教授法事典』(開拓社, 昭和56年)"}]}}