{"status":"OK","apiType":"doi","apiVersion":"1.0.0","message":{"total":1,"rows":1,"totalPages":1,"page":1},"data":{"siteId":"SI/JST.JSTAGE","content_type":"JA","doi":"10.11222/hisetjournal1986.6.0_59","url":"https://doi.org/10.11222/hisetjournal1986.6.0_59","ra":"JaLC","prefix":"10.11222","site_name":"J-STAGE","publisher_list":[{"publisher_name":"Society for Historical Studies of English Teaching in Japan","lang":"en"},{"publisher_name":"日本英語教育史学会","lang":"ja"}],"title_list":[{"lang":"ja","title":"神戸女学院の発展と英語教育の展開-1895年から1940年にかけて-"}],"creator_list":[{"sequence":"1","type":"person","names":[{"lang":"ja","last_name":"寺澤","first_name":"美代子"}]}],"publication_date":{"publication_year":"1991"},"relation_list":[{"content":"https://www.jstage.jst.go.jp/article/hisetjournal1986/6/0/6_59/_pdf","type":"URL","relation":"fullTextPdf"}],"content_language":"ja","updated_date":"2014-12-09","article_type":"pub","journal_id_list":[{"journal_id":"0916-006X","type":"ISSN","issn_type":"print"},{"journal_id":"2187-1779","type":"ISSN","issn_type":"online"},{"journal_id":"hisetjournal1986","type":"JID"}],"journal_title_name_list":[{"journal_title_name":"HiSET Journal: Journal on Historical Studies of English Teaching in Japan","type":"full","lang":"en"},{"journal_title_name":"HiSET Journal","type":"abbreviation","lang":"en"},{"journal_title_name":"日本英語教育史研究","type":"full"},{"journal_title_name":"日本英語教育史研究","type":"abbreviation"}],"journal_classification":"01","recorded_year":"1986-2008","volume":"6","issue":"0","first_page":"59","last_page":"86","date":"2012-10-29","citation_list":[{"sequence":"1","original_text":"(1)小川昇編「日本の教育古代から現在までの歴実と変遷3, 文教政策研究会, 昭和60年."},{"sequence":"2","original_text":"(2)神田修・山住正己編「史料日本の教育」学陽書房, 昭和53年."},{"sequence":"3","original_text":"(3)執筆者代表, 石川松太郎「日本教育史」玉川大学出版部, 1987."},{"sequence":"4","original_text":"(4)原田園子「欧米と日本の英語教育・方法論史における神戸女学院の英語教育・教授法の流れ」(II. III)"},{"sequence":"5","original_text":"(5)高梨建吉・大村喜吉「日本の英語教育史」, 大修館, 1975年."}]}}