{"status":"OK","apiType":"doi","apiVersion":"1.0.0","message":{"total":1,"rows":1,"totalPages":1,"page":1},"data":{"siteId":"SI/JST.JSTAGE","content_type":"JA","doi":"10.11222/hisetjournal1986.8.0_23","url":"https://doi.org/10.11222/hisetjournal1986.8.0_23","ra":"JaLC","prefix":"10.11222","site_name":"J-STAGE","publisher_list":[{"publisher_name":"Society for Historical Studies of English Teaching in Japan","lang":"en"},{"publisher_name":"日本英語教育史学会","lang":"ja"}],"title_list":[{"lang":"ja","title":"旧植民地英語教育-満洲国及び内地における英語教育とその周辺-"}],"creator_list":[{"sequence":"1","type":"person","names":[{"lang":"ja","last_name":"佐藤","first_name":"恵一"}]}],"publication_date":{"publication_year":"1993"},"relation_list":[{"content":"https://www.jstage.jst.go.jp/article/hisetjournal1986/8/0/8_23/_pdf","type":"URL","relation":"fullTextPdf"}],"content_language":"ja","updated_date":"2014-12-09","article_type":"pub","journal_id_list":[{"journal_id":"0916-006X","type":"ISSN","issn_type":"print"},{"journal_id":"2187-1779","type":"ISSN","issn_type":"online"},{"journal_id":"hisetjournal1986","type":"JID"}],"journal_title_name_list":[{"journal_title_name":"HiSET Journal: Journal on Historical Studies of English Teaching in Japan","type":"full","lang":"en"},{"journal_title_name":"HiSET Journal","type":"abbreviation","lang":"en"},{"journal_title_name":"日本英語教育史研究","type":"full"},{"journal_title_name":"日本英語教育史研究","type":"abbreviation"}],"journal_classification":"01","recorded_year":"1986-2008","volume":"8","issue":"0","first_page":"23","last_page":"39","date":"2012-10-29","citation_list":[{"sequence":"1","original_text":"昭和史全記録 毎日新聞社"},{"sequence":"2","original_text":"資料日本英学史2 -英語教育論争史- 大修館"},{"sequence":"3","original_text":"日本英語教青史稿 文化評論出版"},{"sequence":"4","original_text":"那代教育学辞典 労働旬報杜"},{"sequence":"5","original_text":"臼本英語教青史賓料2 東京法令"},{"sequence":"6","original_text":"日本の歴史17 集英社"},{"sequence":"7","original_text":"明治・大正図諾16 梅外 筑摩書店"},{"sequence":"8","original_text":"明治100年の歴史 -大正・昭和編- 講談社"},{"sequence":"9","original_text":"日本は朝鮮で何を教えたか あゆみ出版"},{"sequence":"10","original_text":"英語敏科書の使用誘彙総覧中学校編 渓水社"},{"sequence":"11","original_text":"最新昭和史辞典 毎日新聞社"},{"sequence":"12","original_text":"日本外交史辞典 山川出版"},{"sequence":"13","original_text":"満洲国 -その背景と教青からみた英語像-日本英請教育史研究 第4号"}]}}