{"status":"OK","apiType":"doi","apiVersion":"1.0.0","message":{"total":1,"rows":1,"totalPages":1,"page":1},"data":{"siteId":"SI/JST.JSTAGE","content_type":"JA","doi":"10.11222/hisetjournal1986.16.0_69","url":"https://doi.org/10.11222/hisetjournal1986.16.0_69","ra":"JaLC","prefix":"10.11222","site_name":"J-STAGE","publisher_list":[{"publisher_name":"Society for Historical Studies of English Teaching in Japan","lang":"en"},{"publisher_name":"日本英語教育史学会","lang":"ja"}],"title_list":[{"lang":"ja","title":"幻の三省堂和英大辞典-神田から竹原へのある書簡をめぐって-"}],"creator_list":[{"sequence":"1","type":"person","names":[{"lang":"ja","last_name":"堤","first_name":"美佐子"}],"affiliation_list":[{"affiliation_name":"神戸女学院大学大学院","sequence":"1","lang":"ja"}]}],"publication_date":{"publication_year":"2001"},"relation_list":[{"content":"https://www.jstage.jst.go.jp/article/hisetjournal1986/16/0/16_69/_pdf","type":"URL","relation":"fullTextPdf"}],"content_language":"ja","updated_date":"2014-12-09","article_type":"pub","journal_id_list":[{"journal_id":"0916-006X","type":"ISSN","issn_type":"print"},{"journal_id":"2187-1779","type":"ISSN","issn_type":"online"},{"journal_id":"hisetjournal1986","type":"JID"}],"journal_title_name_list":[{"journal_title_name":"HiSET Journal: Journal on Historical Studies of English Teaching in Japan","type":"full","lang":"en"},{"journal_title_name":"HiSET Journal","type":"abbreviation","lang":"en"},{"journal_title_name":"日本英語教育史研究","type":"full"},{"journal_title_name":"日本英語教育史研究","type":"abbreviation"}],"journal_classification":"01","recorded_year":"1986-2008","volume":"16","issue":"0","first_page":"69","last_page":"84","date":"2012-10-29","citation_list":[{"sequence":"1","original_text":"大村喜吉, 高梨健吉, 出来成訓編(1980)『英語教育史資料第5巻』東京法令出版"},{"sequence":"2","original_text":"神田記念事業委員会編(1927) MEMORIALS OF NAIBU KANDA 刀江書院"},{"sequence":"3","original_text":"小島義郎(1999)『英語辞書の変遷-英・米・日本を併せ見て』研究社"},{"sequence":"4","original_text":"三省堂書店百年史刊行委員会(1981)『三省堂書店百年史』三省堂書店"},{"sequence":"5","original_text":"三省堂百年記念事業委員会(1982)『三省堂の百年」三省堂"},{"sequence":"6","original_text":"正則学院百年史編集委員会編(1989)『正則学院百年史』正則学院"},{"sequence":"7","original_text":"高梨健吉(1996)『日本英学史考』東京法令出版"},{"sequence":"8","original_text":"堤美佐子(1999)『スタンダード和英大辞典編者竹原常太』「日本英語教育史研究」第14号121-139日本英語教育史学会"},{"sequence":"9","original_text":"出来成訓(1994)『日本英語教育史考』東京法令出版"},{"sequence":"10","original_text":"日本中学校(1937)『日本中学校五十年史』日本中学校"},{"sequence":"11","original_text":"日本の英学100年編集部(1969)『日本の英学100年大正編』研究社"},{"sequence":"12","original_text":"日本の英学100年編集部(1969)『日本の英学100年昭和編』研究社"},{"sequence":"13","original_text":"早川勇編(1998)「日本英語辞書年表(終戦まで)」岡崎学園国際短期大学. 人間研究所"},{"sequence":"14","original_text":"町田俊昭(1981)『三代の辞書-英和・和英辞書百年小史』三省堂"}]}}