{"status":"OK","apiType":"doi","apiVersion":"1.0.0","message":{"total":1,"rows":1,"totalPages":1,"page":1},"data":{"siteId":"SI/JST.JSTAGE","content_type":"JA","doi":"10.11222/hisetjournal1986.1.0_1","url":"https://doi.org/10.11222/hisetjournal1986.1.0_1","ra":"JaLC","prefix":"10.11222","site_name":"J-STAGE","publisher_list":[{"publisher_name":"Society for Historical Studies of English Teaching in Japan","lang":"en"},{"publisher_name":"日本英語教育史学会","lang":"ja"}],"title_list":[{"lang":"ja","title":"「湘南プラン」について-その教授法と英語教育史における位置づけ-"}],"creator_list":[{"sequence":"1","type":"person","names":[{"lang":"ja","last_name":"庭野","first_name":"吉弘"}],"affiliation_list":[{"affiliation_name":"工学院大学","sequence":"1","lang":"ja"}]}],"publication_date":{"publication_year":"1986"},"relation_list":[{"content":"https://www.jstage.jst.go.jp/article/hisetjournal1986/1/0/1_1/_pdf","type":"URL","relation":"fullTextPdf"}],"content_language":"ja","updated_date":"2014-12-09","article_type":"pub","journal_id_list":[{"journal_id":"0916-006X","type":"ISSN","issn_type":"print"},{"journal_id":"2187-1779","type":"ISSN","issn_type":"online"},{"journal_id":"hisetjournal1986","type":"JID"}],"journal_title_name_list":[{"journal_title_name":"HiSET Journal: Journal on Historical Studies of English Teaching in Japan","type":"full","lang":"en"},{"journal_title_name":"HiSET Journal","type":"abbreviation","lang":"en"},{"journal_title_name":"日本英語教育史研究","type":"full"},{"journal_title_name":"日本英語教育史研究","type":"abbreviation"}],"journal_classification":"01","recorded_year":"1986-2008","volume":"1","issue":"0","first_page":"1","last_page":"15","date":"2012-10-29","citation_list":[{"sequence":"1","original_text":"1. 松川昇太郎「湘南中学の英語教育一回想」, 『英語教育研究』第8号所収, 神奈川県高等学校教科研究会英語部会編, 開拓社, 1973年11月."},{"sequence":"2","original_text":"2. 寺西武夫「湘南中学を観る」, lish Teaching No. 117The Bulletin of the Institute of Research in Eng. 所収, 英語教授研究所, 1935年10月."},{"sequence":"3","original_text":"3. 松川昇太郎「湘南中学英語科の現状」, 同No. 119所収, 1935年12月."},{"sequence":"4","original_text":"4. 「各地学校消息一神奈川県立湘南中学校, 『英語の研究と教授』第3巻第1号所収, 東京文理科大学内英語教育研究会編, 興文社, 1934年3月."},{"sequence":"5","original_text":"5・青木常雄「学校参観印象記」, 『英語の研究と教授』第4巻第5号所収, 同研究会編, 1935年8月."},{"sequence":"6","original_text":"6. 平田孝次「湘南五十年史」, 創立50周年記念誌『湘南』所収, 1972年."},{"sequence":"7","original_text":"7. 第12回英語教授研究大会プログラム, 1935年10月31, 11月1日, 2日."},{"sequence":"8","original_text":"8. 青木常雄「英語教師六十年(3)-福島中学と湘南中学」, 『英語青年』第115巻第7号所収, 研究社, 1969年7月."},{"sequence":"9","original_text":"9. H・I生「湘南中学校英語教授参観記」, 東京府中等学校英語教員会『会報』第5号所収, 同教員会編・発行, 1936年3月."},{"sequence":"10","original_text":"10. (対談)清水貞助・加藤寿雄「福島プランと湘南プラン」, 『英語教育』第7巻第10号所収, 大修館書店, 1959年1月."},{"sequence":"11","original_text":"11. 荒間蒼海「湘南逸聞記(VII)-湘中の英語」, 『湘高新聞』第167号所収, 湘南高校新聞部, 1980年11月20日."},{"sequence":"12","original_text":"12. 「全国大会で授業を実演-湘中英語科の誉れ」, 『横浜貿易新聞』昭和10年10月31日付."},{"sequence":"13","original_text":"13. 蟹江忠彦「松川昇太郎氏を悼む」, 『英語教育』第25巻第8号所収, 大修館書店, 1976年10月."},{"sequence":"14","original_text":"14. 蟹江忠彦「英語を教えることの楽しさ」, 日本大学藤沢高等学校研究紀要創刊号所収."},{"sequence":"15","original_text":"15. 「七十四歳の現役-蟹江忠彦先生」, 『せんせい-名物先生と子供たち』所収, 毎日新聞社編, 1977年8月."},{"sequence":"16","original_text":"16. 野口元「湘南高」, 『わが母校わが友』所収, 毎日新聞横浜支局編, 1976年3月."},{"sequence":"17","original_text":"17. 石橋幸太郎「わが国英語教育の歩み」, 『英語教育』第7巻第10号所収, 大修館書店, 1959年1月."},{"sequence":"18","original_text":"18. 黒田娩「H. E. Palmer と日本の英語教育」, 『英語教育』第7巻第10号所収."},{"sequence":"19","original_text":"19. H. E. バーマー『新しき理論の見解による英語教授の新問題(覚書)』(篠田錦策訳), 英語教授研究所, 1924年. (『英語教育史資料』(2)による)"},{"sequence":"20","original_text":"20. 伊藤嘉一「英語教育方法論史概説」, 『英語教育』1976年7月増刊号所収, 大修館書店."},{"sequence":"21","original_text":"21. 佐藤秀志「オーラル・メソッド」, 『英語教育』1976年7月増刊号所収."},{"sequence":"22","original_text":"22. 小川芳男ほか『英語教授法』, 『現代英語教育講座』2, 研究社出版, 1964年6月."},{"sequence":"23","original_text":"23. 俳藤健三ほか『英語教授法各論』, 『現代の英語教育』3, 研究社出版, 1978年11月."},{"sequence":"24","original_text":"24. 清水貞助ほか「H. E・バーマー特集」, 『英語教育ジャーナル』第2巻第11号, 三省堂, 1982年2月."},{"sequence":"25","original_text":"25. 若林俊輔編『昭和50年の英語教育』, 大修館書店, 1980年2月."},{"sequence":"26","original_text":"26. 高梨健吉・大村喜吉r日本の英語教育史』, 大修館書店, 1975年11月."},{"sequence":"27","original_text":"27. 福原麟太郎監修『ある英文教室の100年』, 大修館書店, 1978年5月."},{"sequence":"28","original_text":"28. 大村喜吉・高梨健吉・出来成訓編『英語教育史資料』全5巻, 東京法令, 1980年4月."},{"sequence":"29","original_text":"29. 富士川英郎「湘南中学と岡倉由三郎」, 『文芸春秋』2月号(1984年)所収."}]}}