{"status":"OK","apiType":"doi","apiVersion":"1.0.0","message":{"total":1,"rows":1,"totalPages":1,"page":1},"data":{"siteId":"SI/JST.JSTAGE","content_type":"JA","doi":"10.11222/hisetjournal1986.2.0_37","url":"https://doi.org/10.11222/hisetjournal1986.2.0_37","ra":"JaLC","prefix":"10.11222","site_name":"J-STAGE","publisher_list":[{"publisher_name":"Society for Historical Studies of English Teaching in Japan","lang":"en"},{"publisher_name":"日本英語教育史学会","lang":"ja"}],"title_list":[{"lang":"ja","title":"英語教育史に於ける発音の片仮名表記","subtitle":"中浜万次郎『英米対話捷徑』の表記を中心に"}],"creator_list":[{"sequence":"1","type":"person","names":[{"lang":"ja","last_name":"田辺","first_name":"洋二"}],"affiliation_list":[{"affiliation_name":"早稲田大学","sequence":"1","lang":"ja"}]}],"publication_date":{"publication_year":"1987"},"relation_list":[{"content":"https://www.jstage.jst.go.jp/article/hisetjournal1986/2/0/2_37/_pdf","type":"URL","relation":"fullTextPdf"}],"content_language":"ja","updated_date":"2014-12-09","article_type":"pub","journal_id_list":[{"journal_id":"0916-006X","type":"ISSN","issn_type":"print"},{"journal_id":"2187-1779","type":"ISSN","issn_type":"online"},{"journal_id":"hisetjournal1986","type":"JID"}],"journal_title_name_list":[{"journal_title_name":"HiSET Journal: Journal on Historical Studies of English Teaching in Japan","type":"full","lang":"en"},{"journal_title_name":"HiSET Journal","type":"abbreviation","lang":"en"},{"journal_title_name":"日本英語教育史研究","type":"full"},{"journal_title_name":"日本英語教育史研究","type":"abbreviation"}],"journal_classification":"01","recorded_year":"1986-2008","volume":"2","issue":"0","first_page":"37","last_page":"60","date":"2012-10-29","citation_list":[{"sequence":"1","original_text":"本木正栄編『諸厄利亜興学小笙』10巻3冊, 文化8年(1811)"},{"sequence":"2","original_text":"本木正栄, 馬場貞歴, 末永祥守, 楢林高美, 吉雄永保編『諸厄利亜籍林大成』15巻4冊, 文化11年(1814)"},{"sequence":"3","original_text":"柳河春三著『洋学指針英学部』全, 慶応3年(1867)"},{"sequence":"4","original_text":"馬場栄久, 細井催吉合訳『ウィルソン氏, 第一リードル独案内」明治18年(1885)"},{"sequence":"5","original_text":"蒲生俊訳「スウィントン氏. 第二リーダー独案内」明治21年(1888)"},{"sequence":"6","original_text":"酒巻貞一郎著『英文朗読法』全, 明治30年(1897)"},{"sequence":"7","original_text":"和田正夫訳述r挿註意解ニューナショナル第二リーダー独案内」明治32年(1899)"},{"sequence":"8","original_text":"東京イーストレーキ英語学会「博言博士イーストレーキ英語講義録」全, 明治40年(1907)"},{"sequence":"9","original_text":"元木貞雄「ナショナルリーダー 第一自修詳解」全, 明治41年(1908)"},{"sequence":"10","original_text":"鎌田稲川編著「英語活用宝函」明治43年(1910)"},{"sequence":"11","original_text":"岸本能武太著『英藷研究 発音の原理』, 明治43年(1910)"},{"sequence":"12","original_text":"斉藤秀三郎著『熟語本位 英和中辞典』改訂版, 大正6年(1917)"},{"sequence":"13","original_text":"正醐英語学校『講義録』中学郎第一年級, 第一号, 大正8年(1919)"},{"sequence":"14","original_text":"杉本つとむ編『日本英語文化史資料』八坂書房, 昭和60年(1985)"},{"sequence":"15","original_text":"豊田實著『日本英学史の研究』岩波書店, 昭和14年(1939)"},{"sequence":"16","original_text":"日本の英学100年編集部『日本の英学100年』研究社, 1968."},{"sequence":"17","original_text":"日本英学史学会編『英語事始』エンサイクロペディアブリタニカ, 1976."},{"sequence":"18","original_text":"杉本つとむ編『日本英語文化史資料』八坂書房, 1985."},{"sequence":"19","original_text":"三省堂編集所『The Crown English Series I New Edition (Teacher's Manual) 』三省堂, 昭和60年, pp. 47, 48 「John Manjiro and Captain Whitfield (1)」"},{"sequence":"20","original_text":"Kenyon, J. S.: American Pronunciation, Wahr, 1924."},{"sequence":"21","original_text":"Thomas, C. K.: An Introduction to the Phonetics of American English, Second Edition, Ronald, 1958."},{"sequence":"22","first_page":"1953","publication_date":{"publication_year":"1953"},"original_text":"Kenyon, J. S. and Knott, T. A.: A Pronouncing Dictionary of American English, G. &amp; C. Merriam, 1953."},{"sequence":"23","original_text":"Webster's Third New International Dictionary, Unabridged, A Merriam-Webster, G. &amp; C. Merriam. 1961."}]}}