{"status":"OK","apiType":"doi","apiVersion":"1.0.0","message":{"total":1,"rows":1,"totalPages":1,"page":1},"data":{"siteId":"SI/JST.JSTAGE","content_type":"JA","doi":"10.11222/hisetjournal1986.3.0_139","url":"https://doi.org/10.11222/hisetjournal1986.3.0_139","ra":"JaLC","prefix":"10.11222","site_name":"J-STAGE","publisher_list":[{"publisher_name":"Society for Historical Studies of English Teaching in Japan","lang":"en"},{"publisher_name":"日本英語教育史学会","lang":"ja"}],"title_list":[{"lang":"ja","title":"内村鑑三の初期英学修養-高崎時代から東京外国語学校時代まで-"}],"creator_list":[{"sequence":"1","type":"person","names":[{"lang":"ja","last_name":"庭野","first_name":"吉弘"}]}],"publication_date":{"publication_year":"1988"},"relation_list":[{"content":"https://www.jstage.jst.go.jp/article/hisetjournal1986/3/0/3_139/_pdf","type":"URL","relation":"fullTextPdf"}],"content_language":"ja","updated_date":"2014-12-09","article_type":"pub","journal_id_list":[{"journal_id":"0916-006X","type":"ISSN","issn_type":"print"},{"journal_id":"2187-1779","type":"ISSN","issn_type":"online"},{"journal_id":"hisetjournal1986","type":"JID"}],"journal_title_name_list":[{"journal_title_name":"HiSET Journal: Journal on Historical Studies of English Teaching in Japan","type":"full","lang":"en"},{"journal_title_name":"HiSET Journal","type":"abbreviation","lang":"en"},{"journal_title_name":"日本英語教育史研究","type":"full"},{"journal_title_name":"日本英語教育史研究","type":"abbreviation"}],"journal_classification":"01","recorded_year":"1986-2008","volume":"3","issue":"0","first_page":"139","last_page":"153","date":"2012-10-29","citation_list":[{"sequence":"1","original_text":"(2)「余は如何にして其督信徒になりし乎」, p. 12, 岩波文庫, 鈴木俊郎訳, 1938年."},{"sequence":"2","original_text":"(3)「余は如何にして其督信徒になりし乎」, p.14."},{"sequence":"3","original_text":"(4)「余は如何にして其督信徒になりし乎」, pp. 14-15."},{"sequence":"4","original_text":"(5)大槻如電「新撰洋学年表」p. 154, 柏林社書店, 1927年."},{"sequence":"5","original_text":"(6)高梨健吉.大村喜吉編「日本の英学100年」(明治編), pp. 421-422, 研究社出版, 1968年."},{"sequence":"6","original_text":"(7)「学制」(太政官布告第214号), 大久保利兼ほか編「近代史史料」, p. 98, 吉川弘文館, 1965年."},{"sequence":"7","original_text":"(8)高梨健吉・大村喜吉・出来成訓「英語教育史料」第3巻, p. 7, 大和田建樹「明治文学史」より, 東京法令出版, 1980年."},{"sequence":"8","original_text":"(9)茂住實男「明治前期大学予備教育機関の成立」より, 日本英語教育史研究会編「日本英語教育史研究」第1号, p. 83, 1986年."},{"sequence":"9","original_text":"(10)「内村鑑三全集」第35巻, p. 375, 岩波書店, 1983年."},{"sequence":"10","original_text":"(11)山本泰次郎「内村鑑三-信仰・生活・友情」pp. 296-297, 東海大学出版会, 1966年."},{"sequence":"11","original_text":"(12)「旧高崎藩慨誌」(昭和14年7月12日, 深井寛八編)より, 高崎市教育史研究編さん委員会編「高崎市教育史」(上巻), p. 16, 高崎市教育委員会, 1978年."},{"sequence":"12","original_text":"(13)「旧高崎藩慨誌」(昭和14年7月12日, 深井寛八編)より, 高崎市教育史研究編さん委員会編「高崎市教育史」(上巻), p, 236."},{"sequence":"13","original_text":"(14)高崎市史編さん委員会編「高崎市史」第二巻, p. 4, 1970年."},{"sequence":"14","original_text":"(15)「余は如何にして其督信徒になりし乎」, p. 20, 鈴木俊郎訳, 岩波文庫, 1938年."},{"sequence":"15","original_text":"(17)山本, 前掲書, p. 298."},{"sequence":"16","original_text":"(19)高梨健吉氏の訳による.高梨健吉「幕末明治英語物語」, p. 77, 研究社出版, 1979年."},{"sequence":"17","original_text":"(21)茂住, 前掲論文, p.89."},{"sequence":"18","original_text":"(22)太田, 前掲書, p. 78."},{"sequence":"19","original_text":"(23)新渡戸稲造「内観外望」の中の「英語及び英文学の価値」より, 「新渡戸稲造全渠」第6巻所収, p. 354, 教文館, 1969年."},{"sequence":"20","original_text":"(24)福原麟太郎監修「ある英文教室の100年」, p, 9, 大修館書店, 1978年."},{"sequence":"21","original_text":"(25)内村鑑三「スコットメソッドの復活と浦口君のグループメソッド」, 「全集」第30巻所収,p. 550, 岩波書店, 1982年."},{"sequence":"22","original_text":"(26)内村鑑三「スコットメソッドの復活と浦口君のグループメソッド」, 「全集」第30巻所収, pp.550-551."},{"sequence":"23","original_text":"(27)高梨, 前掲書, p. 80."},{"sequence":"24","original_text":"(28)高梨, 前掲書, p. 81."},{"sequence":"25","original_text":"(29)内村, 前掲論文, p. 551."},{"sequence":"26","original_text":"(30)内村, 前掲論文, p. 551."},{"sequence":"27","original_text":"(31)内村, 前掲論文, p. 552."},{"sequence":"28","original_text":"(32)内村, 前掲論文, p. 552."},{"sequence":"29","original_text":"(33)高梨, 前掲書, p. 81."},{"sequence":"30","original_text":"(34)内村, 前掲論文, p. 553."},{"sequence":"31","original_text":"(35)太田雄三「クラークの一年」, P. 86, ウィリアム・B・チャーチル宛手紙(1876. 8. 5), 昭和堂, 1979年."},{"sequence":"32","original_text":"(36)太田雄三「英語と日本人」, p. 305, ホイラーの母親宛手紙(1877. 981), TBSブリタニカ, 1981年."},{"sequence":"33","original_text":"1. 関根正雄「内村鑑三」, 清水書院, 1967年."},{"sequence":"34","original_text":"2. 亀井俊介「内村鑑三」, 中公新書, 中央公論社, 1977年."},{"sequence":"35","original_text":"3. 木戸三子「内村鑑三」, 新人物住来社, 1984年."},{"sequence":"36","original_text":"4. 太田雄三「内村鑑三」, 研究社出版, 1977年."},{"sequence":"37","original_text":"5. 小原信「評伝 内村鑑三」, 申公叢書, 中央公論社, 1976年."},{"sequence":"38","original_text":"6. 政池仁「内村鑑三伝」(再増補改訂新版), 教文館, 1977年."},{"sequence":"39","original_text":"7. 砂川萬里「内村鑑三.新渡戸稲造」, 東海大学出版会, 1965年."},{"sequence":"40","original_text":"8. 松下菊人「国際人・新渡戸稲造」, NCI, 1987年."},{"sequence":"41","original_text":"9. 重久篤太郎「明治文化と西洋人」, 思文閣出版, 1987年."},{"sequence":"42","original_text":"10. 山縣悌三郎「児孫の為めに余の生涯を語る」, 弘隆社, 1987年."},{"sequence":"43","original_text":"11. 高橋俊乗「日本教育文化史」(三), 講談社学術文庫, 1978年."},{"sequence":"44","original_text":"12. 高梨健吉, 大村喜吉「日本の英語教育史」, 1975年."},{"sequence":"45","original_text":"13. 高梨・大村・出来編「英語教育史資料」第5巻, 東京法令出版, 1980年."},{"sequence":"46","original_text":"14. 石井研堂「明治事物起原」(復刻版),「明治文化全集」(別巻), 日本評論社, 1969年."}]}}