{"status":"OK","apiType":"doi","apiVersion":"1.0.0","message":{"total":1,"rows":1,"totalPages":1,"page":1},"data":{"siteId":"SI/JST.JSTAGE","content_type":"JA","doi":"10.11222/hisetjournal1986.5.0_131","url":"https://doi.org/10.11222/hisetjournal1986.5.0_131","ra":"JaLC","prefix":"10.11222","site_name":"J-STAGE","publisher_list":[{"publisher_name":"Society for Historical Studies of English Teaching in Japan","lang":"en"},{"publisher_name":"日本英語教育史学会","lang":"ja"}],"title_list":[{"lang":"ja","title":"神戸女学院の創設と初期の英語教育"}],"creator_list":[{"sequence":"1","type":"person","names":[{"lang":"ja","last_name":"寺澤","first_name":"美代子"}]}],"publication_date":{"publication_year":"1990"},"relation_list":[{"content":"https://www.jstage.jst.go.jp/article/hisetjournal1986/5/0/5_131/_pdf","type":"URL","relation":"fullTextPdf"}],"content_language":"ja","updated_date":"2014-12-09","article_type":"pub","journal_id_list":[{"journal_id":"0916-006X","type":"ISSN","issn_type":"print"},{"journal_id":"2187-1779","type":"ISSN","issn_type":"online"},{"journal_id":"hisetjournal1986","type":"JID"}],"journal_title_name_list":[{"journal_title_name":"HiSET Journal: Journal on Historical Studies of English Teaching in Japan","type":"full","lang":"en"},{"journal_title_name":"HiSET Journal","type":"abbreviation","lang":"en"},{"journal_title_name":"日本英語教育史研究","type":"full"},{"journal_title_name":"日本英語教育史研究","type":"abbreviation"}],"journal_classification":"01","recorded_year":"1986-2008","volume":"5","issue":"0","first_page":"131","last_page":"157","date":"2012-10-29","citation_list":[{"sequence":"1","original_text":"(1)武田清子「デフォレスト院長と学風」, C. B. デフォレスト「パン種としての日本女性』所載, p. 260, 春秋社, 1984年."},{"sequence":"2","original_text":"(2)The Columbta Encyclo Pedia, p.1620, Columbia University Press, 1950年."},{"sequence":"3","original_text":"(3)ピューリタニズムに関しては, 岡本道雄「近代日本の女子教育と神戸女学院」, 『神戸女学院百年史各論」, 神戸女学院, 1981年, pp. 170-173に詳しい."},{"sequence":"4","original_text":"(4)岡本道雄「近代日本の女子教育と神戸女学院」, 前掲書所載, p. 156."},{"sequence":"5","original_text":"(5)岡本道雄「近代日本の女子教育と神戸女学院」, 前掲書所載, p. 172."},{"sequence":"6","original_text":"(6)The Colesmbta Encyclo Pedin, 前掲書."},{"sequence":"7","original_text":"(8)Hrapanas Mauns, 776-856."},{"sequence":"8","volume":"17","first_page":"175","publication_date":{"publication_year":"2007"},"original_text":"(9)岡本道雄, 「近代日本の女子教育と神戸女学院」, p. 175."},{"sequence":"9","original_text":"(10)「世界教育辞典』帝国地方行政会, p. 220, 昭和47年."},{"sequence":"10","original_text":"(11)The Encyclo Pedia Amentama, Volume 18."},{"sequence":"11","original_text":"(12)溝口靖夫「近代日本におけるキリスト教の受容と神戸女学院」,「神戸女学院百年史各論」,前掲書所載, pp.8-12."},{"sequence":"12","original_text":"(13)Charlotte B. DeForest, The Htstory of Kobe College, Kobe College, 1950, p.1."},{"sequence":"13","original_text":"(14)「神戸女学院百年史総説」, 神戸女学院, 1981年pp. 15-16, および, 溝口靖夫, 前掲書, pp.27-30を参照した."},{"sequence":"14","original_text":"(15) C. B. DeForest, 前掲書, p. 2."},{"sequence":"15","original_text":"(16)『神戸女学院百年史総説」, 前掲書, pp. 40-41."},{"sequence":"16","original_text":"(17)『神戸女学院百年史総説」, 前掲書, p. 49."},{"sequence":"17","original_text":"(18) C. B. DeForest, 前掲書, p. 9."},{"sequence":"18","original_text":"(20) C. B. DeForest, 前掲書, pp. 14-15."},{"sequence":"19","original_text":"(21)『神戸女学院50年史』神戸女学院, 大正14年, p. 26."},{"sequence":"20","original_text":"(23)C. B. DeForest, 前掲書, p.18, および p. 21."},{"sequence":"21","original_text":"(24)岡本道雄, 前掲書, p.193."},{"sequence":"22","original_text":"(25)岡本道雄, 前掲書, p.196."},{"sequence":"23","original_text":"(26)英文便覧,“Kobe College, 1875-1935”より転載."},{"sequence":"24","original_text":"(27)C. B. DeForest, 前掲書, p. 21."},{"sequence":"25","original_text":"(28)C. B. DeForest, 前掲書, p. 29."},{"sequence":"26","original_text":"(29)「神戸女学院百年史各論」, 前掲書, pp.198-199より転載."},{"sequence":"27","original_text":"(30)C. B. DeForest, 前掲書, p. 30."},{"sequence":"28","original_text":"(31)「神戸女学院百年史総説」, 前掲書, pp. 97-98."},{"sequence":"29","original_text":"(32)岡本道雄, 前掲書, pp. 222-224 所載."},{"sequence":"30","original_text":"(33)C. B. DeForest, 前掲書, p. 23."},{"sequence":"31","original_text":"(34)『神戸女学院百年史 総説』前掲書, pp. 16-17."},{"sequence":"32","original_text":"(35)『神戸女学院百年史 総説』前掲書, p.133, および岡本道雄, 前掲書, p.261を参照した."},{"sequence":"33","original_text":"(36)『神戸女学院百年史 総説』前掲書, pp.100-101."},{"sequence":"34","original_text":"(37)C. B. DeForest, 前掲書, p. 27."},{"sequence":"35","original_text":"(1) A History of Women's Education in the United States, Woody, Thomas Volume 1, Octagon Books, New York, 1980."},{"sequence":"36","original_text":"(2)唐澤富太郎『女子学生の歴史』, 木耳社, 昭和54年."},{"sequence":"37","original_text":"(3)片山清一『近代日本の女子教育』建扁社, 昭和59年."},{"sequence":"38","original_text":"(4)東京大学公開講座『明治・大正の学者たち」, 東京大学出版会, 1978年."},{"sequence":"39","original_text":"(5)「日本英語教育史研究』, 第3号, 日本英語教育史学会, 1988年."},{"sequence":"40","original_text":"(6)『英学史研究』, 日本英学史学会, 第2号, 1970年, 第5号, 1972年, 第8号, 1975年, および第9号, 1976年."},{"sequence":"41","original_text":"(7)高梨健吉・大村喜吉「日本の英語教育史』, 大修館, 1975年."},{"sequence":"42","original_text":"(8)小川昇編『日本の教育古代から現在までの歴史と変遷』, 文教政策研究会, 昭和63年."}]}}