{"status":"OK","apiType":"doi","apiVersion":"1.0.0","message":{"total":1,"rows":1,"totalPages":1,"page":1},"data":{"siteId":"SI/JST.JSTAGE","content_type":"JA","doi":"10.11222/hisetjournal1986.5.0_59","url":"https://doi.org/10.11222/hisetjournal1986.5.0_59","ra":"JaLC","prefix":"10.11222","site_name":"J-STAGE","publisher_list":[{"publisher_name":"Society for Historical Studies of English Teaching in Japan","lang":"en"},{"publisher_name":"日本英語教育史学会","lang":"ja"}],"title_list":[{"lang":"ja","title":"訳読史におけるグループ・メソッド","subtitle":"その評価と批判"}],"creator_list":[{"sequence":"1","type":"person","names":[{"lang":"ja","last_name":"庭野","first_name":"吉弘"}]}],"publication_date":{"publication_year":"1990"},"relation_list":[{"content":"https://www.jstage.jst.go.jp/article/hisetjournal1986/5/0/5_59/_pdf","type":"URL","relation":"fullTextPdf"}],"content_language":"ja","updated_date":"2014-12-09","article_type":"pub","journal_id_list":[{"journal_id":"0916-006X","type":"ISSN","issn_type":"print"},{"journal_id":"2187-1779","type":"ISSN","issn_type":"online"},{"journal_id":"hisetjournal1986","type":"JID"}],"journal_title_name_list":[{"journal_title_name":"HiSET Journal: Journal on Historical Studies of English Teaching in Japan","type":"full","lang":"en"},{"journal_title_name":"HiSET Journal","type":"abbreviation","lang":"en"},{"journal_title_name":"日本英語教育史研究","type":"full"},{"journal_title_name":"日本英語教育史研究","type":"abbreviation"}],"journal_classification":"01","recorded_year":"1986-2008","volume":"5","issue":"0","first_page":"59","last_page":"74","date":"2012-10-29","citation_list":[{"sequence":"1","original_text":"(1)岡倉由三郎『英語教育』, 博文館, 明治44年(1911). 本引用は川澄哲夫編『資料日本英学史』2, 『英語教育論争史』, p.1,000, による. 大修館書店, 昭和53年(1978)."},{"sequence":"2","original_text":"(2)岡倉由三郎「外国語教授新論」, 『教育時論』所収, 明治27年(1894). 本引用は高梨健吉・大村喜吉・出来成訓編『英語教育史資料』第2巻「英語教育理論・実践・論争史」, p.34, による. 東京法令, 昭和55年(1980)."},{"sequence":"3","original_text":"(3)前出, 岡倉『英語教育』, 本引用は前出『資料』p. 121, による."},{"sequence":"4","original_text":"(4)村田祐治「直読直解」, 『英語教授』Vol. VIII, No.1, p.36, 大正3年(1914).本引用は名著普及会刊行の復刻版第4巻(1985年)による."},{"sequence":"5","original_text":"(5)村田祐治「直読直解」, 『英語教授』Vol. VIII, No.1, p.37."},{"sequence":"6","original_text":"(6)村田祐治『英文直読直解法』, 「総論」p. 5-6, 南窓社, 大正4年(1915)."},{"sequence":"7","original_text":"(7)前出, 村田「直読直解」, p.37."},{"sequence":"8","original_text":"(8)浦口文治『グループ式訳し方』, p.144, 同文館, 昭和3年(1928)."},{"sequence":"9","original_text":"(9)浦口文治『グループ・メソッド』, p. 11, 文化生活研究会, 昭和2年(1927)."},{"sequence":"10","original_text":"(10)浦口文治『グループ・メソッド』, pp. 10-11."},{"sequence":"11","original_text":"(11)浦口文治『グループ・メソッド』, p. 5."},{"sequence":"12","original_text":"(12)『内村鑑三全集』第30巻, 「スコット・メソッドの復活と浦口君のグループ・メソッド」,pp.549-554, 岩波書店, 昭和56年(1982)"},{"sequence":"13","original_text":"(13)『内村鑑三全集』第30巻, 「スコット・メソッドの復活と浦口君のグループ・メソッド」,pp.549-554, 岩波書店, 昭和56年(1982)"},{"sequence":"14","original_text":"(14)『内村鑑三全集』第30巻, 「スコット・メソッドの復活と浦口君のグループ・メソッド」,pp.549-554, 岩波書店, 昭和56年(1982)"},{"sequence":"15","original_text":"(15)『英語青年』Vol. LVII, No.5, R. F「『グループ・メソット』について」, p. 33, 研究社, 昭和2年(1927)."},{"sequence":"16","original_text":"(16)浦口文治『グループ式訳し方』, p.131."},{"sequence":"17","original_text":"(17)浦口文治『グループ式訳し方』, pp.136-137."},{"sequence":"18","original_text":"(18)浦口文治『グループ式訳し方』, p.6."},{"sequence":"19","original_text":"(19)『英語研究』Vol. XX, No.2, N生「浦口教授近著グループ・メソッドに就いて」, p. 106, 研究社, 昭和2年(1927)."},{"sequence":"20","original_text":"(20)前出, R. F. p. 33."},{"sequence":"21","original_text":"(21)浦口文治『グループ・メソッド』, P, 3-4."},{"sequence":"22","original_text":"(22)浦口文治『グループ・メソッド』, p. 5."}]}}