{"status":"OK","apiType":"doi","apiVersion":"1.0.0","message":{"total":1,"rows":1,"totalPages":1,"page":1},"data":{"siteId":"SI/JST.JSTAGE","content_type":"JA","doi":"10.11222/hisetjournal1986.7.0_183","url":"https://doi.org/10.11222/hisetjournal1986.7.0_183","ra":"JaLC","prefix":"10.11222","site_name":"J-STAGE","publisher_list":[{"publisher_name":"Society for Historical Studies of English Teaching in Japan","lang":"en"},{"publisher_name":"日本英語教育史学会","lang":"ja"}],"title_list":[{"lang":"ja","title":"神戸女学院における人類友愛の精神と国際交流の推進-1920年代から1930年代にかけて-"}],"creator_list":[{"sequence":"1","type":"person","names":[{"lang":"ja","last_name":"寺澤","first_name":"美代子"}]}],"publication_date":{"publication_year":"1992"},"relation_list":[{"content":"https://www.jstage.jst.go.jp/article/hisetjournal1986/7/0/7_183/_pdf","type":"URL","relation":"fullTextPdf"}],"content_language":"ja","updated_date":"2014-12-09","article_type":"pub","journal_id_list":[{"journal_id":"0916-006X","type":"ISSN","issn_type":"print"},{"journal_id":"2187-1779","type":"ISSN","issn_type":"online"},{"journal_id":"hisetjournal1986","type":"JID"}],"journal_title_name_list":[{"journal_title_name":"HiSET Journal: Journal on Historical Studies of English Teaching in Japan","type":"full","lang":"en"},{"journal_title_name":"HiSET Journal","type":"abbreviation","lang":"en"},{"journal_title_name":"日本英語教育史研究","type":"full"},{"journal_title_name":"日本英語教育史研究","type":"abbreviation"}],"journal_classification":"01","recorded_year":"1986-2008","volume":"7","issue":"0","first_page":"183","last_page":"196","date":"2012-10-29","citation_list":[{"sequence":"1","original_text":"(1) Charlotte B. DeForest, The Prancing Pony-Nursery Rhymes from Japan, with &ldquo;husae&rdquo; illustrations by KEIKO HIDA, First edition, 1967, Pub lished by John Weatherhill, Inc. of New York and Tokyo."},{"sequence":"2","original_text":"(2)C. B. DeForest, 『パン種としての日本女性-日本の近代化に活襯した女性たち』岡本道雄監修, 訳者別府恵子・頼広節子, 春秋社, 1984年."},{"sequence":"3","original_text":"(3)武田清子「デフォレスト院長と学風-日本に根をおろしたピューリタニズム」, 春秋社, 1984年."}]}}