{"status":"OK","apiType":"doi","apiVersion":"1.0.0","message":{"total":1,"rows":1,"totalPages":1,"page":1},"data":{"siteId":"SI/JST.JSTAGE","content_type":"JA","doi":"10.11222/hisetjournal1986.12.0_163","url":"https://doi.org/10.11222/hisetjournal1986.12.0_163","ra":"JaLC","prefix":"10.11222","site_name":"J-STAGE","publisher_list":[{"publisher_name":"Society for Historical Studies of English Teaching in Japan","lang":"en"},{"publisher_name":"日本英語教育史学会","lang":"ja"}],"title_list":[{"lang":"ja","title":"文法事項の史的検討(その1) -Sense Subject 及び the way how-"}],"creator_list":[{"sequence":"1","type":"person","names":[{"lang":"ja","last_name":"伊藤","first_name":"裕道"}]}],"publication_date":{"publication_year":"1997"},"relation_list":[{"content":"https://www.jstage.jst.go.jp/article/hisetjournal1986/12/0/12_163/_pdf","type":"URL","relation":"fullTextPdf"}],"content_language":"ja","updated_date":"2014-12-09","article_type":"pub","journal_id_list":[{"journal_id":"0916-006X","type":"ISSN","issn_type":"print"},{"journal_id":"2187-1779","type":"ISSN","issn_type":"online"},{"journal_id":"hisetjournal1986","type":"JID"}],"journal_title_name_list":[{"journal_title_name":"HiSET Journal: Journal on Historical Studies of English Teaching in Japan","type":"full","lang":"en"},{"journal_title_name":"HiSET Journal","type":"abbreviation","lang":"en"},{"journal_title_name":"日本英語教育史研究","type":"full"},{"journal_title_name":"日本英語教育史研究","type":"abbreviation"}],"journal_classification":"01","recorded_year":"1986-2008","volume":"12","issue":"0","first_page":"163","last_page":"191","date":"2012-10-29","citation_list":[{"sequence":"1","original_text":"青木常雄(1924)Aoki's Cbnctse English Grammar, Tokyo: Shubunkwan."},{"sequence":"2","original_text":"荒木一雄・安井稔編(1992)『現代英文法事典』東京: 三省堂"},{"sequence":"3","original_text":"荒牧鉄雄(1957)『現代英文法』 1968, 東京: 三省堂."},{"sequence":"4","original_text":"安藤貞雄(1969)『英語語法研究』東京: 研究社."},{"sequence":"5","original_text":"安藤貞雄・大野政千代・高見健一(1993)『生成文法講義: 原理・バラメター理論入門』東京: 北星堂書店."},{"sequence":"6","original_text":"Bain, A. (1863), A Higher English Grammar. London: Longmans and Co. 1891."},{"sequence":"7","original_text":"Baker, C. L. (1989), English Syntax, Cambridge, Mass.: MIT Press."},{"sequence":"8","original_text":"Celce-Murcia, M. &amp; D. Larsen-Freeman (1983), The Grammar Book, Rowley, Mass.: Newbury House."},{"sequence":"9","original_text":"Curme, G. 0. (1931), Syntax, Boston: Heath."},{"sequence":"10","original_text":"Cox, W. D., (1888), A Grammar of the English Language for Japanese Students Tokyo: Maruya."},{"sequence":"11","original_text":"江川泰一郎(1953, 1965)『英文法解説』東京: 金子書房."},{"sequence":"12","original_text":"福原麟太郎編(1961)『英語教育辞典』東京: 研究社"},{"sequence":"13","original_text":"Gilman, E. W. (ed. ), Merriam Webster's Dictionary of English Usage (1994) Springfield, Mass.: Merriam-Webster."},{"sequence":"14","original_text":"Hill, A. A. (1958), Introduction to Linguistic Structures, New York: Harcourt, Brace &amp; World."},{"sequence":"15","original_text":"Haegeman (1991), Introduction to Government &amp; Binding Theory, Oxford: Blackwell."},{"sequence":"16","original_text":"林哲郎・安藤貞雄(1988)『英語学の歴史』東京: 英潮社新社."},{"sequence":"17","original_text":"Hornby, A. S. (1956), A Guideto Patternsand Usage in English東京: 研究社. etal. (1974a), 0xfbrd Advanced Learner's Diecionary of Current English, 東京; 開拓社."},{"sequence":"18","original_text":"細江逸記(1917)『英文法汎論』東京, 泰文堂, 1954. (1933, 1934)HOSOE'S CONCISE ENGLISH GRAMMAR, 興文社."},{"sequence":"19","original_text":"市河三喜編(1940)『研究社英語学辞典』東京: 研究社."},{"sequence":"20","original_text":"井上十吉(1904)『井上英文典』Tokyo: Kinkoudo."},{"sequence":"21","original_text":"井上義昌(1966)『詳解英文法辞典』東京: 開拓社."},{"sequence":"22","original_text":"石橋幸太郎・出口義勇(1964)『要説英文法』1967, 東京: 南雲堂."},{"sequence":"23","original_text":"石橋幸太郎・中島邦男他著(1967)『不死鳥英文法ライブラリー1. H. スウィート』東京: 南雲堂."},{"sequence":"24","original_text":"石橋幸太郎編(1973)『現代英語学辞典』東京: 成美堂."},{"sequence":"25","original_text":"伊藤裕道(1991)「『補語』の成立-19世紀英文法の『文の分析』-」『英語英文学論叢』日本大学大学院英語英文学研究会, 第13号."},{"sequence":"26","original_text":"伊藤裕道(1997予定)「The wayの用法と表現」『英文学論叢』日本大学英文学会, 第45号."},{"sequence":"27","original_text":"岩田一男(1958)『新英文法』1968, 東京: 三省堂."},{"sequence":"28","original_text":"Jespersen, O. (1909-49), A Moden English Grammar on Historical Principles, 7 vols., rpt, 1990, 東京: 名著普及会."},{"sequence":"29","original_text":"Katz, J. J. &amp; P. M. Postal (1964), An Integrated Theory of Linguistic Descriptions, Cambridge, Mass.: MIT Press."},{"sequence":"30","original_text":"神田乃武(1900)Higher English Grammar, 東京: 三省堂(1917)A Senior English Grammar, 東京: 三省堂."},{"sequence":"31","original_text":"柏原孝平(1957)『新高等英文法』1959, 東京: 開隆堂."},{"sequence":"32","original_text":"片山寛(1916)Katayama's Advanced English Grarnmar for Middle Grede Schools, 東京: 研究社."},{"sequence":"33","original_text":"河上道生(1980)『英語参考書の誤りを正す』東京: 大修館."},{"sequence":"34","original_text":"喜安雌太郎(1907)『英語の配置順序第八 INFINITIVE』『英語青年』第18巻第4号. (1907)『英語の配置順序第九 PARTICIPLE(続き)』『英語青年』第18巻第5号. (1913)「Present Participle に就て(第五回)」『英語青年』第29巻第10号"},{"sequence":"35","original_text":"小西友七(1981)『アメリカ英語の語法』東京: 研究社."},{"sequence":"36","original_text":"Mason, C. P. (1858), English Grammar: Including Grammatical Analysis. 1904, 41th edition, London: George Bell &amp; Sons."},{"sequence":"37","original_text":"松浪有他編(1983)『大修館英語学事典』東京: 大修館."},{"sequence":"38","volume":"17","first_page":"3","publication_date":{"publication_year":"1927"},"original_text":"Medley, A. W. ・村井知至(1927)Essentials of English Grammar, 東京: 泰文堂."},{"sequence":"39","original_text":"Michiaki Koho(1897), short Studies in English, 東京: 水野慶二鳳"},{"sequence":"40","original_text":"Mittins, W. H., et al. (1970), Attitudes to English Usage, Oxford: OUR"},{"sequence":"41","original_text":"宮部菊雄(1967)『現代英文法』1969, 東京: 南雲堂."},{"sequence":"42","original_text":"Murray, L(1795), English Grammar, adapting to the Different Classes of Learners. (『Lindley Murry: English Grammar, adapting to the Different Classes of Learners. モルレイ氏著: 英吉小文典』1971, 東京: 南雲堂. )"},{"sequence":"43","original_text":"中村捷・金子義明・菊地朗(1989)『生成文法の基礎: 原理とパラメターのアプローチ』東京: 研究社."},{"sequence":"44","original_text":"Nesfield, J. C. (1895), Idiom, Grammar, and Synthesis: A Manual of Practical and Theoretical English for High School and University Students (rpt. London: Macmillan, 1930)"},{"sequence":"45","original_text":"新津米造(1941)A New Advanced English Grammar, 東京: 北星堂."},{"sequence":"46","original_text":"小川芳男・上野伊栄太(1958)『高等英文法』1965, 東京: 有精堂."},{"sequence":"47","original_text":"小栗敬三(1960)『高等英文法』1963, 東京; 泰文堂."},{"sequence":"48","original_text":"Onions. C. T. (1904), An Advanced English Syntax, 5th ed., 1927, London: Kegan Paul."},{"sequence":"49","original_text":"大村喜吉・高梨健吉・出来成訓(1980)『英語教育史資料-第三巻 英語教科書の変遷』東京: 東京法令出版."},{"sequence":"50","original_text":"大塚高信編(1970)『新英文法辞典』東京: 三省堂."},{"sequence":"51","original_text":"大塚高信・小西友七編(1973)『英語慣用法辞典』東京: 三省堂."},{"sequence":"52","original_text":"大塚高信・中島文雄監修(1982)『新英語学辞典』東京: 研究社."},{"sequence":"53","original_text":"Palmer, H. E. (1939), A Grammar of Spoken English: On a Strietly Phonetic Basis, rpt, 1942, 東京: 開拓社"},{"sequence":"54","original_text":"Poutsma, H. (1904-26), A Grammar of Late Modern English 5 vols., Groningen: Noordhoff. rpt., 東京: 千城."},{"sequence":"55","original_text":"Quirk et al. (1972), A Grammar of Contemporary English, London: Longman. (1985), A Comprehensive Grammar of the English Language, London: Longman."},{"sequence":"56","original_text":"Roberts, P. (1954), Understanding Grammar, New York: Harper &amp; Row."},{"sequence":"57","original_text":"Radford, A. (1988), Transformational Grammar A First Course, Cambridge: CUP."},{"sequence":"58","original_text":"齋藤秀三郎(1893)English Conversation-Grammar『英会話文法』1899, 東京: 興文社."},{"sequence":"59","original_text":"(1898-99), Practical English Grammar, 『実用英文典』(vol. IV)の東京, 興文社."},{"sequence":"60","original_text":"(1915), 『熟語本位英和辞典』東京: 日英社."},{"sequence":"61","original_text":"Seymour, J. N. (1897), More Grammar Lessons for Japanese Students, Tokyo: Kaishindo."},{"sequence":"62","original_text":"清水護編(1965)『英文法辞典』東京: 培風館."},{"sequence":"63","original_text":"Simpson, J. A. &amp; Weiner, E. S. C. (1989) The Oxford English Dictionary. [OED] 2nd ed. Oxford: OUP."},{"sequence":"64","original_text":"杉山忠一(1967)『英文法の完全研究』1969, 東京: 学習研究社."},{"sequence":"65","original_text":"菅沼岩蔵(1895) Primary English Grammar for Japanese Students, 東京: 三省堂."},{"sequence":"66","original_text":"Sweet, H. (1891), A New English Grammar-Logical and Historical, 1955, 2 vols., London: Oxford University Press."},{"sequence":"67","original_text":"Swinton, W. (1877), A Grammar containing the Etymology and Syntax of the English Language, rpt. Tokio: Sanseido, 1892."},{"sequence":"68","original_text":"高梨健吉(1970)『総解英文法』京都: 美誠社. (1996)『日本英学史考』東京: 東京法令出版."},{"sequence":"69","original_text":"武信由太郎(編)(1898-1917)『英語青年』第1巻-第37巻(明治31年-大正6年)東京: 英語青年社"},{"sequence":"70","original_text":"田中菊雄(1953)『英語広文典』1975, 東京: 白水社."},{"sequence":"71","original_text":"豊田実(1951)『アメリカ英語とその文体』1965, 東京: 研究社."},{"sequence":"72","original_text":"渡辺藤一(1958)「the way how... 」『英語教育』第六巻第十二号, 35-6, 東京: 大修館."},{"sequence":"73","original_text":"山田巌(1914)『英文法講義』1915, 東京: 建文館. (1922)『英文法の講義』1931, 東京:敬文館書店."},{"sequence":"74","original_text":"山崎貞(1912)『英文解釈研究』東京: 英語研究社. (1913)『自修英文典』1921, 東京: 英語研究社. (1963)『新自修英文典』毛利可信増訂1968, 東京: 研究社."}]}}