{"status":"OK","apiType":"doi","apiVersion":"1.0.0","message":{"total":1,"rows":1,"totalPages":1,"page":1},"data":{"siteId":"SI/JST.JSTAGE","content_type":"JA","doi":"10.11222/hisetjournal1986.3.0_105","url":"https://doi.org/10.11222/hisetjournal1986.3.0_105","ra":"JaLC","prefix":"10.11222","site_name":"J-STAGE","publisher_list":[{"publisher_name":"Society for Historical Studies of English Teaching in Japan","lang":"en"},{"publisher_name":"日本英語教育史学会","lang":"ja"}],"title_list":[{"lang":"ja","title":"新渡戸稲造博士英語学習研究序説"}],"creator_list":[{"sequence":"1","type":"person","names":[{"lang":"ja","last_name":"今野","first_name":"鉄男"}]}],"publication_date":{"publication_year":"1988"},"relation_list":[{"content":"https://www.jstage.jst.go.jp/article/hisetjournal1986/3/0/3_105/_pdf","type":"URL","relation":"fullTextPdf"}],"content_language":"ja","updated_date":"2014-12-09","article_type":"pub","journal_id_list":[{"journal_id":"0916-006X","type":"ISSN","issn_type":"print"},{"journal_id":"2187-1779","type":"ISSN","issn_type":"online"},{"journal_id":"hisetjournal1986","type":"JID"}],"journal_title_name_list":[{"journal_title_name":"HiSET Journal: Journal on Historical Studies of English Teaching in Japan","type":"full","lang":"en"},{"journal_title_name":"HiSET Journal","type":"abbreviation","lang":"en"},{"journal_title_name":"日本英語教育史研究","type":"full"},{"journal_title_name":"日本英語教育史研究","type":"abbreviation"}],"journal_classification":"01","recorded_year":"1986-2008","volume":"3","issue":"0","first_page":"105","last_page":"115","date":"2012-10-29","citation_list":[{"sequence":"1","original_text":"1. 「文部省第二年報」, 1874."},{"sequence":"2","original_text":"2. 新渡戸稲造著, 矢内原忠雄訳「武士道」, 岩波書店, 1938."},{"sequence":"3","original_text":"3. 「第一高等学校六十年史」, 三秀舎, 1939."},{"sequence":"4","original_text":"4. 「新渡戸稲造全集」第六巻, 教文館, 1969."},{"sequence":"5","original_text":"5. 「新渡戸稲造全集」第十六巻, 教文館, 1969."},{"sequence":"6","original_text":"6. 松隈俊子「新渡戸稲造」, みすず書房, 1969."},{"sequence":"7","original_text":"7. f新渡戸稲造全集」第十五巻, 教文館, 1970."},{"sequence":"8","original_text":"8, r学制百年史」, 帝国地方行政学会, 1972."},{"sequence":"9","original_text":"9. 「北海道大学百年史」, 財界評論新社, 1976."},{"sequence":"10","original_text":"10. 太田雄三「英語と日本人」, TBSブリタニカ, 1981."},{"sequence":"11","original_text":"11. 新渡戸稲造著・奈良本辰也訳「現代語で読む武士道」, 三笠書房, 1983."},{"sequence":"12","original_text":"12. r東京大学百年史」, 東京大学出版会, 1984."},{"sequence":"13","original_text":"13. 井口朝生「渡戸稲造一物語と史蹟をたずねて一」, 成美堂, 1984."},{"sequence":"14","original_text":"14. 「新渡戸稲造全集」第十九巻, 教文館, 1985."},{"sequence":"15","original_text":"15. 鈴木俊郎「内村鑑三伝」, 岩波書店, 1986."},{"sequence":"16","original_text":"16, 「新渡戸稲造全集」第二十一巻, 教文館, 1986."},{"sequence":"17","original_text":"17. 太田雄三「〈太平洋の橋〉としての新渡戸稲造」, みすず書房, 1986."},{"sequence":"18","original_text":"18. 松下菊入「国際人新渡戸稲造」, ニューカレントインターナシ翁ナル, 1987."}]}}