{"status":"OK","apiType":"doi","apiVersion":"1.0.0","message":{"total":1,"rows":1,"totalPages":1,"page":1},"data":{"siteId":"SI/JST.JSTAGE","content_type":"JA","doi":"10.11222/hisetjournal1986.23.0_1","url":"https://doi.org/10.11222/hisetjournal1986.23.0_1","ra":"JaLC","prefix":"10.11222","site_name":"J-STAGE","publisher_list":[{"publisher_name":"Society for Historical Studies of English Teaching in Japan","lang":"en"},{"publisher_name":"日本英語教育史学会","lang":"ja"}],"title_list":[{"lang":"ja","title":"ある英語音声教育者の規範:五十嵐新次郎が追求した正確さ"}],"creator_list":[{"sequence":"1","type":"person","names":[{"lang":"ja","last_name":"松坂","first_name":"ヒロシ"}]}],"publication_date":{"publication_year":"2008"},"relation_list":[{"content":"https://www.jstage.jst.go.jp/article/hisetjournal1986/23/0/23_1/_pdf","type":"URL","relation":"fullTextPdf"}],"content_language":"ja","updated_date":"2014-12-09","article_type":"pub","journal_id_list":[{"journal_id":"0916-006X","type":"ISSN","issn_type":"print"},{"journal_id":"2187-1779","type":"ISSN","issn_type":"online"},{"journal_id":"hisetjournal1986","type":"JID"}],"journal_title_name_list":[{"journal_title_name":"HiSET Journal: Journal on Historical Studies of English Teaching in Japan","type":"full","lang":"en"},{"journal_title_name":"HiSET Journal","type":"abbreviation","lang":"en"},{"journal_title_name":"日本英語教育史研究","type":"full"},{"journal_title_name":"日本英語教育史研究","type":"abbreviation"}],"journal_classification":"01","recorded_year":"1986-2008","volume":"23","issue":"0","first_page":"1","last_page":"20","date":"2012-10-29","citation_list":[{"sequence":"1","original_text":"五十嵐新次郎(1950). 『英語音声学』日本英語教育協会"},{"sequence":"2","original_text":"五十嵐新次郎(1953). 『英米発音新講』語学出版社."},{"sequence":"3","original_text":"五十嵐新次郎(1959). New English phonetics(4版). 石田学園・名栄図書出版協会."},{"sequence":"4","original_text":"五十嵐光俊(2008). 個人的連絡による情報提供."},{"sequence":"5","original_text":"石垣春夫(2007). 個人的連絡による情報提供."},{"sequence":"6","original_text":"板橋並治(1977). 「五十嵐君についての想い出」『五十嵐新次郎先生を偲んで』五十嵐先生を偲ぶ会実行委員会."},{"sequence":"7","original_text":"神谷勝太郎(1977). 「NHK時代の五十嵐君」『五十嵐新次郎先生を偲んで』五十嵐先生を偲ぶ会実行委員会."},{"sequence":"8","original_text":"田崎清忠(1966). 「諸家に訊く-五十嵐新次郎氏」『現代英語教育』vol. 3, no. 4."},{"sequence":"9","original_text":"堤隆夫(2007). 個人的連絡による情報提供."},{"sequence":"10","original_text":"出来成訓(2007). 個人的連絡による情報提供."},{"sequence":"11","original_text":"中島博美(1960). 『聴感と音声』(放送技術双書)日本放送出版協会."},{"sequence":"12","original_text":"矢野安剛(2008), 個人的連絡による情報提供."},{"sequence":"13","original_text":"Bloomfield, L. (1933). Language. George Allen and Unwin."},{"sequence":"14","original_text":"Chomsky, N. (1957). Syntactic structures. Mouton."},{"sequence":"15","first_page":"38","publication_date":{"publication_year":"1964"},"original_text":"Chomsky, N. (1964). Current issues in linguistic theory. Mouton."},{"sequence":"16","original_text":"Chomsky, N. (1965). Aspects of the theory of syntax. MIT Press."},{"sequence":"17","original_text":"Chomsky, N., and Halle, M. (1968). The sound pattern of English. Harper and Row."},{"sequence":"18","original_text":"Cruttenden, A. (2001). Gimson's pronunciation of English (6th ed. ), revised and edited version of A. C. Gimson's original book. Edward Arnold."},{"sequence":"19","original_text":"Gleason, H. A. (1961). An introduction to descriptive linguistics (revised ed. ). Holt, Rinehart and Winston."},{"sequence":"20","original_text":"Jakobson, R., Fant, C. G. M., and Halle, M. (1952). Preliminaries to speech analysis: The distinctive features and their correlates. The M. I. T. Press [竹林茂, 藤村靖訳『音声分析序説: 弁別的特徴とその関連量』(英語学ライブラリー60)研究社出版, 1965]."},{"sequence":"21","original_text":"Jenkins, J. (2000). The phonology of English as an international language. Oxford University Press."},{"sequence":"22","original_text":"Jones, D. (1960). An outline of English phonetics (9th ed.). Harper. Reprint: Maruzen."},{"sequence":"23","original_text":"ones, D. (1976). The phoneme: Its nature and use (3rd ed.; reissued). Cambridge University Press."},{"sequence":"24","original_text":"Matsuda, T. (1978). &lsquo;Three contributions of generative grammar to language teaching&rsquo;. The teaching of English in Japan. Eichosha."},{"sequence":"25","original_text":"Trubetzkoy, N. S. (1939). Grundzuge der Phonologie. Prague. [長嶋善郎訳『音韻論の原理』岩波書店, 1980]."},{"sequence":"26","original_text":"Trudgill, P., and Hannah, J. (2002). International English: A guide to the varieties of standard English (4th ed.). Arnold."}]}}