{"status":"OK","apiType":"doi","apiVersion":"1.0.0","message":{"total":1,"rows":1,"totalPages":1,"page":1},"data":{"siteId":"SI/JST.JSTAGE","content_type":"JA","doi":"10.11222/hisetjournal1986.23.0_101","url":"https://doi.org/10.11222/hisetjournal1986.23.0_101","ra":"JaLC","prefix":"10.11222","site_name":"J-STAGE","publisher_list":[{"publisher_name":"Society for Historical Studies of English Teaching in Japan","lang":"en"},{"publisher_name":"日本英語教育史学会","lang":"ja"}],"title_list":[{"lang":"ja","title":"岩国英国語学所に関する研究","subtitle":"-教育内容と教授法の解明を中心として-"}],"creator_list":[{"sequence":"1","type":"person","names":[{"lang":"ja","last_name":"保坂","first_name":"芳男"}],"affiliation_list":[{"affiliation_name":"立命館大学","sequence":"1","lang":"ja"}]}],"publication_date":{"publication_year":"2008"},"relation_list":[{"content":"https://www.jstage.jst.go.jp/article/hisetjournal1986/23/0/23_101/_pdf","type":"URL","relation":"fullTextPdf"}],"content_language":"ja","updated_date":"2014-12-09","article_type":"pub","journal_id_list":[{"journal_id":"0916-006X","type":"ISSN","issn_type":"print"},{"journal_id":"2187-1779","type":"ISSN","issn_type":"online"},{"journal_id":"hisetjournal1986","type":"JID"}],"journal_title_name_list":[{"journal_title_name":"HiSET Journal: Journal on Historical Studies of English Teaching in Japan","type":"full","lang":"en"},{"journal_title_name":"HiSET Journal","type":"abbreviation","lang":"en"},{"journal_title_name":"日本英語教育史研究","type":"full"},{"journal_title_name":"日本英語教育史研究","type":"abbreviation"}],"journal_classification":"01","recorded_year":"1986-2008","volume":"23","issue":"0","first_page":"101","last_page":"122","date":"2012-10-29","citation_list":[{"sequence":"1","original_text":"岩国市史編集委員会(2001)『岩国市史 資料編二 近世』岩国市役所."},{"sequence":"2","original_text":"上杉進(1996)「明治黎明期の英国人教師ステーベンスと吉川重吉少年の留学」『岩国高等学校研究雑叢』第8号, 1-10."},{"sequence":"3","original_text":"上杉進(1998)「英学事始め-in Iwakuni- 岩国英国語学所と英国人教師ステーベンスー」『英学史研究』第31号, 27-41."},{"sequence":"4","original_text":"海原徹(1965)「山口県の中等教育」本山幸彦編『明治前期学校成立史』未来社, 101-148."},{"sequence":"5","original_text":"栗栖赴夫(1965)「第16回市民大学講座 明治黎明期の岩国に於ける外国人教師とその弟子」『岩国ライブラリー』第36号, 1-3."},{"sequence":"6","original_text":"佐藤利男(1997)『岩国に最初に住んだ西洋人 H. A. スティーブンス 略年譜』岩国郷土史研究会発表資料."},{"sequence":"7","original_text":"佐山和郎(1999)『電気界の父藤岡市助』自費出版"},{"sequence":"8","original_text":"瀬川秀雄(1957)『岩国市史』岩国市役所発行(非売品)."},{"sequence":"9","original_text":"瀬川秀雄編(1933)『工学博士藤岡市助傳』工学博士藤岡市助君伝記編纂会"},{"sequence":"10","original_text":"田中眞治(1936)『防長史講話』山ロ縣教育會(非売品)."},{"sequence":"11","original_text":"立脇和夫監修(1997)『JAPAN DIRECTORY 明治幕末在日外国人・機関名鑑』ゆまに書房."},{"sequence":"12","original_text":"角田茂(1995)「渡辺安積『明治十九年八月二十四日英吉利法律学校幹事 備忘録』」『中央大学史紀要』第6号, 27-51."},{"sequence":"13","original_text":"外山正一(1899)『藩閥之将来』博文館."},{"sequence":"14","original_text":"永添翔多(2006)『長州藩の教育戦略』九州大学出版会."},{"sequence":"15","original_text":"宮田伊津美(2001)「岩国の洋学」『英学史論叢』第4号, 3-10."},{"sequence":"16","original_text":"文部省(1972)『学制百年史』ぎょうせい."},{"sequence":"17","original_text":"山縣量二(1918)「市助君の少年期」『マッダ新報』第3-4巻, 47-49."},{"sequence":"18","original_text":"山口縣教育會(1925)『山口縣教育史 上巻』大同印刷舎."}]}}