{"status":"OK","apiType":"doi","apiVersion":"1.0.0","message":{"total":1,"rows":1,"totalPages":1,"page":1},"data":{"siteId":"SI/JST.JSTAGE","content_type":"JA","doi":"10.11222/hisetjournal1986.8.0_75","url":"https://doi.org/10.11222/hisetjournal1986.8.0_75","ra":"JaLC","prefix":"10.11222","site_name":"J-STAGE","publisher_list":[{"publisher_name":"Society for Historical Studies of English Teaching in Japan","lang":"en"},{"publisher_name":"日本英語教育史学会","lang":"ja"}],"title_list":[{"lang":"ja","title":"小学校における英語科教育の歴史(4)-明治後半期におけるその諸相-"}],"creator_list":[{"sequence":"1","type":"person","names":[{"lang":"ja","last_name":"江利川","first_name":"春雄"}]}],"publication_date":{"publication_year":"1993"},"relation_list":[{"content":"https://www.jstage.jst.go.jp/article/hisetjournal1986/8/0/8_75/_pdf","type":"URL","relation":"fullTextPdf"}],"content_language":"ja","updated_date":"2014-12-09","article_type":"pub","journal_id_list":[{"journal_id":"0916-006X","type":"ISSN","issn_type":"print"},{"journal_id":"2187-1779","type":"ISSN","issn_type":"online"},{"journal_id":"hisetjournal1986","type":"JID"}],"journal_title_name_list":[{"journal_title_name":"HiSET Journal: Journal on Historical Studies of English Teaching in Japan","type":"full","lang":"en"},{"journal_title_name":"HiSET Journal","type":"abbreviation","lang":"en"},{"journal_title_name":"日本英語教育史研究","type":"full"},{"journal_title_name":"日本英語教育史研究","type":"abbreviation"}],"journal_classification":"01","recorded_year":"1986-2008","volume":"8","issue":"0","first_page":"75","last_page":"121","date":"2012-10-29","citation_list":[{"sequence":"1","original_text":"奥田真丈監修「教科教育百年史(資料編)」, 建帛社"},{"sequence":"2","original_text":"日本近代教育史事典編集委員会「日本近代教育史事典」, 平凡仕, 1971."},{"sequence":"3","original_text":"文部省「日本帝国文部省年鞭」各年版."}]}}