{"status":"OK","apiType":"doi","apiVersion":"1.0.0","message":{"total":1,"rows":1,"totalPages":1,"page":1},"data":{"siteId":"SI/JST.JSTAGE","content_type":"JA","doi":"10.11222/hisetjournal1986.20.0_27","url":"https://doi.org/10.11222/hisetjournal1986.20.0_27","ra":"JaLC","prefix":"10.11222","site_name":"J-STAGE","publisher_list":[{"publisher_name":"Society for Historical Studies of English Teaching in Japan","lang":"en"},{"publisher_name":"日本英語教育史学会","lang":"ja"}],"title_list":[{"lang":"ja","title":"Directions for the Pronunciation of English,compiled by the Department of Education (1887)をめぐって"}],"creator_list":[{"sequence":"1","type":"person","names":[{"lang":"ja","last_name":"竹中","first_name":"龍範"}]}],"publication_date":{"publication_year":"2005"},"relation_list":[{"content":"https://www.jstage.jst.go.jp/article/hisetjournal1986/20/0/20_27/_pdf","type":"URL","relation":"fullTextPdf"}],"content_language":"ja","updated_date":"2014-12-09","article_type":"pub","journal_id_list":[{"journal_id":"0916-006X","type":"ISSN","issn_type":"print"},{"journal_id":"2187-1779","type":"ISSN","issn_type":"online"},{"journal_id":"hisetjournal1986","type":"JID"}],"journal_title_name_list":[{"journal_title_name":"HiSET Journal: Journal on Historical Studies of English Teaching in Japan","type":"full","lang":"en"},{"journal_title_name":"HiSET Journal","type":"abbreviation","lang":"en"},{"journal_title_name":"日本英語教育史研究","type":"full"},{"journal_title_name":"日本英語教育史研究","type":"abbreviation"}],"journal_classification":"01","recorded_year":"1986-2008","volume":"20","issue":"0","first_page":"27","last_page":"45","date":"2012-10-29","citation_list":[{"sequence":"1","original_text":"青木節一編(1935)『バジル・ホオル・チェンバレン先生追悼記念録』(国際文化振興会, 昭和10)"},{"sequence":"2","original_text":"岡倉由三郎(1901)『発音学講話』(宝永舘書店・両文舘書店, 明治34)"},{"sequence":"3","original_text":"(1906)『英語発音学大綱』(三省堂書店, 明治39)"},{"sequence":"4","original_text":"(1911)『英語教育』(博文館, 明治44)"},{"sequence":"5","original_text":"楠家重敏(1986)『ネズミはまだ生きている一チェンバレンの伝記-』(雄松堂, 1986)"},{"sequence":"6","original_text":"小西直治郎纂訳(1886)『改正増補ウエブスター氏スペルリング独案内』(明正堂, 明治19)"},{"sequence":"7","original_text":"高木誠一郎(1987)「資料: 日本における英語音声学文献総覧(改訂)(文化8年・1811-昭和61年・1986)」『英学史研究』第20号, pp. 185-232. (日本英学史学会, 1987)"},{"sequence":"8","original_text":"竹中龍範(1982)「RB. マッケロー・片山寛『英語発音学』とその意義」『英學史會報』第5号, pp. 3-8. (日本英学史学会広島支部, 昭和57)"},{"sequence":"9","original_text":"(2000)「Claude Marcelの著書と吉田直太郎謬『外國語研究法』をめぐって」『四国英語教育学会紀要』第20号, pp. 1-10. (四国英語教育学会2000)"},{"sequence":"10","original_text":"(2002)「新教授法の紹介とW・フィエター-フィエターはどこに?-」『英學史論叢』第5号, pp. 9-16. (日本英学史学会広島支部, 平成14)"},{"sequence":"11","original_text":"竹林滋(1996)『英語音声学』(研究社, 1996)"},{"sequence":"12","original_text":"Chamberlain, Basil Hall (1886) A Simplified Grammar of the Japanese Language. (Modern Written Style) (London: Tr&uuml;bner &amp; Co.; Yokohama: Kelly and Walsh, 1886)"},{"sequence":"13","original_text":"Department of Education, The(comp. )[B. H. Chamberlain](1887)Direetiens for the Pronunctation of English. (文部省編輯局, 明治20)"},{"sequence":"14","original_text":"外山正一(1897)『英語教授法附正則文部省英語読本』(大日本図書, 明治30)"},{"sequence":"15","original_text":"豊田実(1939)『日本英学史の研究』(岩波書店, 昭和14)"},{"sequence":"16","original_text":"平山輝男(1968)『日本の方言』(講談社, 昭和43)"},{"sequence":"17","original_text":"Vi&euml;tor, W. (1897) Soames's Phonetic Method, The Teacher's Manual, Part I The Sounds of English. (Swan Sonnenschein, 1897)"},{"sequence":"18","original_text":"マッケロー, アール. ピー. ・片山寛(1902)『英語発音学』(上田屋書店, 明治35)"},{"sequence":"19","issue":"9","first_page":"3","publication_date":{"publication_year":"1996"},"original_text":"松村幹男(1996)「広島高師英語教授・杉森此馬」『英學史會報』第19号, pp. 3-12. (日本英学史学会広島支部, 平成8)"},{"sequence":"20","original_text":"村井知至(1925)「英語研究苦心談」第一外国語学校編『十六大家講演集 英語研究苦心談』pp. 1-42. (文化生活研究会, 大正14)"},{"sequence":"21","original_text":"文部省(1888)『文部省第十五年報(明治二十年分)』(文部省, 明治21)"},{"sequence":"22","original_text":"Webster, N. (1880)The Elementary Spelling-Book. (復刻版: 大東館, 明治19)"},{"sequence":"23","original_text":"吉田幾次郎編著(1910)『発音綴字の話』(研究社, 明治43)"}]}}