{"status":"OK","apiType":"doi","apiVersion":"1.0.0","message":{"total":1,"rows":1,"totalPages":1,"page":1},"data":{"siteId":"SI/JST.JSTAGE","content_type":"JA","doi":"10.11222/hisetjournal1986.17.0_95","url":"https://doi.org/10.11222/hisetjournal1986.17.0_95","ra":"JaLC","prefix":"10.11222","site_name":"J-STAGE","publisher_list":[{"publisher_name":"Society for Historical Studies of English Teaching in Japan","lang":"en"},{"publisher_name":"日本英語教育史学会","lang":"ja"}],"title_list":[{"lang":"ja","title":"文部省著作Let's Learn English の編集とその周辺"}],"creator_list":[{"sequence":"1","type":"person","names":[{"lang":"ja","last_name":"木名瀬","first_name":"信也"}]},{"sequence":"2","type":"person","names":[{"lang":"ja","last_name":"中村","first_name":"道子"}]},{"sequence":"3","type":"person","names":[{"lang":"ja","last_name":"江利川","first_name":"春雄"}]}],"publication_date":{"publication_year":"2002"},"relation_list":[{"content":"https://www.jstage.jst.go.jp/article/hisetjournal1986/17/0/17_95/_pdf","type":"URL","relation":"fullTextPdf"}],"content_language":"ja","updated_date":"2014-12-09","article_type":"pub","journal_id_list":[{"journal_id":"0916-006X","type":"ISSN","issn_type":"print"},{"journal_id":"2187-1779","type":"ISSN","issn_type":"online"},{"journal_id":"hisetjournal1986","type":"JID"}],"journal_title_name_list":[{"journal_title_name":"HiSET Journal: Journal on Historical Studies of English Teaching in Japan","type":"full","lang":"en"},{"journal_title_name":"HiSET Journal","type":"abbreviation","lang":"en"},{"journal_title_name":"日本英語教育史研究","type":"full"},{"journal_title_name":"日本英語教育史研究","type":"abbreviation"}],"journal_classification":"01","recorded_year":"1986-2008","volume":"17","issue":"0","first_page":"95","last_page":"108","date":"2012-10-29","citation_list":[{"sequence":"1","original_text":"青木常雄(1948)『新制中学校英語教授法』研究社"},{"sequence":"2","original_text":"稲村松雄(1986)『教科書中心昭和英語教育史』開隆堂"},{"sequence":"3","original_text":"岩崎民平ほか(1948)『英語読本(Let's Learn English)の扱い方』(市河三喜主幹『新英語教育講座』第2巻)研究社"},{"sequence":"4","original_text":"江利川春雄(1990)「敗戦直後の英語教科書の題材と時代背景」神戸大学大学院英語教育研究会『KELT』第6号"},{"sequence":"5","original_text":"1994)「戦時下の準国定英語教科書とその墨ぬり版(1)(2)」『鈴鹿工業高等専門学校紀要』第27巻第1・2号"},{"sequence":"6","original_text":"(1995)「敗戦占領下の暫定英語教科書」『日本英語教育史研究』第9号"},{"sequence":"7","original_text":"(1997)「新制中学校成立期の英語教師問題」神戸大学大学院英語教育研究会『KELT』第12号"},{"sequence":"8","original_text":"(1999)「敗戦直後の「墨ぬり」英語教科書」『中部地区英語教育学会紀要』第28号"},{"sequence":"9","original_text":"神奈川県英語教育研究所(1948)『新英語教育指針』日本教育研究会"},{"sequence":"10","original_text":"紀平健一(1998)「戦後英語教育の展開一昭和20年代を中心に一」『愛知学泉大研究論集』32号"},{"sequence":"11","original_text":"宍戸良平(1948)「英語教育関係法規およびコース・オブ・スタディーについて」(市河三喜主幹『新英語教育講座』策1巻, 研究社)"},{"sequence":"12","original_text":"成城短期大学(1984)『紀要』第15号(中村道子教授退任記念号)成城短期大学"},{"sequence":"13","original_text":"高梨健吉(1980)『英語教育史資料3(英語教科書の変遷)』東京法令(出来成訓と共著)"},{"sequence":"14","original_text":"堀口俊一ほか(1986)『日本の英語教科書のあゆみ』(実践・英語教育体系22) 開隆堂"},{"sequence":"15","original_text":"文部省(1947)『学習指導要領英語編(試案)』"},{"sequence":"16","original_text":"文部省調査普及局(1949)『新制中学校実施の現状』"},{"sequence":"17","original_text":"読売新聞戦後史班編(1982)『昭稲戦後史教育のあゆみ』読売新聞社"}]}}