{"status":"OK","apiType":"doi","apiVersion":"1.0.0","message":{"total":1,"rows":1,"totalPages":1,"page":1},"data":{"siteId":"SI/JST.JSTAGE","content_type":"JA","doi":"10.11222/hisetjournal1986.18.0_13","url":"https://doi.org/10.11222/hisetjournal1986.18.0_13","ra":"JaLC","prefix":"10.11222","site_name":"J-STAGE","publisher_list":[{"publisher_name":"Society for Historical Studies of English Teaching in Japan","lang":"en"},{"publisher_name":"日本英語教育史学会","lang":"ja"}],"title_list":[{"lang":"ja","title":"小学校の英語-商業科附設の時代-"}],"creator_list":[{"sequence":"1","type":"person","names":[{"lang":"ja","last_name":"竹中","first_name":"龍範"}]}],"publication_date":{"publication_year":"2003"},"relation_list":[{"content":"https://www.jstage.jst.go.jp/article/hisetjournal1986/18/0/18_13/_pdf","type":"URL","relation":"fullTextPdf"}],"content_language":"ja","updated_date":"2014-12-09","article_type":"pub","journal_id_list":[{"journal_id":"0916-006X","type":"ISSN","issn_type":"print"},{"journal_id":"2187-1779","type":"ISSN","issn_type":"online"},{"journal_id":"hisetjournal1986","type":"JID"}],"journal_title_name_list":[{"journal_title_name":"HiSET Journal: Journal on Historical Studies of English Teaching in Japan","type":"full","lang":"en"},{"journal_title_name":"HiSET Journal","type":"abbreviation","lang":"en"},{"journal_title_name":"日本英語教育史研究","type":"full"},{"journal_title_name":"日本英語教育史研究","type":"abbreviation"}],"journal_classification":"01","recorded_year":"1986-2008","volume":"18","issue":"0","first_page":"13","last_page":"38","date":"2012-10-29","citation_list":[{"sequence":"1","original_text":"江利川春雄(1993a)「高等小学校における英語科教育の目的とその変遷一小学校における英語科教育の歴史(3)」『鈴鹿工業高等専門学校紀要」第26巻第2号, pp. 67-82. (鈴鹿工業高等専門学校, 1993)"},{"sequence":"2","original_text":"江利川春雄(1993b)「小学校における英語科教育の歴史{4)一明治後半期におけるその諸相」『日本英語教育史研究』第8号, PP. 75-121. (日本英語教育史学会, 1993)"},{"sequence":"3","original_text":"江利川春雄(1996)「小学校における英語科教育の歴史(5)-全体像の把握をめざして」「日本英語教育史研究』第11号, pp. 13H83. (日本英語教育史学会, 1996)"},{"sequence":"4","original_text":"江利川春雄(1997)「師範学校における英語科教育の歴史(1)一明治・大正期」『日本英語教育史研究』第12号, pp. 123-161. (日本英語教育史学会, 1997)"},{"sequence":"5","original_text":"櫻井役(1936)『日本英語教育史稿』(敵文館, 昭和11)"},{"sequence":"6","original_text":"島根県近代教育史編さん事務局編(1978)『島根県近代教育史第一巻通史編明治』(島根県教育委員会, 昭和53)"},{"sequence":"7","original_text":"島根県近代教育史編さん事務局編(1979)『島根県近代教育史第七巻資料編年表. 雑誌・日記・統計』(島根県教育委員会, 昭和54)"},{"sequence":"8","original_text":"竹中龍範(1990)「明治中期における小学校の英語教育」『英學史會報』第8～13合併号, pp. 3-8. (日本英学史学会広島支部, 平成2)"},{"sequence":"9","doi":"10.5024/jeigakushi.1999.1","original_text":"竹中龍範(1998)「明治後期における公立小学校の英語教育一明石高等小学校の場合」『英学史研究』第31号, pp. 1-1L(日本英学史学会, 1998)"},{"sequence":"10","original_text":"新潟県教育百年史編さん委員会編(1970)『新潟県教育百年史明治編』(新潟県教育庁, 昭和45)"},{"sequence":"11","original_text":"松村幹男(1997)『明治期英語教育研究』(辞遊社, 1997)"},{"sequence":"12","original_text":"文部省(1972a)『学制百年史記述編』(ぎょうせい, 昭和47)"},{"sequence":"13","original_text":"文部省(1972b)『学制百年史資料編』(ぎょうせい, 昭和47)"},{"sequence":"14","original_text":"文部省普通學務局(1917)『全國小學校加設科目に關する調査』(文部省普通學務局, 大正6)"}]}}