{"status":"OK","apiType":"doi","apiVersion":"1.0.0","message":{"total":1,"rows":1,"totalPages":1,"page":1},"data":{"siteId":"SI/JST.JSTAGE","content_type":"JA","doi":"10.11222/hisetjournal1986.21.0_59","url":"https://doi.org/10.11222/hisetjournal1986.21.0_59","ra":"JaLC","prefix":"10.11222","site_name":"J-STAGE","publisher_list":[{"publisher_name":"Society for Historical Studies of English Teaching in Japan","lang":"en"},{"publisher_name":"日本英語教育史学会","lang":"ja"}],"title_list":[{"lang":"ja","title":"戦後英語教科書の歴史と展望"}],"publication_date":{"publication_year":"2006"},"relation_list":[{"content":"https://www.jstage.jst.go.jp/article/hisetjournal1986/21/0/21_59/_pdf","type":"URL","relation":"fullTextPdf"}],"content_language":"ja","updated_date":"2014-12-09","article_type":"pub","journal_id_list":[{"journal_id":"0916-006X","type":"ISSN","issn_type":"print"},{"journal_id":"2187-1779","type":"ISSN","issn_type":"online"},{"journal_id":"hisetjournal1986","type":"JID"}],"journal_title_name_list":[{"journal_title_name":"HiSET Journal: Journal on Historical Studies of English Teaching in Japan","type":"full","lang":"en"},{"journal_title_name":"HiSET Journal","type":"abbreviation","lang":"en"},{"journal_title_name":"日本英語教育史研究","type":"full"},{"journal_title_name":"日本英語教育史研究","type":"abbreviation"}],"journal_classification":"01","recorded_year":"1986-2008","volume":"21","issue":"0","first_page":"59","last_page":"87","date":"2012-10-29","citation_list":[{"sequence":"1","original_text":"稲村松雄・鳥居次好(1956)『必修語彙の研究』開隆堂出版."},{"sequence":"2","original_text":"馬本勉(2000)「学習指導要領『必修語』の起源に関する一考察」『英学史研究』33: 73-86."},{"sequence":"3","original_text":"馬本勉(2005)「竹原常太の The Standard English Readers: 基本語彙に基づく教材の合理化とその現代的な意義をめぐって」『日本英語教育史研究』20: 111-130."},{"sequence":"4","original_text":"小篠敏明・江利川春雄(編著)(2004)『英語教科書の歴史的研究』辞遊社."},{"sequence":"5","original_text":"小篠敏明ほか(2002)「英語教科書 New National Reader &amp; The Gtobe Readers, The Standard English Readersの計量的分析研究」『日本英語教育史研究』17: 21-40."},{"sequence":"6","original_text":"小篠敏明ほか(2003)『明治・大正・昭和初期の英語教科書の計量的分析』(課題番号12680269)平成12年度-平成14年度科学研究費補助金(基盤研究(C)(1))研究成果報告書."},{"sequence":"7","original_text":"小篠敏明ほか(2005)『明治・大正・昭和初期の英語教科書の計量的分析』(課題番号15520358)平成15年度-平成16年度科学研究費補助金(基盤研究(C)(1))研究成果報告書."},{"sequence":"8","original_text":"金野伸雄ほか(1998)「英語の語彙語法の総合的研究[II]」『比治山大学現代文化学部紀要」4: 113-138."},{"sequence":"9","original_text":"木下徹(1983)「National Readerに関する一考察: 語彙を中心にして」『教育学研究紀要』29: 328-31."},{"sequence":"10","original_text":"木下徹(1984)「Natienal Readers再考: 今日の視点から」『英学史会報』7: 13-18."},{"sequence":"11","original_text":"宍戸良平(1958)「外国語の改訂」文部省調査局『中学校学習指導要領解説』帝国地方行政学会. 67-74."},{"sequence":"12","original_text":"嶋田正・栂健(1954)『中・高連絡英語語彙最低基準表』福井大学学芸学部英語教育センター."},{"sequence":"13","original_text":"島根県第八センター(1957)「中学校外国語科英語教科書の研究」『教科書研究要録第1集』文部省."},{"sequence":"14","original_text":"清水貞助(1979)「中学・高校の一貫性について」佐々木輝雄ほか『学校英語の展望』(現代の英語教育4)研究社. 52-76."},{"sequence":"15","original_text":"菅沼太一郎(1935)『統計的研究・各学年別中学標準英単語』慶文堂書店."},{"sequence":"16","original_text":"杉沼永一(1976)『中学校英語語彙に関する一考察: 語彙の計量言語学的アプローチ』."},{"sequence":"17","original_text":"杉浦千早(2002)「高校英語教科書語彙リストの作成と使用語彙の検討」『Language Education &amp; Technology』39: 117-136."},{"sequence":"18","original_text":"瀬谷廣一(2004)「平成14年度版中学校英語教科書(教科書別・学年別・品詞別)語彙分析統計」(http: //www. eng. ritsumei. ac. jp/seya/)"},{"sequence":"19","original_text":"高橋久ほか(1997)「英語の語彙・語法の総合的研究[1]」『比治山大学現代文化掌部紀要』3: 103-123."},{"sequence":"20","original_text":"竹原常太(1932)『学習教材の合理化: 附スタンダード・リーダー編纂趣意』大修館書店"},{"sequence":"21","original_text":"竹原常太(1934)『高等女学校英語教材の合理化』大修館書店."},{"sequence":"22","original_text":"竹原常太(1936)『中等学校英語教材の科学的編纂法』大修館書店."},{"sequence":"23","original_text":"竹蓋幸生(1981)『コンピューターの見た現代英語; ボキャブラリーの科学』エデュカ."},{"sequence":"24","original_text":"竹蓋幸生(1986)「基本語を見直す」『現代英語教育』23. 6: 6-8."},{"sequence":"25","original_text":"竹蓋幸生山田喜芳(1980)「教育工学の手法を利用した英語文の分析・比較: 中学校教科書の分析を中心に」『千葉大学教育工学研究』1: 7-15."},{"sequence":"26","original_text":"中央教育研究所(1979)『中学校英語教科書における語彙調査』."},{"sequence":"27","original_text":"中央教育研究所(1981)『昭和56年度版中学校英語教科書における語彙調査』."},{"sequence":"28","original_text":"中央教育研究所(1984)『昭和59年度版中学校英語教科書における語彙調査』."},{"sequence":"29","original_text":"中央教育研究所(1987)『昭和62年度版中学校英語教科書における語彙調査』."},{"sequence":"30","original_text":"中央教育研究所(1990)『平成2年度版中学校英語教科書における語彙調査』."},{"sequence":"31","original_text":"中央教育研究所(1993)『平成5年度版中学校英語教科書における語彙調査』."},{"sequence":"32","original_text":"中央教育研究所(1997)『平成9年度版中学校英語教科書における語彙調査』."},{"sequence":"33","original_text":"中谷喜一郎ほか(2003)「高等学校『英語1』教科書の分析研究」『比治山大学現代文化学部紀要』9: 125-139."},{"sequence":"34","original_text":"中村愛人ほか(2002)「戦後英語教科書の量的分析: New Jack and Betty, New High School English, Sunshine English Courseの比較を中心として」『日本教科教育学会誌』25. 2: 61-68."},{"sequence":"35","original_text":"速川浩(1966)『教科書に現われた英語単語の研究』大修館書店."},{"sequence":"36","original_text":"速川浩(1972)「使用単語統計研究(1)(2)」『英語教育』21. 7: 22-3a, 21. 8: 18-27."},{"sequence":"37","original_text":"三浦省五ほか(編)(1982)『電子計算機による英語教科書の使用語彙総覧: 中学校編1982』渓水社."},{"sequence":"38","original_text":"三浦省五(1985)「昭和59年版中学校用英語教科書の使用語彙頻度調査」『英語教育研究』28: 89-123."},{"sequence":"39","original_text":"三浦省五ほか(編)(1987a)『電子計算機による英語教科書の使用語彙総覧中学校編1987』渓水社."},{"sequence":"40","original_text":"三浦省五(編)(1987b)『英語教科書使用語彙(英語I・英語II・英語皿B)』渓水社."},{"sequence":"41","original_text":"三浦省五(1987c)「英語教科書の語彙に関する研究; Let7s Learn Englishと現在の中学校用教科書」垣田直巳先生御退官記念事業会(編)『垣田直巳先生退官記念英語教育学研究』大修館書店, 151-160."},{"sequence":"42","original_text":"吉岡健一(1981)「中学校英語教科書の単語の頻度調査(1)」『同志社大学英語英文学研究』26: 110-141."},{"sequence":"43","original_text":"淀縄光洋(1983)『高校英語語彙の実態と学習語彙の在り方』東京都立教育研究所."},{"sequence":"44","original_text":"Thorndike, Edward L. (1921) The Teacher's Word Book. New York City: Teachers College, Columbia University."},{"sequence":"45","original_text":"Thorndike, Edward L. (1932) A Teacher's Word Book of the Twenty Thousand Words. New York City: Bureau of Publications, Teachers College, Columbia University."},{"sequence":"46","original_text":"Thorndike, E., and I. Lorge. (1944) The Teacher's Word Book of 30, 000 Words. New York: Teacher's College, Columbia University."}]}}