{"status":"OK","apiType":"doi","apiVersion":"1.0.0","message":{"total":1,"rows":1,"totalPages":1,"page":1},"data":{"siteId":"SI/JST.JSTAGE","content_type":"JA","doi":"10.11222/hisetjournal1986.5.0_159","url":"https://doi.org/10.11222/hisetjournal1986.5.0_159","ra":"JaLC","prefix":"10.11222","site_name":"J-STAGE","publisher_list":[{"publisher_name":"Society for Historical Studies of English Teaching in Japan","lang":"en"},{"publisher_name":"日本英語教育史学会","lang":"ja"}],"title_list":[{"lang":"ja","title":"英語学習参考書の研究","subtitle":"英文解釈参考書の系譜(1)-小野圭次郎"}],"creator_list":[{"sequence":"1","type":"person","names":[{"lang":"ja","last_name":"速川","first_name":"和男"}]}],"publication_date":{"publication_year":"1990"},"relation_list":[{"content":"https://www.jstage.jst.go.jp/article/hisetjournal1986/5/0/5_159/_pdf","type":"URL","relation":"fullTextPdf"}],"content_language":"ja","updated_date":"2014-12-09","article_type":"pub","journal_id_list":[{"journal_id":"0916-006X","type":"ISSN","issn_type":"print"},{"journal_id":"2187-1779","type":"ISSN","issn_type":"online"},{"journal_id":"hisetjournal1986","type":"JID"}],"journal_title_name_list":[{"journal_title_name":"HiSET Journal: Journal on Historical Studies of English Teaching in Japan","type":"full","lang":"en"},{"journal_title_name":"HiSET Journal","type":"abbreviation","lang":"en"},{"journal_title_name":"日本英語教育史研究","type":"full"},{"journal_title_name":"日本英語教育史研究","type":"abbreviation"}],"journal_classification":"01","recorded_year":"1986-2008","volume":"5","issue":"0","first_page":"159","last_page":"181","date":"2012-10-29","citation_list":[{"sequence":"1","original_text":"(1)研究社, 1968. 11. 30, pp. 327-333."},{"sequence":"2","original_text":"(2)『日本英語教育史研究』1, 2, 4号."},{"sequence":"3","original_text":"(7)喜安礎太郎「湖畔通信・鵠沼通信」(研究社, 1972. 10. 30), p. 211."},{"sequence":"4","original_text":"(10)『完成誌』p. 6とp. 9の間の折り込み."},{"sequence":"5","original_text":"(14)『湖畔通信・鵠沼通信』, p. 260."},{"sequence":"6","original_text":"(15)『完成誌』, p. 1-2「著述の由来」."},{"sequence":"7","original_text":"(16)『英文の解釈』pp. 2-3."},{"sequence":"8","original_text":"(17)『湖畔通信・鵠沼通信』, p. 260."},{"sequence":"9","original_text":"(18)『完成誌』, p. 44, No192."},{"sequence":"10","original_text":"(22)『完成誌』, p. 48."},{"sequence":"11","original_text":"(24)木原研三「どちらが欠陥商品か」(『英語青年』1990年2月号, p. 35)."},{"sequence":"12","original_text":"(25)副島隆彦&amp;Dictionary-Busters著."},{"sequence":"13","original_text":"(26)『英文の解釈』, p. 6."},{"sequence":"14","original_text":"(27)『岩崎民平文集』(研究社, 1985. 6, 29, p. 214)"},{"sequence":"15","original_text":"(28)『日本の英学100年(大正篇)』, p. 330."},{"sequence":"16","original_text":"(29)『現代英文解釈法』の原型."},{"sequence":"17","original_text":"(30)『完成誌』pp. 48-49."},{"sequence":"18","original_text":"(35)小川芳男『私はこうして英語を学んだ』(TBSブリタニカ, 1979. 2. 20, p. 27)"},{"sequence":"19","original_text":"(36)『日本英語教育史研究』第1号."},{"sequence":"20","original_text":"(37)『完成誌』, pp. 5-6."},{"sequence":"21","original_text":"(39)『湖畔通信・鵠沼通信』, p. 261."}]}}