{"status":"OK","apiType":"doi","apiVersion":"1.0.0","message":{"total":1,"rows":1,"totalPages":1,"page":1},"data":{"siteId":"SI/JST.JSTAGE","content_type":"JA","doi":"10.11222/hisetjournal1986.2.0_151","url":"https://doi.org/10.11222/hisetjournal1986.2.0_151","ra":"JaLC","prefix":"10.11222","site_name":"J-STAGE","publisher_list":[{"publisher_name":"Society for Historical Studies of English Teaching in Japan","lang":"en"},{"publisher_name":"日本英語教育史学会","lang":"ja"}],"title_list":[{"lang":"ja","title":"石川啄木英語学習研究"}],"creator_list":[{"sequence":"1","type":"person","names":[{"lang":"ja","last_name":"今野","first_name":"鉄男"}]}],"publication_date":{"publication_year":"1987"},"relation_list":[{"content":"https://www.jstage.jst.go.jp/article/hisetjournal1986/2/0/2_151/_pdf","type":"URL","relation":"fullTextPdf"}],"content_language":"ja","updated_date":"2014-12-09","article_type":"pub","journal_id_list":[{"journal_id":"0916-006X","type":"ISSN","issn_type":"print"},{"journal_id":"2187-1779","type":"ISSN","issn_type":"online"},{"journal_id":"hisetjournal1986","type":"JID"}],"journal_title_name_list":[{"journal_title_name":"HiSET Journal: Journal on Historical Studies of English Teaching in Japan","type":"full","lang":"en"},{"journal_title_name":"HiSET Journal","type":"abbreviation","lang":"en"},{"journal_title_name":"日本英語教育史研究","type":"full"},{"journal_title_name":"日本英語教育史研究","type":"abbreviation"}],"journal_classification":"01","recorded_year":"1986-2008","volume":"2","issue":"0","first_page":"151","last_page":"161","date":"2012-10-29","citation_list":[{"sequence":"1","original_text":"1 伊東圭一郎『人間啄木』(岩手日報社・1959)"},{"sequence":"2","original_text":"2 『岩手県教育史資料』第十七解十八集(岩手県立教育研究所, 1964-1965)"},{"sequence":"3","original_text":"3 『啄木全集』第一-八巻(筑摩書房, 1967-1968)"},{"sequence":"4","original_text":"4 『白聖校90隼史』(岩手県立盛岡第一高等学校, 1970)"},{"sequence":"5","original_text":"5 大谷利彦『啄木の西洋と日本』(研究社叢書, 1974)"},{"sequence":"6","original_text":"6 『岩手近代教育史』第一巻明治編(岩手県教育委員会, 1981)"},{"sequence":"7","original_text":"7 『白璽校百年史』(岩手県立盛岡第一高等学校, 1981)"},{"sequence":"8","original_text":"8 森一「啄木と英語」(『啄木研究』7, 洋々社, 1982, 所収)"},{"sequence":"9","original_text":"9 森一『啄木の思想と英文学-比較文学的考察-』(洋々社, 1982)"},{"sequence":"10","original_text":"10 英文 Ishikawa Takuboku by Carl Sesar (Kodansha Encyclopedia of Japan, Vol. 3, 1983)"},{"sequence":"11","original_text":"11 沢地久枝『石川節子-愛の永遠を信じたく候-』(講談社文庫, 1984)"},{"sequence":"12","original_text":"12 『国文学解釈と教材の研究生誕百年石川啄木』(学燈社, 1984年6月号)"},{"sequence":"13","original_text":"13 岩城之穂『石川啄木伝』(筑摩書房, 1985)"},{"sequence":"14","original_text":"14 「岩手県盛岡中学校生徒成績表」(岩手県立盛岡第一高等学校所蔵)"},{"sequence":"15","original_text":"15 「課外英語科教案」(啄木自筆, 石川啄木記念館所蔵)"},{"sequence":"16","original_text":"16 「創立90周年記念石川啄木歌碑除幕式」(私立岩手橘高等学校, 1983年6月)"},{"sequence":"17","original_text":"17 「啄木は生きている」(『朝日新聞』岩手版連載記事, 1986年1月)"},{"sequence":"18","original_text":"18 「啄木再見」(『河北新報』連載記事, 1986年2月)"},{"sequence":"19","original_text":"19 「生誕百年記念啄木展展示目録」(岩手県立盛岡第一高等学校白璽配念館, 1986年3月)"},{"sequence":"20","original_text":"20 「啄木生誕百年配念特集」(『岩手日報』, 1986年5月3日付)"}]}}