{"status":"OK","apiType":"doi","apiVersion":"1.0.0","message":{"total":1,"rows":1,"totalPages":1,"page":1},"data":{"siteId":"SI/JST.JSTAGE","content_type":"JA","doi":"10.11222/hisetjournal1986.6.0_203","url":"https://doi.org/10.11222/hisetjournal1986.6.0_203","ra":"JaLC","prefix":"10.11222","site_name":"J-STAGE","publisher_list":[{"publisher_name":"Society for Historical Studies of English Teaching in Japan","lang":"en"},{"publisher_name":"日本英語教育史学会","lang":"ja"}],"title_list":[{"lang":"ja","title":"教科書に現れたヘミングウェイ-『老人と海』の場合-"}],"creator_list":[{"sequence":"1","type":"person","names":[{"lang":"ja","last_name":"音在","first_name":"謙介"}]}],"publication_date":{"publication_year":"1991"},"relation_list":[{"content":"https://www.jstage.jst.go.jp/article/hisetjournal1986/6/0/6_203/_pdf","type":"URL","relation":"fullTextPdf"}],"content_language":"ja","updated_date":"2014-12-09","article_type":"pub","journal_id_list":[{"journal_id":"0916-006X","type":"ISSN","issn_type":"print"},{"journal_id":"2187-1779","type":"ISSN","issn_type":"online"},{"journal_id":"hisetjournal1986","type":"JID"}],"journal_title_name_list":[{"journal_title_name":"HiSET Journal: Journal on Historical Studies of English Teaching in Japan","type":"full","lang":"en"},{"journal_title_name":"HiSET Journal","type":"abbreviation","lang":"en"},{"journal_title_name":"日本英語教育史研究","type":"full"},{"journal_title_name":"日本英語教育史研究","type":"abbreviation"}],"journal_classification":"01","recorded_year":"1986-2008","volume":"6","issue":"0","first_page":"203","last_page":"220","date":"2012-10-29","citation_list":[{"sequence":"1","original_text":"1. 鳥居美和子 『教育文献総合目録』 第三集明治以降教科書総合目録II 中等校編, 小宮山書店, 昭和60年."},{"sequence":"2","original_text":"2. 高梨健吉・大村喜吉. 出来成訓『英語教育史資料』第三巻「英語教科書の変遷」東京法令出版, 昭和55年."}]}}