{"status":"OK","apiType":"doi","apiVersion":"1.0.0","message":{"total":1,"rows":1,"totalPages":1,"page":1},"data":{"siteId":"SI/JST.JSTAGE","content_type":"JA","doi":"10.11222/hisetjournal1986.11.0_111","url":"https://doi.org/10.11222/hisetjournal1986.11.0_111","ra":"JaLC","prefix":"10.11222","site_name":"J-STAGE","publisher_list":[{"publisher_name":"Society for Historical Studies of English Teaching in Japan","lang":"en"},{"publisher_name":"日本英語教育史学会","lang":"ja"}],"title_list":[{"lang":"ja","title":"英語教育縮廃論とは何か"}],"creator_list":[{"sequence":"1","type":"person","names":[{"lang":"ja","last_name":"山田","first_name":"豪"}]}],"publication_date":{"publication_year":"1996"},"relation_list":[{"content":"https://www.jstage.jst.go.jp/article/hisetjournal1986/11/0/11_111/_pdf","type":"URL","relation":"fullTextPdf"}],"content_language":"ja","updated_date":"2014-12-09","article_type":"pub","journal_id_list":[{"journal_id":"0916-006X","type":"ISSN","issn_type":"print"},{"journal_id":"2187-1779","type":"ISSN","issn_type":"online"},{"journal_id":"hisetjournal1986","type":"JID"}],"journal_title_name_list":[{"journal_title_name":"HiSET Journal: Journal on Historical Studies of English Teaching in Japan","type":"full","lang":"en"},{"journal_title_name":"HiSET Journal","type":"abbreviation","lang":"en"},{"journal_title_name":"日本英語教育史研究","type":"full"},{"journal_title_name":"日本英語教育史研究","type":"abbreviation"}],"journal_classification":"01","recorded_year":"1986-2008","volume":"11","issue":"0","first_page":"111","last_page":"129","date":"2012-10-29","citation_list":[{"sequence":"1","original_text":"(1)安保哲夫他「日米関係の構図」(ミネルヴァ書房, 1994)"},{"sequence":"2","original_text":"(2)大村喜吉他編『英語教育史資料1』(東京法令出版, 1980)"},{"sequence":"3","original_text":"(3)大村喜吉他編「英語教育史資料2』(東京法令出版, 1980)"},{"sequence":"4","original_text":"(4)神津毅夫「学習指導要領はどう変わってきたか」『国際化時代の英語教育」(三友社出版, 1989)"},{"sequence":"5","original_text":"(5)川澄哲夫編「資料日本英学史2」(大修館書店, 1978)"},{"sequence":"6","original_text":"(6)教育政策研究会編著「臨教審総覧: 上巻』(第一法規出版, 1987)"},{"sequence":"7","original_text":"(7)教育政策研究会編著「臨教審総覧: 下巻』(第一法規出版, 1987)"},{"sequence":"8","original_text":"(8)研究社編集部「英語教授法大要」『新英語教育講座第一巻濃(研究社, 1948)"},{"sequence":"9","original_text":"(9)高梨健吉・大村喜吉編「日本の英学100年明治編」(研究社出版, 1968)"},{"sequence":"10","original_text":"(10)高梨健吉・大村喜吉編「日本の英学100年大正編」(研究社出版, 1968)"},{"sequence":"11","original_text":"(11)高梨健吉他「英語教育問題の変遷」(研究社出版, 1979)"},{"sequence":"12","original_text":"(12)福原麟太郎監修「ある英文教室の100年」(大修館書店, 1978)"}]}}