{"status":"OK","apiType":"doi","apiVersion":"1.0.0","message":{"total":1,"rows":1,"totalPages":1,"page":1},"data":{"siteId":"SI/JST.JSTAGE","content_type":"JA","doi":"10.11222/hisetjournal1986.14.0_173","url":"https://doi.org/10.11222/hisetjournal1986.14.0_173","ra":"JaLC","prefix":"10.11222","site_name":"J-STAGE","publisher_list":[{"publisher_name":"Society for Historical Studies of English Teaching in Japan","lang":"en"},{"publisher_name":"日本英語教育史学会","lang":"ja"}],"title_list":[{"lang":"ja","title":"満洲における英語教育-満鉄の教育及び満洲国の国定教科書-"}],"creator_list":[{"sequence":"1","type":"person","names":[{"lang":"ja","last_name":"佐藤","first_name":"恵一"}]}],"publication_date":{"publication_year":"1999"},"relation_list":[{"content":"https://www.jstage.jst.go.jp/article/hisetjournal1986/14/0/14_173/_pdf","type":"URL","relation":"fullTextPdf"}],"content_language":"ja","updated_date":"2014-12-09","article_type":"pub","journal_id_list":[{"journal_id":"0916-006X","type":"ISSN","issn_type":"print"},{"journal_id":"2187-1779","type":"ISSN","issn_type":"online"},{"journal_id":"hisetjournal1986","type":"JID"}],"journal_title_name_list":[{"journal_title_name":"HiSET Journal: Journal on Historical Studies of English Teaching in Japan","type":"full","lang":"en"},{"journal_title_name":"HiSET Journal","type":"abbreviation","lang":"en"},{"journal_title_name":"日本英語教育史研究","type":"full"},{"journal_title_name":"日本英語教育史研究","type":"abbreviation"}],"journal_classification":"01","recorded_year":"1986-2008","volume":"14","issue":"0","first_page":"173","last_page":"209","date":"2012-10-29","citation_list":[{"sequence":"1","original_text":"1「満洲・満洲国」教育史研究序説遺稿集野村章 エムティ出版 1995"},{"sequence":"2","original_text":"2 復刻満洲官製教科書=解説ほるぷ出版1980"},{"sequence":"3","original_text":"3「満洲国」教育資料修正1期満洲帝国文教年鑑第1次-第4次 エムティ出版 1992"},{"sequence":"4","original_text":"4 満鉄教育だより 1 昭和9年9月-昭和10年12月 エムテイ出版 1992"},{"sequence":"5","original_text":"5 満鉄教育だより 2 昭和11年1月-12月 エムティ出版 1992"},{"sequence":"6","original_text":"6 満鉄教育だより 3 昭和12年1月-11月 最終号 エムテイ出版 1992"},{"sequence":"7","original_text":"7 日中共同研究「満洲国」教育史研究No1 東海教育研究所 1993"},{"sequence":"8","original_text":"8 日中共同研究「満洲国」教育史研究No2 東海教育研究所 1994"},{"sequence":"9","original_text":"9 旧植民地関係機関刊行物総合目録 -満洲国・関東州編- アジア経済研究所1982"},{"sequence":"10","original_text":"10 英語教育ニ関スル専門家ノ意見 南満洲鉄道株式会社地方部学務課 1935"},{"sequence":"11","original_text":"11「満洲・満洲国」教育資料集成9教育内容・方法 エムティ出版 1993"},{"sequence":"12","original_text":"12「満洲・満洲国」教育資料集成10教育内容・方法 エムティ出版 1993"},{"sequence":"13","original_text":"13「満洲・満洲国」教育資料集成22欧米人経営学校 エムティ出版 1993"},{"sequence":"14","original_text":"14 旧植民地関係機関刊行物総合目録 -満鉄編- アジア経済研究所 1979"},{"sequence":"15","original_text":"15 初級中学校 英語教科書 下冊 文教部康徳4年"},{"sequence":"16","original_text":"16 旧植民地の英語教育 -満洲における英語教育とその周辺- 日本英語教育史研究第11号1966"},{"sequence":"17","original_text":"17 満洲国現勢 康徳6年版 満洲国通信社編 鵬和出版 康徳6年"}]}}