{"status":"OK","apiType":"doi","apiVersion":"1.0.0","message":{"total":1,"rows":1,"totalPages":1,"page":1},"data":{"siteId":"SI/JST.JSTAGE","content_type":"JA","doi":"10.11222/hisetjournal1986.20.0_111","url":"https://doi.org/10.11222/hisetjournal1986.20.0_111","ra":"JaLC","prefix":"10.11222","site_name":"J-STAGE","publisher_list":[{"publisher_name":"Society for Historical Studies of English Teaching in Japan","lang":"en"},{"publisher_name":"日本英語教育史学会","lang":"ja"}],"title_list":[{"lang":"ja","title":"竹原常太のThe Standard English Readers-基本語彙に基づく教材の合理化とその現代的な意義をめぐって-"}],"creator_list":[{"sequence":"1","type":"person","names":[{"lang":"ja","last_name":"馬本","first_name":"勉"}]}],"publication_date":{"publication_year":"2005"},"relation_list":[{"content":"https://www.jstage.jst.go.jp/article/hisetjournal1986/20/0/20_111/_pdf","type":"URL","relation":"fullTextPdf"}],"content_language":"ja","updated_date":"2014-12-09","article_type":"pub","journal_id_list":[{"journal_id":"0916-006X","type":"ISSN","issn_type":"print"},{"journal_id":"2187-1779","type":"ISSN","issn_type":"online"},{"journal_id":"hisetjournal1986","type":"JID"}],"journal_title_name_list":[{"journal_title_name":"HiSET Journal: Journal on Historical Studies of English Teaching in Japan","type":"full","lang":"en"},{"journal_title_name":"HiSET Journal","type":"abbreviation","lang":"en"},{"journal_title_name":"日本英語教育史研究","type":"full"},{"journal_title_name":"日本英語教育史研究","type":"abbreviation"}],"journal_classification":"01","recorded_year":"1986-2008","volume":"20","issue":"0","first_page":"111","last_page":"130","date":"2012-10-29","citation_list":[{"sequence":"1","original_text":"稲村松雄・鳥居次好(1956)『必修語彙の研究』開隆堂出版."},{"sequence":"2","original_text":"馬本勉(2000a)「学習指導要領「必修語」の選定に関する歴史的考察: 頻度と定義可能度による必修語リストの評価」『日本英語教育史研究』15: 51-71."},{"sequence":"3","original_text":"(2000b)「学習指導要領「必修語」の起源に関する一考察」『英学史研究』(日本英学史学会)33: 73-86."},{"sequence":"4","original_text":"(2001)「日本の英語教育における語彙選定基準の研究」『広島大学教育学部紀要(第1部)』49: 159-66."},{"sequence":"5","original_text":"(2003)「竹原常太のThe Standard English Readers」日本英語教育史学会第166回月例研究会資料(4. 20)"},{"sequence":"6","original_text":"(2004)「竹原常太のThe Standard English Readers(2)」日本英語教育史学会第178回月例研究会資料(9. 19)"},{"sequence":"7","original_text":"江利川春雄(2000)「データベースによる外国語教科書史の計量的研究(1): 文部省著作および検定教科書」『日本英語教育史研究」15: 1-22. 大西雅雄(1941)『日本基本漢字』三省堂."},{"sequence":"8","original_text":"(1950)『平川英語の研究』メトロ出版社."},{"sequence":"9","original_text":"(1969)『パーマ博士と英語教授理論』開拓社."},{"sequence":"10","original_text":"小篠敏明(1995)『Harold E. Palmerの英語教授法に関する研究: 日本における展開を中心として』第一学習社."},{"sequence":"11","original_text":"小篠敏明・馬本勉・本岡直子・松岡博信・中村朋子(2004)「明治・大正・昭和初期の英語教科書の計量的分析」日本英語教育史学会第174回月例研究会資料(321)"},{"sequence":"12","original_text":"小篠敏明・江利川春雄(編著)(2004)『英語教科書の歴史的研究誰辞游社."},{"sequence":"13","original_text":"小篠敏明・中村愛人(2001)『明治・大正・昭和初期の英語教科書に関する研究: 質的分析と解題』渓水社."},{"sequence":"14","original_text":"桜井役(1935)『英語教育に関する文部法規』研究社."},{"sequence":"15","original_text":"宍戸良平(1958)「外国語の改訂」文部省調査局(編)『学習指導要領解説中学校』帝国地方行政学会. 67-74."},{"sequence":"16","original_text":"高梨健吉・出来成訓(1994)『英語教科書の歴史と解題』大空社."},{"sequence":"17","volume":"11","first_page":"3","publication_date":{"publication_year":"1930"},"original_text":"竹原常太(1930)『語学教育の合理化』大修館書店."},{"sequence":"18","original_text":"(1932)『学習教材の合理化1附スタンダード・リーダー編纂趣意』大修館書店."},{"sequence":"19","original_text":"(1934a)『高等女学校英語教材の合理化: 附ガールズ・スタンダード・リーダー編纂趣意』大修館書店."},{"sequence":"20","original_text":"(1934b)『ソーンダイク基本英語単語』大修館書店."},{"sequence":"21","original_text":"(1936)『中等学校英語教材の科学的編纂法』大修館書店."},{"sequence":"22","original_text":"堤美佐子(1999)「『スタンダード和英大辞典』編者竹原常太」『日本英語教育史研究』14: 121-139."},{"sequence":"23","original_text":"(2001)「幻の三省堂和英大辞典: 神田から竹原へのある書簡をめぐうて」『日本英語教育史研究』16: 69-84."},{"sequence":"24","original_text":"出来成訓(1994)『日本英語教育史考』東京法令出版."},{"sequence":"25","original_text":"藤井昭洋(1987)「竹原常太の英語教育論: その基本語彙論をめぐって」垣田直巳先生御退官"},{"sequence":"26","original_text":"記念事業会(編)『垣田直巳先生退官記念英語教育学研究』大修館書店. 141-50."},{"sequence":"27","original_text":"(2002)「竹原常太の英語教育論II: 教材論を中心に」稲富健一郎先生退官記念事業会(編)『英語一研究と教育稲富健一郎先生退官記念論文集』稲富健一郎先生退官記念事業会. 59-69."},{"sequence":"28","original_text":"文部省(1950)『教科用図書検定規準』文部省."},{"sequence":"29","original_text":"文部省(1952)『中学校高等学校学習指導要領外国語科英語編(試案)昭和26年(1951)改訂版』I,II,III.(国立教育研究所内戦後教育改革資料研究会(編)(1980)『文部省学習指導要領19・20外国語科編(1)(2)』日本図書センター.)"},{"sequence":"30","original_text":"Thorndike, Edward L. (1921) The Teacher's Word Book. New York City: Teachers College, Columbia University."},{"sequence":"31","original_text":"(1932) A Tea cher's Word Book of the Twenty Thousand Words. New York City: Bureau of Publications, Teachers College, Columbia University."},{"sequence":"32","original_text":"West, Michael. (1941) Learning to Read a Foreign Language and Other Essays on Language-teaching. London: Longmans."}]}}