{"status":"OK","apiType":"doi","apiVersion":"1.0.0","message":{"total":1,"rows":1,"totalPages":1,"page":1},"data":{"siteId":"SI/JST.JSTAGE","content_type":"JA","doi":"10.11222/hisetjournal1986.5.0_75","url":"https://doi.org/10.11222/hisetjournal1986.5.0_75","ra":"JaLC","prefix":"10.11222","site_name":"J-STAGE","publisher_list":[{"publisher_name":"Society for Historical Studies of English Teaching in Japan","lang":"en"},{"publisher_name":"日本英語教育史学会","lang":"ja"}],"title_list":[{"lang":"ja","title":"明治前期中・高等教育機関と英語","subtitle":"研究ノート"}],"creator_list":[{"sequence":"1","type":"person","names":[{"lang":"ja","last_name":"茂住","first_name":"實男"}]}],"publication_date":{"publication_year":"1990"},"relation_list":[{"content":"https://www.jstage.jst.go.jp/article/hisetjournal1986/5/0/5_75/_pdf","type":"URL","relation":"fullTextPdf"}],"content_language":"ja","updated_date":"2014-12-09","article_type":"pub","journal_id_list":[{"journal_id":"0916-006X","type":"ISSN","issn_type":"print"},{"journal_id":"2187-1779","type":"ISSN","issn_type":"online"},{"journal_id":"hisetjournal1986","type":"JID"}],"journal_title_name_list":[{"journal_title_name":"HiSET Journal: Journal on Historical Studies of English Teaching in Japan","type":"full","lang":"en"},{"journal_title_name":"HiSET Journal","type":"abbreviation","lang":"en"},{"journal_title_name":"日本英語教育史研究","type":"full"},{"journal_title_name":"日本英語教育史研究","type":"abbreviation"}],"journal_classification":"01","recorded_year":"1986-2008","volume":"5","issue":"0","first_page":"75","last_page":"90","date":"2012-10-29","citation_list":[{"sequence":"1","original_text":"(1)『文部省第一年報』(宣文堂復刻版, 昭和41年)152葉."},{"sequence":"2","original_text":"(2)『東京帝国大学五十年史』(上冊)昭和7年, 117-118頁所収."},{"sequence":"3","original_text":"(3)『東京帝国大学五十年史』(上冊)昭和7年, 11頁所収."},{"sequence":"4","original_text":"(4)「東京大学百年史 通史一』昭和59年, 96頁所収."},{"sequence":"5","original_text":"(5)「東京大学百年史 通史一』昭和59年, 185頁."},{"sequence":"6","original_text":"(7)「生徒心得」(前掲「東京帝国大学五十年史」上冊, 121-124頁所収)."},{"sequence":"7","original_text":"(9)『東京帝国大学五十年史』(上冊)132頁所収."},{"sequence":"8","original_text":"(10)高松豊吉「維新時代の教育界」(森脇美樹編『明治文化発祥記念誌』(大正13年, 大日本文明協会)の「明治文化回顧録」の部, 78頁)."},{"sequence":"9","original_text":"(11)高松豊吉「余が受けた明治時代の教育」(森脇美樹編『明治文化の記念と其批判』大正14年, 大日本文明協会事務所, 38-39頁)."},{"sequence":"10","original_text":"(13)前掲『明治の教育』21頁参照."},{"sequence":"11","original_text":"(14)前掲『東京大学百年史 通史一』162頁."},{"sequence":"12","original_text":"(15)唐沢富太郎『貢進生-幕末維新期のエリート-』昭和49年, ぎょうせい, 3頁."},{"sequence":"13","original_text":"(17)大久保利謙『日本の大学』昭和19年, 創元社, 233頁."},{"sequence":"14","original_text":"(18)『東京帝国大学五十年史』(上冊)148-149頁所収."},{"sequence":"15","original_text":"(19)『東京帝国大学五十年史』(上冊)152-163頁所収."},{"sequence":"16","original_text":"(22)『明治の教育』153頁."},{"sequence":"17","original_text":"(23)『東京大学百年史 通史一』174-175頁所収."},{"sequence":"18","original_text":"(24)『東京大学百年史 通史一』174-175頁所収."},{"sequence":"19","original_text":"(25)『東京帝国大学 五十年史』(上冊)182頁所収."},{"sequence":"20","original_text":"(26)『東京帝国大学 五十年史』(上冊), 183頁."},{"sequence":"21","original_text":"(28)「明治前期大学予備教育機関の成立」(『日本英語教育史研究』第1号, 昭和61年5月, 日本英語教育史研究会)84-85頁."},{"sequence":"22","original_text":"(29)『東京大学百年史 通史一』189頁以降に詳しい."},{"sequence":"23","original_text":"(30)『東京帝国大学 五十年史』(上冊)207-232頁所収."}]}}