{"status":"OK","apiType":"doi","apiVersion":"1.0.0","message":{"total":1,"rows":1,"totalPages":1,"page":1},"data":{"siteId":"SI/JST.JSTAGE","content_type":"JA","doi":"10.11222/hisetjournal1986.2.0_61","url":"https://doi.org/10.11222/hisetjournal1986.2.0_61","ra":"JaLC","prefix":"10.11222","site_name":"J-STAGE","publisher_list":[{"publisher_name":"Society for Historical Studies of English Teaching in Japan","lang":"en"},{"publisher_name":"日本英語教育史学会","lang":"ja"}],"title_list":[{"lang":"ja","title":"英語学習辞書の変遷","subtitle":"昭和戦前期まで"}],"creator_list":[{"sequence":"1","type":"person","names":[{"lang":"ja","last_name":"竹中","first_name":"龍範"}]}],"publication_date":{"publication_year":"1987"},"relation_list":[{"content":"https://www.jstage.jst.go.jp/article/hisetjournal1986/2/0/2_61/_pdf","type":"URL","relation":"fullTextPdf"}],"content_language":"ja","updated_date":"2014-12-09","article_type":"pub","journal_id_list":[{"journal_id":"0916-006X","type":"ISSN","issn_type":"print"},{"journal_id":"2187-1779","type":"ISSN","issn_type":"online"},{"journal_id":"hisetjournal1986","type":"JID"}],"journal_title_name_list":[{"journal_title_name":"HiSET Journal: Journal on Historical Studies of English Teaching in Japan","type":"full","lang":"en"},{"journal_title_name":"HiSET Journal","type":"abbreviation","lang":"en"},{"journal_title_name":"日本英語教育史研究","type":"full"},{"journal_title_name":"日本英語教育史研究","type":"abbreviation"}],"journal_classification":"01","recorded_year":"1986-2008","volume":"2","issue":"0","first_page":"61","last_page":"90","date":"2012-10-29","citation_list":[{"sequence":"1","original_text":"大阪女子大学附属図書館編(1962)『大阪女子大学蔵日本英学資料解題』大阪女子大学"},{"sequence":"2","original_text":"豊田実(1963)『日本英学史の研究』新訂版千城書房"},{"sequence":"3","original_text":"永嶋大典(1970)「蘭和・英和辞書発達史」講談社"},{"sequence":"4","original_text":"町田俊昭(1981)『三代の辞書-英和・和英辞書百年小史』改訂版三省堂"}]}}