{"status":"OK","apiType":"doi","apiVersion":"1.0.0","message":{"total":1,"rows":1,"totalPages":1,"page":1},"data":{"siteId":"SI/JST.JSTAGE","content_type":"JA","doi":"10.11222/hisetjournal1986.13.0_173","url":"https://doi.org/10.11222/hisetjournal1986.13.0_173","ra":"JaLC","prefix":"10.11222","site_name":"J-STAGE","publisher_list":[{"publisher_name":"Society for Historical Studies of English Teaching in Japan","lang":"en"},{"publisher_name":"日本英語教育史学会","lang":"ja"}],"title_list":[{"lang":"ja","title":"師範学校における英語科教育の歴史(2)","subtitle":"昭和期"}],"creator_list":[{"sequence":"1","type":"person","names":[{"lang":"ja","last_name":"江利川","first_name":"春雄"}]}],"publication_date":{"publication_year":"1998"},"relation_list":[{"content":"https://www.jstage.jst.go.jp/article/hisetjournal1986/13/0/13_173/_pdf","type":"URL","relation":"fullTextPdf"}],"content_language":"ja","updated_date":"2014-12-09","article_type":"pub","journal_id_list":[{"journal_id":"0916-006X","type":"ISSN","issn_type":"print"},{"journal_id":"2187-1779","type":"ISSN","issn_type":"online"},{"journal_id":"hisetjournal1986","type":"JID"}],"journal_title_name_list":[{"journal_title_name":"HiSET Journal: Journal on Historical Studies of English Teaching in Japan","type":"full","lang":"en"},{"journal_title_name":"HiSET Journal","type":"abbreviation","lang":"en"},{"journal_title_name":"日本英語教育史研究","type":"full"},{"journal_title_name":"日本英語教育史研究","type":"abbreviation"}],"journal_classification":"01","recorded_year":"1986-2008","volume":"13","issue":"0","first_page":"173","last_page":"202","date":"2012-10-29","citation_list":[{"sequence":"1","original_text":"江利川春雄「小学校における英語科教育の歴史(5)-全体像の把握をめざして-」『日本英語教育史研究』第11号, 日本英語教育史学会, 1996"},{"sequence":"2","original_text":"「新制中学校成立期の英語教師問題」神戸大学英語教育研究会『KELT』第12号, 1997"},{"sequence":"3","original_text":"「師範学校における英語科教育の歴史(1)-明治・大正期-」『日本英語教育史研究』第12号, 1997"},{"sequence":"4","original_text":"大分師範学校教育研究所編『昭和22年度前期共学実施による男女生徒学科成績比較図表』1948"},{"sequence":"5","original_text":"教育刷新審議会『教育改革の現状と問題-教育刷新審議会報告書-』日本放送出版協会, 1950"},{"sequence":"6","original_text":"教育職員養成審議会「教育職員養成審議会第一次答申(1997. 7. 28)」『週刊教育資料』1997. 8. 4付録"},{"sequence":"7","original_text":"国立教育研究所『日本近代教育百年史』第6巻, 教育研究奨励会, 1974"},{"sequence":"8","original_text":"隈 明「師範学校の英語教育」『英語の研究と教授』第8巻第11号, 1940"},{"sequence":"9","original_text":"須沼吉太郎「師範学校に於ける英語教授」『英語の研究と教授』第6巻第11号, 1938"},{"sequence":"10","original_text":"全国師範聯盟『回顧十年の吾が聯盟』1932"},{"sequence":"11","original_text":"東京教育大学『第九回後期 教育指導者講習研究集録 英語科教育』1952"},{"sequence":"12","original_text":"中島太郎編『教員養成の研究』第一法規出版, 1961"},{"sequence":"13","original_text":"中野好夫『英語を学ぶ人々のために』The Youth Companion 1948年2月号"},{"sequence":"14","first_page":"9","publication_date":{"publication_year":"1943"},"original_text":"細川泉二郎「師範学校の英語」『語学教育』第193号, 1943"},{"sequence":"15","original_text":"枩田與惣之助「師範学校の英語教育」広島文理科大学英語英文学研究室編『英語教育』第1巻第3号, 1936"},{"sequence":"16","original_text":"三浦綾子『銃口』小学館, 1994(小学館文庫版1998)"},{"sequence":"17","original_text":"水田清恵「師範学校参観印象記」『英語の研究と教授』第4巻第1号, 1935"},{"sequence":"18","original_text":"水原克敏『近代日本教員養成史研究-教育者精神主義の確立過程-』風間書房, 1990"},{"sequence":"19","original_text":"文部省『道府県師範学校教員の教育刷新に関する意見』1935"},{"sequence":"20","original_text":"『青年師範学校教授要目』1944"},{"sequence":"21","original_text":"『青年師範学校教授要目』1944文部省普通学務局『全国師範学校二関スル諸調査』1907-1940の各年版(復刻版1987, 大空社)"},{"sequence":"22","original_text":"『大正六年十月全国師範学校長会議録』1918"},{"sequence":"23","original_text":"『大正九年十月全国師範学校長会議録』1921"},{"sequence":"24","original_text":"山本忠雄「師範学校に於ける英語教授の実際」『英語英文学論叢』第4巻第8号, 1936"}]}}