{"status":"OK","apiType":"doi","apiVersion":"1.0.0","message":{"total":1,"rows":1,"totalPages":1,"page":1},"data":{"siteId":"SI/JST.JSTAGE","content_type":"JA","doi":"10.11222/hisetjournal1986.10.0_1","url":"https://doi.org/10.11222/hisetjournal1986.10.0_1","ra":"JaLC","prefix":"10.11222","site_name":"J-STAGE","publisher_list":[{"publisher_name":"Society for Historical Studies of English Teaching in Japan","lang":"en"},{"publisher_name":"日本英語教育史学会","lang":"ja"}],"title_list":[{"lang":"ja","title":"中学・高校英語教員の海外研修について-歴史的視点から考える-"}],"creator_list":[{"sequence":"1","type":"person","names":[{"lang":"ja","last_name":"今野","first_name":"鉄男"}]}],"publication_date":{"publication_year":"1995"},"relation_list":[{"content":"https://www.jstage.jst.go.jp/article/hisetjournal1986/10/0/10_1/_pdf","type":"URL","relation":"fullTextPdf"}],"content_language":"ja","updated_date":"2014-12-09","article_type":"pub","journal_id_list":[{"journal_id":"0916-006X","type":"ISSN","issn_type":"print"},{"journal_id":"2187-1779","type":"ISSN","issn_type":"online"},{"journal_id":"hisetjournal1986","type":"JID"}],"journal_title_name_list":[{"journal_title_name":"HiSET Journal: Journal on Historical Studies of English Teaching in Japan","type":"full","lang":"en"},{"journal_title_name":"HiSET Journal","type":"abbreviation","lang":"en"},{"journal_title_name":"日本英語教育史研究","type":"full"},{"journal_title_name":"日本英語教育史研究","type":"abbreviation"}],"journal_classification":"01","recorded_year":"1986-2008","volume":"10","issue":"0","first_page":"1","last_page":"9","date":"2012-10-29","citation_list":[{"sequence":"1","original_text":"1. 文部省『学制百年史』, 昭和47年"},{"sequence":"2","original_text":"2. 大村喜吉・高梨健吉・出来成訓『英語教育史資料』第5巻, 東京法令出版, 昭和55年"},{"sequence":"3","original_text":"3. 社団法人目米協会・国際教育交換協議会『レデング大学英語教育研修報告1987年CIEE「英国における英語研修講座」』"},{"sequence":"4","original_text":"4. 植田敬「米国短期留学の問題点」(大修館「英語教育」, 平成5年12月号所載)"},{"sequence":"5","original_text":"5. 拙稿「スタンフォード大学での夏季英語研修」(大修館「英語教育」, 平成5年12月号所載)"},{"sequence":"6","original_text":"6. 社団法人日米協会・国際教育交換協議会『第26回「米国における英語研修講座」他-1993-』"},{"sequence":"7","original_text":"7. 拙稿 'Education in Japan' (福島県高等学校教育研究会英語部会「英語教育研究集録」, 第11号所載)"},{"sequence":"8","original_text":"8. 拙稿 'A Report on the Intensive English Course at Reading University' (福島県高等学校教育研究会英語部会「英語教育研究集録」, 第11号所載)"},{"sequence":"9","original_text":"9. 望月昭彦・Gダナム「日欧文化の諸相-コミュニケーション能力養成読本-」, ニューカレントインターナシショナル, 1995"}]}}