{"status":"OK","apiType":"doi","apiVersion":"1.0.0","message":{"total":1,"rows":1,"totalPages":1,"page":1},"data":{"siteId":"SI/JST.JSTAGE","content_type":"JA","doi":"10.11222/hisetjournal1986.15.0_23","url":"https://doi.org/10.11222/hisetjournal1986.15.0_23","ra":"JaLC","prefix":"10.11222","site_name":"J-STAGE","publisher_list":[{"publisher_name":"Society for Historical Studies of English Teaching in Japan","lang":"en"},{"publisher_name":"日本英語教育史学会","lang":"ja"}],"title_list":[{"lang":"ja","title":"昭和26年改訂版学習指導要領英語編再考"}],"creator_list":[{"sequence":"1","type":"person","names":[{"lang":"ja","last_name":"今野","first_name":"鉄男"}]}],"publication_date":{"publication_year":"2000"},"relation_list":[{"content":"https://www.jstage.jst.go.jp/article/hisetjournal1986/15/0/15_23/_pdf","type":"URL","relation":"fullTextPdf"}],"content_language":"ja","updated_date":"2014-12-09","article_type":"pub","journal_id_list":[{"journal_id":"0916-006X","type":"ISSN","issn_type":"print"},{"journal_id":"2187-1779","type":"ISSN","issn_type":"online"},{"journal_id":"hisetjournal1986","type":"JID"}],"journal_title_name_list":[{"journal_title_name":"HiSET Journal: Journal on Historical Studies of English Teaching in Japan","type":"full","lang":"en"},{"journal_title_name":"HiSET Journal","type":"abbreviation","lang":"en"},{"journal_title_name":"日本英語教育史研究","type":"full"},{"journal_title_name":"日本英語教育史研究","type":"abbreviation"}],"journal_classification":"01","recorded_year":"1986-2008","volume":"15","issue":"0","first_page":"23","last_page":"32","date":"2012-10-29","citation_list":[{"sequence":"1","original_text":"1.文部省『学習指導要領英語編(試案)昭和二十二年度』(教育図書, 1947)"},{"sequence":"2","original_text":"2. 中島太郎『教育行政要論』(岩崎書店, 1951)"},{"sequence":"3","first_page":"70","publication_date":{"publication_year":"1961"},"original_text":"3. 宗像誠也『教育と教育政策』(岩波新書, 1961)"},{"sequence":"4","original_text":"4. 教育法規研究会(編)『学習指導要領の法的批判』(動草書房, 1970)"},{"sequence":"5","original_text":"5. 宗像誠也『教育行政学序説』(有斐閣, 1975)"},{"sequence":"6","original_text":"6. 鈴木英一『日本占領と教育改革』(勤草書房, 1983)"},{"sequence":"7","original_text":"7. 紀平健一「戦後英語におけるJack and Bettyの位置」(『日本英語教育史研究』第3号, 1988)"},{"sequence":"8","original_text":"8. 小篠敏明『Harold E. Palmer の英語教授法に関する研究一日本における展開を中心にして一』(第一学習社, 1995)"},{"sequence":"9","original_text":"9. 伊村元道『パーマーと日本の英語教育』(大修館, 1997)"},{"sequence":"10","original_text":"10. 和田稔『日本における英語教育の研究一学習指導要領の理論と実践一』(桐原書店, 1997)"},{"sequence":"11","original_text":"11. 菱村幸彦「教育課程編成の弾力化」(『教職研修総合特集No.132学校裁量と規制緩和読本』教育開発研究所, 1997)"},{"sequence":"12","original_text":"12. 拙稿「昭和26年改訂版英語学習指導要領の研究一その教育目標を中心に一」(『現代英語教育』1980年6月号)"},{"sequence":"13","original_text":"13. Harold E. Palmer (ed): Thinking In English (Kaitakusha, 1924)"},{"sequence":"14","first_page":"3","publication_date":{"publication_year":"1925"},"original_text":"14. Harold E. Palmer &amp; Dorothee Palmer: English Through Actions (Kaitakusha, 1925)"},{"sequence":"15","original_text":"15. Harold E. Palmer: The Five Speech-Learning Habits (Kaitakusha, 1938)"},{"sequence":"16","original_text":"16. 語学教育研究所(編)『英語教授法事典』(開拓社, 1962)"},{"sequence":"17","original_text":"17. A. S. Hornby, E. V. Gatenby &amp; A. H. Wakefield (comp. ): Idiomatic and Syntactic English Dictionary (The Institute for Research in Language Teaching, Toky o Japan, 1949)"},{"sequence":"18","original_text":"18. C. C. Fries: Teaching &amp; Learning English as a Foreign Language (University of Chicago, 1945)"}]}}