{"status":"OK","apiType":"doi","apiVersion":"1.0.0","message":{"total":1,"rows":1,"totalPages":1,"page":1},"data":{"siteId":"SI/JST.JSTAGE","content_type":"JA","doi":"10.11222/hisetjournal1986.9.0_15","url":"https://doi.org/10.11222/hisetjournal1986.9.0_15","ra":"JaLC","prefix":"10.11222","site_name":"J-STAGE","publisher_list":[{"publisher_name":"Society for Historical Studies of English Teaching in Japan","lang":"en"},{"publisher_name":"日本英語教育史学会","lang":"ja"}],"title_list":[{"lang":"ja","title":"7年制高等学校の英語-成蹊高等学校を中心として-"}],"creator_list":[{"sequence":"1","type":"person","names":[{"lang":"ja","last_name":"高橋","first_name":"俊昭"}]}],"publication_date":{"publication_year":"1994"},"relation_list":[{"content":"https://www.jstage.jst.go.jp/article/hisetjournal1986/9/0/9_15/_pdf","type":"URL","relation":"fullTextPdf"}],"content_language":"ja","updated_date":"2014-12-09","article_type":"pub","journal_id_list":[{"journal_id":"0916-006X","type":"ISSN","issn_type":"print"},{"journal_id":"2187-1779","type":"ISSN","issn_type":"online"},{"journal_id":"hisetjournal1986","type":"JID"}],"journal_title_name_list":[{"journal_title_name":"HiSET Journal: Journal on Historical Studies of English Teaching in Japan","type":"full","lang":"en"},{"journal_title_name":"HiSET Journal","type":"abbreviation","lang":"en"},{"journal_title_name":"日本英語教育史研究","type":"full"},{"journal_title_name":"日本英語教育史研究","type":"abbreviation"}],"journal_classification":"01","recorded_year":"1986-2008","volume":"9","issue":"0","first_page":"15","last_page":"36","date":"2012-10-29","citation_list":[{"sequence":"1","original_text":"(5)根津育英会「武蔵60年の歩み」1985. pp. 35-36."},{"sequence":"2","original_text":"(6)府立高等学校同窓会「府立高等学校50周年記」1979. P156."},{"sequence":"3","original_text":"(7)富山高等学校「富山高等学校10年史」1933. pp. 22-23."},{"sequence":"4","original_text":"(8)第一高等学校「第一高等学校60年史」1939. pp. 593-594."},{"sequence":"5","original_text":"(9)r武蔵60年の歩み」pp. 36."},{"sequence":"6","original_text":"(11)大村喜吉・高梨健吉・出来成訓編r英語教育史資料」第1巻東京法令出版1980. pp. 121-136."},{"sequence":"7","original_text":"(12)東京府立第1中学校学則(昭和13年)」「圓比谷高校百年史」上巻1979. P. 666."},{"sequence":"8","original_text":"(18)久我太郎「最後の授業(圓英交換史の一駒)」「成蹟会誌」第72号1991, 1."},{"sequence":"9","original_text":"(20)成畷小学校の教育一創立70周年記念」1986."},{"sequence":"10","original_text":"(22)神義之介(文1)「銀の匝」「こみち」第15号1926."},{"sequence":"11","original_text":"(23)宗像英一(理3)「TAKASE・BUNE」「こみち」第18号 1927."}]}}