{"status":"OK","apiType":"doi","apiVersion":"1.0.0","message":{"total":1,"rows":1,"totalPages":1,"page":1},"data":{"siteId":"SI/JST.JSTAGE","content_type":"JA","doi":"10.11222/hisetjournal1986.4.0_37","url":"https://doi.org/10.11222/hisetjournal1986.4.0_37","ra":"JaLC","prefix":"10.11222","site_name":"J-STAGE","publisher_list":[{"publisher_name":"Society for Historical Studies of English Teaching in Japan","lang":"en"},{"publisher_name":"日本英語教育史学会","lang":"ja"}],"title_list":[{"lang":"ja","title":"千村五郎-蕃書調所最初の英学教師-"}],"creator_list":[{"sequence":"1","type":"person","names":[{"lang":"ja","last_name":"茂住","first_name":"實男"}]}],"publication_date":{"publication_year":"1989"},"relation_list":[{"content":"https://www.jstage.jst.go.jp/article/hisetjournal1986/4/0/4_37/_pdf","type":"URL","relation":"fullTextPdf"}],"content_language":"ja","updated_date":"2014-12-09","article_type":"pub","journal_id_list":[{"journal_id":"0916-006X","type":"ISSN","issn_type":"print"},{"journal_id":"2187-1779","type":"ISSN","issn_type":"online"},{"journal_id":"hisetjournal1986","type":"JID"}],"journal_title_name_list":[{"journal_title_name":"HiSET Journal: Journal on Historical Studies of English Teaching in Japan","type":"full","lang":"en"},{"journal_title_name":"HiSET Journal","type":"abbreviation","lang":"en"},{"journal_title_name":"日本英語教育史研究","type":"full"},{"journal_title_name":"日本英語教育史研究","type":"abbreviation"}],"journal_classification":"01","recorded_year":"1986-2008","volume":"4","issue":"0","first_page":"37","last_page":"57","date":"2012-10-29","citation_list":[{"sequence":"1","original_text":"(1)倉沢剛「幕末教育史の研究-」(昭和58年, 吉川弘文館)"},{"sequence":"2","original_text":"(2)「日本英語文化史の研究」昭和60年, 八坂書房, 390頁"},{"sequence":"3","original_text":"(3)宮崎ふみ子「蕃書調所=開成所に於ける陪臣使用問題」(「東京大学史紀要」第2号, 昭和54年3月, 東京大学百年史編集室)21頁)."},{"sequence":"4","original_text":"(4)「文部省雑誌」は, 佐藤秀夫編著r明治前期文部省刊行誌集成」(第6巻, 昭和56年, 歴史文献),「井深梶之助とその時代」第1巻, 同刊行委員会編, 昭和44年. 明治学院 61-63頁). 菊田貞雄「井深先生関係資料」(明治学院所蔵 262-269頁)."}]}}