{"status":"OK","apiType":"doi","apiVersion":"1.0.0","message":{"total":1,"rows":1,"totalPages":1,"page":1},"data":{"siteId":"SI/JST.JSTAGE","content_type":"JA","doi":"10.11222/hisetjournal1986.2.0_91","url":"https://doi.org/10.11222/hisetjournal1986.2.0_91","ra":"JaLC","prefix":"10.11222","site_name":"J-STAGE","publisher_list":[{"publisher_name":"Society for Historical Studies of English Teaching in Japan","lang":"en"},{"publisher_name":"日本英語教育史学会","lang":"ja"}],"title_list":[{"lang":"ja","title":"福沢諭吉の英語教育論","subtitle":"課題意識を中心に"}],"creator_list":[{"sequence":"1","type":"person","names":[{"lang":"ja","last_name":"紀平","first_name":"健一"}]}],"publication_date":{"publication_year":"1987"},"relation_list":[{"content":"https://www.jstage.jst.go.jp/article/hisetjournal1986/2/0/2_91/_pdf","type":"URL","relation":"fullTextPdf"}],"content_language":"ja","updated_date":"2014-12-09","article_type":"pub","journal_id_list":[{"journal_id":"0916-006X","type":"ISSN","issn_type":"print"},{"journal_id":"2187-1779","type":"ISSN","issn_type":"online"},{"journal_id":"hisetjournal1986","type":"JID"}],"journal_title_name_list":[{"journal_title_name":"HiSET Journal: Journal on Historical Studies of English Teaching in Japan","type":"full","lang":"en"},{"journal_title_name":"HiSET Journal","type":"abbreviation","lang":"en"},{"journal_title_name":"日本英語教育史研究","type":"full"},{"journal_title_name":"日本英語教育史研究","type":"abbreviation"}],"journal_classification":"01","recorded_year":"1986-2008","volume":"2","issue":"0","first_page":"91","last_page":"114","date":"2012-10-29","citation_list":[{"sequence":"1","original_text":"(1)慶応義塾編「福沢諭吉全集」全21巻・別巻 岩波書店 昭和33年-39年"},{"sequence":"2","original_text":"(2)慶応義塾編「慶応義塾百年史」上巻 慶応義塾 昭和33年"},{"sequence":"3","original_text":"(3)河野健二「福沢諭吉」講談社昭和42年"},{"sequence":"4","original_text":"(4)鹿野政直「福沢諭吉-人と思想-」清水書院 昭和42年"},{"sequence":"5","original_text":"(5)遠山茂樹「福沢諭吉-政治と思想との関連」東京大学出版会 昭和45年"},{"sequence":"6","original_text":"(6)ひろたまさき「福沢諭吉研究」東京大学出版会 昭和51年"},{"sequence":"7","original_text":"(7)ひろたまさき 朝日評伝選12「福沢諭吉」朝日新聞社 昭和51年"},{"sequence":"8","original_text":"(8)河出人物読本「福沢諭吉」河出書房新社 昭和59年"},{"sequence":"9","original_text":"(9)飯田 鼎「福沢諭吉」中央公論社 昭和59年"},{"sequence":"10","original_text":"(10)内山秀夫編「150年目の福沢論吉-虚像から実像へ-」有斐閣 昭和60年"},{"sequence":"11","original_text":"(11)丸山真男「『文明論之概略』を読む」岩波書店 上 昭和60年, 中・下 昭和61年"},{"sequence":"12","original_text":"(1)沼田次郎「『洋学伝来の歴史』至文堂 昭和41年"},{"sequence":"13","original_text":"(2)大村喜吉・高梨健吉・出来成訓編「英語教育史資料」第2巻 東京法令 昭和55年"},{"sequence":"14","original_text":"(3)赤木昭夫「蘭学の時代」中央公論社 昭和55年"},{"sequence":"15","original_text":"(4)岩波講座「現代教育学5 日本近代教育史」岩波書店 昭和37年"},{"sequence":"16","issue":"52","first_page":"38","publication_date":{"publication_year":"1999"},"original_text":"(5)宮原誠一「日本現代史大系 教育史」東洋経済新報社 昭和38年"},{"sequence":"17","original_text":"(6)仲 新「明治の教育」至文堂 昭和42年"},{"sequence":"18","original_text":"(7)安川寿之輔「日本近代教青の思想構造」新評論社 昭和45年"},{"sequence":"19","original_text":"(8)鹿野政直「日本近代化の思想」研究社 昭和47年"},{"sequence":"20","original_text":"(9)植手通有「日本近代思想の形成」岩波書店 昭49年"},{"sequence":"21","original_text":"(10)鹿野政直「日本近代思想の形成」辺境社 昭和51年"},{"sequence":"22","original_text":"(11)吉田 昇・長尾十三二・紫田義松編「中等教育原理」有斐閣 昭和55年"},{"sequence":"23","original_text":"(1)井上 清「日本現代史I 明治維新」東京大学出版会 昭和26年"},{"sequence":"24","original_text":"(2)歴史学研究会・日本史研究会編 「講座日本史5 明治維新」東京大学出版会 昭和45年"},{"sequence":"25","original_text":"(3)遠山茂樹「明治維新」岩波書店 昭和 47年"},{"sequence":"26","original_text":"(4)岩波講座「日本歴史」岩波書店 近代1 昭50年. 近代2 昭和51年"},{"sequence":"27","original_text":"(5)芝原拓自「世界史のなかの明治維新」. 岩波書店 昭和52年"}]}}