{"status":"OK","apiType":"doi","apiVersion":"1.0.0","message":{"total":1,"rows":1,"totalPages":1,"page":1},"data":{"siteId":"SI/JST.JSTAGE","content_type":"JA","doi":"10.11222/hisetjournal1986.17.0_21","url":"https://doi.org/10.11222/hisetjournal1986.17.0_21","ra":"JaLC","prefix":"10.11222","site_name":"J-STAGE","publisher_list":[{"publisher_name":"Society for Historical Studies of English Teaching in Japan","lang":"en"},{"publisher_name":"日本英語教育史学会","lang":"ja"}],"title_list":[{"lang":"ja","title":"英語教科書New National Readers, The Globe Readers,The Standard English Readers の計量的分析研究"}],"creator_list":[{"sequence":"1","type":"person","names":[{"lang":"ja","last_name":"小篠","first_name":"敏明"}],"affiliation_list":[{"affiliation_name":"広島大学大学院","sequence":"1","lang":"ja"}]},{"sequence":"2","type":"person","names":[{"lang":"ja","last_name":"馬本","first_name":"勉"}],"affiliation_list":[{"affiliation_name":"広島県立大学","sequence":"1","lang":"ja"}]},{"sequence":"3","type":"person","names":[{"lang":"ja","last_name":"松岡","first_name":"博信"}],"affiliation_list":[{"affiliation_name":"安田女子大学","sequence":"1","lang":"ja"}]},{"sequence":"4","type":"person","names":[{"lang":"ja","last_name":"本岡","first_name":"直子"}],"affiliation_list":[{"affiliation_name":"広島県立保健福祉大学","sequence":"1","lang":"ja"}]}],"publication_date":{"publication_year":"2002"},"relation_list":[{"content":"https://www.jstage.jst.go.jp/article/hisetjournal1986/17/0/17_21/_pdf","type":"URL","relation":"fullTextPdf"}],"content_language":"ja","updated_date":"2014-12-09","article_type":"pub","journal_id_list":[{"journal_id":"0916-006X","type":"ISSN","issn_type":"print"},{"journal_id":"2187-1779","type":"ISSN","issn_type":"online"},{"journal_id":"hisetjournal1986","type":"JID"}],"journal_title_name_list":[{"journal_title_name":"HiSET Journal: Journal on Historical Studies of English Teaching in Japan","type":"full","lang":"en"},{"journal_title_name":"HiSET Journal","type":"abbreviation","lang":"en"},{"journal_title_name":"日本英語教育史研究","type":"full"},{"journal_title_name":"日本英語教育史研究","type":"abbreviation"}],"journal_classification":"01","recorded_year":"1986-2008","volume":"17","issue":"0","first_page":"21","last_page":"40","date":"2012-10-29","citation_list":[{"sequence":"1","original_text":"江利川春雄(2000)「ナショナル・リーダーの書誌的研究」日本英語教育史学会第16回全国大会発表資料(2000. 521)."},{"sequence":"2","original_text":"Hofland, Knut, et al. (1999) ICAME Collection of English Language Corpora. Second edition. The HIT Centre, University of Bergen."},{"sequence":"3","original_text":"伊村元道・若林俊輔(1980)『英語教育の歩み』中教出版."},{"sequence":"4","original_text":"垣田直己(編)(1981)『英語科重要用語300の基礎知識』明治図書1981."},{"sequence":"5","original_text":"木下徹(1983)「National Reader に関する一考察-語いを中心にして」中国四"},{"sequence":"6","original_text":"松村幹男(1997) 『明治期英語教育研究』辞游社."},{"sequence":"7","original_text":"日本の英学100年編集部(1968)『日本の英学100年明治編』研究社出版."},{"sequence":"8","original_text":"岡倉由三郎(1911)『英語教育』博文館."},{"sequence":"9","original_text":"大村喜吉・高梨健吉・出来成訓(編)(1980)『英語教育史資料1英語教育課程の変遷』東京法令出版."},{"sequence":"10","original_text":"大村喜吉・高梨健吉・出来成訓(編)(1980)『英語教育史資料3英語教科書の変遷』東京法令出版"},{"sequence":"11","original_text":"小篠敏明(2000a)「パーマー著The Standard English Readers と岡倉著The Globe Readers」日本英学史学会広島支部第42回研究例会発表資料(2000. 5. 27)."},{"sequence":"12","original_text":"小篠敏明(2000b)『大正, 昭和初期を中心とした検定教科書の分析-特にPalmer 英語教授法との関連において』平成9・10・11年度科学研究費補助金研究(基盤研究C)研究成果報告書."},{"sequence":"13","original_text":"小篠敏明(2001)「英語教科書観の変遷と展望-特に明治, 大正, 昭和初期を中心として」広島大学学校教育学部英語研究会『英語と英語教育』6: 1-10."},{"sequence":"14","original_text":"小篠敏明・中村愛人(2001)「明治・大正・昭和初期の英語教科書に関する研究」漢水社"},{"sequence":"15","original_text":"小篠敏明・馬本勉・本岡直子・松岡博信(2000)「パーマー著 The Standard English Readers と岡倉著The Globe Readers の比較-計量的分析手法を用いて」日本教科教育学会第26回全国大会発表資料(2000. 11. 19)."},{"sequence":"16","original_text":"小篠敏明・馬本勉・本岡直子・松岡博信(2001)「明治・大正・昭和初期の英語教科書の計量的分析」日本英語教育史学会第17回全国大会発表資料(2001. 5. 20)."},{"sequence":"17","original_text":"Palmer, Harold E. (1926, 1927) The Standard English Readers. 英語教授研究所."},{"sequence":"18","original_text":"杉浦千早(2000)「語彙調査設計に関する問題点」外国語教育メディア学会中部支部2000 年度春季支部研究大会発表資料(2000. 5. 13)."},{"sequence":"19","original_text":"高梨健吉・出来成訓(1994)「英語教科書の歴史と解題(英語教科書名著選集・別巻)」大空社."},{"sequence":"20","original_text":"高梨健吉・出来成訓(1992)『英語教科書名著選集第5・6・7巻National Readers』大空社."},{"sequence":"21","original_text":"高梨健吉・出来成訓(1993)『英語教科書名著選集第13・14巻The Globe Readers』大空社."},{"sequence":"22","original_text":"高梨庸雄・卯城祐司(編)(2000)『英語リーディング事典』研究社出版."},{"sequence":"23","original_text":"竹蓋幸生・高橋秀夫・中條清美(1988)「語彙リスト変換プログラムの機能とその使用結果」千葉大学英語学・言語行動研究会『言語行動の研究』1: 98-103."}]}}