{"status":"OK","apiType":"doi","apiVersion":"1.0.0","message":{"total":1,"rows":1,"totalPages":1,"page":1},"data":{"siteId":"SI/JST.JSTAGE","content_type":"JA","doi":"10.11222/hisetjournal1986.3.0_169","url":"https://doi.org/10.11222/hisetjournal1986.3.0_169","ra":"JaLC","prefix":"10.11222","site_name":"J-STAGE","publisher_list":[{"publisher_name":"Society for Historical Studies of English Teaching in Japan","lang":"en"},{"publisher_name":"日本英語教育史学会","lang":"ja"}],"title_list":[{"lang":"ja","title":"戦後英語教育におけるJack and Bettyの位置"}],"creator_list":[{"sequence":"1","type":"person","names":[{"lang":"ja","last_name":"紀平","first_name":"健一"}]}],"publication_date":{"publication_year":"1988"},"relation_list":[{"content":"https://www.jstage.jst.go.jp/article/hisetjournal1986/3/0/3_169/_pdf","type":"URL","relation":"fullTextPdf"}],"content_language":"ja","updated_date":"2015-11-08","article_type":"pub","journal_id_list":[{"journal_id":"0916-006X","type":"ISSN","issn_type":"print"},{"journal_id":"2187-1779","type":"ISSN","issn_type":"online"},{"journal_id":"hisetjournal1986","type":"JID"}],"journal_title_name_list":[{"journal_title_name":"HiSET Journal: Journal on Historical Studies of English Teaching in Japan","type":"full","lang":"en"},{"journal_title_name":"HiSET Journal","type":"abbreviation","lang":"en"},{"journal_title_name":"日本英語教育史研究","type":"full"},{"journal_title_name":"日本英語教育史研究","type":"abbreviation"}],"journal_classification":"01","recorded_year":"1986-2008","volume":"3","issue":"0","first_page":"169","last_page":"205","date":"2015-11-09","citation_list":[{"sequence":"1","original_text":"(1)文部省「学制八十年史」文部省昭和29年"},{"sequence":"2","original_text":"(2)高梨健吉・大村喜吉「日本の英語教育史」大修館昭和30年"},{"sequence":"3","original_text":"(3)岩波講座「日本歴史22現代1」「日本歴史23現代II」岩波書店昭和32年"},{"sequence":"4","original_text":"(4)船山謙次「戦後日本教育論争史」東洋館昭和33年「続戦後日本教育論争史」東洋館昭和35年"},{"sequence":"5","original_text":"(5)勝田守一他編「戦後教員物語I. II. III」三一書房昭和35年"},{"sequence":"6","original_text":"(6)岩波講座「現代教育学5日本近代教育史」岩波書店昭和37年"},{"sequence":"7","original_text":"(7)柳久雄・川合章編「現代日本の教育思想戦後編」黎明書房昭和38年"},{"sequence":"8","original_text":"(8)宮原誠一「現代日本史大系教育史」東洋経済新報社昭和38年"},{"sequence":"9","original_text":"(9)勝田守一・中内敏夫「日本の学校」岩波書店昭和39年"},{"sequence":"10","original_text":"(10)宮原誠一「青年期の教育」岩波書店昭和41年"},{"sequence":"11","original_text":"(11)土屋忠雄他編「教育学全集3近代教育史」小学館昭和43年"},{"sequence":"12","original_text":"(12)海老原治喜「民主教育実践史」三省堂昭和43年"},{"sequence":"13","original_text":"(13)仲新「日本現代教育史」第一法規昭和44年"},{"sequence":"14","original_text":"G4)五十嵐顕・伊ヶ崎暁生編著r戦後教育の歴史」青木書店昭和45年"},{"sequence":"15","original_text":"(15)山住正己「教科書」岩波書店昭和45年"},{"sequence":"16","original_text":"(16)西尾実・石橋幸太郎監修「言語教育学叢書第一期1言語教育の本質と目的」文化評論出版昭和47年"},{"sequence":"17","original_text":"(17)中内敏夫・竹内常一・藤岡貞彦・中野光「教育のあしおと」平凡社昭和51年新版「日本教育の戦後史」三省堂昭和62年"},{"sequence":"18","original_text":"(18)大田発編著「戦後日本教育史」岩波書店昭和53年"},{"sequence":"19","original_text":"(19)大村喜吉・高梨健吉・出来成訓編r英語教育史資料」第1巻「英語教育課程の変遷」第3巻「英語教科書の変遷」東京法令昭和55年"},{"sequence":"20","original_text":"(20)吉田昇・長尾十三二・柴田義松編「中等教育原理」有斐閣昭和55年「中等教育原理」新版昭和61年"},{"sequence":"21","original_text":"(21)志摩陽伍r国民教育と教育課程」あゆみ出版昭和59年"},{"sequence":"22","original_text":"(22)稲村松雄r教科書中心昭和英語教育史-英語教科書はどう変ったか-」開隆堂昭和61年"},{"sequence":"23","original_text":"(23)山住正己「日本教育小史一近・現代一」岩波書店昭和62年"},{"sequence":"24","original_text":"(24)岩波講座「教育の方法4ことばと教育」岩波書店昭和62年"}]}}