{"status":"OK","apiType":"doi","apiVersion":"1.0.0","message":{"total":1,"rows":1,"totalPages":1,"page":1},"data":{"siteId":"SI/JST.JSTAGE","content_type":"JA","doi":"10.11222/hisetjournal1986.18.0_39","url":"https://doi.org/10.11222/hisetjournal1986.18.0_39","ra":"JaLC","prefix":"10.11222","site_name":"J-STAGE","publisher_list":[{"publisher_name":"Society for Historical Studies of English Teaching in Japan","lang":"en"},{"publisher_name":"日本英語教育史学会","lang":"ja"}],"title_list":[{"lang":"ja","title":"海軍終焉期の英語教育"}],"creator_list":[{"sequence":"1","type":"person","names":[{"lang":"ja","last_name":"江利川","first_name":"春雄"}]}],"publication_date":{"publication_year":"2003"},"relation_list":[{"content":"https://www.jstage.jst.go.jp/article/hisetjournal1986/18/0/18_39/_pdf","type":"URL","relation":"fullTextPdf"}],"content_language":"ja","updated_date":"2014-12-09","article_type":"pub","journal_id_list":[{"journal_id":"0916-006X","type":"ISSN","issn_type":"print"},{"journal_id":"2187-1779","type":"ISSN","issn_type":"online"},{"journal_id":"hisetjournal1986","type":"JID"}],"journal_title_name_list":[{"journal_title_name":"HiSET Journal: Journal on Historical Studies of English Teaching in Japan","type":"full","lang":"en"},{"journal_title_name":"HiSET Journal","type":"abbreviation","lang":"en"},{"journal_title_name":"日本英語教育史研究","type":"full"},{"journal_title_name":"日本英語教育史研究","type":"abbreviation"}],"journal_classification":"01","recorded_year":"1986-2008","volume":"18","issue":"0","first_page":"39","last_page":"66","date":"2012-10-29","citation_list":[{"sequence":"1","original_text":"阿川弘之『井上成美』新潮社, 1986"},{"sequence":"2","original_text":"池田清『海軍と日本』中央公論社, 1981"},{"sequence":"3","original_text":"井上成美伝記刊行会『井上成美伝』井上成美伝記刊行会, 1982"},{"sequence":"4","original_text":"乾尚史『海軍兵学校ノ最期』至誠堂, 1975"},{"sequence":"5","original_text":"江利川春雄「昭和20年8月の海軍英語教育」『英語青年』2002年9月号, 研究社"},{"sequence":"6","original_text":"岡田英昭「昭和20年代の英語学習: 恩師と師範予科」日本英学史学会広島支部『英学史論叢』第5号, 2002"},{"sequence":"7","original_text":"緒方登摩「外人教師Roger Julius Inglott」私家版1996"},{"sequence":"8","original_text":"岡本圭次郎「海軍と外国語」『語学教育』1943年11月12日号"},{"sequence":"9","original_text":"岡本圭次郎・皆川三郎「対談・日本軍隊の英語教育はどうだったか」r英語教育』1968年12月号, 大修館"},{"sequence":"10","original_text":"海軍機関学校・海軍兵学校舞鶴分校同窓会世話人『海軍機関学校・海軍兵学校舞鶴分校生活とその精神』同会, 1970"},{"sequence":"11","original_text":"海軍教育本部編『帝国海軍教育史』(全9巻別巻1)原書房復刻版, 1983"},{"sequence":"12","original_text":"海軍省編『海軍制度沿革(巻十二)』1941(原書房復刻版, 1983)"},{"sequence":"13","original_text":"海軍省教育局『昭和十七年四月海軍兵学校・機関学校・経理学校現状』1942"},{"sequence":"14","original_text":"海軍兵学校編『海軍兵学校沿革』海軍兵学校, 1919(原書房復刻版, 1968)"},{"sequence":"15","original_text":"海軍兵学校第77期会写真集刊行委員会『昭和二十年最後の海軍将校生徒」同77期会, 1984"},{"sequence":"16","original_text":"海軍兵学校第78期会『海軍兵学校78期地区別業種別名簿1970年版』同78期会発行, 1970"},{"sequence":"17","original_text":"海軍兵学校第78期会期史編纂特別委員会『針尾の島の若桜: 海軍兵学校第78期生徒の記録』同78期会, 1993"},{"sequence":"18","original_text":"海軍兵学校78期607分隊『海軍兵学校78期607分隊史』同分隊, 1993"},{"sequence":"19","original_text":"賀須井英一『海軍兵学校最後の三号生徒の記録』賀須井英一, 1994"},{"sequence":"20","original_text":"加藤正男「海軍兵学校に於ける外国語教育の目標及方法」『語学教育』1945年1月25日号"},{"sequence":"21","original_text":"鎌田芳朗『海軍兵学校物語』原書房, 1979"},{"sequence":"22","original_text":"鹿山誉『帽振れ海軍兵学校』鹿山誉, 1991"},{"sequence":"23","original_text":"衣川宏『ブーゲンビリアの花』原書房, 1992"},{"sequence":"24","original_text":"Clowes, Sir Wm. Laird. The Royal Navy: A History from the Earliest Times to the Death of Queen Victoria. Vol. VII Sampson Low, Marston and Company, Londo n, 1903"},{"sequence":"25","original_text":"沢鑑之丞述, 一二三利高編『海軍兵學寮』興亜日本社, 1942"},{"sequence":"26","original_text":"讃苦会五十周年記念事業実行委員会『橿原・昭和二十年一-海軍経理学校予科生徒の記録』同会発行, 1995"},{"sequence":"27","original_text":"珊瑚会記録集編集委員会『最後の海軍士官一海軍経理学校生徒第三十五期の記録』珊瑚会, 1984"},{"sequence":"28","original_text":"篠原宏『海軍創設史-イギリス軍事顧問団の影』リブロポート, 1986"},{"sequence":"29","original_text":"島守光雄「海軍と英語」『たかんな』1995年3月号"},{"sequence":"30","original_text":"水交会『海軍兵学校海軍機関学校海軍経理学校』秋元書房, 1971"},{"sequence":"31","original_text":"惣郷正明『古書散歩』朝日イブニングニュース社, 1979*「海軍兵学校と英語」所収"},{"sequence":"32","original_text":"高橋久「追悼記事: 平賀春二先生」『英学史会報日本英学史学会広島支部会報』第14号, 1991"},{"sequence":"33","original_text":"高林茂「English Taught at Hario in 1945」横浜時事英語クラブ月例会発表レジュメ, 2000, 5. 27"},{"sequence":"34","original_text":"高林茂「『英語教科書(豫科生徒用)』の覆刻に寄せて」(1葉)2000 10. 23"},{"sequence":"35","original_text":"竹本伸二『青春の航跡1-海軍兵学校最終期生徒の手記』竹本伸二, 1989"},{"sequence":"36","original_text":"田中常治『海軍兵学校』鱒書房, 1957"},{"sequence":"37","original_text":"追想海軍中将中沢佑刊行会編『追想海軍中将中澤佑』追想海軍中将中沢佑刊行会, 1978"},{"sequence":"38","original_text":"寺田芳徳「萩藩(長州藩)の英学一海軍学校英学文献資料の研究を主に」『英学史研究』第29号, 1996"},{"sequence":"39","original_text":"豊田穣i『激流の孤舟』講談社, 1978"},{"sequence":"40","original_text":"中川治三郎『海軍兵学校同機関学校志願者虎の巻』兵林館, 1911"},{"sequence":"41","original_text":"二〇五分隊会『海軍兵学校第七十八期第二〇五分隊回想録』二〇五分隊会(代表・竹本元伸)1993"},{"sequence":"42","original_text":"平賀春二『元海軍教授の郷愁』海上自衛新聞社, 1971"},{"sequence":"43","original_text":"平間洋一『日英同盟-同盟の選択と国家の盛衰』PHP研究所, 2000"},{"sequence":"44","original_text":"蛭田浩『昔の道-どうして\"あのような大戦争を\"?』蛭田浩, 1988"},{"sequence":"45","original_text":"福地周夫『続・海軍くろしお物語』光人社, 1982"},{"sequence":"46","original_text":"古川文康編『二〇七史一遠い慧音』非売品, 2001〔兵学校予科78期207分隊史〕"},{"sequence":"47","original_text":"Bullock, Cecil. ETAJIMA: The Dartmouth of Japan, Sampson Low 1942 (2種の邦訳"},{"sequence":"48","original_text":"堀英四郎「海軍兵学校の英語教授」『英語青年』1908年9月15日号"},{"sequence":"49","original_text":"堀英四郎「海軍兵学校の英語教授」『英語青年』1908年9月15日号堀英四郎「兵学校に於ける英語教授を回顧して」The School Weekly: The Primer Edition 英語通信社, 1943年12月13日号"},{"sequence":"50","original_text":"松野良寅「海軍大将山下源太郎と英学」『英学史研究』第18号, 1985(『潮騒がきこえる』1987再録)"},{"sequence":"51","original_text":"松野良寅「草創期海軍の英語教育」『日本英語教育史研究』第7号, 日本英語教育史学会, 1992"},{"sequence":"52","original_text":"松野良寅『海軍の語り部』潮騒会, 1995"},{"sequence":"53","original_text":"三島和介『文部省嘱託英語顧問パーマ氏講演筆記』海軍兵学校, 1923〔防衛研究所所蔵〕"},{"sequence":"54","original_text":"水野廣徳「大東亜戦争と英語」『英語研究』1942隼2月号"},{"sequence":"55","original_text":"皆川三郎「戦中の英語教育」『日本の英学100年昭和編』研究社, 1969"},{"sequence":"56","original_text":"皆川三郎「想い出の英学者その他」『日本英語教育史研究』第7号, 日本英語教育史学会, 1992"},{"sequence":"57","original_text":"宮野澄『最後の海軍大将・井上成美』文春文庫, 1985"},{"sequence":"58","original_text":"安田和生「日本海軍と英語-海軍機関学校平時の英語教育」横浜時事英語クラブ月例会ハンドアウト, 2000"},{"sequence":"59","original_text":"山下暁美「戦時下における敵性語教育一日. 米軍の言語教育をめぐって」欝磐大学人間科学部紀要『人間科学』13巻2号, 1996. 3"},{"sequence":"60","original_text":"有終会編『続・海軍兵学校沿革』原書房, 1978"},{"sequence":"61","original_text":"海軍兵学校ホームページhttp: //www2b. biglobe. ne. jp/~yorozu/hyoushi. html"}]}}