{"status":"OK","apiType":"doi","apiVersion":"1.0.0","message":{"total":1,"rows":1,"totalPages":1,"page":1},"data":{"siteId":"SI/JST.JSTAGE","content_type":"JA","doi":"10.11222/hisetjournal1986.3.0_15","url":"https://doi.org/10.11222/hisetjournal1986.3.0_15","ra":"JaLC","prefix":"10.11222","site_name":"J-STAGE","publisher_list":[{"publisher_name":"Society for Historical Studies of English Teaching in Japan","lang":"en"},{"publisher_name":"日本英語教育史学会","lang":"ja"}],"title_list":[{"lang":"ja","title":"明治初期女子教育と英語の教授・学習"}],"creator_list":[{"sequence":"1","type":"person","names":[{"lang":"ja","last_name":"池田","first_name":"稔"}]}],"publication_date":{"publication_year":"1988"},"relation_list":[{"content":"https://www.jstage.jst.go.jp/article/hisetjournal1986/3/0/3_15/_pdf","type":"URL","relation":"fullTextPdf"}],"content_language":"ja","updated_date":"2014-12-09","article_type":"pub","journal_id_list":[{"journal_id":"0916-006X","type":"ISSN","issn_type":"print"},{"journal_id":"2187-1779","type":"ISSN","issn_type":"online"},{"journal_id":"hisetjournal1986","type":"JID"}],"journal_title_name_list":[{"journal_title_name":"HiSET Journal: Journal on Historical Studies of English Teaching in Japan","type":"full","lang":"en"},{"journal_title_name":"HiSET Journal","type":"abbreviation","lang":"en"},{"journal_title_name":"日本英語教育史研究","type":"full"},{"journal_title_name":"日本英語教育史研究","type":"abbreviation"}],"journal_classification":"01","recorded_year":"1986-2008","volume":"3","issue":"0","first_page":"15","last_page":"29","date":"2012-10-29","citation_list":[{"sequence":"1","original_text":"1. 大村喜吉・高梨健吉・出来成訓編「英語教育史資料」第二巻, 東京法会出版, 昭和55年。"},{"sequence":"2","original_text":"2. 金森トシエ, 藤井治枝「女の教育100年」三省堂, 1979年。"},{"sequence":"3","original_text":"3. 日本女子大学女子教育研究所編「明治の女子教育」国土社。"},{"sequence":"4","original_text":"4. 山本秀煙編「フェリス和女英學校六十年史」フェリス女學校同窓會, 昭和6年。"},{"sequence":"5","original_text":"5. フェリス女学院編訳「キダー書簡集」教文館, 1976年。"},{"sequence":"6","original_text":"6. 青山学院「青山学院九十年史」昭和40年。"}]}}