{"status":"OK","apiType":"doi","apiVersion":"1.0.0","message":{"total":1,"rows":1,"totalPages":1,"page":1},"data":{"siteId":"SI/JST.JSTAGE","content_type":"JA","doi":"10.11222/hisetjournal1986.19.0_129","url":"https://doi.org/10.11222/hisetjournal1986.19.0_129","ra":"JaLC","prefix":"10.11222","site_name":"J-STAGE","publisher_list":[{"publisher_name":"Society for Historical Studies of English Teaching in Japan","lang":"en"},{"publisher_name":"日本英語教育史学会","lang":"ja"}],"title_list":[{"lang":"ja","title":"Thinking in Englishの計量的分析-初版(1923)と第2版(1924)の比較を通じて-"}],"creator_list":[{"sequence":"1","type":"person","names":[{"lang":"ja","last_name":"若有","first_name":"保彦"}]}],"publication_date":{"publication_year":"2004"},"relation_list":[{"content":"https://www.jstage.jst.go.jp/article/hisetjournal1986/19/0/19_129/_pdf","type":"URL","relation":"fullTextPdf"}],"content_language":"ja","updated_date":"2014-12-09","article_type":"pub","journal_id_list":[{"journal_id":"0916-006X","type":"ISSN","issn_type":"print"},{"journal_id":"2187-1779","type":"ISSN","issn_type":"online"},{"journal_id":"hisetjournal1986","type":"JID"}],"journal_title_name_list":[{"journal_title_name":"HiSET Journal: Journal on Historical Studies of English Teaching in Japan","type":"full","lang":"en"},{"journal_title_name":"HiSET Journal","type":"abbreviation","lang":"en"},{"journal_title_name":"日本英語教育史研究","type":"full"},{"journal_title_name":"日本英語教育史研究","type":"abbreviation"}],"journal_classification":"01","recorded_year":"1986-2008","volume":"19","issue":"0","first_page":"129","last_page":"157","date":"2012-10-29","citation_list":[{"sequence":"1","original_text":"伊村元道(1997)『パーマーと日本の英語教育』大修館書店"},{"sequence":"2","original_text":"英語教授研究所(1923-)The Bulletin英語教授研究所"},{"sequence":"3","original_text":"小篠敏明(1995)『HaroldE. Palmerの英語教授法に関する研究一日本における展開を中心として一』第一学習社"},{"sequence":"4","original_text":"ケナード, J. Spencer, Jr. (1923) Thinking in English-Ten Lessons in Mental Alertness 英語教授研究所"},{"sequence":"5","original_text":"(1924) Thinking in English 英語教授研究所"},{"sequence":"6","original_text":"萩原恭平(1960)「\"Thinking in English\"の意義」『Thinhing in English学習レコード(第一集)』開拓社"},{"sequence":"7","original_text":"パーマー H. E. (1917) The Scientific Study and Teaching of Languages Harrap"},{"sequence":"8","original_text":"(1921) The Principles of Language-Study Harrap"},{"sequence":"9","original_text":"(1921) The Oral Method of Teaching Languages Heffer"},{"sequence":"10","original_text":"(1923) The Sequential Series: Questions 開拓社"},{"sequence":"11","original_text":"(1923) The Sequential Series: Answers 開拓社"},{"sequence":"12","original_text":"(1931) The Technique of Question-Answering: Aids to \"English as Speech\" Series 開拓社"},{"sequence":"13","original_text":"福原麟太郎(1923)「書評: Thinhing in English」『英語青年』(10月15日号)研究社"},{"sequence":"14","original_text":"北星堂(1923)『新英語』Vo1. 7No. 6, 北星堂"},{"sequence":"15","original_text":"文部省(1998)『中学校学習指導要領(平成10年12月)』大蔵省印刷局"},{"sequence":"16","original_text":"若林俊輔(1982)「パーマー ライブラリー Thinleing in English」『英語教育ジャーナル』Vol. 2No. 11開拓社"}]}}