{"status":"OK","apiType":"doi","apiVersion":"1.0.0","message":{"total":1,"rows":1,"totalPages":1,"page":1},"data":{"siteId":"SI/JST.JSTAGE","content_type":"JA","doi":"10.11222/hisetjournal1986.13.0_123","url":"https://doi.org/10.11222/hisetjournal1986.13.0_123","ra":"JaLC","prefix":"10.11222","site_name":"J-STAGE","publisher_list":[{"publisher_name":"Society for Historical Studies of English Teaching in Japan","lang":"en"},{"publisher_name":"日本英語教育史学会","lang":"ja"}],"title_list":[{"lang":"ja","title":"<I>Jack and Betty</I> から <I>New Prince</I>への移行は何を語るか"}],"creator_list":[{"sequence":"1","type":"person","names":[{"lang":"ja","last_name":"山田","first_name":"豪"}]}],"publication_date":{"publication_year":"1998"},"relation_list":[{"content":"https://www.jstage.jst.go.jp/article/hisetjournal1986/13/0/13_123/_pdf","type":"URL","relation":"fullTextPdf"}],"content_language":"ja","updated_date":"2014-12-09","article_type":"pub","journal_id_list":[{"journal_id":"0916-006X","type":"ISSN","issn_type":"print"},{"journal_id":"2187-1779","type":"ISSN","issn_type":"online"},{"journal_id":"hisetjournal1986","type":"JID"}],"journal_title_name_list":[{"journal_title_name":"HiSET Journal: Journal on Historical Studies of English Teaching in Japan","type":"full","lang":"en"},{"journal_title_name":"HiSET Journal","type":"abbreviation","lang":"en"},{"journal_title_name":"日本英語教育史研究","type":"full"},{"journal_title_name":"日本英語教育史研究","type":"abbreviation"}],"journal_classification":"01","recorded_year":"1986-2008","volume":"13","issue":"0","first_page":"123","last_page":"152","date":"2012-10-29","citation_list":[{"sequence":"1","first_page":"251","publication_date":{"publication_year":"1947"},"original_text":"1. Let's Learn English(文部省, 1947年)"},{"sequence":"2","original_text":"2. Jack and Betty(開隆堂出版, 1949, 51, 52, 53, 54, 56, 58, 62, 62, 66年版)"},{"sequence":"3","original_text":"3. New Prince Readers(開隆堂出版, 1962, 66, 69年版)"},{"sequence":"4","original_text":"4. New Prince English Course(開隆堂出版, 1972, 81, 84年版)"},{"sequence":"5","original_text":"5. Sunshine English Course(開隆堂出版, 1987年)"},{"sequence":"6","original_text":"6. 開隆堂編集部『New Prince 学習の友, 1. 2. 3』(開隆堂出版, 1966年)"},{"sequence":"7","original_text":"7. 稲村松雄『教科書中心 昭和英語教育史』(開隆堂出版, 1986年)"},{"sequence":"8","original_text":"8. -『ジャック・アンド・ベティーから21世紀へ』(桐原書店, 1993年)"},{"sequence":"9","original_text":"9. 第三アートセンター編集『日本の英語教科書のあゆみ(実践・英語教育体系22)』(開隆堂出版, 1986年)"},{"sequence":"10","original_text":"10. 江利川春雄「戦後の英語教科書にみる異文化理解の変遷」『日本英語教育史研究第7号』(日本英語教育史学会, 1992年)"},{"sequence":"11","original_text":"11. 大修館編集部『英語教育』(大修館書店, 1971年7月号)"},{"sequence":"12","original_text":"12. 開隆堂編集部『中学英語教室』(開隆堂出版, 1949年4月号)"},{"sequence":"13","original_text":"13. -『英語教育』(開隆堂出版, 1961年5月号)"},{"sequence":"14","original_text":"14. 笠谷知代「英語教材の中の文学作品」『日本英語教育史研究第9号』(日本英語教育史学会, 1994年)"},{"sequence":"15","issue":"322","first_page":"10","publication_date":{"publication_year":"1998"},"original_text":"15. 日本近代教育史料研究会『教育刷新委員会・教育刷新審議会会議録第10巻』(岩波書店, 1998年)"},{"sequence":"16","original_text":"16. 紀平健一「戦後英語教育におけるJack and Brttyの位置」『日本英語教育史研究第3号』(日本英語教育史学会, 1988年)"},{"sequence":"17","original_text":"17. 金原・竹前『昭和史』(有斐閣, 1986年)"},{"sequence":"18","original_text":"18. 研究社編集部『現代英語教育』(研究社, 1994年1月-97年9月)"},{"sequence":"19","original_text":"19. 中内ら『日本教育の戦後史』(三省堂, 1987年)"},{"sequence":"20","original_text":"20. 永芳・中村・加藤『教科書検定総覧中学校編』(小宮山書店, 1969年)"},{"sequence":"21","original_text":"21. 中村・大友・松居『戦後の英語教育』(三省堂, 1984年)"},{"sequence":"22","original_text":"22. 納谷友一・江口元夫『英語教育』(大修館書店, 1977年9月)"},{"sequence":"23","original_text":"23. 日本教職員組合『新教科書の批判と研究第2部』(日本教職員組合, 1961年)"},{"sequence":"24","original_text":"24. 野原明『戦後教育五十年』(丸善株式会社, 1995年)"},{"sequence":"25","original_text":"25. 諸井薫『昭和生活文化年代記3』(TOTO出版, 1991年)"},{"sequence":"26","original_text":"26. 文部省「学習指導要領外国語科英語編(試案)」『英語教育史資料1』(東京法令出版, 1980年)"},{"sequence":"27","original_text":"27. 山崎政人『自民党と教育政策』(岩波書店, 1986年)"}]}}