{"status":"OK","apiType":"doi","apiVersion":"1.0.0","message":{"total":1,"rows":1,"totalPages":1,"page":1},"data":{"siteId":"SI/JST.JSTAGE","content_type":"JA","doi":"10.11222/hisetjournal1986.23.0_75","url":"https://doi.org/10.11222/hisetjournal1986.23.0_75","ra":"JaLC","prefix":"10.11222","site_name":"J-STAGE","publisher_list":[{"publisher_name":"Society for Historical Studies of English Teaching in Japan","lang":"en"},{"publisher_name":"日本英語教育史学会","lang":"ja"}],"title_list":[{"lang":"ja","title":"日本英語教授法史におけるOllendorffの教授法の位置づけ"}],"creator_list":[{"sequence":"1","type":"person","names":[{"lang":"ja","last_name":"平賀","first_name":"優子"}]}],"publication_date":{"publication_year":"2008"},"relation_list":[{"content":"https://www.jstage.jst.go.jp/article/hisetjournal1986/23/0/23_75/_pdf","type":"URL","relation":"fullTextPdf"}],"content_language":"ja","updated_date":"2014-12-09","article_type":"pub","journal_id_list":[{"journal_id":"0916-006X","type":"ISSN","issn_type":"print"},{"journal_id":"2187-1779","type":"ISSN","issn_type":"online"},{"journal_id":"hisetjournal1986","type":"JID"}],"journal_title_name_list":[{"journal_title_name":"HiSET Journal: Journal on Historical Studies of English Teaching in Japan","type":"full","lang":"en"},{"journal_title_name":"HiSET Journal","type":"abbreviation","lang":"en"},{"journal_title_name":"日本英語教育史研究","type":"full"},{"journal_title_name":"日本英語教育史研究","type":"abbreviation"}],"journal_classification":"01","recorded_year":"1986-2008","volume":"23","issue":"0","first_page":"75","last_page":"100","date":"2012-10-29","citation_list":[{"sequence":"1","original_text":"赤祖父茂徳(編)(1938)『英語教授法書誌』英語教授研究所"},{"sequence":"2","original_text":"イーストレーキ, F.W. (1902)『英和会話及会話文法』両文館"},{"sequence":"3","original_text":"市河三喜(監)(1962)『英語教授法事典』開拓社"},{"sequence":"4","original_text":"伊藤嘉一(1984)『英語教授法のすべて』大修館書店"},{"sequence":"5","original_text":"井上勤(1888)『六ヶ月間英語卒業書』青木嵩山堂"},{"sequence":"6","original_text":"伊村元道(2003)『日本の英語教育200年』大修館書店"},{"sequence":"7","original_text":"大村喜吉他編(1980)『英語教育史資料第2巻英語教育理論・実践・論争史』東京法出版"},{"sequence":"8","original_text":"岡倉由三郎(1894)「外国語教授新論」『教育時論』付録"},{"sequence":"9","original_text":"岡倉由三郎(訳)(メリー・ブレブナー著)(1906)『外国語最新教授法』大日本図書"},{"sequence":"10","original_text":"小川芳男他(1978)『現代の英語教育第3巻英語搬法各論』研究社"},{"sequence":"11","original_text":"片山寛(1935)『我国に於ける英語教授法の沿革』研究社"},{"sequence":"12","original_text":"神戸直吉(1904) A New Practical English Primer for Japanese Pupils in Primary Schools 神戸書店"},{"sequence":"13","original_text":"紅林員方(訳)(オルレンドルフ著)(1888)『六月卒業英学自在』中近堂"},{"sequence":"14","original_text":"斎藤秀三郎(1908)『正則英文教科書』興文社"},{"sequence":"15","original_text":"佐伯好郎, 平田喜一(1902)『新式会話文法教科書』鍾美堂"},{"sequence":"16","original_text":"佐川春水(1909)「馬場氏の英語教授法意見を読んで 所謂 S. E. G. System の冤を雪ぐ 其の二」『英語の日本』, 第2巻, 第5号, p. 36"},{"sequence":"17","original_text":"桜庭信之(1978)『ある英文教室の100年』大修館書店"},{"sequence":"18","original_text":"佐光昭二(2007)『阿波洋学史の研究』徳島県教育印刷"},{"sequence":"19","original_text":"定宗数松(1936)『英語教授法概論』研究社"},{"sequence":"20","original_text":"重野健造(1896)『英語教授法改良案』水野書房"},{"sequence":"21","original_text":"高橋五郎(1903)『最新英語教習法』東文館"},{"sequence":"22","original_text":"田崎清忠(編)(1995)『現代英語教授法総覧』大修館書店"},{"sequence":"23","original_text":"高橋錦次郎他(1888)『英語之良師』博聞社"},{"sequence":"24","original_text":"外山正一(1897)『英語教授法』大日本図書"},{"sequence":"25","original_text":"花輪虎太郎, 宮井安吉(1899)『会話文法教科書』金港堂"},{"sequence":"26","original_text":"林弘之(1904)『英和会話文法教科書』松雲堂"},{"sequence":"27","original_text":"福原麟太郎・岩崎民平・中島文雄(監)(1964)『現代英語教育講座第2巻英語教授法』研究社"},{"sequence":"28","original_text":"松田イサヲ(1898)'How to teach English’『外国語学雑誌』第2巻, 第5号, pp.12-16"},{"sequence":"29","original_text":"松島剛(1901)『ナショナル第一読本講義』東京通信学院"},{"sequence":"30","original_text":"套田與惣之助(1928)『英語教授法集成』開明堂"},{"sequence":"31","original_text":"南石福二郎(1926)『英語新教授法の実際』開拓社"},{"sequence":"32","original_text":"茂住實男(1989)『洋語教授法史研究: 文法=訳読法の成立と展開を通して』学文社"},{"sequence":"33","original_text":"文部省(1875)「大慕潭夷稟報(ダヴィットモルレイ報告)」"},{"sequence":"34","original_text":"文部省(1997)『学術用語集言語学編』日本学術振興会"},{"sequence":"35","original_text":"文部省(編)(1877)『日本教育史略』文部省"},{"sequence":"36","original_text":"文部省(編)(1890)『正則文部省英語読本』文部省"},{"sequence":"37","original_text":"八杉貞利(1901)『外国語教授法』宝永館書店"},{"sequence":"38","original_text":"山川芳男・山家保(1959)『英語科ハンドブックス-1-英語教授法展望』研究社出版"},{"sequence":"39","original_text":"山本判司(編)(1887)『英語六ケ月間速成新法』東崖堂"},{"sequence":"40","original_text":"米山朝二(2003)『英語教育指導法事典』研究社"},{"sequence":"41","original_text":"Ahn, F. (1869) A New Practical and Easy Method of Learning the German Language. New York: D. Appleton and Company."},{"sequence":"42","original_text":"Brebner, M. (1898) The Method of Teaching Modern Languages in Germany. London: C. J. Clay and Sons."},{"sequence":"43","original_text":"Comfort, G. F. (1899) A German Course; Adapted to use in colleges, high-schools, and academies. New York and London: Harper &amp; Brothers Publishers."},{"sequence":"44","original_text":"Fasquelle, L. (1866) A New Method of Learning the French Language; Embracing both the analytic and synthetic modes of institution; Being a plain and practical way of acquiring the art of reading, speaking, and composing French. New York: Ivision, Blakeman, Taylor."},{"sequence":"45","original_text":"Gouin, F. (1880/1892) The Art of Teaching and Studying Languages. Translation by H. Swan and V. B&eacute;tis. London: George Philip."},{"sequence":"46","original_text":"Howatt, A. P. R with H. G. Widdowson. (2004) A History of English Language Teaching. Oxford: Oxford University Press."},{"sequence":"47","original_text":"Jespersen, Otto. (1904) How to Teach a Foreign Language. London: George Allen &amp;Unwin, Ltd."},{"sequence":"48","original_text":"Kelly, L. G. (1969) 25 Centuries of Language Teaching. Rowley, Mass: Newbury House Publishers."},{"sequence":"49","original_text":"Kroeh, C. F. (1887) &lsquo;Methods of Teaching Modern Languages.&rsquo; Transactions and Proceedings of the Modern Language Association of America, III, 169-185."},{"sequence":"50","original_text":"Marcel, C. (1853) Language as a Means of Mental Culture and International Communication; or, Manual of the Teacher and the Learner of Languages. London: Chapman and Hall."},{"sequence":"51","original_text":"Naftel, E. L. (1887) Naftel's Cheap German Series. The Second Exercise Book: A Series of Exercises on the Rules of S yntax to be turned into German; with a Complete English-German Vocabulary. London: Longmans."},{"sequence":"52","original_text":"Ollendorff, H. G. (1841) A New Method of Le arning to Read, Write and Speak a Language in Six Months, Adapted to the German. 2\"d ed. London: Whittaker. (1865) A New Method of Learning to Read, Write and Speak a Language in Six Months. London: Whittaker."},{"sequence":"53","original_text":"Otto, E. (1901) German Conversation-Grammar, A Practical Method of Learning the German Language. Revised by Franz Lange. 28th ed. Heidelberg: Julius Groo s."},{"sequence":"54","original_text":"Prendergast, T. (1864) The Mastery of Languages, or, the Art of Speaking Foreign Tongues Idiomatically. London: R. Bentley."},{"sequence":"55","original_text":"Richards, J. C. and Rodgers, T. S. (2001) Approaches and Methods in Language Teaching. Cambridge: Cambridge University Press."},{"sequence":"56","original_text":"Rivers, W. M. (1968) Teaching Foreign-Language Skills. Tokyo: Toppan Company, Ltd."},{"sequence":"57","original_text":"Sweet, H. (1900) The Practical Study of Languages, A guide for teachers and learners. New York: Henry Holt and Company."},{"sequence":"58","original_text":"Titone, R. (1968) Teaching Foreign Languages, An Historical Sketch. Washington: Georgetown University Press."},{"sequence":"59","original_text":"Vi&euml;tor, W. (1882) Der Spr achunterricht muss umkehrenl Ein Beitrag zur &Uuml;berb&uuml;dungsfrage. Under pseudonym Quousque Tandem. Heilbronn: Henninger."}]}}