{"status":"OK","apiType":"doi","apiVersion":"1.0.0","message":{"total":1,"rows":1,"totalPages":1,"page":1},"data":{"siteId":"SI/JST.JSTAGE","content_type":"JA","doi":"10.11222/hisetjournal1986.4.0_111","url":"https://doi.org/10.11222/hisetjournal1986.4.0_111","ra":"JaLC","prefix":"10.11222","site_name":"J-STAGE","publisher_list":[{"publisher_name":"Society for Historical Studies of English Teaching in Japan","lang":"en"},{"publisher_name":"日本英語教育史学会","lang":"ja"}],"title_list":[{"lang":"ja","title":"明治時代におけるSpelling Bookについて -Webster本の訳を中心に-"}],"creator_list":[{"sequence":"1","type":"person","names":[{"lang":"ja","last_name":"南","first_name":"精一"}]}],"publication_date":{"publication_year":"1989"},"relation_list":[{"content":"https://www.jstage.jst.go.jp/article/hisetjournal1986/4/0/4_111/_pdf","type":"URL","relation":"fullTextPdf"}],"content_language":"ja","updated_date":"2014-12-09","article_type":"pub","journal_id_list":[{"journal_id":"0916-006X","type":"ISSN","issn_type":"print"},{"journal_id":"2187-1779","type":"ISSN","issn_type":"online"},{"journal_id":"hisetjournal1986","type":"JID"}],"journal_title_name_list":[{"journal_title_name":"HiSET Journal: Journal on Historical Studies of English Teaching in Japan","type":"full","lang":"en"},{"journal_title_name":"HiSET Journal","type":"abbreviation","lang":"en"},{"journal_title_name":"日本英語教育史研究","type":"full"},{"journal_title_name":"日本英語教育史研究","type":"abbreviation"}],"journal_classification":"01","recorded_year":"1986-2008","volume":"4","issue":"0","first_page":"111","last_page":"129","date":"2012-10-29","citation_list":[{"sequence":"1","original_text":"1. ダラス「英音論」尚古堂, 1871."},{"sequence":"2","original_text":"2. 片貝正晋「スペルリング独学」岩井書房, 1885."},{"sequence":"3","original_text":"3, 紅林員方「新撰英語綴字入門」共益商社, 1886."},{"sequence":"4","original_text":"4, 原田弘「速成英學独案内」東生亀治郎刊, 1886."},{"sequence":"5","original_text":"5. 渡辺重綱「習字法綴字書独学」叢書閣, 1886."},{"sequence":"6","original_text":"6. 大塚祐英「スペルリング独習」大阪出版, 1886."},{"sequence":"7","original_text":"7. 志佐勝「英語独学」報告堂, 1887."},{"sequence":"8","original_text":"8. 志賀樹太郎「スペルリングかな付」志賀次郎刊, 1887."},{"sequence":"9","original_text":"9. 日本の英学100年編集部「日本英学100年」研究社, 1968."},{"sequence":"10","original_text":"10. 石原千里「英語階梯とLindley Murray のスペリン・ブックについて」「英学史研究」No.13, 日本英学史学会, 1980."},{"sequence":"11","original_text":"11. 竹林滋「英語のフォニックス」The Japan Times, 1981."},{"sequence":"12","original_text":"12. 若林俊輔ボブオニツクスの理念」「英語展望」No.89, ELEC, 1987."},{"sequence":"13","original_text":"13. 山下栄「英語の綴り字と音のフォニックス的指導法への回帰の必要性」「昭和63年度日本音声学会全国大会研究発表論集」日本音声学会, 1988."}]}}