{"status":"OK","apiType":"doi","apiVersion":"1.0.0","message":{"total":1,"rows":1,"totalPages":1,"page":1},"data":{"siteId":"SI/JST.JSTAGE","content_type":"JA","doi":"10.11222/hisetjournal1986.14.0_121","url":"https://doi.org/10.11222/hisetjournal1986.14.0_121","ra":"JaLC","prefix":"10.11222","site_name":"J-STAGE","publisher_list":[{"publisher_name":"Society for Historical Studies of English Teaching in Japan","lang":"en"},{"publisher_name":"日本英語教育史学会","lang":"ja"}],"title_list":[{"lang":"ja","title":"『スタンダード和英大辞典』編者竹原常太"}],"creator_list":[{"sequence":"1","type":"person","names":[{"lang":"ja","last_name":"堤","first_name":"美佐子"}],"affiliation_list":[{"affiliation_name":"神戸女学院大学大学院","sequence":"1","lang":"ja"}]}],"publication_date":{"publication_year":"1999"},"relation_list":[{"content":"https://www.jstage.jst.go.jp/article/hisetjournal1986/14/0/14_121/_pdf","type":"URL","relation":"fullTextPdf"}],"content_language":"ja","updated_date":"2014-12-09","article_type":"pub","journal_id_list":[{"journal_id":"0916-006X","type":"ISSN","issn_type":"print"},{"journal_id":"2187-1779","type":"ISSN","issn_type":"online"},{"journal_id":"hisetjournal1986","type":"JID"}],"journal_title_name_list":[{"journal_title_name":"HiSET Journal: Journal on Historical Studies of English Teaching in Japan","type":"full","lang":"en"},{"journal_title_name":"HiSET Journal","type":"abbreviation","lang":"en"},{"journal_title_name":"日本英語教育史研究","type":"full"},{"journal_title_name":"日本英語教育史研究","type":"abbreviation"}],"journal_classification":"01","recorded_year":"1986-2008","volume":"14","issue":"0","first_page":"121","last_page":"139","date":"2012-10-29","citation_list":[{"sequence":"1","original_text":"大西雅雄(1969)『パーマ博士と英語教授理論』開拓社"},{"sequence":"2","original_text":"大村喜吉, 高梨健吉, 出来成訓編(1980)「英語教育史資料第3・第4巻」東京法令出版"},{"sequence":"3","original_text":"落合重信, 有井基編(1967)『神戸史話』創元社"},{"sequence":"4","original_text":"喜安雌太郎著, 福原麟太郎編(1972)『湖畔通信・鵠沼通信』研究社"},{"sequence":"5","original_text":"高梨健吉(1967)『開国期の英語』三一書房"},{"sequence":"6","original_text":"高梨健吉(1996)「日本英学史考」東京法令出版"},{"sequence":"7","original_text":"高梨健吉, 出来成訓(1993)『英語教科書の歴史と解題』英語教科書名著選集・別巻大空社"},{"sequence":"8","original_text":"出来成訓(1994)『日本英語教育史考』東京法令出版"},{"sequence":"9","original_text":"出来成訓監修(1998)『復刻版英語の日本第9巻』本の友社"},{"sequence":"10","original_text":"田島伸悟(1994)『英語名人河村重治郎新版』三省堂"},{"sequence":"11","original_text":"仲新, 石川松太郎編(1982)『神戸区教育沿革史』第一書房"},{"sequence":"12","original_text":"日本の英学100年編集部(1969)『日本の英学100年大正編・昭和編」研究社"},{"sequence":"13","original_text":"兵庫県史編集委員会(1967)『兵庫県百年史』兵庫県"},{"sequence":"14","original_text":"町田俊昭(1981)『三代の辞書一英和・和英辞書百年小史』三省堂"},{"sequence":"15","original_text":"名著普及会(1987)『主題の周辺』「Book World11月臨時増刊号」ブックワールド編纂委員会"},{"sequence":"16","original_text":"凌霜五十年編纂委員会編(1954)『凌霜五十年』"}]}}