{"status":"OK","apiType":"doi","apiVersion":"1.0.0","message":{"total":1,"rows":1,"totalPages":1,"page":1},"data":{"siteId":"SI/JST.JSTAGE","content_type":"JA","doi":"10.11222/hisetjournal1986.15.0_91","url":"https://doi.org/10.11222/hisetjournal1986.15.0_91","ra":"JaLC","prefix":"10.11222","site_name":"J-STAGE","publisher_list":[{"publisher_name":"Society for Historical Studies of English Teaching in Japan","lang":"en"},{"publisher_name":"日本英語教育史学会","lang":"ja"}],"title_list":[{"lang":"ja","title":"戦後英語教育史私論-ひとつの総括-"}],"creator_list":[{"sequence":"1","type":"person","names":[{"lang":"ja","last_name":"紀平","first_name":"健一"}]}],"publication_date":{"publication_year":"2000"},"relation_list":[{"content":"https://www.jstage.jst.go.jp/article/hisetjournal1986/15/0/15_91/_pdf","type":"URL","relation":"fullTextPdf"}],"content_language":"ja","updated_date":"2014-12-09","article_type":"pub","journal_id_list":[{"journal_id":"0916-006X","type":"ISSN","issn_type":"print"},{"journal_id":"2187-1779","type":"ISSN","issn_type":"online"},{"journal_id":"hisetjournal1986","type":"JID"}],"journal_title_name_list":[{"journal_title_name":"HiSET Journal: Journal on Historical Studies of English Teaching in Japan","type":"full","lang":"en"},{"journal_title_name":"HiSET Journal","type":"abbreviation","lang":"en"},{"journal_title_name":"日本英語教育史研究","type":"full"},{"journal_title_name":"日本英語教育史研究","type":"abbreviation"}],"journal_classification":"01","recorded_year":"1986-2008","volume":"15","issue":"0","first_page":"91","last_page":"112","date":"2012-10-29","citation_list":[{"sequence":"1","original_text":"(1)文部省『学制八十年史』文部省 1954年"},{"sequence":"2","original_text":"(2)岩波講座『現代教育学5 近代教育史』岩波書店 1962年"},{"sequence":"3","original_text":"(3)仲 新『日本現代教育史』第一法規 1969年"},{"sequence":"4","original_text":"(4)大田尭編著『戦後日本教育史』岩波書店 1978年"},{"sequence":"5","original_text":"(5)五十嵐顕・伊ヶ崎曉編著『戦後教育の歴史』青木書店 1978年"},{"sequence":"6","original_text":"(6)高梨健吉ほか『現代の英語教育』1. 「英語教育問題の変遷」研究社 1979年"},{"sequence":"7","original_text":"(7)吉田昇・長尾十三二・柴田義松編『中等教育原理』(新版)有斐閣 1986年"},{"sequence":"8","original_text":"(8)若林俊輔編集『昭和50年の英語教育』大修館 1980年"},{"sequence":"9","original_text":"(9)仲 新・伊藤敏行編『日本近代教育小史』福村出版 1984年"},{"sequence":"10","original_text":"(10)歴史学研究会編集『日本同時代史』1-5青木書店 1990年"},{"sequence":"11","original_text":"(11)江利川春雄『師範学校における英語科教育の歴史』(1)-明治・大正期『日本英語教育史研究』第12号日本英語教育史学会 1997年"},{"sequence":"12","original_text":"(12)江利川春雄『師範学校における英語科教育の歴史』(2)-昭和期『日本英語教育史研究』第13号日本英語教育史学会1998年"},{"sequence":"13","original_text":"(13)紀平健一『戦後英語教育の展開-昭和20年代を中心に-』愛知学泉大学研究論集第32号1998年"}]}}