{"status":"OK","apiType":"doi","apiVersion":"1.0.0","message":{"total":1,"rows":1,"totalPages":1,"page":1},"data":{"siteId":"SI/JST.JSTAGE","content_type":"JA","doi":"10.11222/hisetjournal1986.1.0_97","url":"https://doi.org/10.11222/hisetjournal1986.1.0_97","ra":"JaLC","prefix":"10.11222","site_name":"J-STAGE","publisher_list":[{"publisher_name":"Society for Historical Studies of English Teaching in Japan","lang":"en"},{"publisher_name":"日本英語教育史学会","lang":"ja"}],"title_list":[{"lang":"ja","title":"大学教育においてアメリカ研究が内包する諸問題に関する一研究"}],"creator_list":[{"sequence":"1","type":"person","names":[{"lang":"ja","last_name":"植村","first_name":"泰三"}]}],"publication_date":{"publication_year":"1986"},"relation_list":[{"content":"https://www.jstage.jst.go.jp/article/hisetjournal1986/1/0/1_97/_pdf","type":"URL","relation":"fullTextPdf"}],"content_language":"ja","updated_date":"2014-12-09","article_type":"pub","journal_id_list":[{"journal_id":"0916-006X","type":"ISSN","issn_type":"print"},{"journal_id":"2187-1779","type":"ISSN","issn_type":"online"},{"journal_id":"hisetjournal1986","type":"JID"}],"journal_title_name_list":[{"journal_title_name":"HiSET Journal: Journal on Historical Studies of English Teaching in Japan","type":"full","lang":"en"},{"journal_title_name":"HiSET Journal","type":"abbreviation","lang":"en"},{"journal_title_name":"日本英語教育史研究","type":"full"},{"journal_title_name":"日本英語教育史研究","type":"abbreviation"}],"journal_classification":"01","recorded_year":"1986-2008","volume":"1","issue":"0","first_page":"97","last_page":"109","date":"2012-10-29","citation_list":[{"sequence":"1","original_text":"1)木下尚一, 「日本におけるアメリカ研究」(本間畏世, 有賀貞編)『アメリカ研究入門(第2版)』(東京大学串版会, 1980)PP. 322-23."},{"sequence":"2","original_text":"2)「日本におけるアメリカ研究」(本間畏世, 有賀貞編)『アメリカ研究入門(第2版)』(東京大学串版会, 1980)., p. 320."},{"sequence":"3","original_text":"3)「日本におけるアメリカ研究」(本間畏世, 有賀貞編)『アメリカ研究入門(第2版)』(東京大学串版会, 1980)., p. 321."},{"sequence":"4","original_text":"5)申嶋嶺雄, 『新冷戦の時代』(TB.Sブリタニカ, 1980), P.178"},{"sequence":"5","original_text":"6)川田保, 『国際関係の政治経済学』(新NHK市民大学叢書, 1981). P. 1."},{"sequence":"6","original_text":"8)陣崎克博, 『アメリカ研究序説』(英潮社, 1967), P. 25."},{"sequence":"7","original_text":"10)中村敬, 『私説英語教育論』(研究社, 1979), PP. 195-96."},{"sequence":"8","original_text":"11)大橋健三郎, 「テキストとコンテキストをめぐって」(『英語冑年』1982年2月号, P.8-9所収)"},{"sequence":"9","original_text":"12)Richard Chase, The American Novel and Its Tradition (The John Hopkins University Press, 1957), p. 2."},{"sequence":"10","original_text":"13)陣崎克博, op. cit., P.143."},{"sequence":"11","original_text":"14)川上源太郎, 「一橋大学と私」(『週刊読売』1980年12月7日号, P176-77所収)"}]}}