{"status":"OK","apiType":"doi","apiVersion":"1.0.0","message":{"total":1,"rows":1,"totalPages":1,"page":1},"data":{"siteId":"SI/JST.JSTAGE","content_type":"JA","doi":"10.11222/hisetjournal1986.9.0_77","url":"https://doi.org/10.11222/hisetjournal1986.9.0_77","ra":"JaLC","prefix":"10.11222","site_name":"J-STAGE","publisher_list":[{"publisher_name":"Society for Historical Studies of English Teaching in Japan","lang":"en"},{"publisher_name":"日本英語教育史学会","lang":"ja"}],"title_list":[{"lang":"ja","title":"英語教材の中の文学作品"}],"creator_list":[{"sequence":"1","type":"person","names":[{"lang":"ja","last_name":"笠谷","first_name":"知代"}]}],"publication_date":{"publication_year":"1994"},"relation_list":[{"content":"https://www.jstage.jst.go.jp/article/hisetjournal1986/9/0/9_77/_pdf","type":"URL","relation":"fullTextPdf"}],"content_language":"ja","updated_date":"2014-12-09","article_type":"pub","journal_id_list":[{"journal_id":"0916-006X","type":"ISSN","issn_type":"print"},{"journal_id":"2187-1779","type":"ISSN","issn_type":"online"},{"journal_id":"hisetjournal1986","type":"JID"}],"journal_title_name_list":[{"journal_title_name":"HiSET Journal: Journal on Historical Studies of English Teaching in Japan","type":"full","lang":"en"},{"journal_title_name":"HiSET Journal","type":"abbreviation","lang":"en"},{"journal_title_name":"日本英語教育史研究","type":"full"},{"journal_title_name":"日本英語教育史研究","type":"abbreviation"}],"journal_classification":"01","recorded_year":"1986-2008","volume":"9","issue":"0","first_page":"77","last_page":"106","date":"2012-10-29","citation_list":[{"sequence":"1","original_text":"青木知代(1987)\"Literary Works in English Textbooks in The Case of Junior High Schools in Japan\" 神戸大学大学院修士論文(1987) \"'The Last Lesson' as a Teaching Material\" 「KELT」第3号神戸大学大学院英語教青研究会"},{"sequence":"2","original_text":"青木庸敷(1988)「英語科教育-授業入門-」英宝社"},{"sequence":"3","original_text":"Brown, V. (1969) Learn English. 学校図書"},{"sequence":"4","original_text":"Clark, W. L. (1962) The Junior Crown English Course, 三省堂-(1972) Total English Junior Crown Series, 三省堂"},{"sequence":"5","original_text":"萩原恭平-(1949) Jack and Betty: English Step by Step, 開隆堂-(1953) New Jack and Betty: English Step by Step, 開隆堂-(1954) Revised Jack and Betty: English Step by Step. 開隆堂-(1956) Standard Jack and Betty: English Step by Step, 開隆堂-(1958) New Jack and Betty: English Step by Step, 開隆堂-(1962) New Edition Jack and Betty, 開隆堂"},{"sequence":"6","original_text":"長谷川清(1987) One World English Course, 教育出版"},{"sequence":"7","original_text":"速川和男(1971)「教科書の題材の移り変わりjr英語教育」大修館書店"},{"sequence":"8","original_text":"伊原巧, 江利川春雄, 林浩士(編)(1993)「英語科授業学の諸相」三省堂"},{"sequence":"9","original_text":"稲村松男(1962) New Prince Readers, 開隆堂-(1969) New Prince Readers, 開隆堂-(1975) New Prince English Course, 開隆堂-(1978) New Prince English Course."},{"sequence":"10","original_text":"数江譲治(1982)「ドーテ短編選集」第三書房"},{"sequence":"11","original_text":"黒田巌(1962) New Approach to English, 大修館-(1972) Blue Sky Books, 学研書籍"},{"sequence":"12","first_page":"4","publication_date":{"publication_year":"1950"},"original_text":"松田修治郎(1950) One World, 日本書籍"},{"sequence":"13","original_text":"松田綱(1962) The Sun English, 三省堂"},{"sequence":"14","original_text":"官内看雄(1978) Total English New Edition, 中教出版"},{"sequence":"15","original_text":"文部省(1947) Let's Learn English, 教育図書-(1977)「中学校学習指導要領」-(1989)「中学校学習指導要領」-(1992)「学制百二十年史」ぎょうせい"},{"sequence":"16","original_text":"中島文雄(1978) New Total English Course, 秀文出版"},{"sequence":"17","original_text":"中村敬(1978) The New Crown English Series, 三省堂-(1981) The New Crown English Series, 三省堂-(1984) The New Crown English Series: Revised Edition, 三省堂-(1984)「戦後の英語教育」「英語教育指導ライブラリー」三省堂(1987) New Crown English Series, 三省堂(1990) New Crown English Series, New Edition, 三省堂(1993) New Crown English Series, 三省堂"},{"sequence":"18","original_text":"小川芳男(1966) Everyday English, 中教出版(1972) Everyday English, 中教出版(1987). Ver Everyday English, 中教出版"},{"sequence":"19","original_text":"大村清(1980)「英語教育史資料」Vol. 1東京法令出版"},{"sequence":"20","original_text":"太田朗(1966) New Horizon English Course, 東京書籍(1978) New Horizon English Course, 東京書籍(1981) New Horizon English Course, 東京書籍(1987) New Horizon English Course, 東京書籍"},{"sequence":"21","original_text":"佐藤喬(1981) New Prince English Course, 開隆堂(1990) Sunshine English Course, 開隆堂"},{"sequence":"22","volume":"13","first_page":"91","publication_date":{"publication_year":"1963"},"original_text":"杉山明男他(1963)「教材観と教授過程-第一綴国語の授業に関する研究-」「神戸大学教育学部研究集録第30集」-(1973)「みんなのための教育研究」部落問題研究所"},{"sequence":"23","original_text":"高梨健吉, 大村清(1975)「日本英語教育史」大修館書店"},{"sequence":"24","original_text":"龍口直太郎, 清水良男(1981)「クオレ・最後の授業」評論社"},{"sequence":"25","original_text":"田村省三(1974)「国語の授業」国土社"},{"sequence":"26","original_text":"田中克彦(1983)「法廷に立つ言語」恒文社"},{"sequence":"27","original_text":"鳥居次好(1969) New Prince Readers, 開隆堂"},{"sequence":"28","original_text":"若林俊輔(1971)『「学習指導要領」の変遷』「英語教育」12月号-(編)(1975)「昭和50年の英語教育」「英語教育」8月号大修館-(1980)「英語教育の歩み一変遷と明日への提譜」中教出版"},{"sequence":"29","volume":"19","first_page":"12","last_page":"15","publication_date":{"publication_year":"1971"},"original_text":"渡部昇一(1971)「戦後の英語教育-回想と提案」「英謡教育」12月号 大修館"}]}}