{"status":"OK","apiType":"doi","apiVersion":"1.0.0","message":{"total":1,"rows":1,"totalPages":1,"page":1},"data":{"siteId":"SI/JST.JSTAGE","content_type":"JA","doi":"10.11222/hisetjournal1986.12.0_123","url":"https://doi.org/10.11222/hisetjournal1986.12.0_123","ra":"JaLC","prefix":"10.11222","site_name":"J-STAGE","publisher_list":[{"publisher_name":"Society for Historical Studies of English Teaching in Japan","lang":"en"},{"publisher_name":"日本英語教育史学会","lang":"ja"}],"title_list":[{"lang":"ja","title":"師範学校における英語科教育の歴史(1)明治・大正期"}],"creator_list":[{"sequence":"1","type":"person","names":[{"lang":"ja","last_name":"江利川","first_name":"春雄"}]}],"publication_date":{"publication_year":"1997"},"relation_list":[{"content":"https://www.jstage.jst.go.jp/article/hisetjournal1986/12/0/12_123/_pdf","type":"URL","relation":"fullTextPdf"}],"content_language":"ja","updated_date":"2014-12-09","article_type":"pub","journal_id_list":[{"journal_id":"0916-006X","type":"ISSN","issn_type":"print"},{"journal_id":"2187-1779","type":"ISSN","issn_type":"online"},{"journal_id":"hisetjournal1986","type":"JID"}],"journal_title_name_list":[{"journal_title_name":"HiSET Journal: Journal on Historical Studies of English Teaching in Japan","type":"full","lang":"en"},{"journal_title_name":"HiSET Journal","type":"abbreviation","lang":"en"},{"journal_title_name":"日本英語教育史研究","type":"full"},{"journal_title_name":"日本英語教育史研究","type":"abbreviation"}],"journal_classification":"01","recorded_year":"1986-2008","volume":"12","issue":"0","first_page":"123","last_page":"161","date":"2012-10-29","citation_list":[{"sequence":"1","original_text":"The United States Education Mission to Japan: Report of the United States Education Mission to Japan, 1946 (邦訳は国立教育研究所『米国対日教育使節団に関する総合的研究』(戦後教育改革資料10), 1991ほか."},{"sequence":"2","original_text":"逸見勝亮『師範学校制度史研究一15年戦争下の教師教育』北海道大学図書刊行会, 1991"},{"sequence":"3","original_text":"倉沢剛『学校令の研究』講談社, 1978"},{"sequence":"4","original_text":"国立教育研究所『日本近代教育百年史』3, 4, 5巻, 教育研究奨励会, 1974"},{"sequence":"5","original_text":"海後宗臣監修『教員養成』(戦後日本の教育改革第8巻), 東京大学出版会, 1971"},{"sequence":"6","original_text":"櫻井役『英語教育に関する文部法規』(英語教育叢書)研究社, 1935"},{"sequence":"7","original_text":"櫻井役『日本英語教育史稿』倣文館, 1936"},{"sequence":"8","original_text":"高梨健吉「英語」, 教科書研究センター『旧制中等学校教科内容の変遷』ぎょうせい, 1984"},{"sequence":"9","original_text":"中学英語研究会員の一人「教員英語」『日本之小学教師』明治36年7月15日号から38年3月15日号まで9回連載"},{"sequence":"10","original_text":"中内敏夫・川合章編『日本の教師6一教員養成の歴史と構造』明治図書, 1974"},{"sequence":"11","original_text":"野口援太郎「師範教育の変遷一森文相時代より現今に至る」(国民教育奨励会編纂『教育五十年史』1922, 民友社)"},{"sequence":"12","original_text":"牧昌見『日本教員資格制度史研究』1971"},{"sequence":"13","original_text":"奏田與惣之助『英語教授法集成』1928(私家版)"},{"sequence":"14","original_text":"文部省総務局調査課編『師範教育関係法令の沿革』正1938・続1943"},{"sequence":"15","original_text":"文部省『(秘)師範学校教科教授要項案』, 1942"},{"sequence":"16","original_text":"脇屋督『改訂増補最新外国語の学習と教授』青々書院, 1927(1931改訂増補版)"}]}}