{"status":"OK","apiType":"doi","apiVersion":"1.0.0","message":{"total":1,"rows":1,"totalPages":1,"page":1},"data":{"siteId":"SI/JST.JSTAGE","content_type":"JA","doi":"10.11222/hisetjournal1986.17.0_41","url":"https://doi.org/10.11222/hisetjournal1986.17.0_41","ra":"JaLC","prefix":"10.11222","site_name":"J-STAGE","publisher_list":[{"publisher_name":"Society for Historical Studies of English Teaching in Japan","lang":"en"},{"publisher_name":"日本英語教育史学会","lang":"ja"}],"title_list":[{"lang":"ja","title":"「仮定法」の英文法教育史-文法事項の史的検討(5)-"}],"creator_list":[{"sequence":"1","type":"person","names":[{"lang":"ja","last_name":"伊藤","first_name":"裕道"}]}],"publication_date":{"publication_year":"2002"},"relation_list":[{"content":"https://www.jstage.jst.go.jp/article/hisetjournal1986/17/0/17_41/_pdf","type":"URL","relation":"fullTextPdf"}],"content_language":"ja","updated_date":"2014-12-09","article_type":"pub","journal_id_list":[{"journal_id":"0916-006X","type":"ISSN","issn_type":"print"},{"journal_id":"2187-1779","type":"ISSN","issn_type":"online"},{"journal_id":"hisetjournal1986","type":"JID"}],"journal_title_name_list":[{"journal_title_name":"HiSET Journal: Journal on Historical Studies of English Teaching in Japan","type":"full","lang":"en"},{"journal_title_name":"HiSET Journal","type":"abbreviation","lang":"en"},{"journal_title_name":"日本英語教育史研究","type":"full"},{"journal_title_name":"日本英語教育史研究","type":"abbreviation"}],"journal_classification":"01","recorded_year":"1986-2008","volume":"17","issue":"0","first_page":"41","last_page":"75","date":"2012-10-29","citation_list":[{"sequence":"1","original_text":"Alexander, H. (著), 寛寿雄・青木庸敷共訳(1974), 『英語史概説』金星堂."},{"sequence":"2","original_text":"Alexander, L. G. (1988), Longman English Grammar, Longman."},{"sequence":"3","original_text":"Alston, R. C. (1974), A Bibliography of the English Language from the Invention of Printing to the Year 1800. vol. I. Janus Press."},{"sequence":"4","original_text":"青木常雄(1924), Aoin's Coneise English Grammar. 修文館."},{"sequence":"5","original_text":"青木常雄・伊藤健三([1951]1961), 『英文法精義』培風館."},{"sequence":"6","original_text":"荒木一雄・宇賀治正朋(1984), 『英語史MA』大修館."},{"sequence":"7","original_text":"荒木一雄・小野捷(1993), 『近代英語の発達英潮社."},{"sequence":"8","original_text":"荒牧鉄雄([1935]1939), 『英文法新指導』盛林堂."},{"sequence":"9","original_text":"Azar, B. S. (1998), Understanding and Using English Grammar. Prentice Hall Regents."},{"sequence":"10","original_text":"Bain, A. ([1869]1891), A Higher English Grammar. Longmans and Co."},{"sequence":"11","original_text":"Blake, N. (ed. )(1992), The Cambridge History of the English language. vol. 2, CUP."},{"sequence":"12","original_text":"Bradley, H. ([1904]1968), The Making of English. 2nded. rev. by S. Potter. Macmillan. Rpt., 大塚高信(編注)(1970)成美堂."},{"sequence":"13","original_text":"Brown, G. (18553), The First Lines of English Grammar. Imp., 1887. William Wood &amp; Co."},{"sequence":"14","original_text":"Brown, G. 戸代光大訳(1887), 『英文典直訳』大倉書店."},{"sequence":"15","original_text":"Celce-Murcia, M. &amp; D. Larsen- Freeman (1983), The Grammar Book. Newbury House. (1999) Heinle &amp; Heinle."},{"sequence":"16","original_text":"Declerck, R. (1991), A Comprehensive Descriptive Grammar of English, 開拓社."},{"sequence":"17","original_text":"出来成訓(1983), 「解題」Saito's Class-Bboks of English Idiomelegy, (1)Verbs. 所収. 名著普及会."},{"sequence":"18","original_text":"Dixon, JM. (1886), English Lessons for Japanese Students. 共益商社."},{"sequence":"19","original_text":"江川泰一郎 (1953, 1964, 1991), 『英文法解説』金子書房."},{"sequence":"20","original_text":"江川泰一郎(1971a), 「仮定法について」続・学習文法再考(14)『現代英語教育』第8巻第2号, pp. 32-3. 研究社."},{"sequence":"21","original_text":"江川泰一郎(1971b), 「ShouldとWereto」続・学習文法再考(15)『現代英語教育』第8巻第3号, pp. 44-5. 研究社."},{"sequence":"22","original_text":"江川泰一郎(1971c), 「生徒は仮定法のどこがわからないか」続・学習文法再考(16)『現代英語教育』第8巻第4号, pp. 38-9. 研究社."},{"sequence":"23","original_text":"江川泰一郎(1995), 『英文法今昔』日本英語教育史学会第11回全国大会記念講演."},{"sequence":"24","original_text":"Frank, M. (1993), Modern English. Regents/Prentice Hall."},{"sequence":"25","original_text":"福原麟太郎(編)(1961), 『英語教育事典』研究社."},{"sequence":"26","original_text":"福村虎治郎(1954), 『時制と態』英文法シリーズ11. 研究社"},{"sequence":"27","original_text":"Graver, B. D. (1986), Advanced English Practice. OUP."},{"sequence":"28","original_text":"G&ouml;rlach, M. (1998), An Annotated Bibliography of 19th-Century Grammars of English, John Benjamins"},{"sequence":"29","original_text":"G&ouml;rlach, M.(1999), English in Nineteenth-Century England. Cambridge University Press."},{"sequence":"30","original_text":"Harsh, W. (1968), The Subjunctive in English. University of Alabama Press."},{"sequence":"31","original_text":"星山三郎(1951), 『最新英文法』法文社."},{"sequence":"32","original_text":"Hornby, A. S. (1953, ), A Guide to Patterns &amp; Usages in English, OUP, (1975)研究社."},{"sequence":"33","original_text":"細江逸記(1917, 1917), 『英文法汎論』文會堂書店."},{"sequence":"34","original_text":"細江逸記([1933a]1933), 『英語叙法の研究』泰文堂."},{"sequence":"35","original_text":"細江逸記([1933b]1934), Hosoe's Coneise English Grammar, 興文社."},{"sequence":"36","original_text":"飯島東太郎([1933]1939), Grammar and Composition, 東京開成館."},{"sequence":"37","original_text":"市河三喜([1917]1918), A Coneise English Grammar Part II, 三省堂"},{"sequence":"38","original_text":"井上十古(1898a), Elementary Lessons in English, Book1. 金港堂書籍."},{"sequence":"39","original_text":"井上十吉([1898b]1898). 『英文典講義』成美堂書店."},{"sequence":"40","original_text":"岩崎民平(1936), 『英文法の教授と問題』英語教育叢書, 研究社."},{"sequence":"41","original_text":"岩崎民平(1943), New English Composition. Book Two. 中等学校教科書."},{"sequence":"42","original_text":"開成所(1866), 『英吉利文典』(The elementary catechisms ENGLISH GRAMMAR FIFTH EDITION AT YEDO."},{"sequence":"43","original_text":"上條辰蔵(1912), Higher Grammar Lessons, 開成館"},{"sequence":"44","original_text":"神田乃武([1899]1900), Intermediate English Grammar. 三省堂."},{"sequence":"45","original_text":"神田乃武(1900), Higher English Grammar. 三省堂."},{"sequence":"46","original_text":"神田乃武(1920, 1921), Kanda's New-English Grammar. 三省堂."},{"sequence":"47","first_page":"3","publication_date":{"publication_year":"1925"},"original_text":"神田乃武・長岡鑛(1925), Kanda's New-English Grammar. 三省堂."},{"sequence":"48","original_text":"神田乃武([1920]1927), Klanda's Standard English Grammar. 2vols. 三省堂."},{"sequence":"49","original_text":"片山寛(1920), Katayama's New Advanced English Grammar. 研究社."},{"sequence":"50","original_text":"河合茂([1939]1941), 『英文法概論』京極書店."},{"sequence":"51","original_text":"Leech, G. N. &amp; J. Svartvik(1975), A Communicative Grammar of English, Longman, (1994)紀伊國屋書店."},{"sequence":"52","original_text":"牧一([1926]1927), The Sun English Grammar. 2vols. 修文館."},{"sequence":"53","original_text":"松川昇太郎(1950), 『現代英作文法辞典』教育出版."},{"sequence":"54","original_text":"水野修身(2000), 「明治期の英文典における「仮定法」の扱いをめぐって一主に英文法教科書について-」日本英学史学会第350回例会口頭発表ハンドアウト."},{"sequence":"55","first_page":"1967","publication_date":{"publication_year":"1912"},"original_text":"宮井安吉(1912), Standard English Grammar. 金港堂書籍."},{"sequence":"56","original_text":"宮田幸一(1952), 「学校文法の用語」『英語青年』第98巻第10号, P. 15, 研究社"},{"sequence":"57","original_text":"宮内秀雄(1955), 『法・助動詞』英文法シリーズ13. 研究社."},{"sequence":"58","original_text":"Murray, L. ([1795]1806), English Grammar, adapted to the Different Classes of Learners. 大塚高信(編)(1971)『Lindley Murray: English Grammar, adapted to the Different Classes of Learners. モルレイ氏著: 英吉小文典』南雲堂"},{"sequence":"59","original_text":"Murray, L. 渋川敬直(訳)([1940]1928), 『英文鑑』修文社. Rpt. 杉本つとむ(編著)(1993)ひつじ書房."},{"sequence":"60","original_text":"長井氏最(1952), 『英語ニューハンドブック』研究社."},{"sequence":"61","original_text":"中尾俊夫・児馬修(1990), 『歴史的に探る現代の英文法』大修館."},{"sequence":"62","original_text":"中島文雄・神津東雄・宮内秀雄・宮部菊男・松浪有(1964), The Crown English Grammar and Compositton 2. 三省堂."},{"sequence":"63","original_text":"中島文雄・神津東雄・宮内秀雄・松浪有・田辺洋二(1976), The Crown English Grammar. 三省堂"},{"sequence":"64","original_text":"Nesfield, J. C. (1895), Idiom, Grammar, Synthesis for High School Macmillan."},{"sequence":"65","original_text":"Nesfield, J. C., 島文次郎(訳)(1898), 『浬氏邦文英文典』富山房."},{"sequence":"66","original_text":"小笠原林樹(1958), 「英語にMoodはあるか」『英語教育』第7巻第5号, PP. 52-3. 大修館"},{"sequence":"67","original_text":"岡田和子(1996), 「蘭・英・独語学における文法用語の成立と変遷II-仮定法と接続法-」筑波大学外国語センター『外国語教育論集』18号, pp. 169-209."},{"sequence":"68","original_text":"岡倉由三郎(1909), The Globe Grammar for Middie-grade Schools[ぐろうぶ文典], 大日本図書."},{"sequence":"69","original_text":"岡倉由三郎([1933]1934), Okakura's English Grammar. 大日本図書"},{"sequence":"70","original_text":"Onions, C. T. (1904), An Advanced English Syntax. Swan Sonnenachein."},{"sequence":"71","original_text":"大村喜吉(1960), 『斎藤秀三郎伝』吾妻書房."},{"sequence":"72","original_text":"大村喜吉・高梨健吉・出来成訓(1980), 『英語教育史資料』(全五巻)東京法令出版."},{"sequence":"73","original_text":"大塚高信([1931]1932), Otsuka's English Grammar. 泰文堂."},{"sequence":"74","original_text":"大塚高信(1938), 『英文法論考-批判と實践-』研究社."},{"sequence":"75","original_text":"大塚高信(1941), 『英文法の知識』三省堂."},{"sequence":"76","original_text":"大塚高信(1948), 『英文法ノート』泰文堂."},{"sequence":"77","original_text":"大塚高信([1949]1952), 『英文法新講-表現の立場より見たる-』吾妻書房"},{"sequence":"78","original_text":"Palmer, F. R. (19882), The English Verb. Longman."},{"sequence":"79","original_text":"Pinneo, T. S. (1869), 『慶應義塾読本 ピ子ヲ氏原板 英文典』尚古堂."},{"sequence":"80","original_text":"Pinneo, T. S. 永嶋貞次郎(訳)(1870), 『英文典直譚-』慶應義塾."},{"sequence":"81","original_text":"Pinneo, T. S. 斎藤八郎(訳)(1887), 『ピ子ヲ氏英文典直謬全』松成堂."},{"sequence":"82","original_text":"Quackenbos, G. P. (1864), The PY rst Book in English Grammar D. Appleton."},{"sequence":"83","original_text":"Quackenbos, G. P. 大學南校助教(訳)(1870), 『格賢勃斯英文典直譚 巻之上』大學南校."},{"sequence":"84","original_text":"Quackenbos, G. P. 垣山緑挿(訳)(1884), 『英國文典猫案内 全』春陽堂."},{"sequence":"85","original_text":"Quackenbos, G. P. 水澤郁(訳)(1887), 『クワツケンボス氏英文典直譚』譚書出版書房."},{"sequence":"86","original_text":"Quirk, R., S. Greenbaum, G. Leech, and J. Svartvik (1972), A Grammar of Contemporary English. Longman."},{"sequence":"87","original_text":"Quirk, R., S. Greenbaum, G. Leech, and J. Svartvik (1985), A Comprehensive Grammar of the English Language. Longman."},{"sequence":"88","original_text":"佐川春水(1928), 『英文法新講話(テンスとムード)』敬文堂書店."},{"sequence":"89","original_text":"斉藤静(1933), A Present-Day English Grammar. 富山房. 斉藤静(1948), 『英文法概論』白桃書房."},{"sequence":"90","original_text":"斉藤静(1948), 『英文法概論』白桃書房."},{"sequence":"91","original_text":"斎藤秀三郎(1898), Praetica1 English Grammar. vol. 2. 興文社. (1900), 『英文法初歩』興文社"},{"sequence":"92","original_text":"斎藤秀三郎(1902), Studies in Mood and Tense. Advanced English Lessons. No. 9 興文社"},{"sequence":"93","original_text":"斎藤秀三郎([1907]1983), Slaito's Class-Bboks of Engfish ldiomology, (1)Verbs. 名著普及会"},{"sequence":"94","original_text":"櫻井役(1930), A New English Grammar, 散文館."},{"sequence":"95","original_text":"Sinclair, J. (ed.) (1990), Collins Cobuild English Grammar. Collins."},{"sequence":"96","original_text":"杉本つとむ(編著)(1993), 『英文鑑-資料と研究-』ひつじ書房."},{"sequence":"97","original_text":"Swan, M. (1980, 1995), Practical English Usage. Oxford."},{"sequence":"98","first_page":"1955","publication_date":{"publication_year":"1955"},"original_text":"Sweet, H. (1891), A New English Grammar. Imp., 1955. Clarendon Press."},{"sequence":"99","original_text":"Sweet, H. (1953), Sweet's Anglo-Saron Rrimer. OUP. Rpt., 東浦義雄(註), 1975千城"},{"sequence":"100","original_text":"Swinton, W([1877a]1889), A Grammar containing Etymology and Syntax of the English Language. Rpt., N.H.TODA「大文典」"},{"sequence":"101","original_text":"Swinton, W ([1877b]1884), New Language Lessons. Rpt., TOKEI.「小文典」"},{"sequence":"102","original_text":"Swinton, W 斎藤秀三郎(訳)(1884), スウヰントン氏英語學新式直課十字屋日進堂."},{"sequence":"103","original_text":"Swinton, W 渡辺松茂(訳)([1888]1889), 『スゥ井ントン氏英文典直謬講義』積善館."},{"sequence":"104","original_text":"Swinton, W 石川録太郎(訳)(1888), 『ス井ントン氏ニューランゲージレッソンズ直譚』 東京同盟出版"},{"sequence":"105","original_text":"高梨健吉・出来成訓(1994), 『英語教科書の歴史と解題』英語教科書名著選集・別巻, 大空社."},{"sequence":"106","original_text":"高梨健吉・出来成訓・大村喜吉(1975), 『日本の英語教育史』大修館."},{"sequence":"107","original_text":"武信由太郎(1924), New Standard Grammar. Book Two. 東京開成館."},{"sequence":"108","original_text":"田中菊雄(1953), 『英語廣文典』白水社."},{"sequence":"109","original_text":"Thomson, A. J. &amp; A. V. Martinet (19864), A Practical English Grammar. Oxford."},{"sequence":"110","original_text":"山峰貞(1913), 『自修英文典』英語研究社."},{"sequence":"111","original_text":"山田巌([1914]1915), 『英文法講義』建文館・盛文館."},{"sequence":"112","original_text":"渡部昇一(1975), 『英語学史』大修館."},{"sequence":"113","original_text":"渡部昇一(1977)『秘術としての文法』大修館 Rpt. (1988), 講談社."},{"sequence":"114","original_text":"渡部昇一(1996)『英文法を撫でる』PHP研究所."},{"sequence":"115","original_text":"渡部昇一(2000)『アングロ・サクソン文明落穂集[333]仮定法(叙想法)の話」『英語教育』 第49巻第7号,p.53.大修館."},{"sequence":"116","original_text":"渡辺藤一(1959), 「Q. B. 読者による解説(発表)(第10回)Subjunctive Moodについて」『英語教育』第7巻第10号, pp. 31-2. 大修館."}]}}