{"status":"OK","apiType":"doi","apiVersion":"1.0.0","message":{"total":1,"rows":1,"totalPages":1,"page":1},"data":{"siteId":"SI/JST.JSTAGE","content_type":"JA","doi":"10.11222/hisetjournal1986.3.0_71","url":"https://doi.org/10.11222/hisetjournal1986.3.0_71","ra":"JaLC","prefix":"10.11222","site_name":"J-STAGE","publisher_list":[{"publisher_name":"Society for Historical Studies of English Teaching in Japan","lang":"en"},{"publisher_name":"日本英語教育史学会","lang":"ja"}],"title_list":[{"lang":"ja","title":"McGuffey's Eclectic First Reader 再考英語教育の本源を尋ねて"}],"creator_list":[{"sequence":"1","type":"person","names":[{"lang":"ja","last_name":"寺田","first_name":"芳徳"}]}],"publication_date":{"publication_year":"1988"},"relation_list":[{"content":"https://www.jstage.jst.go.jp/article/hisetjournal1986/3/0/3_71/_pdf","type":"URL","relation":"fullTextPdf"}],"content_language":"ja","updated_date":"2014-12-09","article_type":"pub","journal_id_list":[{"journal_id":"0916-006X","type":"ISSN","issn_type":"print"},{"journal_id":"2187-1779","type":"ISSN","issn_type":"online"},{"journal_id":"hisetjournal1986","type":"JID"}],"journal_title_name_list":[{"journal_title_name":"HiSET Journal: Journal on Historical Studies of English Teaching in Japan","type":"full","lang":"en"},{"journal_title_name":"HiSET Journal","type":"abbreviation","lang":"en"},{"journal_title_name":"日本英語教育史研究","type":"full"},{"journal_title_name":"日本英語教育史研究","type":"abbreviation"}],"journal_classification":"01","recorded_year":"1986-2008","volume":"3","issue":"0","first_page":"71","last_page":"104","date":"2012-10-29","citation_list":[{"sequence":"1","volume":"14","first_page":"178","publication_date":{"publication_year":"1928"},"original_text":"1. Harvey C Minnich: William Holms McGuffey and the Peerless Pioneer McGuffey Readers, 1928, Published by Miami University. (Oxford, Ohio, U. S. A. )"},{"sequence":"2","original_text":"2. Henry H. Vail: A History of the McGuffey Readers, 1911, The Burrows Brothers Co., Cleveland."},{"sequence":"3","original_text":"3. Robert E. Spiller, Willard Thorp, Thomas H. Johnson, Henry Seidel Canby Ed.: Literary History of the United States, Original 1953, Revised 1960 ed., The MacMillan Co., New York."},{"sequence":"4","original_text":"4. Eugene Ehrlich and Gorton Carruth: The Oxford Illustrated Literary Guide to the United States, 1982, Oxford University Press, New York &amp; Oxford."},{"sequence":"5","original_text":"5. Iona and Peter Opie: The Oxford Dictionary of Nur sery Rhymes, 1951, Oxford University Press, London."},{"sequence":"6","original_text":"6. Dumas Malone Ed.: Dictionary of American Biography, Vol. VI., Charles Scribner's Sons, New York."},{"sequence":"7","original_text":"7. Stanley J. Kunitz and Howard Haycraft: American Authors 1600-1900, A Biographical Dictionary of American Literature, 1935, The H. W. Wilson Co., New York."},{"sequence":"8","original_text":"9. Library of Congress Ed.: Catalog of Printed Cards, 'McGuffey' pp. 47 5-479."},{"sequence":"9","original_text":"10. McGuffey's Eclectic Readers (Primer, First-Sixth), Revised Ed., Copyright 1879-1921, American Book Co., New York, Cincinnati, Chicago (1973, 本稿の筆者米国より購入)."},{"sequence":"10","original_text":"11. 寺田芳徳: 「英学の原型を求めて一マックガッフェイ第一読本」, 1978, 日本英学史学会広島支部第1回研究例会, 研究発表資料B4版10葉。 [Yoshinori Terada: A Study of Modern Origin of English Studies Carried out in Japan - McGuffey's Eclectic First Readers, Jan. 14, 1978, Hiroshima, Japan.]"},{"sequence":"11","original_text":"12. 寺田芳徳: 「長州藩における英学発達過程と三田尻海軍学校の成立-萩を中心とする蘭・英学関係文献資料の概要-」(前篇, 後篇), 「比治山女子短期大学紀要」第17号(1983), 第18号(1984)."}]}}