{"status":"OK","apiType":"doi","apiVersion":"1.0.0","message":{"total":1,"rows":1,"totalPages":1,"page":1},"data":{"siteId":"SI/JST.JSTAGE","content_type":"JA","doi":"10.11222/hisetjournal1986.23.0_53","url":"https://doi.org/10.11222/hisetjournal1986.23.0_53","ra":"JaLC","prefix":"10.11222","site_name":"J-STAGE","publisher_list":[{"publisher_name":"Society for Historical Studies of English Teaching in Japan","lang":"en"},{"publisher_name":"日本英語教育史学会","lang":"ja"}],"title_list":[{"lang":"ja","title":"外山正一再考","subtitle":"『正則文部省英語読本』が内包する人間陶冶の方法"}],"creator_list":[{"sequence":"1","type":"person","names":[{"lang":"ja","last_name":"榎本","first_name":"剛士"}]}],"publication_date":{"publication_year":"2008"},"relation_list":[{"content":"https://www.jstage.jst.go.jp/article/hisetjournal1986/23/0/23_53/_pdf","type":"URL","relation":"fullTextPdf"}],"content_language":"ja","updated_date":"2014-12-09","article_type":"pub","journal_id_list":[{"journal_id":"0916-006X","type":"ISSN","issn_type":"print"},{"journal_id":"2187-1779","type":"ISSN","issn_type":"online"},{"journal_id":"hisetjournal1986","type":"JID"}],"journal_title_name_list":[{"journal_title_name":"HiSET Journal: Journal on Historical Studies of English Teaching in Japan","type":"full","lang":"en"},{"journal_title_name":"HiSET Journal","type":"abbreviation","lang":"en"},{"journal_title_name":"日本英語教育史研究","type":"full"},{"journal_title_name":"日本英語教育史研究","type":"abbreviation"}],"journal_classification":"01","recorded_year":"1986-2008","volume":"23","issue":"0","first_page":"53","last_page":"73","date":"2012-10-29","citation_list":[{"sequence":"1","original_text":"秋元律郎(1979)『日本社会学史: 形成過程と思想構造』早稲田大学出版部."},{"sequence":"2","original_text":"秋山ひさ(1977)「明治前半期の社会学: フェノロサと外山正一」『神戸女学院大学論集』24(1): 17-82."},{"sequence":"3","original_text":"秋山ひさ(1982)「外山正一とミシガン大学」『神戸女学院大学論集』29(1): 1-18."},{"sequence":"4","original_text":"Blommaert, J. (2005) Discourse: A critical introduction. Cambridge: Cambridge University Press."},{"sequence":"5","original_text":"Dreyspring, A. (1886) Easy lessons in German, An introduction to the cumulative method; Adapted to schools and home instruction. New York: American Book Company."},{"sequence":"6","original_text":"福原麟太郎・桜庭信之・大村喜吉・高梨健吉・伊村元道(編)(1978)『ある英文教室の100年』大修館書店."},{"sequence":"7","original_text":"Howatt, A. P. R. with Widdowson, H. G. (2004) A history of English language teaching, 2nd ed. Oxford: Oxford University Press."},{"sequence":"8","original_text":"市河三喜(1956)「英語教育総説」『薪英語教育講座 第1巻, 改訂版』研究社, pp. 1-65."},{"sequence":"9","original_text":"伊村元道(1997)『パーマーと日本の英語教育』大修館書店."},{"sequence":"10","original_text":"伊村元道(2003)『日本の英語教育200年』大修館書店."},{"sequence":"11","original_text":"小林敏宏・音在謙介(2007)「「英語教育史学」原論のすすめ: 英語教育史研究の現状分析と今後の展開への提言」『人文・自然・人間科学研究』17(『拓殖大学論集』265): 34-67."},{"sequence":"12","original_text":"小山亘(2008)『記号の系譜: 社会記号論系言語人類学の射程』三元社."},{"sequence":"13","volume":"31","first_page":"195","publication_date":{"publication_year":"1995"},"original_text":"Lyons, J. (1995) Linguistic semantics: An introduction. Cambridge: Cambridge University Press."},{"sequence":"14","original_text":"松村幹男(1979)「英語教育史のなかの教科書」『教育学講座第9巻外国語教育の理論と構造』(羽鳥博愛・伊村元道, 編著)学習研究社, pp. 149-162."},{"sequence":"15","original_text":"三上参次(1987)[1911]『外山正一先生小伝: 伝記・外山正一』(明治44年刊複製版)大空社."},{"sequence":"16","original_text":"大村喜吉(1968)「概説・後期」『日本の英学100年 明治編』(日本の英学100年編集部, 編)研究社, pp. 41-79."},{"sequence":"17","original_text":"大村喜吉・高梨健吉・出来成訓(編)(1980)『英語教育史資料第3巻 英語教科書の変遷』東京法令出版."},{"sequence":"18","original_text":"小篠敏明・江利川春雄(編)(2004)『英語教科書の歴史的研究』辞游社."},{"sequence":"19","original_text":"小篠敏明・中村愛人(2001)『明治・大正・昭和期の英語教科書に関する研究: 質的分析と解題』渓水社."},{"sequence":"20","original_text":"ペスタロッチ, J. H. (1966)『探求』(虎竹正之, 訳)玉川大学出版部."},{"sequence":"21","original_text":"ペスタロッチ, J. H. (1976)『ゲルトルート児童教育法』(長尾十三二・福田弘, 訳)明治図書出版"},{"sequence":"22","original_text":"佐藤学(1996)『教育方法学』岩波書店."},{"sequence":"23","original_text":"清水瑞久(2003a)「外山正一にみるメディアと芸術: 透明化されるメディアと国民の創生」『マス・コミュニケーション研究』63: 130-143."},{"sequence":"24","doi":"10.4057/jsr.54.250","original_text":"清水瑞久(2003b)「外山正一の歴史社会学」『社会学評論』54(3): 250-264."},{"sequence":"25","original_text":"スペンサー, H. (1981)『教育論』(島田四郎, 訳)玉川大学出版部."},{"sequence":"26","original_text":"多賀徹哉(1994)「分析研究『正則文部省英語読本』(その1)」『広島大学附属福山中・高等学校中等教育研究紀要』34: 105-112."},{"sequence":"27","original_text":"多賀徹哉(1995)「分析研究『正則文部省英語読本』(その2)」『広島大学附属福山中・高等学校中等教育研究紀要』35: 117-123."},{"sequence":"28","original_text":"高梨健吉・出来成訓(監修)(1993)『英語教科書名著選集第11巻 正則文部省英語読本1・2・3』大空社."},{"sequence":"29","original_text":"高梨健吉・出来成訓(監修)(1993)『英語教科書名著選集第12巻 正則文部省英語読本4・5』大空社."},{"sequence":"30","original_text":"高梨健吉・大村喜吉(1975)『日本の英語教育史』大修館書店."},{"sequence":"31","original_text":"鳥井博郎(1955)『明治思想史』河出書房."},{"sequence":"32","original_text":"外山正一(1897)『英語教授法: 附正則文部省英語読本』大日本図書."},{"sequence":"33","original_text":"外山正一(1909)『ヽ山存稿 前編・後編』丸善."}]}}