{"status":"OK","apiType":"doi","apiVersion":"1.0.0","message":{"total":1,"rows":1,"totalPages":1,"page":1},"data":{"siteId":"SI/JST.JSTAGE","content_type":"JA","doi":"10.11222/hisetjournal1986.12.0_101","url":"https://doi.org/10.11222/hisetjournal1986.12.0_101","ra":"JaLC","prefix":"10.11222","site_name":"J-STAGE","publisher_list":[{"publisher_name":"Society for Historical Studies of English Teaching in Japan","lang":"en"},{"publisher_name":"日本英語教育史学会","lang":"ja"}],"title_list":[{"lang":"ja","title":"『英和口語辞典』の日本語訳について-斎藤秀三郎の『熟語本位英和中辞典』との比較調査を中心として-"}],"creator_list":[{"sequence":"1","type":"person","names":[{"lang":"ja","last_name":"神野","first_name":"節子"}]}],"publication_date":{"publication_year":"1997"},"relation_list":[{"content":"https://www.jstage.jst.go.jp/article/hisetjournal1986/12/0/12_101/_pdf","type":"URL","relation":"fullTextPdf"}],"content_language":"ja","updated_date":"2014-12-09","article_type":"pub","journal_id_list":[{"journal_id":"0916-006X","type":"ISSN","issn_type":"print"},{"journal_id":"2187-1779","type":"ISSN","issn_type":"online"},{"journal_id":"hisetjournal1986","type":"JID"}],"journal_title_name_list":[{"journal_title_name":"HiSET Journal: Journal on Historical Studies of English Teaching in Japan","type":"full","lang":"en"},{"journal_title_name":"HiSET Journal","type":"abbreviation","lang":"en"},{"journal_title_name":"日本英語教育史研究","type":"full"},{"journal_title_name":"日本英語教育史研究","type":"abbreviation"}],"journal_classification":"01","recorded_year":"1986-2008","volume":"12","issue":"0","first_page":"101","last_page":"122","date":"2012-10-29","citation_list":[{"sequence":"1","original_text":"1. 町田俊昭『三代の辞書-英和・和英辞典百年小史』三省堂[非売品], 1971"},{"sequence":"2","original_text":"2. 石井光治「E. サトウ原著『英和・英和口語辞典』」関西外国語大学『研究論集』第22号. 1975"},{"sequence":"3","original_text":"3. 出来成訓「『英和口語辞典』の日本英学史上の価値-斎藤秀三郎との『熟語本位英和中辞典』との関係において-」名著普及会, 1985"},{"sequence":"4","original_text":"4. 武内博「アーネスト・M・サトウと『英和口語辞典』をめぐるひとびと」名著普及会. 1985"},{"sequence":"5","original_text":"5. 大阪女子大学付属図書館『大阪女子大学蔵日本英学資料解題」大阪女子大学[非売品], 1962"},{"sequence":"6","original_text":"6. 大村喜吉『斎藤秀三郎伝-その生涯と業績』吾妻書房, 1960"},{"sequence":"7","original_text":"7. 出来成訓『日本英語教育史考』東京法令出版, 1994"},{"sequence":"8","original_text":"8. アーネスト・サトウ 坂田精一訳『-外交官の見た明治維新』上下(全二冊)岩波書店, 1969"},{"sequence":"9","original_text":"9. 萩原延寿『遠い崖I アーネスト・サトウ日記抄』朝日新聞社, 1980"}]}}