{"status":"OK","apiType":"doi","apiVersion":"1.0.0","message":{"total":1,"rows":1,"totalPages":1,"page":1},"data":{"siteId":"SI/JST.JSTAGE","content_type":"JA","doi":"10.11222/hisetjournal1986.11.0_1","url":"https://doi.org/10.11222/hisetjournal1986.11.0_1","ra":"JaLC","prefix":"10.11222","site_name":"J-STAGE","publisher_list":[{"publisher_name":"Society for Historical Studies of English Teaching in Japan","lang":"en"},{"publisher_name":"日本英語教育史学会","lang":"ja"}],"title_list":[{"lang":"ja","title":"旧植民地の英語教育-満洲における英語教育とその周辺-"}],"creator_list":[{"sequence":"1","type":"person","names":[{"lang":"ja","last_name":"佐藤","first_name":"恵一"}]}],"publication_date":{"publication_year":"1996"},"relation_list":[{"content":"https://www.jstage.jst.go.jp/article/hisetjournal1986/11/0/11_1/_pdf","type":"URL","relation":"fullTextPdf"}],"content_language":"ja","updated_date":"2014-12-09","article_type":"pub","journal_id_list":[{"journal_id":"0916-006X","type":"ISSN","issn_type":"print"},{"journal_id":"2187-1779","type":"ISSN","issn_type":"online"},{"journal_id":"hisetjournal1986","type":"JID"}],"journal_title_name_list":[{"journal_title_name":"HiSET Journal: Journal on Historical Studies of English Teaching in Japan","type":"full","lang":"en"},{"journal_title_name":"HiSET Journal","type":"abbreviation","lang":"en"},{"journal_title_name":"日本英語教育史研究","type":"full"},{"journal_title_name":"日本英語教育史研究","type":"abbreviation"}],"journal_classification":"01","recorded_year":"1986-2008","volume":"11","issue":"0","first_page":"1","last_page":"43","date":"2012-10-29","citation_list":[{"sequence":"1","original_text":"島田道彌「満洲教育史」青央社"},{"sequence":"2","original_text":"満州国通信社編「満州国現勢康徳6年版」鵬和出版"},{"sequence":"3","original_text":"満洲国教育史研究会編「満洲帝国文教年艦」エムティ出版"},{"sequence":"4","original_text":"満洲国教育史研究会編「満洲国」教育史研究No. 1東海研究所1993年"},{"sequence":"5","original_text":"満洲国教育史研究会編「満洲国」教育史研究・No. 2東海研究所1994年"},{"sequence":"6","original_text":"青木一編他『教育学事典』労働旬報社"},{"sequence":"7","original_text":"名古屋市博物館編「新博物館態勢満洲国の博物館が戦後日本に伝えていること」名古屋市博物館1995年"},{"sequence":"8","original_text":"竹中憲一「満洲における中国語教育」満洲国教育史研究発表より"},{"sequence":"9","original_text":"東京理科大学・英語教育研究会編復刻版「英語の研究と教授」木の友社"},{"sequence":"10","original_text":"「中等学校における英語教授について」槻木瑞生(同朋大学教授)より(コピーを頂く)"},{"sequence":"11","original_text":"文教部編「初級中学校英語教科書下」満洲図書株式会社(宮城女学院短期大学の宮脇弘幸先生)より(コピーを頂く)"},{"sequence":"12","original_text":"佐藤秀夫編他「第二次大戦前・戦時期の日本語教育関係文献目録」日本語教育史研究会1993年"},{"sequence":"13","original_text":"礎田一雄他「複刻満州官制教科書」ほるぷ出版1989年"},{"sequence":"14","original_text":"槻木瑞生「満洲・満洲国の教育」講演より名古屋市博物館にて1995"},{"sequence":"15","original_text":"通信紙「南北通信」1995手記2編"},{"sequence":"16","original_text":"インタビュー神田外語大学川村嘉夫先生1995. 11"}]}}