{"status":"OK","apiType":"doi","apiVersion":"1.0.0","message":{"total":1,"rows":1,"totalPages":1,"page":1},"data":{"siteId":"SI/JST.JSTAGE","content_type":"JA","doi":"10.11222/hisetjournal1986.20.0_65","url":"https://doi.org/10.11222/hisetjournal1986.20.0_65","ra":"JaLC","prefix":"10.11222","site_name":"J-STAGE","publisher_list":[{"publisher_name":"Society for Historical Studies of English Teaching in Japan","lang":"en"},{"publisher_name":"日本英語教育史学会","lang":"ja"}],"title_list":[{"lang":"ja","title":"日本陸軍の英語教育史-1930年代以降の幼年学校・予科士官学校を中心に-"}],"creator_list":[{"sequence":"1","type":"person","names":[{"lang":"ja","last_name":"江利川","first_name":"春雄"}]}],"publication_date":{"publication_year":"2005"},"relation_list":[{"content":"https://www.jstage.jst.go.jp/article/hisetjournal1986/20/0/20_65/_pdf","type":"URL","relation":"fullTextPdf"}],"content_language":"ja","updated_date":"2014-12-09","article_type":"pub","journal_id_list":[{"journal_id":"0916-006X","type":"ISSN","issn_type":"print"},{"journal_id":"2187-1779","type":"ISSN","issn_type":"online"},{"journal_id":"hisetjournal1986","type":"JID"}],"journal_title_name_list":[{"journal_title_name":"HiSET Journal: Journal on Historical Studies of English Teaching in Japan","type":"full","lang":"en"},{"journal_title_name":"HiSET Journal","type":"abbreviation","lang":"en"},{"journal_title_name":"日本英語教育史研究","type":"full"},{"journal_title_name":"日本英語教育史研究","type":"abbreviation"}],"journal_classification":"01","recorded_year":"1986-2008","volume":"20","issue":"0","first_page":"65","last_page":"90","date":"2012-10-29","citation_list":[{"sequence":"1","original_text":"Angiolillo. Paul F., Armed Forces Foreign Language Teaching: Critical Evaluation and Implication. New York: S. F. Vanni, 1947"},{"sequence":"2","original_text":"岩瀬繁筆記「英語正手簿1』(昭和18年4月10日起) 仙幼1年で使用. 皆川三郎教官の印あり. 靖国借行文庫蔵"},{"sequence":"3","original_text":"上村直己「陸軍大学校ドイツ参謀将校の通訳官たち」『熊本大学教養部紀要外国語・外国文学編」23号, 198&amp;pp. 167484"},{"sequence":"4","original_text":"江利川春雄「海軍終焉期の英語教育」『日本英語教育史研究』第18号, 2003, pp. 39-66"},{"sequence":"5","original_text":"遠藤芳信『近代日本軍隊教育史研究』青木書店, 1994"},{"sequence":"6","original_text":"大庭定男『戦中ロンドン日本語学校』中央公論社, 1988"},{"sequence":"7","original_text":"大庭定男『ジャワ敗戦抑留日誌(1946-47)」龍渓書舎, 1996"},{"sequence":"8","original_text":"岡本圭次郎. 皆川三郎「対談・日本軍隊の英語教育はどうだったか」『英語教育』1968年12月号, 大修館"},{"sequence":"9","original_text":"加登川幸太郎『陸軍の反省』(上・下)文京出版1996"},{"sequence":"10","original_text":"河野通「語学将校陸軍中佐江本茂夫: 軍人として教師として」『東京家政大学研究紀要人文社会科学」33号, 1993, pp. 1-18"},{"sequence":"11","original_text":"教育総監部『昭和十六十七年度陸軍予科士官学校陸軍幼年学校生徒志願者出身学校別検査成績一覧表』1942"},{"sequence":"12","original_text":"熊谷光久『日本軍の人的制度と問題点の研究』1994, 国書刊行会"},{"sequence":"13","original_text":"熊幼会本部『熊本陸軍幼年学校』1998"},{"sequence":"14","original_text":"熊本陸軍幼黛学校第四十七期生会編『熊本陸軍幼年学校第四十七期生誌』同会, 1980"},{"sequence":"15","original_text":"熊幼四八期二訓会編『清水台懐古』熊幼四八期二訓会, 2000 国会図書館蔵"},{"sequence":"16","original_text":"黒沢文貴「日本陸軍の対米認識」日本国際政治学会編『国際政治』第91号, 1989"},{"sequence":"17","original_text":"五九史編纂委員会編『望台: 陸軍士官学校第五十九期生史』五九会, 1973 国会図書館蔵"},{"sequence":"18","original_text":"志波光「陸軍の語学教育」『熊幼会報』2000(平成12)年8月版pp. 99-103"},{"sequence":"19","original_text":"仙幼四十六期一訓誌編集委員会編『剄草萌ゆる三神峯』仙幼四十六期-訓会, 1995"},{"sequence":"20","original_text":"仙幼四六期三訓会記念文集編集委員会編『三神峯: あれから五十年』同会, 1996"},{"sequence":"21","original_text":"太平洋戦争研究会『日本陸軍がよくわかる事典』PHP研究所, 2002"},{"sequence":"22","original_text":"田久保浩平『恩師江本茂夫先生』私家版, 1942"},{"sequence":"23","original_text":"筑紫二郎『大いなる熊本陸軍幼年学校』熊幼会, 1968"},{"sequence":"24","original_text":"寺西武夫「陸軍士官学校参観雑記」英語教授研究所The Bulletin85号, 1932, p, 10"},{"sequence":"25","original_text":"寺西武夫『英語教師の手記』吾妻書房, 1963"},{"sequence":"26","original_text":"東京五高会編『龍南回顧: 五高創立八十周年を記念して』東京五高会, 1967"},{"sequence":"27","original_text":"富原郁夫編『私の仙幼: 仙台陸軍幼年学校の思い出』富原郁夫, 1996 靖国借行文庫蔵"},{"sequence":"28","original_text":"外山操・森松俊夫編著『帝国陸軍編制総覧』芙蓉書房出版, 1987"},{"sequence":"29","original_text":"永江政勝ほか編『最後の将校生徒の思い出と半世紀文集噴煙第三号』熊本陸軍幼年学校四十九期第一訓育班有志,1995 国会図書館蔵"},{"sequence":"30","original_text":"中川治三郎『陸軍士官候補生同幼年学校生徒志願者虎の巻』兵林館, 1910"},{"sequence":"31","original_text":"永田鐵山『陸軍の教育』(岩波講座教育科學)岩波書店, 1931"},{"sequence":"32","original_text":"日本近代資料研究会編『日本陸海軍の制度・組織・人事』東京大学出版会, 1971"},{"sequence":"33","original_text":"Passin, Herbert 著・加瀬英明(訳)『米陸軍日本語学校』TBSブリタニカ, 1981"},{"sequence":"34","original_text":"林三郎『太平洋戦争陸戦概史』岩波書店, 1951"},{"sequence":"35","original_text":"広田照幸『陸軍将校の教育社会史: 立身出世と天皇制』世織書房, 1997"},{"sequence":"36","original_text":"廣部泉「日本陸軍の対米観-1924年移民法に対する反応を中心に」名古屋大学言語文化部『言語文化論集』20巻2号, 1999, pp」13-121"},{"sequence":"37","original_text":"Fukuhara, Toshiaki N. \"Nisei Japanese American GI's: Their Remarkable Achievements During and After WWII as Soldiers and Intelligence Language Specialists. \" 『札幌大学外国語学部紀要文化と言語』57号, 2002, pp. 73-98"},{"sequence":"38","original_text":"藤原彰『日本軍事史』(上巻・戦前編)日本評論社, 1987"},{"sequence":"39","original_text":"毎日新聞社『陸士・陸幼』(『1億人の昭和史』別冊日本の戦史別巻10)毎日新聞社, 1981"},{"sequence":"40","original_text":"松下芳男『明治軍制史論』有斐閣, 1956"},{"sequence":"41","original_text":"松下芳男編『山紫に水清き: 仙台陸軍幼年学校史』仙幼会, 1973"},{"sequence":"42","original_text":"皆川三郎「陸軍幼年学校に於ける英語」『語学教育』196号, 1944年11月25日号, pp. 10-12"},{"sequence":"43","original_text":"箕輪香村編『最新拾数年間陸軍予科士官学校入学試験問題全集』文憲堂書店, 1939"},{"sequence":"44","original_text":"宮内文七『老関往来』私家版, 1986"},{"sequence":"45","original_text":"『陸軍士官学校名簿』第2巻, 陸軍士官学校名簿編纂会(非売品), 1982"},{"sequence":"46","original_text":"陸軍経理学校著『陸軍経理学校』日本報道社, 1944"},{"sequence":"47","original_text":"陸軍省編纂『陸軍省沿革史: 自明治37年一大正15年』陸軍省, 1929(複製版, 巌南堂書店1969)"},{"sequence":"48","original_text":"『陸軍教育史明治本記』(稿本, 全38冊)*防衛研究所所蔵"},{"sequence":"49","original_text":"『陸軍教育史明治別記十一巻陸軍中央地方幼年学校之部』(稿本) 防衛研究所所蔵"},{"sequence":"50","original_text":"『陸軍士官学校歴史記載要領自大正十五年至昭和二十年」(稿本) 防衛研究所所蔵"},{"sequence":"51","original_text":"『陸軍中央幼年学校沿革史』(稿本)*防衛研究所所蔵"},{"sequence":"52","original_text":"『陸軍中央幼年学校歴史』(稿本)*防衛研究所所蔵"},{"sequence":"53","original_text":"「教育総監部第二課歴史』(資料綴, 2分冊)*防衛研究所所蔵"},{"sequence":"54","original_text":"『陸軍予科士官学校歴史明治五, 五-昭和二〇, 八, 二九』(稿本) 防衛研究所所蔵"},{"sequence":"55","original_text":"『陸軍予科士官学校歴史付録」(資料綴) 防衛研究所所蔵"},{"sequence":"56","original_text":"『陸軍予科士官学校歴史付録職員表』(資料綴) 防衛研究所所蔵"},{"sequence":"57","original_text":"陸軍將校生徒試験常置委員編『改訂版輝く陸軍將校生徒: 陸軍幼年学校受験入校の手引』1940, 大日本雄弁会講談社"},{"sequence":"58","original_text":"陸軍航空士官学校史刊行会編『陸軍航空士官学校』陸軍航空士官学校史刊行会, 1996"},{"sequence":"59","original_text":"陸軍予科士官学校高等官集会所『振武台の教育』開成館, 1944(復刻版, 鵬和出版1987)"},{"sequence":"60","original_text":"陸士57期航空誌編集委員会著・編『陸士57期航空誌』陸士第57期同期生会, 1995"},{"sequence":"61","original_text":"陸軍兵学寮『仏国陣中軌典抄』1873(1874訂正版)"},{"sequence":"62","original_text":"六十期生会期史編纂特別委員会編『陸軍士官学校第六十期生史』六十期生会, 1978"},{"sequence":"63","original_text":"山崎正男編「陸軍士官学校」秋元書房, 1969"},{"sequence":"64","original_text":"山下暁美「戦時下における敵性語教育一日・米軍の言語教育をめぐって」常磐大学人間科学部紀要『人間科学』13巻2号,1996"},{"sequence":"65","original_text":"吉田元久「陸軍の教育(幹部の教育)自昭和十六年至終戦』(稿本) 防衛研究所所蔵"}]}}