{"status":"OK","apiType":"doi","apiVersion":"1.0.0","message":{"total":1,"rows":1,"totalPages":1,"page":1},"data":{"siteId":"SI/JST.JSTAGE","content_type":"JA","doi":"10.11222/hisetjournal1986.2.0_1","url":"https://doi.org/10.11222/hisetjournal1986.2.0_1","ra":"JaLC","prefix":"10.11222","site_name":"J-STAGE","publisher_list":[{"publisher_name":"Society for Historical Studies of English Teaching in Japan","lang":"en"},{"publisher_name":"日本英語教育史学会","lang":"ja"}],"title_list":[{"lang":"ja","title":"発音記号の日本への移入史"}],"creator_list":[{"sequence":"1","type":"person","names":[{"lang":"ja","last_name":"南","first_name":"精一"}]}],"publication_date":{"publication_year":"1987"},"relation_list":[{"content":"https://www.jstage.jst.go.jp/article/hisetjournal1986/2/0/2_1/_pdf","type":"URL","relation":"fullTextPdf"}],"content_language":"ja","updated_date":"2014-12-09","article_type":"pub","journal_id_list":[{"journal_id":"0916-006X","type":"ISSN","issn_type":"print"},{"journal_id":"2187-1779","type":"ISSN","issn_type":"online"},{"journal_id":"hisetjournal1986","type":"JID"}],"journal_title_name_list":[{"journal_title_name":"HiSET Journal: Journal on Historical Studies of English Teaching in Japan","type":"full","lang":"en"},{"journal_title_name":"HiSET Journal","type":"abbreviation","lang":"en"},{"journal_title_name":"日本英語教育史研究","type":"full"},{"journal_title_name":"日本英語教育史研究","type":"abbreviation"}],"journal_classification":"01","recorded_year":"1986-2008","volume":"2","issue":"0","first_page":"1","last_page":"16","date":"2012-10-29","citation_list":[{"sequence":"1","original_text":"1. 大西雅雄「英語発音の研究」旺文社 1952"},{"sequence":"2","original_text":"2. 市河三喜「英語教授法事典」開拓社 1967"},{"sequence":"3","original_text":"3. D. Jones, English Pronouncing Dictionary, Every man's 1967"},{"sequence":"4","original_text":"4, 日本の英学100年編集部「日本の英学100年」(明治編) 研究社 1968"},{"sequence":"5","original_text":"5. 日本の英学100年編集部「日本の英学100年」(大正編) 研究社 1968"},{"sequence":"6","original_text":"6. 日本の英学100年編集部「日本の英学100年」(昭和編) 研究社 1969"},{"sequence":"7","original_text":"7. J. D. O'Corner, Phonetic&amp; Penguin Books 1973"},{"sequence":"8","original_text":"8. D. Jones Revised by A. C. Gimson, English Pronunciation English J. M. Dent &amp; Sons Ltd. 1977"},{"sequence":"9","original_text":"19779. 池本明「英語音声学」杉山書店 1977"},{"sequence":"10","original_text":"10. 兼弘正雄「英語音声学」山口書店 1984"},{"sequence":"11","original_text":"11. 占村昭「海の祭礼」文芸春秋 1986"}]}}