{"status":"OK","apiType":"doi","apiVersion":"1.0.0","message":{"total":1,"rows":1,"totalPages":1,"page":1},"data":{"siteId":"SI/JST.JSTAGE","content_type":"JA","doi":"10.11222/hisetjournal1986.22.0_23","url":"https://doi.org/10.11222/hisetjournal1986.22.0_23","ra":"JaLC","prefix":"10.11222","site_name":"J-STAGE","publisher_list":[{"publisher_name":"Society for Historical Studies of English Teaching in Japan","lang":"en"},{"publisher_name":"日本英語教育史学会","lang":"ja"}],"title_list":[{"lang":"ja","title":"京都府師範学校附属小学校における英語教育"}],"creator_list":[{"sequence":"1","type":"person","names":[{"lang":"ja","last_name":"竹中","first_name":"龍範"}]}],"publication_date":{"publication_year":"2007"},"relation_list":[{"content":"https://www.jstage.jst.go.jp/article/hisetjournal1986/22/0/22_23/_pdf","type":"URL","relation":"fullTextPdf"}],"content_language":"ja","updated_date":"2014-12-09","article_type":"pub","journal_id_list":[{"journal_id":"0916-006X","type":"ISSN","issn_type":"print"},{"journal_id":"2187-1779","type":"ISSN","issn_type":"online"},{"journal_id":"hisetjournal1986","type":"JID"}],"journal_title_name_list":[{"journal_title_name":"HiSET Journal: Journal on Historical Studies of English Teaching in Japan","type":"full","lang":"en"},{"journal_title_name":"HiSET Journal","type":"abbreviation","lang":"en"},{"journal_title_name":"日本英語教育史研究","type":"full"},{"journal_title_name":"日本英語教育史研究","type":"abbreviation"}],"journal_classification":"01","recorded_year":"1986-2008","volume":"22","issue":"0","first_page":"23","last_page":"42","date":"2012-10-29","citation_list":[{"sequence":"1","original_text":"岡倉由三郎(1911)『英語教育』(博文館, 明治44)"},{"sequence":"2","original_text":"京都教育大学教育学部附属京都小学校百周年記念誌編纂委員会編(1981)『京都教育大学教育学部附属京都小学校百周年記念誌』(京都教育大学教育学部附属京都小学校百周年記念事業委員会, 昭和56)"},{"sequence":"3","original_text":"京都教育大学附属図書館(2006)『教科書展中等教育用教科書(英語編)』解説目録(京都教育大学附属図書館, 2006)"},{"sequence":"4","original_text":"京都府師範学校附属小学校編(1927)『各科指導の真髄』(杉本書店, 昭和2)"},{"sequence":"5","original_text":"京都府師範学校附属小挙校(1931)『各科具体的指導要諦』(東洋図書, 昭和6)"},{"sequence":"6","original_text":"京都府師範学校附属小学校第二教室編(1928)『育英十年』(京都府師範学校附属小学校第二教室, 昭和3; 復刻版大空社, 1997)"},{"sequence":"7","original_text":"京都府立総合資料館編(1972)『京都府百年の資料五教育編』(京都府, 昭和47)"},{"sequence":"8","original_text":"三國谷三四郎編(1938)『京都府師範学校沿革史』(京都府師範学校, 昭和13)"}]}}