{"status":"OK","apiType":"doi","apiVersion":"1.0.0","message":{"total":1,"rows":1,"totalPages":1,"page":1},"data":{"siteId":"SI/JST.JSTAGE","content_type":"JA","doi":"10.11222/hisetjournal1986.1.0_83","url":"https://doi.org/10.11222/hisetjournal1986.1.0_83","ra":"JaLC","prefix":"10.11222","site_name":"J-STAGE","publisher_list":[{"publisher_name":"Society for Historical Studies of English Teaching in Japan","lang":"en"},{"publisher_name":"日本英語教育史学会","lang":"ja"}],"title_list":[{"lang":"ja","title":"明治前期大学予備教育機関の成立"}],"creator_list":[{"sequence":"1","type":"person","names":[{"lang":"ja","last_name":"茂住","first_name":"實男"}]}],"publication_date":{"publication_year":"1986"},"relation_list":[{"content":"https://www.jstage.jst.go.jp/article/hisetjournal1986/1/0/1_83/_pdf","type":"URL","relation":"fullTextPdf"}],"content_language":"ja","updated_date":"2014-12-09","article_type":"pub","journal_id_list":[{"journal_id":"0916-006X","type":"ISSN","issn_type":"print"},{"journal_id":"2187-1779","type":"ISSN","issn_type":"online"},{"journal_id":"hisetjournal1986","type":"JID"}],"journal_title_name_list":[{"journal_title_name":"HiSET Journal: Journal on Historical Studies of English Teaching in Japan","type":"full","lang":"en"},{"journal_title_name":"HiSET Journal","type":"abbreviation","lang":"en"},{"journal_title_name":"日本英語教育史研究","type":"full"},{"journal_title_name":"日本英語教育史研究","type":"abbreviation"}],"journal_classification":"01","recorded_year":"1986-2008","volume":"1","issue":"0","first_page":"83","last_page":"96","date":"2012-10-29","citation_list":[{"sequence":"1","original_text":"1)仲新『明治の教育』昭和42年, 至文堂, 97頁."},{"sequence":"2","original_text":"3)『明治以降教育制度発達史』(1), 501頁"},{"sequence":"3","original_text":"4)『明治以降教育制度発達史』(1), 338-339頁."},{"sequence":"4","original_text":"6)前掲「発達史」(1)311頁以下."},{"sequence":"5","original_text":"7)『文部省第一年報』164丁."},{"sequence":"6","original_text":"8)『東京帝国大学五十年史』(上)昭和7年, 東京帝国大学, 259頁."},{"sequence":"7","original_text":"9)『東京大学百年史』(資料一)昭和59年, 東京大学, 63頁所収."},{"sequence":"8","original_text":"10)前掲『東京帝国大学五十年史』(上)264-268頁."},{"sequence":"9","original_text":"11)前掲『東京帝国大学五十年史』(上), 269頁."},{"sequence":"10","original_text":"12)前掲『文部省第一年報』168丁."},{"sequence":"11","original_text":"13)前掲『文部省第一年報』, 169丁および172丁."},{"sequence":"12","original_text":"14)前掲「発達史」(1)574-580頁所収."},{"sequence":"13","original_text":"15)日本教育史研究所(仲新)所蔵."},{"sequence":"14","original_text":"17)『文部省第三年綴』550頁所収."},{"sequence":"15","original_text":"18)前掲『菓京大学百年史』(通史一)349頁."},{"sequence":"16","original_text":"19)前掲『文部省第三年報』560頁所収."},{"sequence":"17","original_text":"20)『文部省第二年報』419頁所収."},{"sequence":"18","original_text":"21)『文部省第二年報』, 418頁."},{"sequence":"19","original_text":"24)前掲『日本近代教育百年史』(3)779頁."},{"sequence":"20","original_text":"25)前掲『明治の教育』145頁."},{"sequence":"21","original_text":"26)前掲「日本近代教育百年史』(3)789頁, 前掲「発達史」(1)711頁参照."},{"sequence":"22","volume":"17","first_page":"428","publication_date":{"publication_year":"2008"},"original_text":"28)『明治以降教育制度発達史』(2)昭和39年, 教育資料調査会, 428頁所収."},{"sequence":"23","original_text":"29)前掲『東京大学百年史』(通史一)580頁所収."},{"sequence":"24","original_text":"30)前掲『東京大学百年史』(通史一), 581頁所収."},{"sequence":"25","original_text":"31)前掲『第一高等学校六十年史』67-68頁."},{"sequence":"26","original_text":"32)前掲『東京大学百年史』(通史一)590頁."},{"sequence":"27","issue":"159","first_page":"150","publication_date":{"publication_year":"2003"},"original_text":"33)『明治以降教育制度発達史』(3)昭和39年, 教育資料調査会, 150頁."}]}}