{"status":"OK","apiType":"doi","apiVersion":"1.0.0","message":{"total":1,"rows":1,"totalPages":1,"page":1},"data":{"siteId":"SI/JST.JSTAGE","content_type":"JA","doi":"10.11222/hisetjournal1986.20.0_91","url":"https://doi.org/10.11222/hisetjournal1986.20.0_91","ra":"JaLC","prefix":"10.11222","site_name":"J-STAGE","publisher_list":[{"publisher_name":"Society for Historical Studies of English Teaching in Japan","lang":"en"},{"publisher_name":"日本英語教育史学会","lang":"ja"}],"title_list":[{"lang":"ja","title":"台湾における中等教育の英語-日本統治末期と中華民国接収初期に関わる基礎研究-"}],"creator_list":[{"sequence":"1","type":"person","names":[{"lang":"ja","last_name":"相川","first_name":"真佐夫"}]}],"publication_date":{"publication_year":"2005"},"relation_list":[{"content":"https://www.jstage.jst.go.jp/article/hisetjournal1986/20/0/20_91/_pdf","type":"URL","relation":"fullTextPdf"}],"content_language":"ja","updated_date":"2014-12-09","article_type":"pub","journal_id_list":[{"journal_id":"0916-006X","type":"ISSN","issn_type":"print"},{"journal_id":"2187-1779","type":"ISSN","issn_type":"online"},{"journal_id":"hisetjournal1986","type":"JID"}],"journal_title_name_list":[{"journal_title_name":"HiSET Journal: Journal on Historical Studies of English Teaching in Japan","type":"full","lang":"en"},{"journal_title_name":"HiSET Journal","type":"abbreviation","lang":"en"},{"journal_title_name":"日本英語教育史研究","type":"full"},{"journal_title_name":"日本英語教育史研究","type":"abbreviation"}],"journal_classification":"01","recorded_year":"1986-2008","volume":"20","issue":"0","first_page":"91","last_page":"109","date":"2012-10-29","citation_list":[{"sequence":"1","original_text":"伊村元道(2003)「日本の英語教育200年』東京: 大修館書店"},{"sequence":"2","original_text":"大村喜吉・高梨健吉. 出来成訓(編)『英語教育史資料』東京: 東京法令出版"},{"sequence":"3","original_text":"小篠敏明・江利川春雄(編著)(2004)『英語教科書の歴史的研究』東京: 辞游社"},{"sequence":"4","original_text":"黄自来(編著)(1993)『英語教学拓新與深化』台北1文鶴出版"},{"sequence":"5","original_text":"在知亭(1978)『台湾教育史料新編』台北: 台湾商務"},{"sequence":"6","original_text":"何清欽(1980)『光復初期之台湾教育』高雄: 復文圖書出版社"},{"sequence":"7","original_text":"金谷俊郎(1972)「台湾「光復」後の中華民国の教育政策, 教育剃度と教育の発展i阿部宗光・阿部洋編『韓国と台湾の教育開発』pp. 292-356東京: アジア研究所"},{"sequence":"8","original_text":"許恪士(1955)「光復前後之台湾教育」呉俊升等『申華民國教育誌』pp. 1-33台北: 中華文化出版事業委員會"},{"sequence":"9","original_text":"教育部(1948)『修訂中学課程標準』民国37年12月10日公布南京: 民生印書舘"},{"sequence":"10","original_text":"教育史編纂会(編)(1939)『明治以降教育制度発達史』第11巻東京: 龍吟社"},{"sequence":"11","original_text":"近代日本教育制度史料編纂会(編)(1956)『近代日本教育制度史料』第8～9巻東京: 大日本雄弁会講談社"},{"sequence":"12","original_text":"佐藤恵一(1989)「満洲国(その背景と教育から見た英語像)」『日本英語教育史研究』4号pp. 149-179"},{"sequence":"13","original_text":"佐藤恵一(1993)「旧植民地英語教育一満洲国及び内地における英語教育とその周辺」『日本英語教育史研究』8号pp. 23-39"},{"sequence":"14","original_text":"謝國平(1980)「中華民國(英)語教學規劃的簡略回顧」『英語教學』5巻1期pp. 15-21"},{"sequence":"15","original_text":"鍾清漢(1993)『日本植民地下における台湾教育史』東京1多賀出版"},{"sequence":"16","original_text":"所澤潤・陳漢升(1996)「聴取り調査: 外地の進学体験(皿)抵抗の地・龍潭から, 基隆中学校を経て,長崎医科大学卒業」群馬大学教育学部紀要人文・社会科学編 第45巻pp.97-163."},{"sequence":"17","original_text":"鈴木賢(2003)「外来法支配の終焉: 法律家の変容に着目して」『アジア遊学』No.48p, 54-66東京: 勉誠出版"},{"sequence":"18","original_text":"台湾教育会(編)(1939)『台湾教育沿革誌』(1995年復刻版)台北: 南天書局"},{"sequence":"19","original_text":"台湾教育発展史料彙編編輯委員会(1985)『台湾教育発展史料貴編: 高中教育編』台中: 省立台中図書"},{"sequence":"20","original_text":"台湾省行政長官公署統計室(編)(1946)『台湾省五十一年来統計提要誰台北: 台湾省行政長官公署統計室"},{"sequence":"21","original_text":"台湾総督官房文書課(編)(1943)『台湾総督府官報』台北: 台湾日日新報社"},{"sequence":"22","original_text":"杜武志(1997)『日治時期的殖民教育』板橋: 台北県立文化中心"},{"sequence":"23","original_text":"内閣(1943)JACAR(アジア歴史資料センター)ReAO3010141200, 台湾教育令中ヲ改正ス(公文類聚・第六十七編・昭和十八年・第百一巻・学事一・学制・教育費)(国立公文書館)"},{"sequence":"24","original_text":"日本の英学100年編集部(編)(1969)『日本の英学100年昭和編」東京: 研究社"},{"sequence":"25","original_text":"山本禮子(1999)『植民地台湾の高等女学校研究』東京: 多賀出版"},{"sequence":"26","original_text":"來安民(1996)「台湾中學教育之演進」徐南號主編『台湾教育史(増訂版)」pp.33-158台北:師苑"},{"sequence":"27","original_text":"李園會(1984)『台湾光復時期與政府遷台初期教育政策之研究』高雄: 復文圏書出版社"},{"sequence":"28","original_text":"林語堂(1950)『開明第一英文讃本』(初版は1937年)台北: 開明書店"},{"sequence":"29","original_text":"林語堂(1950)『開明第二英文讃本』(初版は1937年〉台北: 開明書店"},{"sequence":"30","original_text":"林語堂(1950)『開明第三英文讃本』(初版は1937年)台北: 開明書店"}]}}