{"status":"OK","apiType":"doi","apiVersion":"1.0.0","message":{"total":1,"rows":1,"totalPages":1,"page":1},"data":{"siteId":"SI/JST.JSTAGE","content_type":"JA","doi":"10.11222/hisetjournal1986.8.0_123","url":"https://doi.org/10.11222/hisetjournal1986.8.0_123","ra":"JaLC","prefix":"10.11222","site_name":"J-STAGE","publisher_list":[{"publisher_name":"Society for Historical Studies of English Teaching in Japan","lang":"en"},{"publisher_name":"日本英語教育史学会","lang":"ja"}],"title_list":[{"lang":"ja","title":"ナットール系英和辞書の系譜 -『英和字典』の編纂方法を中心に-"}],"creator_list":[{"sequence":"1","type":"person","names":[{"lang":"ja","last_name":"早川","first_name":"勇"}]}],"publication_date":{"publication_year":"1993"},"relation_list":[{"content":"https://www.jstage.jst.go.jp/article/hisetjournal1986/8/0/8_123/_pdf","type":"URL","relation":"fullTextPdf"}],"content_language":"ja","updated_date":"2014-12-09","article_type":"pub","journal_id_list":[{"journal_id":"0916-006X","type":"ISSN","issn_type":"print"},{"journal_id":"2187-1779","type":"ISSN","issn_type":"online"},{"journal_id":"hisetjournal1986","type":"JID"}],"journal_title_name_list":[{"journal_title_name":"HiSET Journal: Journal on Historical Studies of English Teaching in Japan","type":"full","lang":"en"},{"journal_title_name":"HiSET Journal","type":"abbreviation","lang":"en"},{"journal_title_name":"日本英語教育史研究","type":"full"},{"journal_title_name":"日本英語教育史研究","type":"abbreviation"}],"journal_classification":"01","recorded_year":"1986-2008","volume":"8","issue":"0","first_page":"123","last_page":"140","date":"2012-10-29","citation_list":[{"sequence":"1","original_text":"(1) British Museum General Catalogue of Printed Books (London: Trustees of the British Museum, 1959 66)"},{"sequence":"2","original_text":"(2)江利川春雄「小学校用文部省英語読本について」(日本英語教育史学会第8回全国大会研究発表レジメ, 1992)"},{"sequence":"3","original_text":"(3)飯泉新吾『丸善百年史資料編』(丸善株式会社1981)"},{"sequence":"4","original_text":"(4) Ilson, R. F.: &ldquo;Lexicographic Archaeology: Comparing Dictionaries of the Same Family, &rdquo;in The History of Lexicography (Amsterdam: John Benjamins Publishing Company, 1986)"},{"sequence":"5","original_text":"(5)石井研堂「明治初期に出版した英和辞書」『新旧時代』(第3年第2冊, 1927)"},{"sequence":"6","original_text":"(6)岩崎克己『柴田昌吉伝』(一誠堂書店1935)"},{"sequence":"7","original_text":"(7)竹中龍範「英語学習辞書の変遷-昭和戦前期まで-」『日本英語教育史研究』(第2号, 1987)"},{"sequence":"8","original_text":"(8}豊田実『日本英学史の研究』(岩波書店1939)"},{"sequence":"9","original_text":"(9)町田俊昭『三代の辞書英和・和英辞書百年小史』(三省堂1971)"},{"sequence":"10","original_text":"(10)森岡健二編著「改訂近代語の成立語彙編」(明治書院1991)"},{"sequence":"11","original_text":"(11)永嶋大典『蘭和・英和辞書発達史』(講談社1970)"},{"sequence":"12","original_text":"(12) The National Union Catalogue Pre-1956 Imprints (London: Mansell Information/Publishing Limited, 1968-81 )"},{"sequence":"13","original_text":"(13)大村喜吉・高梨健吉・出来成訓共編『英語教育史資料第4巻英語辞書・雑誌史ほか』(東京法令出版1980)"},{"sequence":"14","first_page":"1988","publication_date":{"publication_year":"1988"},"original_text":"(14) O' Neill, R. K.: English-Language Dictionaries, 1604 1900 (New York: Greenwood Press. 1988 )"},{"sequence":"15","original_text":"(15)大阪女子大学附属図書館『大阪女子大学蔵日本英学資料解題』(1962)"},{"sequence":"16","original_text":"(16)大阪女子大学附属図書館『大阪女子大学蔵蘭学英学資料選』(1991)"},{"sequence":"17","original_text":"(17)菅原光穂「ウェブスター辞書の系譜」『岐阜大学教養部研究報告』(24号, 1989)"},{"sequence":"18","original_text":"(18)菅原光穂「ウェブスター辞書の系譜-その2-」『岐阜大学教養部研究報告』(第26号, 1991)"},{"sequence":"19","original_text":"(19)杉本つとむ『日本英語文化史の研究』(八坂書房1985)"}]}}