{"status":"OK","apiType":"doi","apiVersion":"1.0.0","message":{"total":1,"rows":1,"totalPages":1,"page":1},"data":{"siteId":"SI/JST.JSTAGE","content_type":"JA","doi":"10.11222/hisetjournal1986.14.0_155","url":"https://doi.org/10.11222/hisetjournal1986.14.0_155","ra":"JaLC","prefix":"10.11222","site_name":"J-STAGE","publisher_list":[{"publisher_name":"Society for Historical Studies of English Teaching in Japan","lang":"en"},{"publisher_name":"日本英語教育史学会","lang":"ja"}],"title_list":[{"lang":"ja","title":"教養英語(福原英語)の現代における可能性"}],"creator_list":[{"sequence":"1","type":"person","names":[{"lang":"ja","last_name":"山田","first_name":"豪"}]}],"publication_date":{"publication_year":"1999"},"relation_list":[{"content":"https://www.jstage.jst.go.jp/article/hisetjournal1986/14/0/14_155/_pdf","type":"URL","relation":"fullTextPdf"}],"content_language":"ja","updated_date":"2014-12-09","article_type":"pub","journal_id_list":[{"journal_id":"0916-006X","type":"ISSN","issn_type":"print"},{"journal_id":"2187-1779","type":"ISSN","issn_type":"online"},{"journal_id":"hisetjournal1986","type":"JID"}],"journal_title_name_list":[{"journal_title_name":"HiSET Journal: Journal on Historical Studies of English Teaching in Japan","type":"full","lang":"en"},{"journal_title_name":"HiSET Journal","type":"abbreviation","lang":"en"},{"journal_title_name":"日本英語教育史研究","type":"full"},{"journal_title_name":"日本英語教育史研究","type":"abbreviation"}],"journal_classification":"01","recorded_year":"1986-2008","volume":"14","issue":"0","first_page":"155","last_page":"172","date":"2012-10-29","citation_list":[{"sequence":"1","original_text":"1福原麟太郎 The Globe Readers (1-3)(研究社, 1953)"},{"sequence":"2","original_text":"2太田・伊藤 The New Horizon EC(1ー3)(東京書籍, 1966)"},{"sequence":"3","original_text":"3福原麟太郎『The Globe Readers解説書』(研究社, 1953)"},{"sequence":"4","original_text":"4太田・伊藤『The New Horizon EC新しい英語指導のために』(東京書籍, 1966)"},{"sequence":"5","original_text":"5太田・伊藤『The New Horizon EC教材の考え方と教え方』(東京書籍. 1973)"},{"sequence":"6","original_text":"6石橋幸太郎『英語教育-主張と独語-』(開拓社, 1963)"},{"sequence":"7","original_text":"7英語青年編集部『英語青年』(研究社出版1981, 6月号, その他)"},{"sequence":"8","original_text":"8大村・高梨・出来『英語教育史資料第1巻』(東京法令出版, 1980)"},{"sequence":"9","original_text":"9大村・高梨・出来『英語教育史資料第5巻』(東京法令出版, 1980)"},{"sequence":"10","original_text":"10大村・高梨『日本の英語教育史』(大修館書店, 1991)"},{"sequence":"11","original_text":"11斉藤美洲『英語教育概説』(岩崎書店, 1951)"},{"sequence":"12","original_text":"12佐藤高明『教科書検定の現場から』(早稲田出版, 1987)"},{"sequence":"13","original_text":"13高梨健吉ほか『英語教育問題の変遷』(研究社, 1979)"},{"sequence":"14","original_text":"14高梨健吉『英語の先生, 昔と今-その情熱の先駆者たち』(日本図書ライブ, 1985)"},{"sequence":"15","original_text":"15高梨健吉『日本英学史考』(東京法令出版, 1996)"},{"sequence":"16","original_text":"16東京書籍編『近代教科書の変遷東京書籍七十年史』(東京書籍, 1980)"},{"sequence":"17","original_text":"17東京文理科大学『東京文理科大学閉学記念誌』(国際文献印刷社, 1955)"},{"sequence":"18","original_text":"18日本教職員組合『中学校教科書白書-1993年版教科書の分析と批判』(日教組, 1992)"},{"sequence":"19","original_text":"19福原麟太郎監修『ある英文教室の100年』(大修館書店, 1978)"},{"sequence":"20","original_text":"20福原麟太郎編『英語教育事典』(研究社, 1961)"},{"sequence":"21","original_text":"21福原麟太郎『英語を学ぶ入々の為に』(研究社, 1946)"},{"sequence":"22","original_text":"22福原麟太郎『英語教育論』(研究社, 1948)"},{"sequence":"23","original_text":"23福原麟太郎『この世に生きること』(文芸春秋新社, 1954)"},{"sequence":"24","original_text":"24福原麟太郎『英学雑談』(研究社, 1955)"},{"sequence":"25","original_text":"25福原麟太郎『鎮魂の賦』(創元社, 1958)"},{"sequence":"26","original_text":"26福原麟太郎『日本の英学史』(新潮社, 1959)"},{"sequence":"27","original_text":"27福原麟太郎『英語の感覚』(研究社, 1959)"},{"sequence":"28","original_text":"28福原麟太郎「日本の大学における英語教育」『現代英語教育講座』(研究社, 1964)"},{"sequence":"29","original_text":"29福原麟太郎『英文学随筆』(八潮出版社, 1964)"},{"sequence":"30","original_text":"30福原麟太郎『野方閑居の記』(新潮社, 1964)"},{"sequence":"31","first_page":"101","publication_date":{"publication_year":"1965"},"original_text":"31福原麟太郎『文学と文明』(文芸春秋新社, 1965)"},{"sequence":"32","original_text":"32福原麟太郎『英学三講』(法政大学出版局, 1967)"},{"sequence":"33","original_text":"33福原麟太郎『福原麟太郎著作集9』(研究社, 1969)"},{"sequence":"34","original_text":"34福原麟太郎『この道を行く』(大和書房, 1971)"},{"sequence":"35","original_text":"35福原麟太郎『天才について』(毎日新聞社, 1972)"},{"sequence":"36","original_text":"36福原麟太郎『夏目漱石』(荒竹出版, 1976)"},{"sequence":"37","original_text":"37福原麟太郎『日本の英語』(恒文社, 1997)"},{"sequence":"38","original_text":"38福原雛恵『福原麟太郎追悼録』(福原麟太郎追悼録刊行会, 1987)"}]}}