{"status":"OK","apiType":"doi","apiVersion":"1.0.0","message":{"total":1,"rows":1,"totalPages":1,"page":1},"data":{"siteId":"SI/JST.JSTAGE","content_type":"JA","doi":"10.11222/hisetjournal1986.14.0_105","url":"https://doi.org/10.11222/hisetjournal1986.14.0_105","ra":"JaLC","prefix":"10.11222","site_name":"J-STAGE","publisher_list":[{"publisher_name":"Society for Historical Studies of English Teaching in Japan","lang":"en"},{"publisher_name":"日本英語教育史学会","lang":"ja"}],"title_list":[{"lang":"ja","title":"英語教科書における教材内容の変容と日本文学"}],"creator_list":[{"sequence":"1","type":"person","names":[{"lang":"ja","last_name":"石井","first_name":"俊彦"}]}],"publication_date":{"publication_year":"1999"},"relation_list":[{"content":"https://www.jstage.jst.go.jp/article/hisetjournal1986/14/0/14_105/_pdf","type":"URL","relation":"fullTextPdf"}],"content_language":"ja","updated_date":"2014-12-09","article_type":"pub","journal_id_list":[{"journal_id":"0916-006X","type":"ISSN","issn_type":"print"},{"journal_id":"2187-1779","type":"ISSN","issn_type":"online"},{"journal_id":"hisetjournal1986","type":"JID"}],"journal_title_name_list":[{"journal_title_name":"HiSET Journal: Journal on Historical Studies of English Teaching in Japan","type":"full","lang":"en"},{"journal_title_name":"HiSET Journal","type":"abbreviation","lang":"en"},{"journal_title_name":"日本英語教育史研究","type":"full"},{"journal_title_name":"日本英語教育史研究","type":"abbreviation"}],"journal_classification":"01","recorded_year":"1986-2008","volume":"14","issue":"0","first_page":"105","last_page":"120","date":"2012-10-29","citation_list":[{"sequence":"1","original_text":"稲村松雄『教科書中心昭和英語教育史』開隆堂, 1986"},{"sequence":"2","original_text":"山住正己『日本教育小史一一欄近・現代一』岩波新書, 1987"},{"sequence":"3","original_text":"佐藤和夫『海を越えた俳句』丸善ライブラリー, 1991"},{"sequence":"4","original_text":"佐々木輝雄『新旧指導要領の対比と考察中学校外国語(英語)科』明治図書, 1989『文部省発表中学校学習指導要領昭和52年(1977)改訂版』明治図書, 1977"},{"sequence":"5","original_text":"文部省『中学校指導書外国語編英語編』開隆堂, 1989"},{"sequence":"6","original_text":"文部省『高等学校学習指導要領解説外国語編英語編』教育出版, 1989"},{"sequence":"7","original_text":"文部省『高等学校教科書目録(平成11年度用)』文部省, 1998"},{"sequence":"8","original_text":"臨時教育審議会『教育改革に関する第二次答申』, 1986"},{"sequence":"9","original_text":"臨時教育審議会r教育改革に関する第三次答申」, 1987"},{"sequence":"10","original_text":"臨時教育審議会r教育改革に関する第四次答申(最終答申)」, 1987"},{"sequence":"11","original_text":"木下順二「夕鶴」未来社, 1987"},{"sequence":"12","original_text":"佐々木徳夫『遠野に生きっづけた昔』講談社, 1976"},{"sequence":"13","original_text":"稲田浩二・稲田和子編『日本昔話100選』講談社+α 文庫, 1996"},{"sequence":"14","original_text":"興津要編「古典落語(上)」講談社文庫, 1972"},{"sequence":"15","original_text":"瀬川拓男・松谷みよ子編「日本の民話11民衆の笑い話』角川書店, 1973"}]}}