{"status":"OK","apiType":"doi","apiVersion":"1.0.0","message":{"total":1,"rows":1,"totalPages":1,"page":1},"data":{"siteId":"SI/JST.JSTAGE","content_type":"JA","doi":"10.11222/hisetjournal1986.15.0_1","url":"https://doi.org/10.11222/hisetjournal1986.15.0_1","ra":"JaLC","prefix":"10.11222","site_name":"J-STAGE","publisher_list":[{"publisher_name":"Society for Historical Studies of English Teaching in Japan","lang":"en"},{"publisher_name":"日本英語教育史学会","lang":"ja"}],"title_list":[{"lang":"ja","title":"外国語教科書史の計量的研究(1)-文部省著作および検定済教科書-"}],"creator_list":[{"sequence":"1","type":"person","names":[{"lang":"ja","last_name":"江利川","first_name":"春雄"}]}],"publication_date":{"publication_year":"2000"},"relation_list":[{"content":"https://www.jstage.jst.go.jp/article/hisetjournal1986/15/0/15_1/_pdf","type":"URL","relation":"fullTextPdf"}],"content_language":"ja","updated_date":"2014-12-09","article_type":"pub","journal_id_list":[{"journal_id":"0916-006X","type":"ISSN","issn_type":"print"},{"journal_id":"2187-1779","type":"ISSN","issn_type":"online"},{"journal_id":"hisetjournal1986","type":"JID"}],"journal_title_name_list":[{"journal_title_name":"HiSET Journal: Journal on Historical Studies of English Teaching in Japan","type":"full","lang":"en"},{"journal_title_name":"HiSET Journal","type":"abbreviation","lang":"en"},{"journal_title_name":"日本英語教育史研究","type":"full"},{"journal_title_name":"日本英語教育史研究","type":"abbreviation"}],"journal_classification":"01","recorded_year":"1986-2008","volume":"15","issue":"0","first_page":"1","last_page":"22","date":"2012-10-29","citation_list":[{"sequence":"1","original_text":"江利川春雄「高等小学校の英語教科書」中村紀久二編『教科書の編纂・発行等教科書制度の変遷に関する調査研究』(文部省科研報告書)1997"},{"sequence":"2","original_text":"江利川春雄「検定外国語教科書の形成と定着」(江利川ほか編『英語科授業学の今日的課題-青木庸数教授退官記念論文集』金星堂1997"},{"sequence":"3","original_text":"江利川春雄「英語教科書(定番教材)の研究」『英語教育』大修館書店1997年10月号"},{"sequence":"4","original_text":"江利川春雄「英語教科書の図像学(1)-(12)」『現代英語教育』研究社出版1997年4月号-98年3月号"},{"sequence":"5","original_text":"江利川春雄「英語教科書にみる文学教材の変遷」『英語教育』大修館書店1998年5月号"},{"sequence":"6","original_text":"江利川春雄「英語教科書の変遷史」『英語教育』大修館書店1999年1月号"},{"sequence":"7","original_text":"江利川春雄「英語教科書の文化史的価値」『辞游File』No. 4辞游社1999"},{"sequence":"8","original_text":"江利川春雄ほか「小学校用英語教科書の刊行目録とその考察」『鈴鹿工業高等専門学校紀要』29巻1号1996"},{"sequence":"9","original_text":"大村喜吉, 高梨健吉, 出来成訓編『英語教育史資料3・英語教科書の変遷』東京法令1980"},{"sequence":"10","original_text":"教科書図書館「東書文庫」『東書文庫所蔵教科用図馨目録』第1集(1979), 第2集(1981)東京書籍"},{"sequence":"11","original_text":"国立国会図書館『国立国会図書館所蔵明治期刊行図書目録第5集』国立国会図書館1994"},{"sequence":"12","original_text":"高梨健吉,出来成訓『英語教科書の歴史と解題』(英語教科書名著選集.別巻)大空社1993"},{"sequence":"13","original_text":"鳥居美和子『明治以降教科書総合目録I小学校篇』小宮山書店1967"},{"sequence":"14","original_text":"鳥居美和子『明治以降教科書総合目録II中学校篇』小宮山書店1985"},{"sequence":"15","original_text":"中村紀久二『検定済教科用図書表解題』芳文閣1986"},{"sequence":"16","original_text":"中村紀久二ほか『教科書年表1871(明治4)-1995(平成7)』1996"},{"sequence":"17","original_text":"中村紀久二ほか『教科書関係法令目録明治5(1872)年-昭和20(1945)年』1996"},{"sequence":"18","original_text":"西岡淑雄「英習字教育史序説」『日本英語教育史研究』第3号1988"},{"sequence":"19","original_text":"西岡淑雄「高等小学校の英語教科書」(日本英語教育史学会第7回全国大会ハンドアウト1991)"},{"sequence":"20","original_text":"文部省『検定済教科用図書表』(復刻版,中村紀久二編纂・解題, 芳文閣, 1985～86)"},{"sequence":"21","original_text":"文部省『明治四十三年度現在師範学校・中学校・高等女学校使用教科図書表』1912"}]}}