{"status":"OK","apiType":"doi","apiVersion":"1.0.0","message":{"total":1,"rows":1,"totalPages":1,"page":1},"data":{"siteId":"SI/JST.JSTAGE","content_type":"JA","doi":"10.11222/hisetjournal1986.4.0_99","url":"https://doi.org/10.11222/hisetjournal1986.4.0_99","ra":"JaLC","prefix":"10.11222","site_name":"J-STAGE","publisher_list":[{"publisher_name":"Society for Historical Studies of English Teaching in Japan","lang":"en"},{"publisher_name":"日本英語教育史学会","lang":"ja"}],"title_list":[{"lang":"ja","title":"新渡戸稲造博士の英語教育論"}],"creator_list":[{"sequence":"1","type":"person","names":[{"lang":"ja","last_name":"今野","first_name":"鉄男"}]}],"publication_date":{"publication_year":"1989"},"relation_list":[{"content":"https://www.jstage.jst.go.jp/article/hisetjournal1986/4/0/4_99/_pdf","type":"URL","relation":"fullTextPdf"}],"content_language":"ja","updated_date":"2014-12-09","article_type":"pub","journal_id_list":[{"journal_id":"0916-006X","type":"ISSN","issn_type":"print"},{"journal_id":"2187-1779","type":"ISSN","issn_type":"online"},{"journal_id":"hisetjournal1986","type":"JID"}],"journal_title_name_list":[{"journal_title_name":"HiSET Journal: Journal on Historical Studies of English Teaching in Japan","type":"full","lang":"en"},{"journal_title_name":"HiSET Journal","type":"abbreviation","lang":"en"},{"journal_title_name":"日本英語教育史研究","type":"full"},{"journal_title_name":"日本英語教育史研究","type":"abbreviation"}],"journal_classification":"01","recorded_year":"1986-2008","volume":"4","issue":"0","first_page":"99","last_page":"110","date":"2012-10-29","citation_list":[{"sequence":"1","original_text":"1. 松隈俊子「新渡戸稲造」, みすず書房, 1969."},{"sequence":"2","original_text":"2. 「新渡戸稲造全集」第六巻, 教文館, 1969."},{"sequence":"3","original_text":"3. 「新渡戸稲造全集」第十五巻, 教文館, 1970."},{"sequence":"4","original_text":"4. 高梨健吉・大村喜吉「日本の英語教育史」, 大修館, 1975."},{"sequence":"5","original_text":"5. 大村喜吉・高梨健吉・出来成訓「英語教育史資料」第5巻, 東京法令出版, 1980."},{"sequence":"6","original_text":"6. 「新渡戸稲造全集」第十九巻, 教文館, 1985."},{"sequence":"7","original_text":"7. 松下菊人「国際人新渡戸稲造」, ニューカレント・インタナショナル, 1987."}]}}