{"status":"OK","apiType":"doi","apiVersion":"1.0.0","message":{"total":1,"rows":1,"totalPages":1,"page":1},"data":{"siteId":"SI/JST.JSTAGE","content_type":"JA","doi":"10.11222/hisetjournal1986.11.0_45","url":"https://doi.org/10.11222/hisetjournal1986.11.0_45","ra":"JaLC","prefix":"10.11222","site_name":"J-STAGE","publisher_list":[{"publisher_name":"Society for Historical Studies of English Teaching in Japan","lang":"en"},{"publisher_name":"日本英語教育史学会","lang":"ja"}],"title_list":[{"lang":"ja","title":"日本におけるComplement「補語」成立の一考察"}],"creator_list":[{"sequence":"1","type":"person","names":[{"lang":"ja","last_name":"伊藤","first_name":"裕道"}]}],"publication_date":{"publication_year":"1996"},"relation_list":[{"content":"https://www.jstage.jst.go.jp/article/hisetjournal1986/11/0/11_45/_pdf","type":"URL","relation":"fullTextPdf"}],"content_language":"ja","updated_date":"2014-12-09","article_type":"pub","journal_id_list":[{"journal_id":"0916-006X","type":"ISSN","issn_type":"print"},{"journal_id":"2187-1779","type":"ISSN","issn_type":"online"},{"journal_id":"hisetjournal1986","type":"JID"}],"journal_title_name_list":[{"journal_title_name":"HiSET Journal: Journal on Historical Studies of English Teaching in Japan","type":"full","lang":"en"},{"journal_title_name":"HiSET Journal","type":"abbreviation","lang":"en"},{"journal_title_name":"日本英語教育史研究","type":"full"},{"journal_title_name":"日本英語教育史研究","type":"abbreviation"}],"journal_classification":"01","recorded_year":"1986-2008","volume":"11","issue":"0","first_page":"45","last_page":"80","date":"2012-10-29","citation_list":[{"sequence":"1","original_text":"Bain, Alexander (1863), A Higher English Grammar. London: Longmans and Co. 1891."},{"sequence":"2","original_text":"出来成訓(1994), 「日本英語教育史考」東京, 東京法令出版."},{"sequence":"3","original_text":"井田好治(1968), 「英文法一紹介と研究」(「日本の英学100年-明治編」)"},{"sequence":"4","original_text":"石原益治(1916), 「英文構造法講義(『英語の友』よりつづく)」(大正5年〉「英語の日本」第9巻, 第1号. (1916)『自修英作文』東京, 研究社. 1921."},{"sequence":"5","original_text":"伊藤裕道(1991), 『「補語」の成立-19世紀英文法の「文の分析」-』「英語英文学論叢」第13号. 日本大学大学院英語英文学研究会(1993), 『日本における「5文型」形成の再検討-ネスフィールド・斎藤秀三郎の再評価-』「英語英文学論叢」第15号. 日本大学大学院英語英文学研究会(1994), 『「5文型」成立の再検討』(口頭発表)周本英語教育史学会第10回全国大会."},{"sequence":"6","original_text":"細江逸記(1917), 「英文法汎論』(大正6年)東京, 泰文堂. 1954."},{"sequence":"7","original_text":"Jespersen, Otto (1924), The Philosophy of Grammar, London: George and Allen &amp; Unwin. Mason, C. P. (1858), English Grammar: Including the Principles of Grammatical Analysis. London: Walton and Maberly. (1904), English Gr a mmar: Including Grammatical Analysis. 41th edition London: George Bell &amp; Sons."},{"sequence":"8","original_text":"宮井安吉(1912), 「英文法邦語新講義」(明治45年)東京, 裳華房."},{"sequence":"9","original_text":"宮井安吉(1912), 「英文法邦語新講義」(明治45年)東京, 裳華房, 三宅鴻(1976a), 「ことばのしくみ(7)女高生が泣いた話」「現代英語教育」6月号. (1976b), 『「補語」問題拾遺』「現代英語教育」8月号."},{"sequence":"10","original_text":"Morell, J. D. (1852), The Analysis of Sentences Explained and Systematised: with an Exposition of the Fundamental Laws of Syntax. rpt. London: Longmans, Green, &amp;Co. 1884."},{"sequence":"11","original_text":"Murray, Lindley (1795), English Grammar, adapting to the Different Classes of Learners. (『 Lindley Murry: English Grammar, adapting to the Different Classes of L earners. モルレイ氏著:英吉小文典』東京,南雲堂 1971.)"},{"sequence":"12","original_text":"名倉次郎(訳)(1900), 「子スフィールド氏第三英文典講義録」東京, 上原書店"},{"sequence":"13","original_text":"Nesfield, J. C. (1895), Idiom, Grammar, and Synthesis: A Manual of Practical and Theoretical English for High School and University Students (rpt. London: Macmillan, 1930)"},{"sequence":"14","original_text":"大村喜吉(1957), 「補語の導入一学校文法の成立一」「英語教育」8月号. (1960), 「齋藤秀三郎伝; その生涯と業績」東京, 吾妻書房. ・高梨健吉(編)(1968), r日本の英学100年」第1・2巻, 東京, 研究社"},{"sequence":"15","original_text":"大阪竹治(1911), 「英文法例題研究」(明治44年)「新英語2第二巻第四号, 東京, 研究社."},{"sequence":"16","original_text":"大塚高信(1955), 「文法の組織」東京, 研究社."},{"sequence":"17","original_text":"Onions (1904), An Advanced English Syntax, London, Kegan Paul., 1929. Quirk, Randolph et al. (1985), A Comprehensive Grammar of the English Language, London: Longman."},{"sequence":"18","original_text":"齋藤静(1952), 「ObjectとComplement」『英語青年」10月号."},{"sequence":"19","original_text":"齋藤秀三郎(1884), 「スウィントン氏英語学新式直訳」(明治17年)十宇屋・日進堂. (1893), English Conversation-Grammar r英会話文法」(明治26年)東京, 興文社, 1899. 改新版(1949)東京, 吾妻書房. (1898-99), Practical English Grammar, (明治31-32年)「実用英文典』(vol. 1-VI)東京, 興文社. (1900), 「英文法初歩」(邦文, 明治33年)東京, 興文社. (1915), 「熟語本位英和中辞典」(大正4年)東京, 日英社."},{"sequence":"20","original_text":"佐川春水(編)(1908-1917), 『英語の日本』(第1巻一第11巻, 明治41年一大正6年)東京, 建文館."},{"sequence":"21","original_text":"島文次郎(訳)(1898), 「浬氏邦文英文典」(明治31年)東京, 富山房."},{"sequence":"22","original_text":"清水起正(1911), 「例解詳説英文典新釈」(明治44年)東京, 門部書店, 1913."},{"sequence":"23","original_text":"Simpson, J. A. &amp; Weiner, E. S. C. The Oxford English Dictionary. [OED] 2nd ed. Oxford: OUP, 1989."},{"sequence":"24","original_text":"空西哲郎(1960), 「ComplementとAdverb」「英語青年」6月号. (1964), 「\"Heisinthegarden\"の構造-補語とは何か-」「英語の語法を考える1福岡, 九州大学出版会, 1985."},{"sequence":"25","original_text":"杉本つとむ(編著)(1993), 「英文鑑-資料と研究-」東京, ひつじ書房."},{"sequence":"26","original_text":"Swinton, William (1877), A Gammar Containing the Etymology and Syntax of the English Language, rpt. Tokio: Sanseido, 1892."},{"sequence":"27","original_text":"武信由太郎(編)(1898-1917), 「英語青年」第1巻一第37巻(明治31年一大正6年)東京, 英語青年社."},{"sequence":"28","original_text":"宇賀治正朋(1971), 『Lindly Murray: English Grammarの解説』「Lindley Murray: English Grammar, adapting to the Different Classes of Learners モルレイ氏著; 英吉小文典」東京, 南雲堂."},{"sequence":"29","original_text":"山田巌(1914),「英文法講義」(大正3年)1915(大正4年), 東京, 建文館. (1922), 「英文法の講義」(大正11年)東京, 敬文館."},{"sequence":"30","original_text":"山崎貞(1912), 「英文解釈研究」(大正元年)東京, 英語研究社."},{"sequence":"31","original_text":"若月保治(1913), 「実用英文法講義」(大正2年)東京, 日進堂."}]}}