{"status":"OK","apiType":"doi","apiVersion":"1.0.0","message":{"total":1,"rows":1,"totalPages":1,"page":1},"data":{"siteId":"SI/JST.JSTAGE","content_type":"JA","doi":"10.11222/hisetjournal1986.22.0_43","url":"https://doi.org/10.11222/hisetjournal1986.22.0_43","ra":"JaLC","prefix":"10.11222","site_name":"J-STAGE","publisher_list":[{"publisher_name":"Society for Historical Studies of English Teaching in Japan","lang":"en"},{"publisher_name":"日本英語教育史学会","lang":"ja"}],"title_list":[{"lang":"ja","title":"増田藤之助著The International Readersにおける出典不明示について"}],"creator_list":[{"sequence":"1","type":"person","names":[{"lang":"ja","last_name":"本多","first_name":"仁禮士"}]}],"publication_date":{"publication_year":"2007"},"relation_list":[{"content":"https://www.jstage.jst.go.jp/article/hisetjournal1986/22/0/22_43/_pdf","type":"URL","relation":"fullTextPdf"}],"content_language":"ja","updated_date":"2014-12-09","article_type":"pub","journal_id_list":[{"journal_id":"0916-006X","type":"ISSN","issn_type":"print"},{"journal_id":"2187-1779","type":"ISSN","issn_type":"online"},{"journal_id":"hisetjournal1986","type":"JID"}],"journal_title_name_list":[{"journal_title_name":"HiSET Journal: Journal on Historical Studies of English Teaching in Japan","type":"full","lang":"en"},{"journal_title_name":"HiSET Journal","type":"abbreviation","lang":"en"},{"journal_title_name":"日本英語教育史研究","type":"full"},{"journal_title_name":"日本英語教育史研究","type":"abbreviation"}],"journal_classification":"01","recorded_year":"1986-2008","volume":"22","issue":"0","first_page":"43","last_page":"56","date":"2012-10-29","citation_list":[{"sequence":"1","original_text":"飯泉新吉(1980)『丸善百年史』丸善株式会社"},{"sequence":"2","original_text":"小篠敏明・江利川春雄編著(2004)『英語教科書の歴史的研究』辞游社"},{"sequence":"3","original_text":"木村毅(1969)『丸善外史』丸善株式会社"},{"sequence":"4","original_text":"高梨健吉(1996)『日本英学史考』東京法令出版"},{"sequence":"5","original_text":"高梨健吉・出来成訓(1993)『英語教科書の歴史と解題』大空社"},{"sequence":"6","original_text":"高梨健吉・出来成訓(1993)『英語教科書名著選集』(17巻, 18巻)大空社"},{"sequence":"7","original_text":"出来成訓(1994)『日本英語教育史考』東京法令出版"},{"sequence":"8","original_text":"Barnes, Alfred S. (1884) NEW NATIONAL READERS, A. S. BARNES &amp; Co."},{"sequence":"9","original_text":"Prior, Ryan (1915?) HOW TO LEARN ENGLISH, THE MACMILLAN COMPANY"},{"sequence":"10","original_text":"Sanders, Charles W. (1863) UNION READERS, IVISON, BLAKEMAN, TAYLOR &amp;Co."},{"sequence":"11","original_text":"Stall, Sylvanus (1894) Through Eye-Gate and Ear-Gate, FUNK &amp; WAGNALLS Co."},{"sequence":"12","original_text":"Stall, Sylvanus (1896) Talks to the King's Children, FUNK &amp; WAGNALLS Co."},{"sequence":"13","original_text":"Willson, Marcius (1860) SCHOOL AND FAMILY READERS, HARPER &amp; BROTHERS"}]}}