{"status":"OK","apiType":"doi","apiVersion":"1.0.0","message":{"total":1,"rows":1,"totalPages":1,"page":1},"data":{"siteId":"SI/JST.JSTAGE","content_type":"JA","doi":"10.11222/hisetjournal1986.13.0_79","url":"https://doi.org/10.11222/hisetjournal1986.13.0_79","ra":"JaLC","prefix":"10.11222","site_name":"J-STAGE","publisher_list":[{"publisher_name":"Society for Historical Studies of English Teaching in Japan","lang":"en"},{"publisher_name":"日本英語教育史学会","lang":"ja"}],"title_list":[{"lang":"ja","title":"Two Little English Books江戸後期の横文字早学び:その発音の表記について"}],"creator_list":[{"sequence":"1","type":"person","names":[{"lang":"en","last_name":"Snowden","first_name":"Paul"}]}],"publication_date":{"publication_year":"1998"},"relation_list":[{"content":"https://www.jstage.jst.go.jp/article/hisetjournal1986/13/0/13_79/_pdf","type":"URL","relation":"fullTextPdf"}],"content_language":"ja","updated_date":"2014-12-09","article_type":"pub","journal_id_list":[{"journal_id":"0916-006X","type":"ISSN","issn_type":"print"},{"journal_id":"2187-1779","type":"ISSN","issn_type":"online"},{"journal_id":"hisetjournal1986","type":"JID"}],"journal_title_name_list":[{"journal_title_name":"HiSET Journal: Journal on Historical Studies of English Teaching in Japan","type":"full","lang":"en"},{"journal_title_name":"HiSET Journal","type":"abbreviation","lang":"en"},{"journal_title_name":"日本英語教育史研究","type":"full"},{"journal_title_name":"日本英語教育史研究","type":"abbreviation"}],"journal_classification":"01","recorded_year":"1986-2008","volume":"13","issue":"0","first_page":"79","last_page":"96","date":"2012-10-29","citation_list":[{"sequence":"1","original_text":"あらかわ そおべえ Arakawa Sobe 1977 外来語辞典 角川書店"},{"sequence":"2","original_text":"荒木俘兵衛 Araki Ihei 1931 日本英語学書誌 創元社"},{"sequence":"3","original_text":"Fukuzawa Yukichi 1899 (Trans. Kiyooka E 1960) The Autobiography of Yukichi Fukuzawa Columbia University Press"},{"sequence":"4","original_text":"井田好治 Ida Yoshiharu 1982 長崎原本「諸厄利亜興学小筌」「諸厄利亜語林大成」研究と解説 大修館"},{"sequence":"5","original_text":"勝俣栓吉郎 Katsumata Senkichiro 1936 日本英学小史 研究社"},{"sequence":"6","original_text":"Melville Herman 1851 Moby Dick (Wordsworth Editions 1992)"},{"sequence":"7","original_text":"Orwell G 1941 The Lion and the Unicorn Secker and Warburg"},{"sequence":"8","original_text":"Potter S 1976 Our Language Penguin"},{"sequence":"9","original_text":"重久篤太郎 Shigehisa Tokutaro 1941 日本近世英学史 教育図書"},{"sequence":"10","original_text":"Snowden P1994 \"The First Studies of English in Japan\" 教養諸学研究96号 早稲田大学政治経済学部"},{"sequence":"11","original_text":"Snowden P1996 \"Mid-Nineteenth Century Studies of English in Japan\"教養諸学研究100号 早稲田大学政治経済学部"},{"sequence":"12","original_text":"杉本つとむ Sugimoto Tsutomu 1985B 日本英語文化史の研究 八坂書房"},{"sequence":"13","original_text":"杉本つとむ Sugimoto Tsutomu 1985A 日本英語文化史資料 八坂書房"},{"sequence":"14","original_text":"豊田實 Toyoda Minoru 1939 日本英学史の研究 岩波書店"}]}}