{"status":"OK","apiType":"doi","apiVersion":"1.0.0","message":{"total":1,"rows":1,"totalPages":1,"page":1},"data":{"siteId":"SI/JST.JSTAGE","content_type":"JA","doi":"10.11222/hisetjournal1986.19.0_37","url":"https://doi.org/10.11222/hisetjournal1986.19.0_37","ra":"JaLC","prefix":"10.11222","site_name":"J-STAGE","publisher_list":[{"publisher_name":"Society for Historical Studies of English Teaching in Japan","lang":"en"},{"publisher_name":"日本英語教育史学会","lang":"ja"}],"title_list":[{"lang":"ja","title":"これからの日本英語教育史研究"}],"publication_date":{"publication_year":"2004"},"relation_list":[{"content":"https://www.jstage.jst.go.jp/article/hisetjournal1986/19/0/19_37/_pdf","type":"URL","relation":"fullTextPdf"}],"content_language":"ja","updated_date":"2014-12-09","article_type":"pub","journal_id_list":[{"journal_id":"0916-006X","type":"ISSN","issn_type":"print"},{"journal_id":"2187-1779","type":"ISSN","issn_type":"online"},{"journal_id":"hisetjournal1986","type":"JID"}],"journal_title_name_list":[{"journal_title_name":"HiSET Journal: Journal on Historical Studies of English Teaching in Japan","type":"full","lang":"en"},{"journal_title_name":"HiSET Journal","type":"abbreviation","lang":"en"},{"journal_title_name":"日本英語教育史研究","type":"full"},{"journal_title_name":"日本英語教育史研究","type":"abbreviation"}],"journal_classification":"01","recorded_year":"1986-2008","volume":"19","issue":"0","first_page":"37","last_page":"87","date":"2012-10-29","citation_list":[{"sequence":"1","original_text":"安藤昭一(1991)「これからの英語教育と本事典の役割」『英語教育現代キーワード事典」増進堂."},{"sequence":"2","original_text":"出来成訓(1982)「英語教育史と英語教育」『英語教育」9月増刊号, 第31巻第7号, 大修館."},{"sequence":"3","original_text":"(出来成訓1994)『日本英語教育史考』東京法令."},{"sequence":"4","original_text":"伊村元道(1991)「英語教育史が教えること一過去を忘れがちな英語教育界に一」『現代英語教育』第28巻第9号, 大修館."},{"sequence":"5","original_text":"伊村元道(1993)「英語教育の中の受験参考書」『現代英語教育』第29巻第10号, 大修館."},{"sequence":"6","original_text":"伊藤裕道(1996)「日本におけるComplement『補語』成立の一考察」『日本英語教育史研究』第11号."},{"sequence":"7","issue":"In Japanese","first_page":"1","publication_date":{"publication_year":"1997"},"original_text":"伊藤裕道(1997)「文法事項の史的検討-Sense Subject及びthe way how」『日本英語教育史研究」第12号."},{"sequence":"8","original_text":"伊藤裕道(1998)「『無生物主語の構文』の史的検討-英語教育の視点から-」佐野国際情報短期大学『研究紀要』第9号."},{"sequence":"9","original_text":"伊藤裕道(1999)「現在分詞と動名詞Cingform)」「日本英語教育史硬究』第14号."},{"sequence":"10","original_text":"伊藤裕道(2002)「『仮定法』の英文法教育史」『日本英語教育史研究』第17号."},{"sequence":"11","original_text":"伊藤裕道(2003)「英文法教育の歴史と大学における英文法教育の今日的課題」『語学研究』第lO2号, 拓殖大学言語文化研究所."},{"sequence":"12","original_text":"伊藤健三・島岡丘・村田勇三郎(1982)『英語学と英語教育』大修館."},{"sequence":"13","original_text":"垣田直巳(1979)『英語教育学研究ハンドブック』大修館."},{"sequence":"14","original_text":"松村幹男(1997)「明治期英語教育研究』辞游社."},{"sequence":"15","original_text":"三宅鴻(1976)「『補語」問題拾遺」「現代英語教育」第13巻第5号, 研究社."},{"sequence":"16","original_text":"小笠原林樹(1969)「英語教育学というもの」『現代英語教育』第6巻第2号, 研究社."},{"sequence":"17","original_text":"大塚高信(1961)「日本の教科英文法(1)」『英語青年』第107巻第1号, 研究社."},{"sequence":"18","original_text":"大内由香里(2001)「不定詞・動名詞の導入」『英語教育』第49巻第12号, 大修館."},{"sequence":"19","original_text":"小篠敏明(1997)「英語教育時評学風」『英語教育』第46巻第3号, 大修館."},{"sequence":"20","original_text":"Sweet, H. (1891), A New English Grammar, I. London, OUP."},{"sequence":"21","original_text":"高梨健吉(1980)「\"日本の\"英語教育」『英語教育』第29巻第1号, 大修館."},{"sequence":"22","original_text":"高梨健吉・大村喜吉(1975)『日本の英語教育史』大修館."},{"sequence":"23","original_text":"田島松二(2001)「英語学文献書誌を編纂して思うことJ『英語青年』第147巻第8号, 研究社."},{"sequence":"24","original_text":"鳥居次好(1969)「英語教育学の概要」『英語教育』第18巻第3号, 大修館."},{"sequence":"25","original_text":"若林俊輔(1986)「英語教育日誌」『英語教育』第35巻第7号, 大修館."},{"sequence":"26","original_text":"『英語教育』1969年6月号「特集-英語教育学の展望」第18巻第3号, 大修館."},{"sequence":"27","original_text":"『英語教育』1992年9月増刊号「特集-英語教育学の現在」第41巻第7号, 大修館."},{"sequence":"28","original_text":"Bongers, H. (1936) &ldquo;The Second Interim Report on Vocabulary Selection.&rdquo; The Bulletin of the Institute for Research in English Teaching 125: 21-22."},{"sequence":"29","issue":"114","first_page":"109","publication_date":{"publication_year":"1932"},"original_text":"Faucett, L., and I. Maki. (1932) A Study of English Word-Values Statistically Determined from the Latest Extensive Word-Counts. Tokyo: Shinozaki Shorin."},{"sequence":"29","issue":"114","first_page":"109","publication_date":{"publication_year":"1932"},"original_text":"竹原常太(1932)『 The Standard English Readers: Book Three』大修館書店."},{"sequence":"30","original_text":"Francis, N., and H. Ku6era. (1982) Frequency Analysis of English Usage: Lexicon and Grammar. Boston: Houghton Mifflin Company."},{"sequence":"31","original_text":"Henrichsen, L. E. (1989) Diffusion of Innovations in English Language Teaching: The ELEC Effort in Japan, 1956-1968. New York: Greenwood Press."},{"sequence":"32","original_text":"Ku6era, H., and N. Francis. (1967) Computational Analysis of Present-Day American English. Providence, RI: Brown UP."},{"sequence":"33","original_text":"Mackey, W. F., and J. -G. Savard. (1967) &ldquo;The Indices of Coverage: A New Dimension in Lexicometrics.&rdquo; IRAL 5. 2-3: 71-121."},{"sequence":"34","original_text":"Ogden, C. K. (1930) Basic English. London: Kegan Paul, Trench, Trubner."},{"sequence":"35","original_text":"Palmer, H. E(1931)Second Interim, Report on Vocabulary Selection. 英語教授研究所."},{"sequence":"36","original_text":"Thorndike, E., and I. Lorge. (1944) The Teacher's Word Book of 30, 000 Words. New York: Teacher's College, Columbia University."},{"sequence":"37","original_text":"West, M., and J. Endicott. (1935) The New Method English Dictionary. London: Longmans, Green."},{"sequence":"38","original_text":"池田清彦(1998)『構造主義科学論の冒険』講談社."},{"sequence":"39","original_text":"市河三喜(1933)「英語教授の合理化と簡易化に就て」『英文学研究』13. 3: 289-302."},{"sequence":"40","original_text":"馬本 勉(2000a)「学習指導要領「必修語」の選定に関する歴史的考察: 頻度と定義可能度 による必修語リストの評価」『日本英語教育史研究』15: 51-71."},{"sequence":"41","original_text":"馬本 勉(2000b)「学習指導要領「必修語」の起源に関する一考察」『英学史研究』33: 73-86."},{"sequence":"42","original_text":"馬本 勉(2001)「日本の英語教育における語彙選定基準の研究」『広島大学教育学部紀要(第一部)』49: 159-66."},{"sequence":"43","original_text":"江利川春雄(2000)「データベースによる外国語教科書史の計量的研究(1)」『日本英語教育史研 究』15: 1-22."},{"sequence":"44","original_text":"小篠敏明(1996)「これからの英語教育論文」『現代英語教育』33. 8: 21-23."},{"sequence":"45","original_text":"小篠敏明(1997)「今, 改革推進本部は?」『英語教育』46. 4: 37."},{"sequence":"46","original_text":"小篠敏明・馬本勉・本岡直子・松岡博信(2002)「英語教科書 New National Regders, The Globe Readers, The Standard English Readersの計量的分析研究『日本英語教育史研究』17: 21-40."},{"sequence":"47","original_text":"小篠敏明・馬本勉・本岡直子・松岡博信(2003)『明治・大正・昭和初期の英語教科書の計量的分析』平成12-14年度科学研究費補助金(基盤研究C1)研究成果報告書."},{"sequence":"48","original_text":"カー, E. H. (清水幾太郎訳)(1962)『歴史とは何か』岩波書店."},{"sequence":"49","original_text":"垣田直巳(編)(1979)『英語教育学研究ハンドブック』大修館書店."},{"sequence":"50","original_text":"齋藤静(1934)「英語教授研究所3000語表とフォセット=牧2947語表との比較研究」『第十回英語教授研究大会記念論文集』: 160-75."},{"sequence":"51","original_text":"高橋正夫(2000)『英語教育学概論』金星堂."},{"sequence":"52","issue":"114","first_page":"109","publication_date":{"publication_year":"1932"},"original_text":"Faucett, L., and I. Maki. (1932) A Study of English Word-Values Statistically Determined from the Latest Extensive Word-Counts. Tokyo: Shinozaki Shorin."},{"sequence":"52","issue":"114","first_page":"109","publication_date":{"publication_year":"1932"},"original_text":"竹原常太(1932)『 The Standard English Readers: Book Three』大修館書店."},{"sequence":"53","original_text":"中條清美(1991)「英語教育基本語彙の選定に関する研究」(学位請求論文)千葉大学大学院自然科学研究科"},{"sequence":"54","original_text":"出来成訓(1994)『日本英語教育史考』東京法令出版."},{"sequence":"55","original_text":"幡上義弘(1992)「文部省必修語をめぐって」『現代英語教育』29. 8: 25-28."},{"sequence":"56","original_text":"松村幹男先生御退官記念事業会(編)(1995)『英語教育学研究』漢水社."},{"sequence":"57","original_text":"若林俊輔(1971)「学習指導要領の変遷」『英語教育』20. 10: 42-44."},{"sequence":"58","original_text":"若林俊輔(編)(1980)『昭和50年の英語教育』大修館書店."},{"sequence":"59","original_text":"朝日新聞社(1988)『週刊朝日百科日本の歴史103号近代1-(4)』"},{"sequence":"60","volume":"2004","first_page":"2","publication_date":{"publication_year":"2004"},"original_text":"江利川春雄(2003)「『使える英語』病に抗し多文化共生の異言語教育へ」和歌山国民教育研究所『季刊・わかやまの子どもと教育』第8号(その後, 批判的な立場から「行動計画」の講師をつとめ, その結果を「『英語が使える日本人』育成計画への疑問研修講師の立場から」として『新英語教育』三友社出版, 2004年2月号に発表した.)"},{"sequence":"61","original_text":"江利川春雄(2004)「近代日本の『傍系』諸学校における中等英語科教育の展開に関する研究」(博士論文: 広島大学提出)2004, 未刊行"},{"sequence":"62","original_text":"小篠敏明(1995)『HaroldE. Palmerの英語教授法に関する研究一日本における展開を中心として』第一学習社"},{"sequence":"63","original_text":"外国語教科書データベース作成委員会(2003)「明治以降外国語教科書データベース」CDROM 版およびインターネット公開(http://www.wakayama-u.ac.jp/~erikawa/index.html)"},{"sequence":"64","original_text":"Henrichsen, L. E. (1989) Diffusion of Innovations in English Language Teaching: The ELEC Effort in Japan, 1956-68. New York: Greenwood Press"}]}}