{"status":"OK","apiType":"doi","apiVersion":"1.0.0","message":{"total":1,"rows":1,"totalPages":1,"page":1},"data":{"siteId":"SI/JST.JSTAGE","content_type":"JA","doi":"10.11222/hisetjournal1986.16.0_27","url":"https://doi.org/10.11222/hisetjournal1986.16.0_27","ra":"JaLC","prefix":"10.11222","site_name":"J-STAGE","publisher_list":[{"publisher_name":"Society for Historical Studies of English Teaching in Japan","lang":"en"},{"publisher_name":"日本英語教育史学会","lang":"ja"}],"title_list":[{"lang":"ja","title":"大戦末期の英語教育-旧専門学校を中心に-"}],"creator_list":[{"sequence":"1","type":"person","names":[{"lang":"ja","last_name":"南","first_name":"精一"}]}],"publication_date":{"publication_year":"2001"},"relation_list":[{"content":"https://www.jstage.jst.go.jp/article/hisetjournal1986/16/0/16_27/_pdf","type":"URL","relation":"fullTextPdf"}],"content_language":"ja","updated_date":"2014-12-09","article_type":"pub","journal_id_list":[{"journal_id":"0916-006X","type":"ISSN","issn_type":"print"},{"journal_id":"2187-1779","type":"ISSN","issn_type":"online"},{"journal_id":"hisetjournal1986","type":"JID"}],"journal_title_name_list":[{"journal_title_name":"HiSET Journal: Journal on Historical Studies of English Teaching in Japan","type":"full","lang":"en"},{"journal_title_name":"HiSET Journal","type":"abbreviation","lang":"en"},{"journal_title_name":"日本英語教育史研究","type":"full"},{"journal_title_name":"日本英語教育史研究","type":"abbreviation"}],"journal_classification":"01","recorded_year":"1986-2008","volume":"16","issue":"0","first_page":"27","last_page":"44","date":"2012-10-29","citation_list":[{"sequence":"1","original_text":"内閣編『官報」(昭18-昭19)印刷局1943-44"},{"sequence":"2","original_text":"文部省編『文部時報」文部省1944-45"},{"sequence":"3","original_text":"文部省監修『学徒動員の要領』文部省1944"},{"sequence":"4","original_text":"多賀秋五郎著『近代日本教育史』岩崎書店1956"},{"sequence":"5","original_text":"石川謙著『近代日本教育制度史料』4巻-7巻大日本雄弁会講談社1956"},{"sequence":"6","original_text":"石川謙著「日本学校史の研究」小学館1960"},{"sequence":"7","original_text":"文部省編「学制九十年史』文部省1964"},{"sequence":"8","original_text":"青山学院編『青山学院九十年史』青山学院1965"},{"sequence":"9","original_text":"中島太郎著「近代日本教育制度史』岩崎書店1966"},{"sequence":"10","original_text":"明治学院編「明治学院九十年史」明治学院1967"},{"sequence":"11","original_text":"フェリス女学院編『フェリス女学院100年史』フェリス女学院1970"},{"sequence":"12","original_text":"文部省編『学制百年史』文部省1972"},{"sequence":"13","original_text":"仲新監修『日本近代教育史」講談社1973"},{"sequence":"14","original_text":"明治学院編『明治学院百年史』明治学院1977"},{"sequence":"15","original_text":"西南学院編『西南学院月報』(第356号)西南学院1981"},{"sequence":"16","original_text":"仲新. 伊藤敏行編『日本近代教育小史』福村出版1984"},{"sequence":"17","original_text":"関東学院編『関東学院百年史』関東学院1984"},{"sequence":"18","original_text":"堀松武一・入江宏・森川輝紀編著『日本教育史』国土社1985"},{"sequence":"19","original_text":"神田修・山白正己編著『史料日本の教育』学陽書房1986"},{"sequence":"20","original_text":"東北学院編『東北学院百年史』東北学院1989"},{"sequence":"21","original_text":"水交会協力「外国語教育二就テ」『海軍兵学校』(5版)秋元書房1990"},{"sequence":"22","original_text":"寄田啓夫・山中芳和編著『日本教育史』ミネルヴァ書房1993"},{"sequence":"23","original_text":"海後完臣・仲新・寺崎昌男共著『教科書でみる現代日本の教育』東京書籍1999"},{"sequence":"24","original_text":"黒澤一晃著「戦時下の英語教育-神戸での一体験-」『英語教育史研究』第14号日本英語教育史学会1999"},{"sequence":"25","original_text":"祐本寿男「大戦下の東京高師文三(英語科)」『日本英語教育史研究』第14号日本英語教育史学会1999"}]}}