{"status":"OK","apiType":"doi","apiVersion":"1.0.0","message":{"total":1,"rows":1,"totalPages":1,"page":1},"data":{"siteId":"SI/JST.JSTAGE","content_type":"JA","doi":"10.11222/hisetjournal1986.9.0_69","url":"https://doi.org/10.11222/hisetjournal1986.9.0_69","ra":"JaLC","prefix":"10.11222","site_name":"J-STAGE","publisher_list":[{"publisher_name":"Society for Historical Studies of English Teaching in Japan","lang":"en"},{"publisher_name":"日本英語教育史学会","lang":"ja"}],"title_list":[{"lang":"ja","title":"英語教育と視聴覚教育機器(テープレコーダー及びビデオテープレコーダーを中心として)"}],"creator_list":[{"sequence":"1","type":"person","names":[{"lang":"ja","last_name":"前田","first_name":"竜一"}]}],"publication_date":{"publication_year":"1994"},"relation_list":[{"content":"https://www.jstage.jst.go.jp/article/hisetjournal1986/9/0/9_69/_pdf","type":"URL","relation":"fullTextPdf"}],"content_language":"ja","updated_date":"2014-12-09","article_type":"pub","journal_id_list":[{"journal_id":"0916-006X","type":"ISSN","issn_type":"print"},{"journal_id":"2187-1779","type":"ISSN","issn_type":"online"},{"journal_id":"hisetjournal1986","type":"JID"}],"journal_title_name_list":[{"journal_title_name":"HiSET Journal: Journal on Historical Studies of English Teaching in Japan","type":"full","lang":"en"},{"journal_title_name":"HiSET Journal","type":"abbreviation","lang":"en"},{"journal_title_name":"日本英語教育史研究","type":"full"},{"journal_title_name":"日本英語教育史研究","type":"abbreviation"}],"journal_classification":"01","recorded_year":"1986-2008","volume":"9","issue":"0","first_page":"69","last_page":"76","date":"2012-10-29","citation_list":[{"sequence":"1","original_text":"(1)洩野博・池浦貞彦・金田正也・河野守夫・町田隆哉・三浦修著「講座・英語教育工学第4巻教授メディアの整備」研究杜出版昭和48年"},{"sequence":"2","original_text":"(2)山川正光著「オーディオの一世紀」誠文堂新光杜1992年"},{"sequence":"3","original_text":"(3)植村泰三「大学英語教育におけるLL教育に関する一考寮」「日本英語教青史研究第3号」1988年"}]}}