{"status":"OK","apiType":"doi","apiVersion":"1.0.0","message":{"total":1,"rows":1,"totalPages":1,"page":1},"data":{"siteId":"SI/JST.JSTAGE","content_type":"JA","doi":"10.11222/hisetjournal1986.12.0_65","url":"https://doi.org/10.11222/hisetjournal1986.12.0_65","ra":"JaLC","prefix":"10.11222","site_name":"J-STAGE","publisher_list":[{"publisher_name":"Society for Historical Studies of English Teaching in Japan","lang":"en"},{"publisher_name":"日本英語教育史学会","lang":"ja"}],"title_list":[{"lang":"ja","title":"Jack and Betty の時代性をいかに評価するか-教科書としての内容検討を踏まえて-"}],"creator_list":[{"sequence":"1","type":"person","names":[{"lang":"ja","last_name":"山田","first_name":"豪"}]}],"publication_date":{"publication_year":"1997"},"relation_list":[{"content":"https://www.jstage.jst.go.jp/article/hisetjournal1986/12/0/12_65/_pdf","type":"URL","relation":"fullTextPdf"}],"content_language":"ja","updated_date":"2014-12-09","article_type":"pub","journal_id_list":[{"journal_id":"0916-006X","type":"ISSN","issn_type":"print"},{"journal_id":"2187-1779","type":"ISSN","issn_type":"online"},{"journal_id":"hisetjournal1986","type":"JID"}],"journal_title_name_list":[{"journal_title_name":"HiSET Journal: Journal on Historical Studies of English Teaching in Japan","type":"full","lang":"en"},{"journal_title_name":"HiSET Journal","type":"abbreviation","lang":"en"},{"journal_title_name":"日本英語教育史研究","type":"full"},{"journal_title_name":"日本英語教育史研究","type":"abbreviation"}],"journal_classification":"01","recorded_year":"1986-2008","volume":"12","issue":"0","first_page":"65","last_page":"99","date":"2012-10-29","citation_list":[{"sequence":"1","original_text":"(1) Jack and Betty-English Step by Step 開隆堂出版, 1949年."},{"sequence":"2","first_page":"1953","publication_date":{"publication_year":"1953"},"original_text":"(2) New Jack and Betty-English Step by Step 開隆堂出版1953年."},{"sequence":"3","original_text":"(3) Standard Jack and Betty English Step by Step 開隆堂出版, 1966年."},{"sequence":"4","first_page":"251","publication_date":{"publication_year":"1947"},"original_text":"(4) Let's Learn English 文部省, 1947年."},{"sequence":"5","original_text":"(5)朝日新聞社編『「日米会話手帳」はなぜ売れたか』朝日新聞社, 1995年."},{"sequence":"6","original_text":"(6)稲村松雄『教科書中心昭和英語教育史』開隆堂出版, 1986年."},{"sequence":"7","original_text":"(7)『ジャック・アンド・ベティーから21世紀へ』桐原書店, 1993年."},{"sequence":"8","original_text":"(8)今野鉄男「戦中の英語教育」『日本英語教育史研究第5号』1990年."},{"sequence":"9","original_text":"(9)江利川春雄「実業学校における英語科教育の歴史(2)」『日本英語教育史研究第10号』1995年."},{"sequence":"10","original_text":"(10) 大内義徳「戦後の沖縄における英語教育」『日本英語教育史研究第10号』1995年."},{"sequence":"11","original_text":"(11)小川芳男『英語教育の実際』日本放送出版協会, 1948年."},{"sequence":"12","original_text":"(12)大島好道『英語教授法新論』中教出版, 1951年."},{"sequence":"13","original_text":"(13)大村喜吉ら編『英語教育史資料第1巻』 東京法令出版, 1980年."},{"sequence":"14","original_text":"(14)開隆堂出版編集部『中学高校英語教室』開隆堂出版, 1949年-52年."},{"sequence":"15","original_text":"(15)神津毅夫「学習指導要領はどう変わってきたか」『国際化時代の英語教育』三友社, 1989年."},{"sequence":"16","original_text":"(16) 神田修ら編「史料教育法」学陽書房, 1991年."},{"sequence":"17","original_text":"(17)紀平健一「戦後英語教育におけるJack and Betty の位置」『日本英語教育史研究第3別1988年."},{"sequence":"18","original_text":"(18) 黒田娩『英語教授論考』金子書房, 1948年."},{"sequence":"19","original_text":"(19)語学教育研究所編『外国語教授法』開拓社, 1946年."},{"sequence":"20","original_text":"(20)小篠敏明1『Harold E. Palmer の英語教授法に関する研究』第一学習社, 1995年."},{"sequence":"21","original_text":"(21)齋藤美洲『英語教育概説』岩崎書店, 1951年."},{"sequence":"22","original_text":"(22)竹前栄治『占領戦後史』岩波書店, 1992年."},{"sequence":"23","original_text":"(23)土持ゲーリー法-『米国教育使節団の研究』玉川大学出版部, 1991年."},{"sequence":"24","original_text":"(24)富岡多恵子『「英会話」私情』日本ブリタニカ, 1981年."},{"sequence":"25","original_text":"(25)寺西武夫『英語教師の手記』吾妻書房, 1963年."},{"sequence":"26","original_text":"(26)永岡順編著『教育課程と学習指導要領の間』ぎょうせい, 1991年."},{"sequence":"27","original_text":"(27)中村圭吾『教科書物語』ノーベル書房, 1970年."},{"sequence":"28","original_text":"(28)長浜功編『史料国家と教育』明石書店, 1994年."},{"sequence":"29","original_text":"(29)星山三郎「英語学習指導の諸問題」『新剃中学研究叢書第4巻外国語科(英語)』日本教育振興会, 1949年."},{"sequence":"30","original_text":"(30)開隆堂出版編『JACK and BETTY あの日あの頃(復刻版付録ブックレット)』開隆堂出版, 1992年."},{"sequence":"31","original_text":"(31)福原麟太郎『英語教育論』研究社, 1948年."},{"sequence":"32","original_text":"(32)村田栄一『戦後教育論』社会評論社, 1970年."},{"sequence":"33","original_text":"(33)水原克敏『現代日本の教育課程改革』風間書房, 1992年."},{"sequence":"34","volume":"21","issue":"1","first_page":"13","publication_date":{"publication_year":"1980"},"original_text":"(34)国立教育研究所内戦後教育改革資料研究会編『文部省学習指導要領一般編』日本図書センター, 1980年."}]}}