{"status":"OK","apiType":"doi","apiVersion":"1.0.0","message":{"total":1,"rows":1,"totalPages":1,"page":1},"data":{"siteId":"SI/JST.JSTAGE","content_type":"JA","doi":"10.11222/hisetjournal1986.19.0_159","url":"https://doi.org/10.11222/hisetjournal1986.19.0_159","ra":"JaLC","prefix":"10.11222","site_name":"J-STAGE","publisher_list":[{"publisher_name":"Society for Historical Studies of English Teaching in Japan","lang":"en"},{"publisher_name":"日本英語教育史学会","lang":"ja"}],"title_list":[{"lang":"ja","title":"『ニュー・ナショナル第五読本』:第100課Edgar Allan Poeの\"The Raven\"について"}],"creator_list":[{"sequence":"1","type":"person","names":[{"lang":"ja","last_name":"林","first_name":"亜希子"}]}],"publication_date":{"publication_year":"2004"},"relation_list":[{"content":"https://www.jstage.jst.go.jp/article/hisetjournal1986/19/0/19_159/_pdf","type":"URL","relation":"fullTextPdf"}],"content_language":"ja","updated_date":"2014-12-09","article_type":"pub","journal_id_list":[{"journal_id":"0916-006X","type":"ISSN","issn_type":"print"},{"journal_id":"2187-1779","type":"ISSN","issn_type":"online"},{"journal_id":"hisetjournal1986","type":"JID"}],"journal_title_name_list":[{"journal_title_name":"HiSET Journal: Journal on Historical Studies of English Teaching in Japan","type":"full","lang":"en"},{"journal_title_name":"HiSET Journal","type":"abbreviation","lang":"en"},{"journal_title_name":"日本英語教育史研究","type":"full"},{"journal_title_name":"日本英語教育史研究","type":"abbreviation"}],"journal_classification":"01","recorded_year":"1986-2008","volume":"19","issue":"0","first_page":"159","last_page":"177","date":"2012-10-29","citation_list":[{"sequence":"1","original_text":"大岡昇平(1958)「作家の日記」『新潮』, 新潮社, 37-44頁."},{"sequence":"2","original_text":"大村喜吉, 高梨健吉, 出来成訓編(1980)『英語教育史資料第3巻』東京法令出版."},{"sequence":"3","original_text":"川澄哲夫編(1988)『資料日本英学史1, 下 英学ことはじめ』大修館書店."},{"sequence":"4","original_text":"木村毅(1982)『日米文学交流史の研究』恒文社."},{"sequence":"5","original_text":"佐渡谷重信(1969)「日本におけるエドガー・アラン・ボー」『西南学院大学英語英文学論集』9巻2号."},{"sequence":"6","original_text":"(1977)『日本近代文学の成立 上・下-アメリカ文学受容の比較文学的研-』明治書院."},{"sequence":"7","original_text":"(1988)『ボーの冥界幻想』国書刊行会."},{"sequence":"8","original_text":"高梨健吉ほか (1976)『現代の英語教育第1巻英語教育問題の変遷』研究社."},{"sequence":"9","original_text":"高梨健吉, 出来成訓監修(1992)『英語教科書名著選集・第7巻 National Readers-5-』大空社."},{"sequence":"10","original_text":"高梨健吉, 出来成訓(1994)『英語教科書名著選集・別巻英語教科書の歴史と解題』大空社."},{"sequence":"11","original_text":"鉄森玲子「-明治から21世紀へ-『National Readers』から学ぶ児童英語教育」(JASTEC 第9回中国四国支部研究会発表レジュメ及び加筆訂正原稿)"},{"sequence":"12","original_text":"夏目漱石(1907)「序文」(本間久四郎訳『名著新訳』所収)."},{"sequence":"13","original_text":"日本の英学100年編集部(1968)『日本の英学100年明治編』研究社."},{"sequence":"14","original_text":"萩原朔太郎(1930)「ポオ, ニイチエ, ドストエフスキー」『ニヒル』ニヒル社, 12-7頁."},{"sequence":"15","original_text":"浜野成生(1989)『アメリカ文学と時代変貌』研究社出版."},{"sequence":"16","original_text":"宮永孝(2000)『ボーと日本その受容の歴史』彩流社."},{"sequence":"17","original_text":"Halleck, Reuben Post (1911) History of American Literature, New York: American Book Company."},{"sequence":"18","original_text":"Hearn, Lafcadio (1915) \"Poe's Verse\"(「ボーの韻文」池田雅之, 伊沢東一, 立野正裕, 中里壽明訳『ラフカディオ・ハーン著作集第7巻文学の解釈II』恒文社, 1985年, 170-93頁)."},{"sequence":"19","original_text":"(1927) \"Noteson American Literature\"(「アメリカ文学覚書」野中涼, 野中恵子訳『ラフカディオ・ハーン著作集第12巻英文学史II』恒文社, 1993年, 343-67頁)."},{"sequence":"20","original_text":"Raub, Albert N. (1890) Studies in English and American Literature, from Chaucer to the Present Time, Philadelphia: Raub &amp; Co."},{"sequence":"21","original_text":"Richardson, Charles F., (1891) American Literature 1607-1885 Vol. II American Poetry and Fiction, New York; London: G. P. Putnam's Sons."},{"sequence":"22","original_text":"Stedman, Edmund Clarence (1886) Poe ts of America, Boston; New York: Houghton, Mifflin and Company."},{"sequence":"23","original_text":"Stedman, Edmund Clarence, and George Edward Woodberry, eds. (1895) The Works of Edgar Allan Poe X, London: Lawrence &amp; Bullen."},{"sequence":"24","volume":"16","first_page":"265","publication_date":{"publication_year":"1908"},"original_text":"Trent, William P. (1908) A History of American Literature, New York: D. Appleton and Company."},{"sequence":"24","volume":"16","first_page":"265","publication_date":{"publication_year":"1908"},"original_text":"Swinton, William (1908) Studies in English Literature Bring Typical Selections of British and American Authorship, from Shakespeare to the Present Time, New York: American Book Company."},{"sequence":"25","volume":"16","first_page":"265","publication_date":{"publication_year":"1908"},"original_text":"Trent, William P. (1908) A History of American Literature, New York: D. Appleton and Company."},{"sequence":"25","volume":"16","first_page":"265","publication_date":{"publication_year":"1908"},"original_text":"Swinton, William (1908) Studies in English Literature Bring Typical Selections of British and American Authorship, from Shakespeare to the Present Time, New York: American Book Company."}]}}