{"status":"OK","apiType":"doi","apiVersion":"1.0.0","message":{"total":1,"rows":1,"totalPages":1,"page":1},"data":{"siteId":"SI/JST.JSTAGE","content_type":"JA","doi":"10.11222/hisetjournal1986.6.0_1","url":"https://doi.org/10.11222/hisetjournal1986.6.0_1","ra":"JaLC","prefix":"10.11222","site_name":"J-STAGE","publisher_list":[{"publisher_name":"Society for Historical Studies of English Teaching in Japan","lang":"en"},{"publisher_name":"日本英語教育史学会","lang":"ja"}],"title_list":[{"lang":"ja","title":"Retraction：戦後の英語教育-終戦直後から昭和30年前後まで-"}],"creator_list":[{"sequence":"1","type":"person","names":[{"lang":"ja","last_name":"安徳","first_name":"肇"}]}],"publication_date":{"publication_year":"1991"},"relation_list":[{"content":"https://www.jstage.jst.go.jp/article/hisetjournal1986/6/0/6_1/_pdf","type":"URL","relation":"fullTextPdf"}],"content_language":"ja","updated_date":"2014-12-09","article_type":"pub","journal_id_list":[{"journal_id":"0916-006X","type":"ISSN","issn_type":"print"},{"journal_id":"2187-1779","type":"ISSN","issn_type":"online"},{"journal_id":"hisetjournal1986","type":"JID"}],"journal_title_name_list":[{"journal_title_name":"HiSET Journal: Journal on Historical Studies of English Teaching in Japan","type":"full","lang":"en"},{"journal_title_name":"HiSET Journal","type":"abbreviation","lang":"en"},{"journal_title_name":"日本英語教育史研究","type":"full"},{"journal_title_name":"日本英語教育史研究","type":"abbreviation"}],"journal_classification":"01","recorded_year":"1986-2008","volume":"6","issue":"0","first_page":"1","last_page":"20","date":"2013-08-30","citation_list":[{"sequence":"1","original_text":"1「日本の英学百年」昭和編(研究社, 昭和44年)"},{"sequence":"2","original_text":"2 英語教育指導ライブラリー(1) 戦後の英語教育(三省堂, 昭和59年)"},{"sequence":"3","original_text":"3 現代の英語教育(1) 英語教育問題の変遷(研究社, 昭和54年)"},{"sequence":"4","original_text":"4 現代の英語教育(4) 学校英語の展望(研究社, 昭和54年)"},{"sequence":"5","original_text":"5「英語科教育の研究」(大修館, 昭和55年)"},{"sequence":"6","original_text":"6 宍戸良平「英語教育関係法規及びコース・オヴ・スタディー(研究社, 昭和23年)"},{"sequence":"7","original_text":"7 NHK編「ラジオ年鑑」(昭和23年)"},{"sequence":"8","original_text":"8 堀普「カムカム社交室」Come Come Club (昭和23年)"},{"sequence":"9","original_text":"9 秋山隆志郎「日本英語教育と放送」「NHK文研年報」馳20, 昭和50年"},{"sequence":"10","original_text":"10 戦後英語教育年報(三省堂, 昭和59年)"}]}}