{"status":"OK","apiType":"doi","apiVersion":"1.0.0","message":{"total":1,"rows":1,"totalPages":1,"page":1},"data":{"siteId":"SI/JST.JSTAGE","content_type":"JA","doi":"10.11222/hisetjournal1986.1.0_111","url":"https://doi.org/10.11222/hisetjournal1986.1.0_111","ra":"JaLC","prefix":"10.11222","site_name":"J-STAGE","publisher_list":[{"publisher_name":"Society for Historical Studies of English Teaching in Japan","lang":"en"},{"publisher_name":"日本英語教育史学会","lang":"ja"}],"title_list":[{"lang":"ja","title":"明治時代の英語教科書に学ぶ(1)"}],"creator_list":[{"sequence":"1","type":"person","names":[{"lang":"ja","last_name":"出来","first_name":"成訓"}]}],"publication_date":{"publication_year":"1986"},"relation_list":[{"content":"https://www.jstage.jst.go.jp/article/hisetjournal1986/1/0/1_111/_pdf","type":"URL","relation":"fullTextPdf"}],"content_language":"ja","updated_date":"2014-12-09","article_type":"pub","journal_id_list":[{"journal_id":"0916-006X","type":"ISSN","issn_type":"print"},{"journal_id":"2187-1779","type":"ISSN","issn_type":"online"},{"journal_id":"hisetjournal1986","type":"JID"}],"journal_title_name_list":[{"journal_title_name":"HiSET Journal: Journal on Historical Studies of English Teaching in Japan","type":"full","lang":"en"},{"journal_title_name":"HiSET Journal","type":"abbreviation","lang":"en"},{"journal_title_name":"日本英語教育史研究","type":"full"},{"journal_title_name":"日本英語教育史研究","type":"abbreviation"}],"journal_classification":"01","recorded_year":"1986-2008","volume":"1","issue":"0","first_page":"111","last_page":"134","date":"2012-10-29","citation_list":[{"sequence":"1","original_text":"(1)長沢都「日本見在英語教科書志(上)舶載本之部」(日本英学史研究会「研究報告」第63号, 1966(昭和41)年11月)"},{"sequence":"2","original_text":"(2)池田哲郎・長沢都「日本見在英語教科書志(中)翻刻本之郁」(日本英学史研究会「研究報告」第87号, 1968(昭和43)年1月)"},{"sequence":"3","original_text":"(3)下平(旧姓長沢)都「日本見在英語教科書志(下)邦刊本之部」(日本英学史研究会「研究報告」第105号, 1969(昭和44)年1月)"},{"sequence":"4","original_text":"(4)池田哲郎「英語教科書」(「日本の英学100年-明治編」研究社, 1968(昭和43)年10月)"},{"sequence":"5","original_text":"(5)島岡丘「英語教科書」(「日本の英学100年-大正編」研究社, 1968(昭和43)年11月)"},{"sequence":"6","original_text":"(6)池永勝雅「英語の教科書」(「日本の英学100年-昭和編」研究社, 1969(昭和44)年4月)"},{"sequence":"7","original_text":"(7)池田哲郎「英語教科書の歴史」(「現代の英語教育9 教材と教育機器」研究社, 1978(昭和53)年12月)"},{"sequence":"8","original_text":"(8)大村喜吉・高梨健吉・出来成訓(編)「英語教育史資料」(東京法令, 1980(昭和55)年4月)"}]}}